,id_str,created_at,retweet_count,favorite_count,text
0,669214033275416577,Tue Nov 24 18:00:33 +0000 2015,1,0,"@joeltintan Perfect way to start the day. You got some cardio in too, right? Or did you just do a circuit workout yesterday?"
1,668959743298428928,Tue Nov 24 01:10:06 +0000 2015,0,0,@joeltintan Hope your workout was a good one this morning! Do you always exercise first thing?
2,668760286246150144,Mon Nov 23 11:57:31 +0000 2015,0,0,Saturday Morning Ride  on 11/28/2015  at 07:00 AM - More Info: https://t.co/NJe7bs48yT
3,668012851194437632,Sat Nov 21 10:27:29 +0000 2015,0,0,Saturday Morning Ride  today  at 07:00 AM - More Info: https://t.co/cUgE7qnEM6
4,667673147802591232,Fri Nov 20 11:57:37 +0000 2015,0,0,Saturday Morning Ride  tomorrow  at 07:00 AM - More Info: https://t.co/Y9QgCVEirm
5,667310764412112896,Thu Nov 19 11:57:38 +0000 2015,0,0,Saturday Morning Ride  on 11/21/2015  at 07:00 AM - More Info: https://t.co/Iye55vgcoB
6,667042102195408896,Wed Nov 18 18:10:04 +0000 2015,1,0,Getting your bike custom painted: smooth move or big mistake? https://t.co/yBB8ZVVu43
7,667022462668832768,Wed Nov 18 16:52:02 +0000 2015,0,0,"Challenge accepted!

#slopes #maybethailand #downhill #uphill #biketech #miamibikescene #mountains… https://t.co/VJNAgIY6AY"
8,666637744249151488,Tue Nov 17 15:23:18 +0000 2015,0,0,@Alex_Flinn That should be fun! First time on a ride that long?
9,666332925915451392,Mon Nov 16 19:12:04 +0000 2015,1,0,The best feeling in the world. https://t.co/aPHjOTXpVB
10,666223586206707713,Mon Nov 16 11:57:35 +0000 2015,0,0,Saturday Morning Ride  on 11/21/2015  at 07:00 AM - More Info: https://t.co/IvG3fjNxTp
11,665476137263489025,Sat Nov 14 10:27:29 +0000 2015,0,0,Saturday Morning Ride  today  at 07:00 AM - More Info: https://t.co/YmVVwMz17G
12,665220849314697221,Fri Nov 13 17:33:04 +0000 2015,1,0,Today is Friday the 13th! Better play it safe. Don't leave home without your helmet -- today or any day! https://t.co/r5AhRpoBC2
13,665136424992272384,Fri Nov 13 11:57:36 +0000 2015,0,0,Saturday Morning Ride  tomorrow  at 07:00 AM - More Info: https://t.co/HDtQ4IYTzu
14,664857123503894528,Thu Nov 12 17:27:45 +0000 2015,0,0,Are you a Yelper? Find us there! https://t.co/ZY5yFWiKNS
15,664774031497936897,Thu Nov 12 11:57:34 +0000 2015,0,0,Saturday Morning Ride  on 11/14/2015  at 07:00 AM - More Info: https://t.co/75o9Je0Sxc
16,664506200214646784,Wed Nov 11 18:13:18 +0000 2015,0,0,To all our nation's veterans: thank you for your service. https://t.co/euAPQTe1jj
17,664131261661904896,Tue Nov 10 17:23:26 +0000 2015,0,0,@milenkab You're our kind of folks! Were you all riding in support of a charity or just for fun?
18,663877810243637248,Tue Nov 10 00:36:18 +0000 2015,0,0,@milenkab Sounds like fun! Did you get a huge crew together for your bike ride on Saturday?
19,663763549592924161,Mon Nov 09 17:02:17 +0000 2015,0,0,Have a second? We'd love to know how we're doing. Please respond with your feedback!
20,663686904148303872,Mon Nov 09 11:57:43 +0000 2015,0,1,Saturday Morning Ride  on 11/14/2015  at 07:00 AM - More Info: https://t.co/cvtQ9hUTRI
21,662946976657444864,Sat Nov 07 10:57:30 +0000 2015,0,0,Saturday Morning CW Ride  today  at 07:30 AM - More Info: https://t.co/aznTYL3pvt
22,662939420501364736,Sat Nov 07 10:27:29 +0000 2015,0,0,Saturday Morning Ride  today  at 07:00 AM - More Info: https://t.co/OBHsZGa3BL
23,662607244442341376,Fri Nov 06 12:27:32 +0000 2015,0,0,Saturday Morning CW Ride  tomorrow  at 07:30 AM - More Info: https://t.co/TunLFCypXw
24,662599703138316288,Fri Nov 06 11:57:34 +0000 2015,0,0,Saturday Morning Ride  tomorrow  at 07:00 AM - More Info: https://t.co/ZvCHJrky5g
25,662376356378996736,Thu Nov 05 21:10:04 +0000 2015,0,0,Safety is more important than being right. Have you ever had an altercation with a driver? https://t.co/3dPAktmpuh https://t.co/UFe0i02P7d
26,662244858069950465,Thu Nov 05 12:27:32 +0000 2015,0,0,Saturday Morning CW Ride  on 11/07/2015  at 07:30 AM - More Info: https://t.co/V0Oz24gHH2
27,662237326874161152,Thu Nov 05 11:57:37 +0000 2015,0,0,Saturday Morning Ride  on 11/07/2015  at 07:00 AM - More Info: https://t.co/E9TVV8uipG
28,661664874133590016,Tue Nov 03 22:02:53 +0000 2015,0,0,"@Guill33 Looks like you've been running, climbing... have you been cycling too? :)"
29,661630696306405376,Tue Nov 03 19:47:05 +0000 2015,0,0,Who here remembers when tubular tires were called “sew ups?” https://t.co/nc0gc7ceTU
30,661226866729074689,Mon Nov 02 17:02:24 +0000 2015,0,0,"We want to talk to you on Facebook, too! Like us: https://t.co/ZGWoXeSK0G"
31,661157682477404160,Mon Nov 02 12:27:29 +0000 2015,0,0,Saturday Morning CW Ride  on 11/07/2015  at 07:30 AM - More Info: https://t.co/qiiTz2hfWU
32,661150152015650816,Mon Nov 02 11:57:34 +0000 2015,0,0,Saturday Morning Ride  on 11/07/2015  at 07:00 AM - More Info: https://t.co/CBUsgOpRbt
33,660534239595790336,Sat Oct 31 19:10:09 +0000 2015,0,0,We're wishing each and every one of you a safe and spooky Halloween! https://t.co/zYIGAbKz4R
34,660395158651994112,Sat Oct 31 09:57:30 +0000 2015,0,0,Saturday Morning CW Ride  today  at 07:30 AM - More Info: https://t.co/f7630q3zz5
35,660387609013846016,Sat Oct 31 09:27:30 +0000 2015,0,0,Saturday Morning Ride  today  at 07:00 AM - More Info: https://t.co/Y7myuCOr75
36,660055424046145536,Fri Oct 30 11:27:30 +0000 2015,0,0,Saturday Morning CW Ride  tomorrow  at 07:30 AM - More Info: https://t.co/N9eFtyraiA
37,660047881060110337,Fri Oct 30 10:57:32 +0000 2015,0,0,Saturday Morning Ride  tomorrow  at 07:00 AM - More Info: https://t.co/Vfunt2xmXJ
38,659693032619552768,Thu Oct 29 11:27:30 +0000 2015,0,0,Saturday Morning CW Ride  on 10/31/2015  at 07:30 AM - More Info: https://t.co/i08030K9Lj
39,659685497065861120,Thu Oct 29 10:57:33 +0000 2015,0,0,Saturday Morning Ride  on 10/31/2015  at 07:00 AM - More Info: https://t.co/3cO18PWD7O
40,659135815927336960,Tue Oct 27 22:33:19 +0000 2015,0,0,@redondoj Kudos on starting your week with a run! Do you run most mornings?
41,659089195441528832,Tue Oct 27 19:28:04 +0000 2015,0,0,We found another great Halloween costume idea. Just a couple days to go: what are you going as this year? https://t.co/qYfs3VLHoH
42,658605868221661184,Mon Oct 26 11:27:29 +0000 2015,0,0,Saturday Morning CW Ride  on 10/31/2015  at 07:30 AM - More Info: https://t.co/iAY0miqhCF
43,658598360627224576,Mon Oct 26 10:57:39 +0000 2015,1,0,Saturday Morning Ride  on 10/31/2015  at 07:00 AM - More Info: https://t.co/9aWL7IZhJS
44,657858440174419968,Sat Oct 24 09:57:29 +0000 2015,0,0,Saturday Morning CW Ride  today  at 07:30 AM - More Info: https://t.co/optQaZEfFU
45,657850889936486400,Sat Oct 24 09:27:29 +0000 2015,0,0,Saturday Morning Ride  today  at 07:00 AM - More Info: https://t.co/wPtJzm4UGd
46,657518730642137088,Fri Oct 23 11:27:36 +0000 2015,0,0,Saturday Morning CW Ride  tomorrow  at 07:30 AM - More Info: https://t.co/D62Rp2G61k
47,657511205750374400,Fri Oct 23 10:57:42 +0000 2015,0,0,Saturday Morning Ride  tomorrow  at 07:00 AM - More Info: https://t.co/DDMmTb9RLu
48,657274792022843396,Thu Oct 22 19:18:16 +0000 2015,0,0,Save hundreds on previous year modes. Check out our Facebook page for the link and more great bikes… https://t.co/GwSGiPs0vS
49,657258890653016064,Thu Oct 22 18:15:05 +0000 2015,0,0,Throwback Thursday! What kind of bike did you first learn to ride on?
50,657156319221325824,Thu Oct 22 11:27:30 +0000 2015,0,0,Saturday Morning CW Ride  on 10/24/2015  at 07:30 AM - More Info: https://t.co/cWkBuFWUHm
51,657148784330321920,Thu Oct 22 10:57:34 +0000 2015,0,0,Saturday Morning Ride  on 10/24/2015  at 07:00 AM - More Info: https://t.co/nCNBB6a4SG
52,656563307499921412,Tue Oct 20 20:11:05 +0000 2015,0,0,Group Halloween costumes: here's how to do it right! https://t.co/PyYwNvgqLl
53,656527924594536448,Tue Oct 20 17:50:29 +0000 2015,0,0,"@AmphibioCorps We're here to help! If you have any questions, just give us a call. :) (305) 261-1211"
54,656519666043523072,Tue Oct 20 17:17:40 +0000 2015,0,0,Have a shot with us. Let's talk shop. #cubanrocketfuel #miami #caffinatedlifestyle #cafecito… https://t.co/EudvBjQTTT
55,656496927459155968,Tue Oct 20 15:47:19 +0000 2015,0,0,"Step right up! Buy a bike and spin the wheel at our Bird Road location!

#miamibikescene #bikes… https://t.co/XCcw6kGudc"
56,656262759072583680,Tue Oct 20 00:16:49 +0000 2015,0,0,@AmphibioCorps The countdown has begun! Are you feeling ready for your tri?
57,656178599276351488,Mon Oct 19 18:42:23 +0000 2015,0,0,Mark your calendar for Movember in December 12/13/15. Registration is now open on our Facebook page.… https://t.co/TlTh9USDLg
58,656069155146309632,Mon Oct 19 11:27:30 +0000 2015,0,0,Saturday Morning CW Ride  on 10/24/2015  at 07:30 AM - More Info: http://t.co/Ck1eq5IDAP
59,656061637452001280,Mon Oct 19 10:57:38 +0000 2015,0,0,Saturday Morning Ride  on 10/24/2015  at 07:00 AM - More Info: http://t.co/FfhyXCgNgQ
60,655322432488808448,Sat Oct 17 10:00:17 +0000 2015,0,0,Saturday Morning CW Ride  today  at 07:30 AM - More Info: http://t.co/RBPPzMx9aB
61,655314882473103360,Sat Oct 17 09:30:17 +0000 2015,0,0,Saturday Morning Ride  today  at 07:00 AM - More Info: http://t.co/pXCXs1LuTx
62,654982684918312960,Fri Oct 16 11:30:15 +0000 2015,0,0,Saturday Morning CW Ride  tomorrow  at 07:30 AM - More Info: http://t.co/T9qxj0MjJE
63,654975175910367233,Fri Oct 16 11:00:25 +0000 2015,0,0,Saturday Morning Ride  tomorrow  at 07:00 AM - More Info: http://t.co/3tSEuOSesf
64,654714128280346624,Thu Oct 15 17:43:06 +0000 2015,0,0,"You laugh, but it's not always easy to think straight near the end of a very long ride. http://t.co/lohP0P3E96"
65,654688765546377216,Thu Oct 15 16:02:19 +0000 2015,0,0,"Patty T. spoke up on Yelp, and we sure appreciate it! Check it out: http://t.co/dXyXjJeuFD"
66,654620302740164608,Thu Oct 15 11:30:17 +0000 2015,0,0,Saturday Morning CW Ride  on 10/17/2015  at 07:30 AM - More Info: http://t.co/yLDv23Rq7E
67,654612747964051456,Thu Oct 15 11:00:15 +0000 2015,0,0,Saturday Morning Ride  on 10/17/2015  at 07:00 AM - More Info: http://t.co/fC2PDRFvkr
68,654027133824692228,Tue Oct 13 20:13:14 +0000 2015,0,0,"When you're not riding -- where do you store your bike? A) In the house, B) The garage, C) Outside or D) Other?"
69,653998569343557632,Tue Oct 13 18:19:44 +0000 2015,0,1,"@DrMickeyWit You'll get back to where you were, but definitely take it slow. :) We'll be wishing you luck! Congrats on your baby btw."
70,653672504339394562,Mon Oct 12 20:44:04 +0000 2015,0,0,@DrMickeyWit Hope you nailed that 6 mile run the other day! Was it your first time running since your baby was born?
71,653601603363209216,Mon Oct 12 16:02:20 +0000 2015,0,0,"If you had just 30 seconds to recommend us to a friend, what would you say?"
72,653533128431149056,Mon Oct 12 11:30:14 +0000 2015,0,0,Saturday Morning CW Ride  on 10/17/2015  at 07:30 AM - More Info: http://t.co/BoXePlbN4D
73,653525610854285312,Mon Oct 12 11:00:22 +0000 2015,0,0,Saturday Morning Ride  on 10/17/2015  at 07:00 AM - More Info: http://t.co/zZPdc3YAuh
74,652785722949287936,Sat Oct 10 10:00:19 +0000 2015,0,0,Saturday Morning CW Ride  today  at 07:30 AM - More Info: http://t.co/DTZN334jB7
75,652778174502313984,Sat Oct 10 09:30:19 +0000 2015,1,0,Saturday Morning Ride  today  at 07:00 AM - More Info: http://t.co/MN4MAdikWD
76,652445982739824640,Fri Oct 09 11:30:18 +0000 2015,0,1,Saturday Morning CW Ride  tomorrow  at 07:30 AM - More Info: http://t.co/JDpDrFXEsN
77,652438428458590208,Fri Oct 09 11:00:17 +0000 2015,0,0,Saturday Morning Ride  tomorrow  at 07:00 AM - More Info: http://t.co/d8I2MCCiJI
78,652173732090265600,Thu Oct 08 17:28:29 +0000 2015,0,0,"They see me rollin, they hatin... #Halloween #skulls #BikeTech #miamibikescene #ridindirty #miami… https://t.co/fZBTJYbavc"
79,652083578789040130,Thu Oct 08 11:30:14 +0000 2015,0,0,Saturday Morning CW Ride  on 10/10/2015  at 07:30 AM - More Info: http://t.co/ZlkyT0dUVF
80,652076041612206080,Thu Oct 08 11:00:17 +0000 2015,0,0,Saturday Morning Ride  on 10/10/2015  at 07:00 AM - More Info: http://t.co/wWiK0VmpZm
81,651838682304016384,Wed Oct 07 19:17:07 +0000 2015,1,1,"You know you're a cyclist if you look at this photo and think: ""challenge accepted."" http://t.co/2nuvgfDr9H"
82,651522218506256384,Tue Oct 06 22:19:36 +0000 2015,0,0,@FrankeleynD Pretty solid ride! Is 25 miles a typical distance for you?
83,651426842180734978,Tue Oct 06 16:00:36 +0000 2015,0,0,"BROWARD OUTLET STORE ONLY 
All 2015 mountain and road bikes 20%-30% OFF!
sales@biketechusa.com
(954)… https://t.co/JxnVTyKtGa"
84,651085976547250176,Mon Oct 05 17:26:08 +0000 2015,0,0,Don't let your game slip because of the basics. Practice these 14 powerful tips: http://t.co/0C4sgrk957 http://t.co/dIXAopri8v
85,651064918666514432,Mon Oct 05 16:02:27 +0000 2015,0,0,Never miss a post! Like us on Facebook too: http://t.co/ZGWoXeB998
86,650996411987791872,Mon Oct 05 11:30:14 +0000 2015,0,0,Saturday Morning CW Ride  on 10/10/2015  at 07:30 AM - More Info: http://t.co/nZrEBuGbo8
87,650988891860824064,Mon Oct 05 11:00:21 +0000 2015,0,0,Saturday Morning Ride  on 10/10/2015  at 07:00 AM - More Info: http://t.co/pjBrhpHZzF
88,650248992035635201,Sat Oct 03 10:00:15 +0000 2015,0,0,Saturday Morning CW Ride  today  at 07:30 AM - More Info: http://t.co/qPPIbMJn6P
89,650241442120642561,Sat Oct 03 09:30:15 +0000 2015,0,0,Saturday Morning Ride  today  at 07:00 AM - More Info: http://t.co/1p7eSyNeC7
90,649909274391523328,Fri Oct 02 11:30:20 +0000 2015,0,0,Saturday Morning CW Ride  tomorrow  at 07:30 AM - More Info: http://t.co/TxJSRHBXFM
91,649901724946329600,Fri Oct 02 11:00:20 +0000 2015,0,0,Saturday Morning Ride  tomorrow  at 07:00 AM - More Info: http://t.co/73R56w1Yx4
92,649632144596312064,Thu Oct 01 17:09:07 +0000 2015,2,1,Proof that necessity is the mother of invention. http://t.co/KcaOimojJt
93,649615649962987521,Thu Oct 01 16:03:34 +0000 2015,0,0,"BROWARD OUTLET STORE ONLY 
All 2015 mountain and road bikes 20%-30% OFF!
sales@biketechusa.com
(954)… https://t.co/HpJxHDgELu"
94,649546864698748928,Thu Oct 01 11:30:15 +0000 2015,0,0,Saturday Morning CW Ride  on 10/03/2015  at 07:30 AM - More Info: http://t.co/Jd4y3vkVH4
95,649539328360730624,Thu Oct 01 11:00:18 +0000 2015,0,0,Saturday Morning Ride  on 10/03/2015  at 07:00 AM - More Info: http://t.co/Dp7dSRiRta
96,649250939799490560,Wed Sep 30 15:54:21 +0000 2015,0,1,"@yanemarie Well if you're ever out this way, we'd love to help you. :) Keep us in mind!"
97,648933761351053312,Tue Sep 29 18:53:59 +0000 2015,0,0,"@yanemarie We have a few locations. One on Bird Road and 72nd Ave, Coral Way and 22nd Street and on in Broward on 2000 South Federal Highway"
98,648933485948895232,Tue Sep 29 18:52:54 +0000 2015,0,0,@yanemarie @biketechmiami
99,648932634018643968,Tue Sep 29 18:49:31 +0000 2015,0,0,@yanemarie Right on. :) Drop by for the tubes &amp; tires when you get the itch to ride again! Ever been by our shop?
100,648627691558711297,Mon Sep 28 22:37:47 +0000 2015,0,0,@kiks0801 Sounds like you're loving SoulCycle! How long have you been cycling there?
101,648562600016519168,Mon Sep 28 18:19:08 +0000 2015,0,0,"Did you know: half of all car trips in the US are under 3 miles. If everyone biked instead, we would save 2.4bil gallons of fuel each year!"
102,648535186922184704,Mon Sep 28 16:30:12 +0000 2015,0,0,"@yanemarie Ah, gotcha. Bet it wouldn't cost as much as you might think though, and tires are something you could fix yourself to save cash!"
103,648459705686323200,Mon Sep 28 11:30:16 +0000 2015,0,0,Saturday Morning CW Ride  on 10/03/2015  at 07:30 AM - More Info: http://t.co/bwZWeeEIIQ
104,648452158904532992,Mon Sep 28 11:00:16 +0000 2015,0,0,Saturday Morning Ride  on 10/03/2015  at 07:00 AM - More Info: http://t.co/MNKRR6pzDx
105,647712269560872960,Sat Sep 26 10:00:13 +0000 2015,0,0,Saturday Morning CW Ride  today  at 07:30 AM - More Info: http://t.co/810AbJmywx
106,647704718744133632,Sat Sep 26 09:30:13 +0000 2015,0,0,Saturday Morning Ride  today  at 07:00 AM - More Info: http://t.co/EgT5Z02Zcs
107,647435273911971840,Fri Sep 25 15:39:32 +0000 2015,0,0,Critical Mass is tonight people! If you're a car...avoid this route. If you're a bike...pedals up at… https://t.co/QwVQFg96Wn
108,647409241632935936,Fri Sep 25 13:56:06 +0000 2015,0,1,@yanemarie Just walking for an hour is better than sitting on the couch. :D You should add some cycling to your workouts! Good on the knees.
109,647372540218875904,Fri Sep 25 11:30:15 +0000 2015,0,0,Saturday Morning CW Ride  tomorrow  at 07:30 AM - More Info: http://t.co/d8CVHygoG8
110,647365003193024516,Fri Sep 25 11:00:18 +0000 2015,0,0,Saturday Morning Ride  tomorrow  at 07:00 AM - More Info: http://t.co/Shr9mVEbtP
111,647103478960123904,Thu Sep 24 17:41:06 +0000 2015,0,0,The best way to ride. http://t.co/sSlhfLOS2m
112,647087834529144832,Thu Sep 24 16:38:56 +0000 2015,0,0,@yanemarie 15k is no joke! 8k would be a cakewalk in comparison. :) Have you been staying pretty active since Feb?
113,647010150956535808,Thu Sep 24 11:30:15 +0000 2015,0,0,Saturday Morning CW Ride  on 09/26/2015  at 07:30 AM - More Info: http://t.co/BpRZf5hBzg
114,647002622206050304,Thu Sep 24 11:00:20 +0000 2015,0,0,Saturday Morning Ride  on 09/26/2015  at 07:00 AM - More Info: http://t.co/szehnrPD5T
115,646739851472146432,Wed Sep 23 17:36:11 +0000 2015,0,0,@yanemarie Now that sounds interesting! Ever done a competition like that one before?
116,646729459337441280,Wed Sep 23 16:54:53 +0000 2015,0,0,We would like to say thank you for attending our very first Cyclefest 50k or 100k. There's a lot of… https://t.co/I5HDbwjCgz
117,646417207803707392,Tue Sep 22 20:14:06 +0000 2015,0,1,It's time to put your foot down. http://t.co/9GxZphzivu
118,646381594488532992,Tue Sep 22 17:52:35 +0000 2015,0,0,@yanemarie It is indeed. :) How long have you been at it? Quite a while or is it a newer lifestyle change?
119,646340653916491780,Tue Sep 22 15:09:54 +0000 2015,0,0,Cyclefest pics are up and more coming soon. Visit our Facebook page to check them out.… https://t.co/p7vIYKEFR1
120,646161896882704384,Tue Sep 22 03:19:35 +0000 2015,0,1,@yanemarie Nice little run! Is that how you're doing most of your exercise these days?
121,645992626521550848,Mon Sep 21 16:06:58 +0000 2015,0,0,Cyclefest thanks you for coming out! More pictures coming soon in the coming days. Stay… https://t.co/WBwpWCG3c1
122,645922982943174656,Mon Sep 21 11:30:14 +0000 2015,0,1,Saturday Morning CW Ride  on 09/26/2015  at 07:30 AM - More Info: http://t.co/9b5k8U5rGw
123,645915467085971456,Mon Sep 21 11:00:22 +0000 2015,0,0,Saturday Morning Ride  on 09/26/2015  at 07:00 AM - More Info: http://t.co/2ozDfVoUJE
124,645175560965066752,Sat Sep 19 10:00:15 +0000 2015,0,0,Saturday Morning CW Ride  today  at 07:30 AM - More Info: http://t.co/VJo1mYPPsN
125,645168010181910528,Sat Sep 19 09:30:14 +0000 2015,0,0,Saturday Morning Ride  today  at 07:00 AM - More Info: http://t.co/cbkWXKnYpO
126,644835842259861504,Fri Sep 18 11:30:19 +0000 2015,0,0,Saturday Morning CW Ride  tomorrow  at 07:30 AM - More Info: http://t.co/nspL98Atmh
127,644828289673134080,Fri Sep 18 11:00:19 +0000 2015,0,0,Saturday Morning Ride  tomorrow  at 07:00 AM - More Info: http://t.co/ahkZNDbD0n
128,644570025622437888,Thu Sep 17 17:54:04 +0000 2015,1,1,Flopping definitely doesn't pay in the world of cycling. http://t.co/0Bs6ZYtO24
129,644541923190026240,Thu Sep 17 16:02:24 +0000 2015,0,0,"Carlos C. Lara spoke up on Google+, and we're so grateful! Take a look at this review. https://t.co/yhI44ZBFhL"
130,644473433502404608,Thu Sep 17 11:30:14 +0000 2015,0,0,Saturday Morning CW Ride  on 09/19/2015  at 07:30 AM - More Info: http://t.co/1PNLemmtS3
131,644465892521308160,Thu Sep 17 11:00:17 +0000 2015,0,0,Saturday Morning Ride  on 09/19/2015  at 07:00 AM - More Info: http://t.co/wt8pzMj1jn
132,643869616578646016,Tue Sep 15 19:30:53 +0000 2015,1,1,"Your packet pickup location for Thursday:
Bike Tech in Bird Road: Thursday, September 17, 2015.… https://t.co/4OlAQUCefR"
133,643861817119408128,Tue Sep 15 18:59:54 +0000 2015,0,1,2016 Venge Vias in Hyper Blue #cycling #roadbikes #miamibikescene #biketech #specialized #vias #venge… https://t.co/NUGYLhibPO
134,643851815826649090,Tue Sep 15 18:20:09 +0000 2015,0,0,"Is it just us, or did you lose all sense of direction looking at this photo too? http://t.co/T3XyJ2vJWl"
135,643803199535714304,Tue Sep 15 15:06:58 +0000 2015,0,1,@SerFer1577 Who's faster -- you or kiddo?
136,643454781294555138,Mon Sep 14 16:02:29 +0000 2015,0,0,We love hearing your input. Let us know your feedback by responding here!
137,643386273563058176,Mon Sep 14 11:30:15 +0000 2015,0,0,Saturday Morning CW Ride  on 09/19/2015  at 07:30 AM - More Info: http://t.co/0jhzQTRAGg
138,643378750764253184,Mon Sep 14 11:00:22 +0000 2015,0,0,Saturday Morning Ride  on 09/19/2015  at 07:00 AM - More Info: http://t.co/0y03Wb1Sf7
139,642638845989769216,Sat Sep 12 10:00:15 +0000 2015,0,0,Saturday Morning CW Ride  today  at 07:30 AM - More Info: http://t.co/6Mpo16lGlX
140,642631294065737728,Sat Sep 12 09:30:14 +0000 2015,0,0,Saturday Morning Ride  today  at 07:00 AM - More Info: http://t.co/0Be160HlqL
141,642388115148115968,Fri Sep 11 17:23:56 +0000 2015,0,0,@Maggypi Just curious! Bikes are a great way to add exercise to your daily life and save cash. You should think about bike commuting!
142,642382537130680320,Fri Sep 11 17:01:46 +0000 2015,0,0,"@JustBringit247 Aw, well don't rule it out. Bike commuting is a great way to add exercise to your daily life. :)"
143,642365962885406721,Fri Sep 11 15:55:54 +0000 2015,0,0,"Time to get your ride in! Where will you go? The weekend is finally here! 

#miami #biketech… https://t.co/KCZ5ezlqgB"
144,642299110180147200,Fri Sep 11 11:30:15 +0000 2015,0,0,Saturday Morning CW Ride  tomorrow  at 07:30 AM - More Info: http://t.co/8W07QLkGax
145,642291595350548480,Fri Sep 11 11:00:24 +0000 2015,0,0,Saturday Morning Ride  tomorrow  at 07:00 AM - More Info: http://t.co/GUyKYOWgro
146,642037369928089600,Thu Sep 10 18:10:12 +0000 2015,0,1,"Just one of many, many reasons we appreciate our loyal local customers. Thank you! http://t.co/q4S9lCpzOj"
147,642031769819156480,Thu Sep 10 17:47:56 +0000 2015,0,2,"Hurry in! LIMITED QUANTITIES
sales@biketechusa.com

#zipp #miamibikescene #miami #wheels #biketech… https://t.co/h4m9KZb8OS"
148,642020277971484672,Thu Sep 10 17:02:17 +0000 2015,0,0,@JustBringit247 You're practically a pro runner. :) Ever thought about cycling?
149,642019246982201346,Thu Sep 10 16:58:11 +0000 2015,0,0,@Maggypi Never? :)
150,641936716882964480,Thu Sep 10 11:30:14 +0000 2015,0,0,Saturday Morning CW Ride  on 09/12/2015  at 07:30 AM - More Info: http://t.co/hqI3ejnDpz
151,641929183875219457,Thu Sep 10 11:00:18 +0000 2015,0,0,Saturday Morning Ride  on 09/12/2015  at 07:00 AM - More Info: http://t.co/UfB1LFz7nC
152,641630804964155392,Wed Sep 09 15:14:39 +0000 2015,0,0,"@JustBringit247 Oh wow, so that 3 miler was just a walk in the park for you. :) Do you stick to half marathons?"
153,641464352395165696,Wed Sep 09 04:13:14 +0000 2015,0,1,@Maggypi About 3 miles! Nice way to end the day. :) Do you try to go for daily run?
154,641336686316793856,Tue Sep 08 19:45:56 +0000 2015,0,0,"Position: Full Time Mechanic
Position Location: Bike Tech Miami and Bike Tech Ft.… https://t.co/kgGknBobtO"
155,641273366142418944,Tue Sep 08 15:34:19 +0000 2015,0,0,@JustBringit247 Not bad. :) Did you just get started with running or have you been doing that for awhile?
156,640951752548814848,Mon Sep 07 18:16:20 +0000 2015,0,0,First runner up! #miamibikescene #rideon #cycling #biketech #birdroad https://t.co/aS1cMXVEJT
157,640940903457259520,Mon Sep 07 17:33:14 +0000 2015,0,0,Come one come all! Buy a bike and spin the wheel for a prize! #Miami #birdroad #biketech #cycling… https://t.co/k6UsSfKUEY
158,640938896231149568,Mon Sep 07 17:25:15 +0000 2015,0,0,Happy Labor Day! Here's hoping yours is relaxing and stress-free -- enjoy every minute of it. http://t.co/6ggLkuP8o0
159,640849551478366208,Mon Sep 07 11:30:14 +0000 2015,0,0,Saturday Morning CW Ride  on 09/12/2015  at 07:30 AM - More Info: http://t.co/3x1VL71ezH
160,640842017153675264,Mon Sep 07 11:00:17 +0000 2015,0,0,Saturday Morning Ride  on 09/12/2015  at 07:00 AM - More Info: http://t.co/DxgLIuPpKR
161,640226659707297792,Sat Sep 05 18:15:05 +0000 2015,0,0,"A, B, C or all of the above: which of these are you planning for Labor Day weekend? http://t.co/O8FJug9etE"
162,640102123200495616,Sat Sep 05 10:00:13 +0000 2015,0,0,Saturday Morning CW Ride  today  at 07:30 AM - More Info: http://t.co/s540r2VZUy
163,640094578503208960,Sat Sep 05 09:30:14 +0000 2015,0,0,Saturday Morning Ride  today  at 07:00 AM - More Info: http://t.co/HXZ4jIrp2T
164,639866834540470272,Fri Sep 04 18:25:16 +0000 2015,0,0,"Dear ladies and gentlemen:
After conference calls and multiple efforts from all hired (behind the… https://t.co/0Y9xITqT7g"
165,639762394781249536,Fri Sep 04 11:30:15 +0000 2015,0,0,Saturday Morning CW Ride  tomorrow  at 07:30 AM - More Info: http://t.co/4uDxY0cukT
166,639754872880013313,Fri Sep 04 11:00:22 +0000 2015,0,0,Saturday Morning Ride  tomorrow  at 07:00 AM - More Info: http://t.co/uRrS0xW90c
167,639400004306792448,Thu Sep 03 11:30:15 +0000 2015,0,1,Saturday Morning CW Ride  on 09/05/2015  at 07:30 AM - More Info: http://t.co/CdkfhXPeJl
168,639392488004939776,Thu Sep 03 11:00:23 +0000 2015,0,0,Saturday Morning Ride  on 09/05/2015  at 07:00 AM - More Info: http://t.co/8hw2XTABZh
169,639164875432960004,Wed Sep 02 19:55:56 +0000 2015,0,0,2016 Stumpjumper FSR Comp Carbon 6 fattie (650+) #miamibikescene #virginiakey #mtb #bikeshop… https://t.co/n5lwgImUs4
170,639126203568398337,Wed Sep 02 17:22:15 +0000 2015,0,0,"FULL TIME MECHANIC and SERVICE WRITER Wanted. 

Mechanic: Position duties and qualifications include,… https://t.co/xQKuRYJRC5"
171,638738790174081024,Tue Sep 01 15:42:49 +0000 2015,0,0,@JustBringit247 Nice! How far are you running on this new workout?
172,638730755271737344,Tue Sep 01 15:10:53 +0000 2015,0,0,We are in the process of obtaining a new date for Cyclefest. We have conference call meetings with… https://t.co/V30LqIZ8SP
173,638726136537583617,Tue Sep 01 14:52:32 +0000 2015,0,1,"@DiazActing Hm, give us a call -- maybe we can do some brainstorming with you or figure something out!"
174,638406620863692800,Mon Aug 31 17:42:54 +0000 2015,0,0,🚲💭 #helloisitmeyourelookingfor #miamibikescene #bikes #biketech #cycling #rideon #road #mtb #bmx… https://t.co/pTy2EMKtXU
175,638398394231353345,Mon Aug 31 17:10:12 +0000 2015,0,1,Cyclist skill level: master. http://t.co/zX5Id52wUE
176,638312775664730112,Mon Aug 31 11:29:59 +0000 2015,0,0,Saturday Morning CW Ride  on 09/05/2015  at 07:30 AM - More Info: http://t.co/oGo2HFEDSI
177,638305245358067712,Mon Aug 31 11:00:04 +0000 2015,0,0,Saturday Morning Ride  on 09/05/2015  at 07:00 AM - More Info: http://t.co/BKXoDkcWrg
178,637565349098057729,Sat Aug 29 09:59:59 +0000 2015,0,0,Saturday Morning CW Ride  today  at 07:30 AM - More Info: http://t.co/lv8eYSKzZd
179,637557790505050112,Sat Aug 29 09:29:57 +0000 2015,0,0,Saturday Morning Ride  today  at 07:00 AM - More Info: http://t.co/8gmmllX8Dx
180,637225612097228800,Fri Aug 28 11:29:59 +0000 2015,0,0,Saturday Morning CW Ride  tomorrow  at 07:30 AM - More Info: http://t.co/ZRByY80KwW
181,637218067823656960,Fri Aug 28 11:00:00 +0000 2015,0,1,Saturday Morning Ride  tomorrow  at 07:00 AM - More Info: http://t.co/Iddt0LngEj
182,636991564892520448,Thu Aug 27 19:59:58 +0000 2015,0,0,"Thank you for all the support. See you all on Sunday!
Pedals up at 7am!… https://t.co/j5IT5FDTgH"
183,636962576254005248,Thu Aug 27 18:04:47 +0000 2015,0,0,So cool. 🚲🌛 #giroreflective #miamibikescene #miami #giro #beseen @ Bike Tech https://t.co/grDeXj27pl
184,636938255687098368,Thu Aug 27 16:28:08 +0000 2015,0,0,Packet pickup at our Bird Road location from 12-7pm! #cyclefest #miami #miamibikeacene #cycling… https://t.co/1yejdgXKR2
185,636862855615221760,Thu Aug 27 11:28:31 +0000 2015,0,0,Saturday Morning CW Ride  on 08/29/2015  at 07:30 AM - More Info: http://t.co/4ExDZDVmIA
186,636859901399158784,Thu Aug 27 11:16:47 +0000 2015,0,0,Saturday Morning Ride  on 08/29/2015  at 07:00 AM - More Info: http://t.co/88qtV2SLOO
187,636605408212336640,Wed Aug 26 18:25:31 +0000 2015,0,0,"Hashtag #cyclefest on Instagram and let the good times roll!

#cycling #biketech #bikes #road… https://t.co/l0nKjIv8By"
188,636557734209568768,Wed Aug 26 15:16:05 +0000 2015,0,1,"Packet Pick up today at our Coral Way location for Cyclefest 50k or 100k.

#cyclefest #biketech… https://t.co/sVTsTKesb6"
189,636298058498723840,Tue Aug 25 22:04:13 +0000 2015,0,0,@jfon1269 Not a bad little midday workout! How'd it go?
190,636240172225560577,Tue Aug 25 18:14:12 +0000 2015,1,0,It's more fun too! http://t.co/EzRAn1MgIc
191,636210962517893120,Tue Aug 25 16:18:08 +0000 2015,0,0,"Routes up! All others, avoid this route if by car. 
#miamibikescene #rideon #biketech #bikes #miami… https://t.co/BrHgOiFhD1"
192,635881109658730496,Mon Aug 24 18:27:25 +0000 2015,0,0,"Hurry! 
https://t.co/WiconpQJqJ
http://t.co/lzhjYywLsC

#miami #cyclefest… https://t.co/9SSaDuOffo"
193,635878666786992128,Mon Aug 24 18:17:42 +0000 2015,0,0,This event will be sold out soon! Don't delay.… https://t.co/L5dZGpuvpr
194,635877252417388545,Mon Aug 24 18:12:05 +0000 2015,0,1,"True or false: taking your bike for a ride is like putting your life in ""Airplane Mode."" http://t.co/jifmqUvI76"
195,635838820282466304,Mon Aug 24 15:39:22 +0000 2015,0,0,"LAST DAY TO REGISTER for Cyclefest is this Saturday, August 29th! 
http://t.co/lzhjYywLsC 
** NO SAME… https://t.co/TAdedfMrTM"
196,635776149923201024,Mon Aug 24 11:30:20 +0000 2015,0,0,Saturday Morning CW Ride  on 08/29/2015  at 07:30 AM - More Info: http://t.co/Sy1r6D20cf
197,635768624020647937,Mon Aug 24 11:00:26 +0000 2015,0,0,Saturday Morning Ride  on 08/29/2015  at 07:00 AM - More Info: http://t.co/QzRzKMcTbC
198,635028719892041728,Sat Aug 22 10:00:19 +0000 2015,0,0,Saturday Morning CW Ride  today  at 07:30 AM - More Info: http://t.co/kWYck0m5lE
199,635021175442247680,Sat Aug 22 09:30:21 +0000 2015,0,0,Saturday Morning Ride  today  at 07:00 AM - More Info: http://t.co/URRVnwKlPO
