,id_str,created_at,retweet_count,favorite_count,text
0,669185613749469184,Tue Nov 24 16:07:37 +0000 2015,0,0,Ready for the winter 🐻 ....39 ° #UnionSquare https://t.co/f2lJsMmEVY
1,668939843276251136,Mon Nov 23 23:51:01 +0000 2015,0,0,Now is real #winter in #NYC brrrrrr is cold!!! 😁😁😁 https://t.co/BEou4Sr9Nv
2,668832875677118464,Mon Nov 23 16:45:58 +0000 2015,0,0,Don't forget that today we start a new week to rewrite history  #HappyMonday
3,667739625599991808,Fri Nov 20 16:21:47 +0000 2015,3,0,RT @bobcarmedia: I got that #FridayFeeling ya'll! #TGIF #HappyFriday #BobCarmedia #Agency #AgencyLife @bennycohen @bobcar1 @D_Hilson https:…
4,667453943946092546,Thu Nov 19 21:26:35 +0000 2015,0,0,https://t.co/y499ton6xq yummy finally more #peruvian restaurants in #NYC
5,667421537163718660,Thu Nov 19 19:17:49 +0000 2015,0,0,@bobcarmedia @m_wan4life @bennycohen @bobcar1 #GoodTimes
6,667421461292974081,Thu Nov 19 19:17:31 +0000 2015,1,0,RT @bobcarmedia: #PeaceForParis 🇫🇷 https://t.co/i6nHnN1N8c
7,667052398507094016,Wed Nov 18 18:50:59 +0000 2015,0,0,Happy #HumpDay everyone!!! Look deep into nature and then you will understand everything better… https://t.co/ua85UR9LLj
8,667048138075697152,Wed Nov 18 18:34:03 +0000 2015,0,1,Agree!!  https://t.co/go4TjHxFl0
9,667042393385000960,Wed Nov 18 18:11:14 +0000 2015,0,0,Yesterday supporting my new home team @BrooklynNets @barclayscenter and we won!!!! Let's go Nets!!! So much fun ✌🏼 https://t.co/meHcmubSOn
10,667042030703484929,Wed Nov 18 18:09:47 +0000 2015,1,0,RT @DosEquis: @Maribel_Miami This is one of those nights you’ll talk about for years to come.
11,666282114258616320,Mon Nov 16 15:50:09 +0000 2015,1,0,RT @bobcarmedia: #TBT 2 that day we won a #SilverAward for best #MobileMarketingProgram @EventMarketer @bennycohen @bobcar1 @D_Hilson https…
12,666281868635955200,Mon Nov 16 15:49:11 +0000 2015,0,1,The #xxmasquerade was so much fun!! @DosEquis https://t.co/Geszs6O73H
13,664535027158511616,Wed Nov 11 20:07:51 +0000 2015,0,0,Getting ready for #MotelNo7 #JackDaniels #NYC @JackDaniels_US This is going to be fun! Let's do this 💪🏼💥 https://t.co/Yv5zo3ebKk
14,662404534048841729,Thu Nov 05 23:02:02 +0000 2015,0,1,Last week in #Miami for a #TBT !! 😊😎 #Happiness #SunshineState #Friends #Pool #Fun #Sobe 🌴🌴🌴🌴🌰🌰🌞 https://t.co/TH5Vu26LWo
15,660878456390082560,Sun Nov 01 17:57:57 +0000 2015,0,0,Miau 😽 https://t.co/VFwpv2Ma86
16,659143384100159488,Tue Oct 27 23:03:23 +0000 2015,0,2,Like I said I need my @BennyBenassi fix before I kill it at the gym. Let's do this @Equinox #NYC #wallStreet https://t.co/ysNPeXA8Tj
17,659034049361674240,Tue Oct 27 15:48:56 +0000 2015,0,0,Another day at the #office Hello #Tuesday https://t.co/dZspCwxm5t
18,658659835265830912,Mon Oct 26 15:01:56 +0000 2015,2,0,RT @bobcarmedia: So good #HealthyLife #HappyLife #Farmstandgreen @tropicana  https://t.co/NInA2TpU8T
19,658004109316898816,Sat Oct 24 19:36:19 +0000 2015,0,0,🚊 https://t.co/eSzKQj09U0
20,657983020834639873,Sat Oct 24 18:12:31 +0000 2015,0,0,@BennyBenassi @foofighters it is!
21,657982777309163520,Sat Oct 24 18:11:33 +0000 2015,0,0,Was so good to meet you @BennyBenassi @LavoNY You rock!!! Come back soon x https://t.co/T6Jomkw80e
22,654817180446396417,Fri Oct 16 00:32:36 +0000 2015,0,1,Ready to snorkel in one of my favorites islands ever  #SanPedro #IslaBonita #Belize #CaribbeanSea… https://t.co/h7QxbGAWXM
23,654039214233899008,Tue Oct 13 21:01:14 +0000 2015,0,0,@bobcarmedia @OtterBox @OtterBoxCS @D_Hilson @bennycohen @bobcar1 love my new #TravelMugs 😍👏🏼 thanks
24,654039017248411650,Tue Oct 13 21:00:27 +0000 2015,1,0,RT @bobcarmedia: Hey @OtterBox You did it again ! You  make our heart smile! You rock!  @OtterBoxCS / @D_Hilson @Maribel_Miami http://t.co/…
25,653037456036626433,Sun Oct 11 02:40:37 +0000 2015,0,0,Nothing better than spending a #Saturday night with your love ones! 👩🏻👧🏻🐶 https://t.co/RYNLpeYyQ4
26,650780266005458948,Sun Oct 04 21:11:20 +0000 2015,0,1,"@rspigatto I know is about that time, missing home"
27,650734517771214848,Sun Oct 04 18:09:33 +0000 2015,0,1,@rspigatto thank you! X
28,650679867164479492,Sun Oct 04 14:32:24 +0000 2015,0,2,#NYC nights 😍🗽🇺🇸 #girls #SoMuchFun #nofilterneeded http://t.co/V3sL06M1ai
29,650382096721158148,Sat Oct 03 18:49:10 +0000 2015,0,1,#HappySaturday 💋 http://t.co/bvRsUsVzUg
30,650045206323073024,Fri Oct 02 20:30:29 +0000 2015,0,0,@zedd was good to see you @tMobile We love you! So bad didn't get my tickets anyway kill it tonight! ! http://t.co/DEzhTvT9H6
31,649720938980876289,Thu Oct 01 23:01:57 +0000 2015,0,0,@bobcarmedia @BMW @bennycohen @bobcar1 love it ! 😍
32,649604553663475712,Thu Oct 01 15:19:29 +0000 2015,1,0,RT @bobcarmedia: My mood right now #Thursdays #DontLetMeDown #TheBeatles #Bobcarmedia #LetsDoThis @bennycohen @bobcar1  http://t.co/KcWxi8N…
33,648964308697776129,Tue Sep 29 20:55:23 +0000 2015,0,0,Every day! All the time #Yummi ☕️💚💛❤️ @MarleyCoffee  https://t.co/992zvlp8hz
34,646466550644477952,Tue Sep 22 23:30:11 +0000 2015,0,1,#Sexygirls #work #exercise #sweat #repeat @Equinox #WallStreet #NYC #Whipped  #strong #fitness #EquinoxMademeDoIt💪🏼 http://t.co/RTpeRa6f2P
35,646341657059692545,Tue Sep 22 15:13:54 +0000 2015,30,0,RT @Booooooom: Taking a look back at Dan Marker-Moore's glorious 'time slice' collages http://t.co/wR8VuqkGfK http://t.co/i7BgSPSAlM
36,646341505666424832,Tue Sep 22 15:13:18 +0000 2015,47,0,RT @genekogan: stylenet feedback loop: van gogh→ devajyoti→ hokusai→ liechtenstein→ monet→ choucair→ lewitt→ munch→ wu→ van gogh http://t.c…
37,646341408387952640,Tue Sep 22 15:12:54 +0000 2015,4,0,RT @sophie_woolley: @lovepeacedove http://t.co/kXZomaNqVa
38,646082114610458624,Mon Sep 21 22:02:34 +0000 2015,0,0,#InternationalDayofPeace http://t.co/H64jUQP7py
39,646081786141900801,Mon Sep 21 22:01:16 +0000 2015,2,0,RT @bobcarmedia: RT if you dream of peace for all.🌸 #InternationalDayOfPeace @peta2 @bobcarmedia @bennycohen @bobcar1 @D_Hilson http://t.co…
40,644203581487382528,Wed Sep 16 17:37:57 +0000 2015,1,0,RT @bobcarmedia: Happy in our new office #WallStreet #FinancialDistrict If you are around come visit us! #BobCar #OfficeWednesday ✌🏽️ http:…
41,642927676148293632,Sun Sep 13 05:07:57 +0000 2015,0,0,Ending the summer right x https://t.co/2wrACgPSzZ
42,642530903546273793,Sat Sep 12 02:51:19 +0000 2015,1,0,RT @bobcarmedia: #NeverForget #911 🙏🏼🌹❤️ @bobcarmedia @bennycohen @bobcar1 @D_Hilson @Maribel_Miami http://t.co/oquidAENFs
43,642118590481723392,Thu Sep 10 23:32:56 +0000 2015,0,0,#RestorativeYoga https://t.co/FuJSSXJ2zo
44,640985773567811584,Mon Sep 07 20:31:32 +0000 2015,4,0,RT @bobcarmedia: Nothing will work unless you do! Thank you for all of your hard work. Happy #LaborDay @TMobile @bennycohen @bobcar1 http:/…
45,640751926590763008,Mon Sep 07 05:02:18 +0000 2015,0,0,"""God,even If doesn't happen my way, even If my plans don't work out, I'm still going to enjoy my life… https://t.co/xAPV4CVB6I"
46,640158763249463296,Sat Sep 05 13:45:17 +0000 2015,0,0,#GoodMorningWorld #MorningSelfie #Sleepy #LaborDayWeekend ✌🏽️ https://t.co/BcTkpaLbAB
47,639900871044800512,Fri Sep 04 20:40:31 +0000 2015,1,0,Give love always!  https://t.co/bUQNCwf2g9
48,639512476648910848,Thu Sep 03 18:57:10 +0000 2015,0,0,@JonFreier @TMobile #Miami is always a good idea!
49,639511739642564609,Thu Sep 03 18:54:14 +0000 2015,2,0,RT @bobcarmedia: Such a great energy @TMobile store 77th &amp; Broadway @_jefff @NIt4theLongHaul @Tausee_F  @bennycohen @bobcar1 http://t.co/Cv…
50,639511153270476804,Thu Sep 03 18:51:55 +0000 2015,1,0,RT @bobcarmedia: Such a beautiful day in the #Bronx Stop by store 1598 Westchester ave and learn more about @Tmobile #Uncarrier 💗😉😎💪👍 http:…
51,637823405937528832,Sun Aug 30 03:05:24 +0000 2015,0,1,These girls #NYC ❤️ https://t.co/YEBjL1n12Z
52,637239733991682048,Fri Aug 28 12:26:06 +0000 2015,0,1,@rspigatto time for coffee!! Try @MarleyCoffee the best !
53,637235909302329344,Fri Aug 28 12:10:54 +0000 2015,0,1,"Wake up everyday and be thankful to be alive, sometimes life can turn so difficult but get up &amp; stand up! Keep fighting for a better today x"
54,635815916375310336,Mon Aug 24 14:08:22 +0000 2015,0,1,After some holidays full of meditation I'm back in #NYC and ready to rock it! #HappyMonday everyone bless xx
55,634449836062941184,Thu Aug 20 19:40:03 +0000 2015,1,0,RT @SmoothFLL: by cass_yassgram http://t.co/00XjB6jXvf Something like heaven... @maribel_miami #greece #blues #bebe #love #Mykon… http://t.…
56,634435270407012352,Thu Aug 20 18:42:10 +0000 2015,0,0,Swimming in hidden beaches was an amazing experience and we found the light at the end of the tunnel… https://t.co/lmC7RUyvgo
57,630982399116091392,Tue Aug 11 06:01:41 +0000 2015,0,0,Beautiful #ItalianRiviera #Sardinia #Paradise #Peaceful #SoHappy https://t.co/rkQ3bpIK4u
58,629415063640764416,Thu Aug 06 22:13:39 +0000 2015,0,0,Arrivederci #NYC Peace out  See you soon #Italy #FollowingTheSun ✌️ https://t.co/TvNud5sO1i
59,626903801174302720,Thu Jul 30 23:54:48 +0000 2015,0,1,Time for some #Vinyasa #Yoga Is not how far you go is how you go! It's about transformation if you… https://t.co/6FQfTCeQ9j
60,624308156429012993,Thu Jul 23 20:00:38 +0000 2015,0,1,He's the coolest!  https://t.co/GMe91vpMgb
61,623188455640727552,Mon Jul 20 17:51:20 +0000 2015,1,0,RT @bobcarmedia: We are looking for Female Brand Ambassadors in #NYC Please email your resume and headshot to maribel@bobcarmedia.com http:…
62,622967486963675136,Mon Jul 20 03:13:17 +0000 2015,19,0,RT @JohnLegere: What the world needs now: Another way to buy stuff directly from @facebook on your smartphone! http://t.co/8RW1uzuAIN
63,622851209360187392,Sun Jul 19 19:31:14 +0000 2015,0,0,Such a beautiful day #NYC ready and on way to the #beach Who's in? http://t.co/eEj09S8KKV
64,622638317734117377,Sun Jul 19 05:25:17 +0000 2015,2,0,RT @FormerlyErock: Back at @1oaknyc tonight!!! Saturday night lets gooooooooooooooooooo! https://t.co/0Cw6H39C64
65,622244461293228032,Sat Jul 18 03:20:14 +0000 2015,0,1,Peruvian girls in the house... #jimmy #rooftop #nyc #manhattan  #HappyToSeeFamiliarFaces… https://t.co/rKpdKFPpEV
66,622206015153545216,Sat Jul 18 00:47:28 +0000 2015,0,0,Beautiful sunsets don't need filter #HappyFriday 😍🌅 https://t.co/vpTQgDWGk2
67,621871643753889792,Fri Jul 17 02:38:48 +0000 2015,0,0,I'm so happy to come from such an maxing place Peru .. I'm here visiting #Ollantaytambo #Cuzco… https://t.co/tBF4E5DlkZ
68,621504419390189569,Thu Jul 16 02:19:35 +0000 2015,2,0,RT @houseofmarley: @Maribel_Miami @Romarley Keep rocking those Liberate XLs! #GoodVibesOnly
69,621504402516504578,Thu Jul 16 02:19:31 +0000 2015,0,4,Such a beautiful night with my girls #LadiesNight #Wine #FinancialDistrict #CityHall #EmpireState #Nofilter #NYC 🌃 http://t.co/VLRHs1FckW
70,621173111828914180,Wed Jul 15 04:23:05 +0000 2015,1,0,RT @michaelcapponi: I love you in oceans and galaxies and the air in-between. There are no questions or answers or right… https://t.co/zRjr…
71,621172635540586497,Wed Jul 15 04:21:11 +0000 2015,2,0,"RT @bennycohen: YouTube Chief Talks Children, Mobile and Competition With Facebook http://t.co/oacURazgXG @bobcarmedia @ bobcar1 @maribel_m…"
72,620655476234145792,Mon Jul 13 18:06:11 +0000 2015,2,8,Listening some beats w/ my @houseofmarley #EarthFriendly #Headphones #LiveMarley #Rocking #LoveThem ThX @romarley ✌️ http://t.co/OLTb9KaPPf
73,619775240831377408,Sat Jul 11 07:48:26 +0000 2015,0,0,So happy to have them as part of my life #HomeIsWhereYourHeartIs #LadiesNight #BestFriends #NYC https://t.co/vevljE4Evu
74,619191765589954560,Thu Jul 09 17:09:55 +0000 2015,0,1,Thurdays at my office be like! Thx @Otterbox for the cool Sunnies 😎 #BobCarMedia #Escalate  #ExperientialMarketing ✌️ http://t.co/BSFADg47y9
75,618894789304561664,Wed Jul 08 21:29:50 +0000 2015,0,0,Good times!  https://t.co/qwGr1Ap82k
76,618854856321835008,Wed Jul 08 18:51:10 +0000 2015,0,0,Thanks for having us! You and your @TMobile team are #awesome x https://t.co/FgoliHtUwQ
77,618788595906777088,Wed Jul 08 14:27:52 +0000 2015,0,1,Off to #Philly for meetings with my team #PictureOfTheDay #WorkDay #Philadelphia #Bound #Tmobile… https://t.co/KJxjlJQ2jp
78,618080740408971264,Mon Jul 06 15:35:06 +0000 2015,2,0,RT @bobcarmedia: With hard work there are no limits. #InspirationalMondays #USWomensSoccer #WorldCupChampions @bennycohen @bobcar1 🏆👏 http:…
79,617779476240420864,Sun Jul 05 19:37:59 +0000 2015,0,4,Happy Times with my lady in #FireIsland #OceanLovers #LifeIsABeach #DoMoreOfWhatMakesYouHappy 🌊⛅️ http://t.co/qhstju6m5Z
80,617489817455230976,Sun Jul 05 00:26:59 +0000 2015,0,0,"Happy Birthday America, thanks for having me. I love you beautiful! #HappyIndependenceDay #4thOfJuly… https://t.co/cVdBsUCYcR"
81,616663306124820480,Thu Jul 02 17:42:43 +0000 2015,0,2,Another day at the #Office #BobCarMedia #BobcarLife #Agency #AgencyLife 😂😱😰😱😰😱😤 @joebetesh… https://t.co/fkUE2fyu9J
82,616442883994992640,Thu Jul 02 03:06:51 +0000 2015,0,1,Welcome back to #NYC Cassandra @cassieyasso I missed you so much. So happy that you are now a… https://t.co/VnCdYTolI7
83,615998489407979521,Tue Jun 30 21:40:59 +0000 2015,1,0,RT @bobcarmedia: Happy #SocialMediaDay2015 #SMDay  from the #BobCarMedia #SM #Team @Maribel_Miami @trayshao @bennycohen @bobcar1 😊😜✌️ http:…
84,614491480254758912,Fri Jun 26 17:52:40 +0000 2015,1,0,RT @pushmodels: Great job ladies! https://t.co/Ceu3LH6rvF
85,614491460025614336,Fri Jun 26 17:52:35 +0000 2015,0,3,thank you!!! We love our work and @JUULvapor @pushmodels
86,614401131922477059,Fri Jun 26 11:53:39 +0000 2015,2,5,Last Friday working for the #OverNight #Premiere after party w/ @JUULvapor @pushmodels #LoveIt #VapeLife #FlashBack http://t.co/XW5k7MpEZZ
87,614378658820698112,Fri Jun 26 10:24:21 +0000 2015,278,0,RT @pizarrinha: Come on!! Be Possitive!!! http://t.co/ukKW5oJUJ0
88,614378459981348864,Fri Jun 26 10:23:34 +0000 2015,0,0,@pizarrinha agree!
89,614233915889483776,Fri Jun 26 00:49:12 +0000 2015,0,2,Yo tambien me uno Carlitos!!! Buen juego esta noche.... Arriba #Peru @CA2015 @5zambranocz x http://t.co/8rrey2w5pd
90,614228283769622528,Fri Jun 26 00:26:49 +0000 2015,0,1,Vamos Peru carajo !!! @CA2015 #Peru 2 #Bolivia 0 #LetsGo @pizarrinha @juamavarri @peru @SeleccionPeruHT http://t.co/CK5jjyMfj0
91,614197974286139392,Thu Jun 25 22:26:22 +0000 2015,0,1,That day when I saw one of the most beautiful sunsets in my life! #Cold #Peaceful #Sublime #Blessed… https://t.co/oDxkKdrr5L
92,612756568946438144,Sun Jun 21 22:58:45 +0000 2015,0,1,When someone criticize me... 😡 look familiar ? Lol  @CarlKennedy http://t.co/tYq1ziSPMK
93,612734717666959360,Sun Jun 21 21:31:55 +0000 2015,2,0,RT @CarlKennedy: Arriba Peru !!!!!!
94,612725112501075968,Sun Jun 21 20:53:45 +0000 2015,0,1,Alentando a mi equipo desde #Brooklyn #Williamsburg Vamos #Peru !!! @5zambranocz @pizarrinha @juamavarri http://t.co/vECUUI0Ub9
95,612027462508277760,Fri Jun 19 22:41:32 +0000 2015,0,0,In #Yoga the impossible becomes possible and if you can do it with your body you can also do it with your life! #Namaste
96,611940024171524096,Fri Jun 19 16:54:05 +0000 2015,1,2,"Raise your words, not your voice. It's rain that grows flowers not thunder #Rumi"
97,611531866282283008,Thu Jun 18 13:52:13 +0000 2015,0,1,"Find a special place in your home, put some candles, be grateful for another day,play music,breath and practice #Yoga http://t.co/vgRi0wQP4H"
98,610986247071354880,Wed Jun 17 01:44:07 +0000 2015,2,2,The @JUULvapor girls don't need filter! Such a fun event today InsideHook Yacht Party #JUUL… https://t.co/yZLMf3MLoN
99,610979076510208000,Wed Jun 17 01:15:37 +0000 2015,1,0,"RT @JUULvapor: Loving #JUUL with @InsideHook on the Hudson.

Click here to get #VAPORIZED: http://t.co/kro92QPGiM http://t.co/UZrsxkcaLS"
100,610979063457533953,Wed Jun 17 01:15:34 +0000 2015,0,1,@JUULvapor @RooftopFilms @IndustryCityBK I'm in !
101,610965590245797890,Wed Jun 17 00:22:02 +0000 2015,2,5,InsideHook Yacht Party working with @JUULvapor #vaporized w/ @bettabird #LoveMyJob Thanks… https://t.co/WWTzaG0Ztp
102,610534078018883585,Mon Jun 15 19:47:22 +0000 2015,7,0,RT @bobcarmedia: It's #Monday but It's Ok because we drink @MarleyCoffee Stir.It.Up. @Romarley @bobcarmedia @bennycohen @bobcar1 http://t.c…
103,610212524366143488,Sun Jun 14 22:29:37 +0000 2015,0,1,@sherimcnally thank you same to you x
104,610212162758422528,Sun Jun 14 22:28:11 +0000 2015,0,0,@mekieranprice it is! Just being in the salt water is Like a healing
105,610173462162837504,Sun Jun 14 19:54:24 +0000 2015,0,0,"Finally made it to my favorite place on earth.. I was really needing this, miss it so much! Take me… https://t.co/86oWCW5JK6"
106,609854227914076160,Sat Jun 13 22:45:53 +0000 2015,0,0,Current Situation 😎🍺 @ Home RoofTop https://t.co/c8oaVpW2lq
107,609546318265090049,Sat Jun 13 02:22:21 +0000 2015,0,0,Ladies night with my Mexican Friends #ConsulateGeneralofMexico #NYC #MexicoInTheHouse #EmpireState… https://t.co/lCdZh2hHvQ
108,609090211939778560,Thu Jun 11 20:09:57 +0000 2015,0,1,🌼 https://t.co/1qrpJj6ZCy
109,609049673412829185,Thu Jun 11 17:28:52 +0000 2015,0,0,@TMobileHelp Yes He is! And the best CEO 👌 @JohnLegere
110,609048803950358528,Thu Jun 11 17:25:25 +0000 2015,1,1,@bobcarmedia @TMobile @JohnLegere @bennycohen @bobcar1 Definitely I love them! #Magenta #Tmobile @converse 💗👍💪
111,608699796606578688,Wed Jun 10 18:18:35 +0000 2015,0,2,#HappyHumpDay #HumpDay Who Cares!!! Have a beautiful day 💋 http://t.co/rjvoEZFBUI
112,606971488995045376,Fri Jun 05 23:50:54 +0000 2015,0,1,So I went to church today &amp; opened the bible &amp; boom! #GoodFriday just like a gift in the right moment God bless you x http://t.co/SXaV1JT2Uu
113,606641976042254336,Fri Jun 05 02:01:32 +0000 2015,0,1,"Right now Polaroid taken at work for the launch party of @juulvapor so much fun, gods vibes and great… https://t.co/zhIuyzNjhe"
114,605525901321863168,Tue Jun 02 00:06:39 +0000 2015,0,1,"New Monday, new day, new month my with new gym bestie the old-school #RowingMachine Work out your… https://t.co/IIKt7vsNCt"
115,604406373212909569,Fri May 29 21:58:03 +0000 2015,1,0,Great times with this #Kansas Beauty at the @maximmag #Headquarters #NYC  #MaximMagazine #ThisMaximLife  #NoFilter http://t.co/jy2UaPAdlk
116,603969173748850689,Thu May 28 17:00:46 +0000 2015,0,0,Can't wait!! #Onelove  https://t.co/qEbNjYO84F
117,603608321619271680,Wed May 27 17:06:53 +0000 2015,1,1,Be grateful everyday for all that u have. You can always have more but you could also have less #lifeisbeautiful #Gratitude #Thankful #Life
118,603606614986326016,Wed May 27 17:00:06 +0000 2015,1,0,"RT @bobcarmedia: New Day, New tunes #BobCarMedia #MusicWednesday @Spotify #HappyHumpDay @bennycohen @bobcar1 @maribel_miami… http://t.co/cr…"
119,603309306574938113,Tue May 26 21:18:42 +0000 2015,1,0,"RT @bobcarmedia: #Hiring Brand Ambassadors, Team Leaders and  Field Marketing Managers 
For more info click in this link: https://t.co/R2VG…"
120,602941720876179456,Mon May 25 20:58:03 +0000 2015,0,3,Days offs in summer just mean one thing #vitaminD 🌞 @ Home Roof https://t.co/HrW4rBtY2J
121,601410743951589376,Thu May 21 15:34:29 +0000 2015,0,2,Because education is the premise of progress. I'm here #MktNY ready to get new knowledge @MarketNewYork @javitscenter http://t.co/6TB9K59hS6
122,601220679455920128,Thu May 21 02:59:14 +0000 2015,0,0,Today you looked beautiful #NYC http://t.co/jZfP3etPEX
123,601210304861741056,Thu May 21 02:18:01 +0000 2015,0,1,@Romarley @bennycohen @bobcar1 @MarleyCoffee This is  #Amazing @bobcarmedia #MarleyCoffeeCar #sustainability 😍🚛☕️❤️💚💛🎼🌴🌱 Can't wait!
124,600724070624305152,Tue May 19 18:05:54 +0000 2015,1,0,RT @bobcarmedia: Honored to receive the silver award Thanks @TMobile @EventMarketer @prweb  http://t.co/du2UQ92IsH @bennycohen @bobcar1 @Ma…
125,598936889052123136,Thu May 14 19:44:16 +0000 2015,2,1,So bad!! 😂 @QueBoleta #SimplyAsians http://t.co/BfxOjp7Fyu
126,598916298026782720,Thu May 14 18:22:27 +0000 2015,2,0,RT @Mirameswim: This #photo by @p_aufort is just too #cool for school. #mua @alegratitus #model @maribel_miami https://t.co/kJFdjTXEhD
127,598603950837800961,Wed May 13 21:41:18 +0000 2015,1,0,"RT @bobcarmedia: #Emslive winds down, we are proud and honor to have received our #SilverAward Here with our founder @bennycohen http://t.c…"
128,598534382840840192,Wed May 13 17:04:51 +0000 2015,1,0,#Repost @ccwla Amazing times at the @bobcarmedia #booth nice car!! #Emslive #ems2015 #bobcarems @ San… https://t.co/E7JfP4ssmB
129,598421773567152128,Wed May 13 09:37:23 +0000 2015,0,5,That's how I roll in #SanFrancisco #BestMobileMarketingCampaign #Emslive #Ems2015 #Grateful #Happy #Thankful ☺️🚋🙌 http://t.co/3nMN7nTJ9R
130,598388203502981120,Wed May 13 07:23:59 +0000 2015,1,0,RT @bobcarmedia: Superbooth Photos #emslive #bobcarems #emslive http://t.co/fK61Yt6zNp
131,598299599812435969,Wed May 13 01:31:55 +0000 2015,0,0,Superbooth Photos #emslive #ems2015 #bobcarems http://t.co/KjeTmcltb1
132,598291803469656064,Wed May 13 01:00:56 +0000 2015,0,0,Check out this virtual green screen postcard of me in San Francisco - shout out to @Videobooths! http://t.co/ZtLYHleYQE
133,598259022559481856,Tue May 12 22:50:40 +0000 2015,4,0,RT @bobcarmedia: The #BobcarMedia #Angels in the house! #emslive #EMS2015 #bobcarems como visit us and let's have fun! @EventMarketer http:…
134,598208818024026112,Tue May 12 19:31:11 +0000 2015,1,0,RT @rspigatto: @Maribel_Miami congrats! 😃
135,598208806795882496,Tue May 12 19:31:08 +0000 2015,1,0,RT @rtonini: @Maribel_Miami Congratulations! #EMS2015 #EMSLive
136,598208800995160065,Tue May 12 19:31:06 +0000 2015,1,0,RT @MoZeusWorldwide: @Maribel_Miami @bobcarmedia Congrats on the award!
137,598208785056858112,Tue May 12 19:31:03 +0000 2015,0,1,@MoZeusWorldwide @bobcarmedia thank you we are very happy x
138,598208721001447426,Tue May 12 19:30:47 +0000 2015,0,1,@rtonini thank you so much x
139,598208369317400576,Tue May 12 19:29:24 +0000 2015,0,1,@rspigatto thank you Rodri xx
140,598198478863368192,Tue May 12 18:50:06 +0000 2015,2,3,Last night with the girls at the #EmsLive #EMS2015 we got the silver awards for best mobile marketing campaign! http://t.co/uejgeNRZBG
141,598197914750488576,Tue May 12 18:47:51 +0000 2015,0,2,So proud of our win for the Silver Ex Marketer Award at the #EMS2015 #EMSLIVE #BOBCAREMS 🙌 http://t.co/sm6OP7tXB7
142,598189351676289024,Tue May 12 18:13:49 +0000 2015,0,2,Come visit us at the yerbabuena ballroom get a picture with us share it in your social media #ems2015… https://t.co/mhrhbqtdkk
143,597749119327830017,Mon May 11 13:04:30 +0000 2015,0,0,Ready to go!! See you soon #SanFrancisco is going to be an amazing week @EventMarketer #Emslive #Grateful http://t.co/VMWfEZYCNE
144,597748584461774848,Mon May 11 13:02:22 +0000 2015,0,1,"Yesterday was great, always nice spend time with your good friends and people that shows you love #NYC http://t.co/M5l2A1FY2K"
145,596720929851473921,Fri May 08 16:58:50 +0000 2015,0,0,@bobcarmedia @bennycohen @bobcar1 @D_Hilson I love #Fridays &amp; #Bananas ! 🐒🍌🍌🍌
146,596720580575010816,Fri May 08 16:57:27 +0000 2015,2,0,RT @bobcarmedia: Today's #Mood #Friyay !! #HappyFriday #Bananas @bobcarmedia @bennycohen @bobcar1 @Maribel_Miami @D_Hilson http://t.co/PmJr…
147,596720535641432065,Fri May 08 16:57:16 +0000 2015,0,0,@bobcarmedia  @bennycohen @bobcar1 where I can get one ? @cicret_official
148,594734848692133888,Sun May 03 05:26:52 +0000 2015,3244,0,RT @KhoMha: The fight in one image lol  #PacquiaoMayweather http://t.co/rtMfkHj7el
149,594734269144166400,Sun May 03 05:24:34 +0000 2015,1,5,"Great PAC,doesn't matter if u have a hundred wins or a hundred loses,what matters is how many people you reach &amp; inspire #PacquiaoMayweather"
150,594732514855497728,Sun May 03 05:17:35 +0000 2015,162,0,RT @_ayumifurukawa: Who did this 😭😂 HAHAHAHA #PacquiaoMayweather http://t.co/YcaXh24Cj1
151,594208319625101314,Fri May 01 18:34:37 +0000 2015,0,1,Daily routine at work #GreenJuice #WallStreet #FederalHall #NationalMemorial Hey Hello… https://t.co/szQ3GtlsWw
152,593921674099171328,Thu Apr 30 23:35:36 +0000 2015,0,0,"What a great #VinyasaYoga class I just had just what I was needing... I'm  ready for a retreat, any suggestions?"
153,593163353813590016,Tue Apr 28 21:22:18 +0000 2015,0,2,Back to the reality!At least #Nyc receive me like this! The #BigApple is better with sun #FinancialDistrict #nofilter http://t.co/PfTMD7GmSe
154,593108791807336448,Tue Apr 28 17:45:30 +0000 2015,1,2,It's going to be awesome! @bobcarmedia @bennycohen @bobcar1 @D_Hilson  @EventMarketer #EmsLive http://t.co/XR30DvAqUl
155,592815749955244032,Mon Apr 27 22:21:03 +0000 2015,0,0,"Traveling  all night, working all day and now falling asleep in the train oh great I missed my stop I think is time to go home and rest!"
156,592814363721003009,Mon Apr 27 22:15:32 +0000 2015,2,0,RT @bobcarmedia: We are up! We are excited about our new agency web Check us out here: http://t.co/YB174sMgVG @bennycohen @bobcar1 @D_Hilso…
157,589853882370678785,Sun Apr 19 18:11:39 +0000 2015,0,0,Hola #PuntaHermosa #PuntaHermosaBeach #Peru 🌊 https://t.co/aALr7lzZy9
158,588186533468966913,Wed Apr 15 03:46:12 +0000 2015,0,1,Taking off to #Lima #MiTierra ✈️ See you soon #Peru !!
159,588120206909767681,Tue Apr 14 23:22:38 +0000 2015,1,0,RT @bobcarmedia: Happy Birthday Nathan! @bobcar1 We love you!! #BobCarFam @bobcarmedia @bennycohen @D_Hilson @Maribel_Miami http://t.co/Cm6…
160,587389804901507072,Sun Apr 12 23:00:17 +0000 2015,96,0,"RT @ClubALoficial: l Copa Inca l #Seminifales #AL 2-1 #SM
Final del partido en el coloso de Matute. http://t.co/jbwgsKyfD1"
161,587385191536193536,Sun Apr 12 22:41:57 +0000 2015,0,2,Gol!!!! Buena #MauroGuevegozián en Matute 2-1 San Martin Vamos Grones ! @ClubALoficial
162,587382673473167362,Sun Apr 12 22:31:57 +0000 2015,0,2,@ClubALoficial :Vamos Alianza Lima que #EstaSemifinALesNuestra (30 ' PT) http://t.co/ZqRwT8xuy9
163,587241030245863424,Sun Apr 12 13:09:06 +0000 2015,0,1,Agree @JoelOsteen You need to get ready. Your life isn’t going to stay in a valley of defeat—it’s about to turn into a valley of victory
164,586993706194096128,Sat Apr 11 20:46:20 +0000 2015,0,1,"No vuelvas, no vuelvas sin Razon, no vuelvas.. Yo estare a un millon de Anhos Luz de casa! #RIP Grande @cerati @Para_todalavida"
165,586922931047026689,Sat Apr 11 16:05:05 +0000 2015,0,1,@CarlKennedy @leogregs @bentekechris20 photocredits @Maribel_Miami 😛
166,586922246691807232,Sat Apr 11 16:02:22 +0000 2015,0,2,Hello Beautiful world! Finally feels like spring #Grateful x http://t.co/13lrVlKg2p
167,585487506055024640,Tue Apr 07 17:01:13 +0000 2015,0,1,"Some people need to hear that you believe in them, it's giving life,it can help them blossom into who they were created to be @JoelOsteen"
168,583373528482844672,Wed Apr 01 21:01:02 +0000 2015,1,1,Honored to be a finalist! @EventMarketer #EXAward #BestMobileMarketingProgram @TMobile @bobcarmedia  http://t.co/RFinO6xYxt @bennycohen
169,583372652447993856,Wed Apr 01 20:57:33 +0000 2015,11,0,"RT @EventMarketer: 2015 Ex Award Finalists Named!

http://t.co/sCxPeubh0g"
170,583346329558085633,Wed Apr 01 19:12:57 +0000 2015,0,1,This is exactly where I am right now in my life.. In the right place at the right time and for a reason x http://t.co/7XAfRnOHTU
171,580429018341773312,Tue Mar 24 18:00:36 +0000 2015,0,0,"Hello Friends, Matteo is five months old. He needs your help Please let's support Matteo's Recovery. Thank you! http://t.co/1UKwYYaT7P"
172,580146980455915520,Mon Mar 23 23:19:53 +0000 2015,0,1,"Just finished spinning classes, 560 calories burned I'm back on track 💪hope you are having a energetic Monday too 👊"
173,580115306934308864,Mon Mar 23 21:14:01 +0000 2015,5,0,"RT @Micah_Mae: In His perfect timing, everything will turn out right. #thisismydeclaration http://t.co/mHTnXJIVu9"
174,580115214940663809,Mon Mar 23 21:13:39 +0000 2015,0,0,Agree! @mmmmmmMegan   and then I saw this and my heart smiled  #thisismydeclaration http://t.co/KgQS3Czx5n @JoelOsteen
175,580114764044640256,Mon Mar 23 21:11:52 +0000 2015,0,0,"It's #Monday I'm happy, I'm blessed, God is going to do amazing things this week #ThisIsMyDeclaration x"
176,580114088459653120,Mon Mar 23 21:09:11 +0000 2015,0,1,@bobcarmedia @Romarley @bennycohen @bobcar1 and by the way such a good coffee ☕️ @MarleyCoffee 💚💛❤️
177,580113354863308800,Mon Mar 23 21:06:16 +0000 2015,0,0,@bobcarmedia @Romarley @bennycohen @bobcar1  such a humble and amazing person! An inspiration to any and all! #OneLove
178,580113210491215872,Mon Mar 23 21:05:42 +0000 2015,3,0,RT @bobcarmedia: It was an honor to have you @Romarley definitely our week will be full of amazing energy! 💚💛❤️ @bennycohen @bobcar1 http:/…
179,579766975934697472,Sun Mar 22 22:09:53 +0000 2015,1357,0,"RT @FCBarcelona: .@Mascherano: ""Football is everything, not just possession. They're quick and dangerous, but we stopped them."" #FCBlive #E…"
180,579734200435273728,Sun Mar 22 19:59:38 +0000 2015,0,1,"Peruvian food, beers and the classic what a good Sunday, let's go Barcelona! @FCBarcelona"
181,578933759627640832,Fri Mar 20 14:58:59 +0000 2015,0,1,@AleAeAnzani @KofiAnnan with education we can change the world!
182,578933426524446720,Fri Mar 20 14:57:39 +0000 2015,6,0,"RT @AleAeAnzani: ""May the #wind always be at your back &amp; the #sun upon your face &amp; may the wings of destiny carry you aloft to #dance with …"
183,578915894111395841,Fri Mar 20 13:47:59 +0000 2015,1,2,Good Morning! Finally first day of spring in #NYC and is Friday!! 🌷🌸💐🌻🌺
184,578721007776714752,Fri Mar 20 00:53:35 +0000 2015,4,5,In the country that saw me born and grow #TheAndes #Peru #ThrowbackThursday @VisitPeru http://t.co/xOg1lDdspd
185,578720384243101697,Fri Mar 20 00:51:06 +0000 2015,0,0,Receiving the light and energy from that country that saw me born and grow #Peru #HolyLand #Nature… https://t.co/TUpop8kOvP
186,578684795493965824,Thu Mar 19 22:29:41 +0000 2015,1,1,30 minutes of cardio and now ready for some #Vinsaya #yoga how's your Thursday so far ?
187,578648676500918273,Thu Mar 19 20:06:09 +0000 2015,1,7,Missing the energy of this place @Michael__Becker #MachuPicchu is one of those places that is in no way overrated. http://t.co/CWdttikQp5
188,578648109141647360,Thu Mar 19 20:03:54 +0000 2015,0,1,@anniecmyk great congrats you will have a blast x
189,578647868770295808,Thu Mar 19 20:02:57 +0000 2015,0,1,"@Romarley in #nyc too , lets grab a cup of  @MarleyCoffee x"
190,578647610778628096,Thu Mar 19 20:01:55 +0000 2015,27,0,"RT @Romarley: Half The World's Farmers Are Women, Many Don't Have Land, Modern Tools. Here's Who's Helping
http://t.co/QWjGpV2rte http://t.…"
191,578647525881704448,Thu Mar 19 20:01:35 +0000 2015,24,0,"RT @WayneDupreeShow: Check out @Romarley @MarleyCoffee http://t.co/f3vNKUb8Wa 

Wayne Dupree Show via http://t.co/tKzjAODhmO #WAARadio http…"
192,578647305676546048,Thu Mar 19 20:00:43 +0000 2015,27,0,"RT @VisitPeru: Larger than #MachuPicchu and almost untouched, #Choquequirao is the dream of every traveller: http://t.co/MpPfaxCAnL http://…"
193,578646969855393792,Thu Mar 19 19:59:23 +0000 2015,0,0,Getting ready for the weekend with @KygoMusic https://t.co/PT6FKA8QX7
194,578645833526177793,Thu Mar 19 19:54:52 +0000 2015,0,1,Only the strong survive.
195,578645762290106368,Thu Mar 19 19:54:35 +0000 2015,0,1,"No matter how much it hurts now, one day you will look back and realize it changed your life for the better"
196,578645400153886720,Thu Mar 19 19:53:08 +0000 2015,66,0,RT @TheQuoteToday: #quote http://t.co/pKnsaP3PvE
197,578644554909376512,Thu Mar 19 19:49:47 +0000 2015,139,0,RT @nytimes: How museums are using technology to boost attendance by millennials http://t.co/oGjDU84vJv
198,578644403406970880,Thu Mar 19 19:49:11 +0000 2015,20,0,RT @energy_project: Make getting 7-8 hours of sleep your highest priority! http://t.co/fAYp16urLf
199,578644308573683712,Thu Mar 19 19:48:48 +0000 2015,17,0,RT @kimgarst: Why is social media important for small businesses? My #interview with Trillia Newbell http://t.co/jmQR2hyt7F
