,id_str,created_at,retweet_count,favorite_count,text
0,664573880225415169,Wed Nov 11 22:42:14 +0000 2015,0,0,I had to put this...!! So true is that..!! Many people's story and so is mine...!!@mananspeaks you… https://t.co/w9GRYS2L4I
1,662455748178350080,Fri Nov 06 02:25:32 +0000 2015,0,0,@cinjohn18 thank you for reverting back. I would really appreciate if you can follow me. So that i can send you message in inbox. Thanks.
2,650756725537120256,Sun Oct 04 19:37:48 +0000 2015,0,0,"@makertanya I am really interested for open position ""Jr.Agile Project Manager"" How can i get in touch with hiring manager?"
3,650754987203670016,Sun Oct 04 19:30:54 +0000 2015,0,0,"@makermatthew Hi Matthew, I am really interested for open position ""Jr.Agile Project Manager"" How can i get in touch with hiring manager?"
4,650003539440349184,Fri Oct 02 17:44:54 +0000 2015,0,0,@cinjohn18 I have had applied to a Scrum master position for Nordstorm. I would really like to talk to you regarding that.
5,644603386529218560,Thu Sep 17 20:06:38 +0000 2015,0,0,Happy Ganesh Chaturthi...!!! https://t.co/miQ6joKazm
6,642135844229353473,Fri Sep 11 00:41:30 +0000 2015,0,0,Diff time...!! Diff place...!! Diff tea...!! Just making sure that i don't forget these days..!!… https://t.co/tPpR3RVsrA
7,637455477010513920,Sat Aug 29 02:43:23 +0000 2015,0,0,Miss you. Both. :) https://t.co/EFEkN7ppOg
8,626818030505324544,Thu Jul 30 18:13:58 +0000 2015,0,0,"@DellCares  Dell dis not help at all, even they were asking for $ if i need a simple solution. @Windows @WindowsSupport helped and solved."
9,626817586152386561,Thu Jul 30 18:12:12 +0000 2015,0,0,@WindowsSupport @Windows  did help me and the issue is resolved. Thanks.
10,626308023284318208,Wed Jul 29 08:27:23 +0000 2015,0,0,@DellCares my Wireless networking adaptor does not show in Device Manager. http://t.co/0V6TxLVCKR
11,626301261399375872,Wed Jul 29 08:00:31 +0000 2015,0,0,@DellCares it does not show up the WIFi even if i do that because it does not show in NETWORK AND INTERNET. http://t.co/WzjrJPbyJo
12,626296678094651393,Wed Jul 29 07:42:18 +0000 2015,0,0,@Windows @Aakash006sharma my dell xps14z does not show up WIFI at all. What should i do? @Microsoft @Dell http://t.co/KT7nfFQPGe
13,626244033019572224,Wed Jul 29 04:13:07 +0000 2015,0,0,Upgrading to #Windows10 @Windows @Microsoft
14,626149428160696320,Tue Jul 28 21:57:11 +0000 2015,18,0,RT @androidcentral: Moto X family specs http://t.co/yepiDRfzhP #android http://t.co/x6uT6hnv7r
15,612893333409509377,Mon Jun 22 08:02:12 +0000 2015,0,0,"@SE_Careers Hello,I am looking for ""BI Analyst Schneider Electric-TX"" Please look into my Linkedin Profile. https://t.co/ZHVyuYaKOV ….Thanks"
16,612892928034246656,Mon Jun 22 08:00:35 +0000 2015,0,0,"@sabrina_verma Hello,I am looking for ""BI Analyst Schneider Electric-TX"" Please look into my Linkedin Profile. https://t.co/ZHVyuYaKOV."
17,612892559174598661,Mon Jun 22 07:59:07 +0000 2015,0,0,"@cerodgers1 Hello,I am looking for ""BI Analyst Schneider Electric-TX"" Please look into my Linkedin Profile. https://t.co/ZHVyuYaKOV Thanks"
18,612892067140780032,Mon Jun 22 07:57:10 +0000 2015,0,0,"@jschunke Hello,I am looking for ""BI Analyst Schneider Electric-TX"" Please look into my Linkedin Profile. https://t.co/ZHVyuYaKOV .Thank you"
19,603855497729581056,Thu May 28 09:29:04 +0000 2015,0,2,Graduation 2015!!  #denver #colorado  #CUDenver @cudenver #CUDenverGrad #Iphone6 #UsaDiary @ Tivoli… https://t.co/l6v3gepQLa
20,598883068623982592,Thu May 14 16:10:24 +0000 2015,0,0,@Lenovo_in you guys never solve issues. Just make your customers wait. Right? Pl refer to your replies.
21,597138999334014976,Sat May 09 20:40:06 +0000 2015,0,0,She tought me how to live life..!! #Mother  #Love #Respect #mothersday #missyou https://t.co/baeAjIRPZr
22,585361353948307456,Tue Apr 07 08:39:56 +0000 2015,0,0,"@Lenovo_in its been 2 months and still there is no any mail or respond from your side , sir/m'am."
23,582312747511259137,Sun Mar 29 22:45:52 +0000 2015,0,0,Road to the mountain. #colorado #mountains #Iphone6 #iphoneography #nature #UsaDiary #denver https://t.co/UjB9p5bIdy
24,579885304414396416,Mon Mar 23 06:00:04 +0000 2015,0,0,Craving chocolates? Yes. @ Rocky Mountain Chocolate Factory Denver https://t.co/pADmmKND1k
25,575570422516809729,Wed Mar 11 08:14:16 +0000 2015,0,0,@Lenovo_in its been almost half a month passed. Any updates on above complaint?
26,575549162504208384,Wed Mar 11 06:49:48 +0000 2015,0,0,Pastaaa!! Ate these all alone and remembered when i used to make these for my friends.… https://t.co/XiZ1CTES6v
27,571247709639696384,Fri Feb 27 09:57:21 +0000 2015,0,0,@Lenovo_in Done. Sir..!! I have DM you all the information.
28,571234852558675969,Fri Feb 27 09:06:16 +0000 2015,0,0,@Lenovo_in they want mail on the given address. Sppop@lenovo.com http://t.co/dOGeynMLXS
29,571234004369670144,Fri Feb 27 09:02:54 +0000 2015,0,0,@Lenovo_in kindly respond.As the nearest service center is not listening to us.They want a mail from lenovo to replace the piece.Plz help.
30,571227824301801472,Fri Feb 27 08:38:20 +0000 2015,0,0,"@Lenovo_in that's been done already.But if my motherboard is not working again, i would like to replace whole phone. Its not even year old."
31,571212570423472128,Fri Feb 27 07:37:44 +0000 2015,0,0,"@Lenovo_in With all respect, My Lenovo S960 motherboard was repaired week ago, phone is not working again. Please suggest a work out. Thanks"
32,571083538822336512,Thu Feb 26 23:05:00 +0000 2015,0,0,"@kaushal_bhatt88 @tutushah Please keep in mind, when you leave office today. :P"
33,570078441053282304,Tue Feb 24 04:31:06 +0000 2015,0,0,#Repost payalt15⁰・・・two love of my life. ⁰Happy b'day ps !!!njy ur day :) #Friendsforever https://t.co/SyFGsrwf9l
34,569330249005207552,Sun Feb 22 02:58:03 +0000 2015,0,0,Its Snow storm in #denver #SlowMotion #iphone6 #bird #UsaDiary http://t.co/rBpW1EjmTi
35,567097474591240192,Sun Feb 15 23:05:48 +0000 2015,0,0,Awsm sprinkled and toasted coconut #cookies #GirlsScouts #DonationMade #iphone6 #UsaDiary http://t.co/1X9dpFctlW
36,566011236593049600,Thu Feb 12 23:09:29 +0000 2015,0,0,@tutushah spell mistake. #colleague*
37,565925268695445504,Thu Feb 12 17:27:53 +0000 2015,0,0,@tutushah india ma pan iphone6 hato. Didi na colleague pase.
38,565891628565397507,Thu Feb 12 15:14:12 +0000 2015,0,0,@tutushah the pic was taken in india.
39,565679218001186816,Thu Feb 12 01:10:10 +0000 2015,0,0,Happy days... !! #missyou #Family #goodtimes #iphone6 #B&amp;W http://t.co/2mlgP9QNIU
40,562069220566261762,Mon Feb 02 02:05:19 +0000 2015,0,0,Back to cold #Denver. #UsaDiaries #mornings #MissYou payalt15 http://t.co/8cedU91Pdl
41,561770640961576961,Sun Feb 01 06:18:52 +0000 2015,1,1,"@HTCUSA with all respect, my #HTCOneM7 bettery is working like shit. 3 hrs and eats 50% of bettery and my ph ia only in sleep mode. #help"
42,555377066749616128,Wed Jan 14 14:53:05 +0000 2015,0,1,Uttrayan fever...!! Awesome time spent with my love. #Happy  #love #life #friends #Smile #India http://t.co/eP5OLltsAC
43,545285549020680192,Wed Dec 17 18:33:00 +0000 2014,0,0,DunkinDonuts in the office. Awsm. #UsaDiaries #WorkingShoes #HtcOne #htc http://t.co/ynul3w9rrw
44,538564448769048576,Sat Nov 29 05:25:45 +0000 2014,0,1,This is how Mr. #HtcOne M7 takes picture in #LowLight. #UsaDiaries #ThanksGivingNight #UltraPixels htc http://t.co/1Eaw9T3arv
45,535922322100604928,Fri Nov 21 22:26:53 +0000 2014,0,0,I think Narendra Modi should be #TIMEPOY. What do you think? Cast your vote http://t.co/WiWZPyVlUj via @TIME @narendramodi
46,534577519106600962,Tue Nov 18 05:23:07 +0000 2014,0,0,@TheClassicMonk @ClusterFucked_  Be updated. !! YAAARAAAAA....!!! http://t.co/eDLRDEqSBx
47,534501082584469504,Tue Nov 18 00:19:23 +0000 2014,0,0,@tutushah  HAHA..!!
48,532216269672415232,Tue Nov 11 17:00:21 +0000 2014,0,0,#HTCHotDeals All gone even before before 4 minutes. HAHAHAH.
49,529570265307815937,Tue Nov 04 09:46:04 +0000 2014,0,0,@TheClassicMonk there should be some limits.
50,529563878947295233,Tue Nov 04 09:20:42 +0000 2014,0,0,"@TheClassicMonk how the hell in this world you think of tweeting something like this. Tweet bullshit, acceptable. But vulger?  Really?"
51,527583682832248832,Wed Oct 29 22:12:06 +0000 2014,0,0,@TheClassicMonk HAHA...!!
52,525754512146169857,Fri Oct 24 21:03:38 +0000 2014,0,0,@TheClassicMonk haha. So sweet of u dear.
53,525751672937930752,Fri Oct 24 20:52:21 +0000 2014,0,0,"@TheClassicMonk yes, go to sleep. Ghuwad."
54,525426785400664066,Thu Oct 23 23:21:22 +0000 2014,0,0,@tutushah happy new year boss.
55,525355778572840960,Thu Oct 23 18:39:12 +0000 2014,0,1,"You know, you are living a boring life when there is no single friend calling you for new year wish. #life"
56,525026621028184064,Wed Oct 22 20:51:15 +0000 2014,0,0,@TheClassicMonk @DrParul1504  then its conformed. We family will go together. :D
57,525021749360877568,Wed Oct 22 20:31:54 +0000 2014,0,0,@TheClassicMonk i will take u in january. Baby.
58,524847756402118656,Wed Oct 22 09:00:30 +0000 2014,0,0,Positive does't chang facts.. and nagative doesn't change the world. Give breaks to your thoughts buddy. #life
59,524731158584901633,Wed Oct 22 01:17:11 +0000 2014,0,0,@TheClassicMonk ma life..  ma rulz... !!
60,524730127713075200,Wed Oct 22 01:13:06 +0000 2014,0,0,@TheClassicMonk haha
61,523546768148287489,Sat Oct 18 18:50:51 +0000 2014,0,0,@TheClassicMonk that is already done. !!
62,523543340504326144,Sat Oct 18 18:37:14 +0000 2014,0,0,@TheClassicMonk me me me..!!
63,521479009712873472,Mon Oct 13 01:54:19 +0000 2014,0,0,Don't misbehave with strangers. You never know who is your next BOSS. #Life
64,518906093511000064,Sun Oct 05 23:30:28 +0000 2014,0,0,@TheClassicMonk you say you dont have money and buy royal things and still save 7k. thats your CHUTZPAHH!! Evey time you cry is yr CHUTZPAhh
65,514955967965175808,Thu Sep 25 01:54:04 +0000 2014,0,0,@tutushah @WhatTheFFacts i know.
66,513109406419279874,Fri Sep 19 23:36:30 +0000 2014,0,1,"Nek ne nek aur bure ne bura jana muje. Jiski jitni fitrat thi, usne utna hi pehchana muje. #life"
67,512767951242420228,Fri Sep 19 00:59:41 +0000 2014,0,0,#MiniatureGolf #Fun #WorkingShoes #WorkAndPlay #Kaiser http://t.co/VbZHCU5cJv
68,511341942702342145,Mon Sep 15 02:33:14 +0000 2014,0,0,Once again mouth watering #IceCream #dessert #MacroShot  #HtcOne #UltraPixels #UsaDiaries #NoFilter… http://t.co/S2vk3bLo2Y
69,509527565946470400,Wed Sep 10 02:23:32 +0000 2014,0,0,@TheClassicMonk http://t.co/GalesPWxAn
70,509526310104731648,Wed Sep 10 02:18:33 +0000 2014,0,0,@TheClassicMonk i have it.
71,509177160360558592,Tue Sep 09 03:11:09 +0000 2014,0,1,Har eent is vehem me hai ki diwar shayad usi se hai...!! #life #truth
72,508849397699182592,Mon Sep 08 05:28:45 +0000 2014,0,0,That is #LaxmiVilasPalace. payalt15  took a perfect photo onece again. #Vadodara #Gujarat #India… http://t.co/Ang7FD3o4q
73,493348259138904064,Sun Jul 27 10:52:45 +0000 2014,0,0,Thats how you take the rain dropes captured. #MacroShot #HtcOne #UltraPixels #UsaDiaries http://t.co/89QZWV7RIs
74,490750999209205760,Sun Jul 20 06:52:10 +0000 2014,0,0,A trip after a year. #GardenOfGods #ColoradoSprings #UsaDiaries #HtcOne #UltraPixels http://t.co/3a5jLydA9H
75,488111685534613504,Sun Jul 13 00:04:29 +0000 2014,0,0,#DippingDots #IceCream #MacroShot #HtcOne #UltraPixels #LoveIt http://t.co/oaUHKdAuFI
76,488110296343396352,Sat Jul 12 23:58:57 +0000 2014,0,0,Elich garden #Denver  #Colorado #Fun #RollerCoster #MissYou payalt15 http://t.co/DOsXOhtDM1
77,486599328870723587,Tue Jul 08 19:54:55 +0000 2014,0,0,#MasterMind #WorkingShoes #Summer #HellOfTheExamDay http://t.co/cetFFc5vL3
78,486371670572015616,Tue Jul 08 04:50:17 +0000 2014,0,0,Hell of the exam.
79,486306281741762562,Tue Jul 08 00:30:27 +0000 2014,0,0,@TheClassicMonk she is my favorite.
80,483479450580185088,Mon Jun 30 05:17:38 +0000 2014,0,0,I love these girls. Love you all. #Vacation #WeekEnd #WithBesties #HappyGirls #Smile #Love http://t.co/ZcZWjlNzCU
81,483141676446130176,Sun Jun 29 06:55:26 +0000 2014,0,1,Beauty of #Colorado #Denver. #HtcOne #NoFilter #UltraPixels #UsaDiaries #Summer http://t.co/3wrCDkIyOE
82,483011291800666112,Sat Jun 28 22:17:20 +0000 2014,0,0,Apple +HTC thats like ... Italian pizza + olive oil. No confussion great combination. http://t.co/UwHRo2VRbK
83,475221212206223360,Sat Jun 07 10:22:20 +0000 2014,0,0,There is a difference between two of us . . I live my life and you play your games.
84,474813255219961856,Fri Jun 06 07:21:16 +0000 2014,0,0,Never slap a man when he is chewing a tobacco.
85,465407312102821888,Sun May 11 08:25:24 +0000 2014,0,1,She tought me how to live life..!! #Mother  #Love #Respect http://t.co/d9sQNyFyQw
86,461763299328417792,Thu May 01 07:05:24 +0000 2014,0,3,#apple #EarPods #Awesomeness #Happy http://t.co/sqDAErq7ac
87,457718195940376576,Sun Apr 20 03:11:36 +0000 2014,0,0,Come on man. you can do it..!! be your self and not a mascot of other's personality. you are not flabby(googled :P).
88,456975602445066240,Fri Apr 18 02:00:48 +0000 2014,0,0,@tutushah hehe..!!
89,456974534537515008,Fri Apr 18 01:56:33 +0000 2014,0,0,@tutushah yeh..!!
90,456927504045842432,Thu Apr 17 22:49:40 +0000 2014,0,0,Try to catch your own humor...looks like its becoming arrogant...  !! don't let your mind overtake your heart.!! period!!
91,454040419253239808,Wed Apr 09 23:37:26 +0000 2014,0,0,@TheClassicMonk You forgot Prison Break... *****
92,450831216795979777,Tue Apr 01 03:05:12 +0000 2014,0,0,Mountain hicking...!! Check.!!☑ #Colorado #Denver #BearPeak #Adventure #9000Feet #HtcOne #UltraPixels… http://t.co/nLANIElytw
93,449446452260253696,Fri Mar 28 07:22:39 +0000 2014,0,0,These #Selfie girls are awesome..!! #Smile #Iphone4s #OldFriends #Awesomeness http://t.co/WnHfVB1OJB
94,447165258067873792,Sat Mar 22 00:18:00 +0000 2014,0,1,Wish You a #GoodDay #TeaTime #SpringBreak #HtcOne #UltraPixels #Denver #Colorado #UsaDiaries http://t.co/T2QXbTajJo
95,444760513768341504,Sat Mar 15 09:02:24 +0000 2014,0,0,My fav face of the watch...!! #smile #life #htcone #ultrapixels http://t.co/kQwBkQHqAR
96,443602792251265024,Wed Mar 12 04:22:02 +0000 2014,0,0,"some people joined twitter just to say:i joined twitter not to waste my time, just to waste your time.moral of the story:it is waste of time"
97,443330097227894784,Tue Mar 11 10:18:26 +0000 2014,0,0,Your perception for others will lead you to zero. #life keep it in your bank account...!!
98,443192394163314688,Tue Mar 11 01:11:15 +0000 2014,0,0,"If you stop at every pit station in the race , evantually you will lose....!! Thats the problem with me ...!! #life"
99,442532089234481152,Sun Mar 09 05:27:26 +0000 2014,0,0,That is love ... From love. To love. #love #bestfriend #life http://t.co/XK7fhFfvD0
100,441814888248115200,Fri Mar 07 05:57:32 +0000 2014,0,1,The word that u say is a thought that ran once in your mind.Once u spoke.!Keep those words in your thought..! #life 1 day u will get it back
101,441811101026889728,Fri Mar 07 05:42:29 +0000 2014,0,1,Chole chana...!! Awsm.!! #indianfood #desikhana #htcone #denver #colorado http://t.co/me3hiiUL9A
102,437858761345359872,Mon Feb 24 07:57:18 +0000 2014,0,0,Low light image...!! The beauty of the #htcone #ultrapixels #themitenpics #denver #colorado http://t.co/RSqMwQEgMy
103,428663466581180416,Wed Jan 29 22:58:29 +0000 2014,0,0,With all respect to @GulPanag m'am.On your request BJP sent him for interview at times now 5 years ago. http://t.co/ZQAZfdaCxN .
104,426682662066323456,Fri Jan 24 11:47:28 +0000 2014,0,0,And again.... !!! #lowlightimage #flash #perfectpicture #love #sharpimage http://t.co/pgT4QLObdR
105,426680262731513856,Fri Jan 24 11:37:56 +0000 2014,0,0,And she took a perfect picture...!! http://t.co/s6qkDRbuGb
106,421215428971884544,Thu Jan 09 09:42:38 +0000 2014,0,0,"@pnbhagat17 whats this? New kinda
 Tweet...!! :P"
107,420451926506233856,Tue Jan 07 07:08:45 +0000 2014,0,0,@TheClassicMonk this is original....!!! Bhai.....
108,420112449661304832,Mon Jan 06 08:39:47 +0000 2014,0,0,"@TheClassicMonk read it out... indian version of BReaking BAd... 
http://t.co/1SZSzZh0MQ"
109,420103572223971328,Mon Jan 06 08:04:31 +0000 2014,0,0,@TheClassicMonk now u hear this...paki Coke studio... http://t.co/MGKscwNxAZ
110,419800647866019840,Sun Jan 05 12:00:48 +0000 2014,0,0,How perfect everyone looks....!! #bestbuddies #friends #life #cant imaginelifewithout #missingyouall http://t.co/tNH1x7fCe2
111,417415483617726464,Sun Dec 29 22:03:01 +0000 2013,0,0,@SaaliKhushi the talking of alok nath is just showing the mentality of people...!! How blidley they follow rumers ...!! The real answer !!
112,415588115622133761,Tue Dec 24 21:01:42 +0000 2013,0,0,@Windows any one please share .. how to unlock 8.1 other then ctrl +altr+del.. !! Like earlier..!!
113,408691227501268992,Thu Dec 05 20:15:56 +0000 2013,0,0,Penitent of ice... !! #Iceage #mornings #snowfall #falloftemprature #cold #Denver #Colorado… http://t.co/GzNHyZGCSB
114,404166680131039232,Sat Nov 23 08:37:00 +0000 2013,0,0,"See if you can beat my time of: 10:59 #DrWhoDoodle
https://t.co/QOMbbPw5nE"
115,404120726984077313,Sat Nov 23 05:34:24 +0000 2013,0,0,"See if you can beat my time of: 39:38 #DrWhoDoodle
https://t.co/QOMbbPw5nE"
116,400935684355010560,Thu Nov 14 10:38:10 +0000 2013,0,0,"Happy person today I am,  as I was born in the era of sachin , as he plays his last test .. @BCCI #ThankYouSachin"
117,400934724832481280,Thu Nov 14 10:34:22 +0000 2013,0,0,"@BCCI  , Watching match at midnight at #Denver just because of sachin is playing last test and playing good.  #ThankYouSachin"
118,393641994138165248,Fri Oct 25 07:35:39 +0000 2013,0,0,Colors of fall....!! #Colorado #Denver #color #differentplaces #myclick #randomclicks #hashtaglove http://t.co/YC1NUcxle2
119,391447480807993344,Sat Oct 19 06:15:26 +0000 2013,0,0,9th best student union in USA....!! And my work place....!! #Tivoli #Denver #studentlife #work #study… http://t.co/KUGaiRKzNi
120,390927975321194497,Thu Oct 17 19:51:07 +0000 2013,0,0,Great mix veg bowl... #eatburprepeat #foodokplease @ankitv http://t.co/3WY19N6oUj
121,388943616955387905,Sat Oct 12 08:25:59 +0000 2013,3,0,Only some understands the black side of urban life..... #life #Denver #UltraPixel #photograph #rain… http://t.co/jgfxSwkzXv
122,386248248727732224,Fri Oct 04 21:55:33 +0000 2013,0,0,I wonder what he would be thinking up in the skys.... http://t.co/u9Yfk5ZO1z
123,384560018345189376,Mon Sep 30 06:07:07 +0000 2013,0,0,Happy sun going home...!! Denver evenings...!! #evenings #Denver #Colorado #sunset #galleryview… http://t.co/kNpv11YwaM
124,382659065328848897,Wed Sep 25 00:13:25 +0000 2013,0,0,@firstpostin
125,381220387327332353,Sat Sep 21 00:56:37 +0000 2013,0,0,Other sport in some other country... #sport #football #ajile http://t.co/5SWFaW9vTr
126,380930140277972992,Fri Sep 20 05:43:17 +0000 2013,0,0,And they still don't know the map of gujarat.... #ios7 http://t.co/6yRGP5k8HC
127,380447565365641216,Wed Sep 18 21:45:42 +0000 2013,0,0,Heaven....!! http://t.co/lFVviapSZV
128,379521426509672448,Mon Sep 16 08:25:33 +0000 2013,0,0,"@ankitv it's not the reason we follow TG , @ankitv is the reason ..!! Kudos"
129,379520601276157953,Mon Sep 16 08:22:17 +0000 2013,0,0,"Life's not being harsh to me , it's being a good teacher to me these days... Learning a lot from it... #life"
130,378556991313956864,Fri Sep 13 16:33:14 +0000 2013,0,0,@TheClassicMonk sawar sawar ma load...
131,378299134341423106,Thu Sep 12 23:28:36 +0000 2013,0,0,"Today I made my tea bit strong , and willingly  made a mistake of over boiling it. Now it tests exactly like the guy makes at HO,GEB. #life"
132,378259687637938176,Thu Sep 12 20:51:51 +0000 2013,0,0,I want to be part of India when NAMO is PM of INDIA.....
133,378256505436258304,Thu Sep 12 20:39:13 +0000 2013,0,0,@TheClassicMonk ghante se yad aaya paaji... Wo hero bhi yehi bolta hai....
134,378255440498282496,Thu Sep 12 20:34:59 +0000 2013,0,0,@TheClassicMonk actually u r like that
135,377713894296657920,Wed Sep 11 08:43:04 +0000 2013,0,0,We mean Business....!!! Boss http://t.co/Al5UoQF1Hx
136,376765474484146176,Sun Sep 08 17:54:23 +0000 2013,0,0,@TheClassicMonk kon?
137,376632472290594816,Sun Sep 08 09:05:53 +0000 2013,1,0,"Hard to believe, hard to live, as fast as blink of an eye, as slow as clouds in the sky. #life"
138,376591549640884224,Sun Sep 08 06:23:16 +0000 2013,0,0,It feels bad when your best buddy's going for movies and you know that you will not be able to watch movies in theater for some years...!!
139,376238456222932992,Sat Sep 07 07:00:12 +0000 2013,0,0,@TheClassicMonk that's love....!!!
140,376217733962010624,Sat Sep 07 05:37:52 +0000 2013,0,0,@TheClassicMonk so do you have Phd?
141,376214289859608577,Sat Sep 07 05:24:11 +0000 2013,0,0,@TheClassicMonk r u astronaut?
142,375803416213475328,Fri Sep 06 02:11:31 +0000 2013,0,0,Flowers for you....!! http://t.co/kVXtuZ4LNX
143,375698326865182720,Thu Sep 05 19:13:55 +0000 2013,0,0,@TheClassicMonk who told you that India is ban from Olympics?  Dude search on internet before you tweet.
144,374271681176416256,Sun Sep 01 20:44:57 +0000 2013,0,0,FCB is playing and I am not able to watch the match...!! #noTVathome #nointernetathome
145,373873708089098241,Sat Aug 31 18:23:32 +0000 2013,0,0,@TheClassicMonk neurological?
146,373705908963905537,Sat Aug 31 07:16:46 +0000 2013,0,0,@TheClassicMonk if u look at the constitution of India and trafic rules... that's an achievement..dude
147,373541685663236096,Fri Aug 30 20:24:12 +0000 2013,0,0,And the update of the news hour tonight is ' Mr. @TheClassicMonk  (advitra) is doing advitra things and I am confused...!!
148,373540780226248705,Fri Aug 30 20:20:36 +0000 2013,0,0,@TheClassicMonk what?
149,369554787307503616,Mon Aug 19 20:21:41 +0000 2013,0,0,Happy world photography day.. http://t.co/N9CcEFIylR
150,368528515454337024,Sat Aug 17 00:23:39 +0000 2013,0,0,Nature....!! http://t.co/Xn2gsYkHkY
151,367048046997016576,Mon Aug 12 22:20:48 +0000 2013,0,0,@TheClassicMonk no
152,366716244335923200,Mon Aug 12 00:22:20 +0000 2013,0,0,"Brown palace ,Denver downtown http://t.co/Ayl5yb6uDF"
153,366646865447497728,Sun Aug 11 19:46:39 +0000 2013,0,0,Waghbakri chai...but at diff place...!! http://t.co/oRWv4o9QGo
154,355997850443841536,Sat Jul 13 10:31:16 +0000 2013,0,0,"@PBnrg hello, got admission in university of colorado Denver business school. Next state to you....!!"
155,350166586642010112,Thu Jun 27 08:19:54 +0000 2013,0,0,@WindowsSupport this isn't working..!! Could you please help..!!
156,349908463440236545,Wed Jun 26 15:14:13 +0000 2013,0,0,"@WindowsSupport ok, thanks..!!"
157,349898703651344385,Wed Jun 26 14:35:26 +0000 2013,0,0,@WindowsSupport i have bought win8 and made my pen drive as bootable device. But its not working.
158,349879511359303680,Wed Jun 26 13:19:10 +0000 2013,0,0,Can any one help? @Windows http://t.co/ySlyxZBnyR
159,349621566016983041,Tue Jun 25 20:14:11 +0000 2013,0,0,@Asmita_mehta like this one by @TheClassicMonk http://t.co/mDvbXqT4s8
160,336010146738212864,Sun May 19 06:47:16 +0000 2013,830,0,"RT @PerfectSayings: Before I die, I just want to make my parents happy and proud of me."
161,335951749154217984,Sun May 19 02:55:13 +0000 2013,0,0,@madhukishwar oh thats great..!! What time you will be there? That would be an honor to meet you m'am..!
162,335855177724727296,Sat May 18 20:31:28 +0000 2013,0,0,@madhukishwar welcome to baroda m'am... Your followers are here to help you in baroda....!! Don't forget the food here..!!
163,331523829107130369,Mon May 06 21:40:14 +0000 2013,270,0,RT @wisdomsquote: People treat you how ever you allow them to treat you.
164,331523636395663361,Mon May 06 21:39:28 +0000 2013,0,0,@PBnrg @isanzc bhagvan - mera dost bhi b'day pe yehi gift de muje...!! 😉😉
165,331139780303785985,Sun May 05 20:14:10 +0000 2013,0,0,@PBnrg happy bday...!! Did i miss it??
166,330602110980861953,Sat May 04 08:37:40 +0000 2013,0,0,@ManseeT your office shifted to mumbai?
167,326910334273204227,Wed Apr 24 04:07:52 +0000 2013,2,0,RT @PBNRG: Life has funny way of showing what really matters :) ... Your family and your friends ... Thats it !!! Nothing else !
168,326425317298274306,Mon Apr 22 20:00:34 +0000 2013,0,0,@TheClassicMonk then change the name...!!
169,326424020918599680,Mon Apr 22 19:55:25 +0000 2013,0,0,@TheClassicMonk u r no more awsmgujju... So tweets should be on monks now...!!
170,324900423796396032,Thu Apr 18 15:01:12 +0000 2013,0,0,@PBNRG You should try it in gujarat.... ! And you know gujaratis are better hosts....😊
171,324739329966620673,Thu Apr 18 04:21:04 +0000 2013,0,0,@PBNRG how about Gujarati thali..?
172,323731279419953152,Mon Apr 15 09:35:26 +0000 2013,0,0,"@PBNRG Shubho noboborsho! Wishing you loads of love, peace and joy. And even more awesome phooographs! God bless..!!"
173,322358739564892161,Thu Apr 11 14:41:27 +0000 2013,0,0,"Sleeping💤 = A cure to forget about pain😢, problems😩, stress😰😤😡"
174,321612350530674688,Tue Apr 09 13:15:34 +0000 2013,0,0,@puneetsays  themiten@gmail.com
175,321609095130005505,Tue Apr 09 13:02:38 +0000 2013,0,0,@puneetsays @awsmgujju @wearebaroda can you DM me your project briefly?
176,321088085360259072,Mon Apr 08 02:32:19 +0000 2013,0,0,Mistakes are proof that you're trying.
177,321076938707976195,Mon Apr 08 01:48:02 +0000 2013,0,0,Feel alone.. Feel numb.. Feel being apart from world.. #Life
178,319906708937916417,Thu Apr 04 20:17:57 +0000 2013,0,1,What if the dish is half cooked and chef is yet to invent the recipe for the other half? #lifewithoutrecipes #Life
179,318428493081890817,Sun Mar 31 18:24:03 +0000 2013,5,0,RT @Madhuribanerjee: Wear your passion. #Loveit http://t.co/TxJRngvbO1
180,318360954758905856,Sun Mar 31 13:55:41 +0000 2013,0,0,"""Life is not a music player to listen ur favorite songs.""
It's a radio, u must adjust to every frequency and enjoy whatever comes in it ."
181,317252351591317504,Thu Mar 28 12:30:29 +0000 2013,0,0,"@ShivAroor do you mean they should serve ""amul flavored milk"" .. Let me remind you its also from Gujarat."
182,316106215434383360,Mon Mar 25 08:36:09 +0000 2013,9,0,"RT @Madhuribanerjee: If you've built the walls that surround you, u must live in the box you made. Or break the pattern of life you're l ..."
183,315565078453829633,Sat Mar 23 20:45:52 +0000 2013,11,0,RT @Madhuribanerjee: Beginning again is not always bad. Sometimes starting over at something brings back the. excitement in life.
184,307058431221706752,Thu Feb 28 09:23:29 +0000 2013,67,0,RT @twilightfairy: IRCTC has been fined 10 lakh for selling soft drinks for more than the MRP. How abt fining Cinema halls &amp; airline ...
185,306264252367396864,Tue Feb 26 04:47:42 +0000 2013,1,0,@k_chirayu  see who's playing cricket... https://t.co/XWfX2BdUQi
186,305933582881419264,Mon Feb 25 06:53:44 +0000 2013,0,0,"Being foodie, i like to test all dishes.. But Now, testing the best of till today #failure"
187,302788181642838016,Sat Feb 16 14:35:02 +0000 2013,0,0,@UberFacts
188,290545748561522690,Sun Jan 13 19:47:59 +0000 2013,0,0,So.. What are you doing these days? #ShitIndianRelativesSay
189,289830279932178432,Fri Jan 11 20:24:58 +0000 2013,460,0,RT @Sports_HQ: I can accept failure. Everyone fails at something. But I can't accept not trying. -Michael Jordan
190,289815472168374272,Fri Jan 11 19:26:07 +0000 2013,341,0,RT @PerfectSayings: Mistakes are proof that you're trying.
191,289478909471387648,Thu Jan 10 21:08:44 +0000 2013,0,0,Jo bhi wrongwa use set wrightwa karo ji ... Na hilo ji .. Thoda fightwa karo ji.. Thoda fight wa karo ji.... #Life
192,289352596303519746,Thu Jan 10 12:46:49 +0000 2013,0,0,"Once time gone , will not come back but the time, day ends, is the the same time another day starts.. !! #LiveItUp #Life"
193,288632550405070848,Tue Jan 08 13:05:37 +0000 2013,0,0,One should always appreciate other's perception about you..... Cause the perception is future tense and truth is present tense #life
194,287227823746330624,Fri Jan 04 16:03:44 +0000 2013,0,0,Every day you struggle... The day you stop struggling its the last day of the struggling yet beautiful #Life
195,286781425607405569,Thu Jan 03 10:29:54 +0000 2013,0,0,Life is easy.. But to understand it your mind need to be that complicated... #Life
196,286700045993119744,Thu Jan 03 05:06:32 +0000 2013,0,0,"One never like to be sad, its just a smile that is on the holidays.. #smile"
197,286554312551825408,Wed Jan 02 19:27:26 +0000 2013,0,0,You're never a loser until you quit trying. #LiveItUp
198,286013778754154497,Tue Jan 01 07:39:33 +0000 2013,0,0,Dreams crushed.Lessons learnt..answers to be given... #bye2012
199,282728303872311296,Sun Dec 23 06:04:15 +0000 2012,1,0,"RT @WhoIsMonis: @krantindtv ABP News knew what we
need when listening to
our Home Minister
http://t.co/D2wFFvjO"
