,id_str,created_at,retweet_count,favorite_count,text
0,668864206620499968,Mon Nov 23 18:50:28 +0000 2015,0,0,Student of the Week is awarded to Alexander!!! Congratulations and keep up the great work!!!! https://t.co/4PJwoCmfuB
1,668834624043372544,Mon Nov 23 16:52:55 +0000 2015,0,0,Join us for a Weapons Training Camp and Open Gym this week. We will be closed on Thursday!!! https://t.co/hPkYKHaMXr
2,668805668246261761,Mon Nov 23 14:57:51 +0000 2015,0,0,Happy Birthday to Daniel M.!!! Have a fantastic day!!! https://t.co/FfjWNp8uFF
3,668072139141042177,Sat Nov 21 14:23:04 +0000 2015,0,0,"Today is our Holiday Sale! From 10:00am to 2:00pm come take advantage of our lowest prices of the year on all memberships, camps,..."
4,667719398132707329,Fri Nov 20 15:01:24 +0000 2015,0,0,Only 1 more day until the Holiday Sale at Life Champ! https://t.co/Rd5uYmhRhP
5,667666441181769729,Fri Nov 20 11:30:58 +0000 2015,0,0,Our Holiday Sale is just ONE DAY AWAY! https://t.co/kbheYiRreW
6,667372468793815040,Thu Nov 19 16:02:50 +0000 2015,0,0,Only 2 days left!!!! https://t.co/RAPoN0OcYk
7,667011109371645952,Wed Nov 18 16:06:55 +0000 2015,0,0,Only 3 days left until the Holiday Sale at Life Champ!!!!!!! https://t.co/yhjNLZ9CxT
8,666999685471707137,Wed Nov 18 15:21:31 +0000 2015,0,0,"Happy Birthday to Olivia B., Quinten G., Daniel S., and Jeremiah L.!!!! We hope you have an amazing day!!!! https://t.co/r5usfYbQ8X"
9,666678617619828736,Tue Nov 17 18:05:43 +0000 2015,0,0,Only 4 days left!!!! Get all of your Holiday shopping done on Saturday at Life Champ!!!! https://t.co/XroNwL0YEv
10,666662664651669504,Tue Nov 17 17:02:19 +0000 2015,0,0,"All Super Browns, Bo Blacks, and Black Belts who will be testing in March should attend tonight at 7:00 PM. https://t.co/FpzqIGnJIt"
11,666628489756450816,Tue Nov 17 14:46:31 +0000 2015,0,0,Happy Birthday to Gabriella C. and Layla L.!!!! Have a fabulous day!!!! https://t.co/X7qc7oKFcW
12,666321403541635072,Mon Nov 16 18:26:16 +0000 2015,0,0,Student of the Week is awarded to Kahlen!! Congratulations and keep up the great work!!! https://t.co/ixVwRANsua
13,666306808152252416,Mon Nov 16 17:28:17 +0000 2015,0,0,Countdown to our One Day Only HOLIDAY SALE!!! https://t.co/4wTFDF77oK
14,666276700347637760,Mon Nov 16 15:28:38 +0000 2015,0,0,"Get ready for the lowest prices of the year on equipment packages, camps, and renewal opportunities!!!! https://t.co/ZlH0FRJaag"
15,665213513426714625,Fri Nov 13 17:03:55 +0000 2015,0,0,Tonight is Women's Self-Defense Night at Life Champ. We still have space available. You don't want to miss this!!! https://t.co/EZu06HrCLc
16,665182601582411776,Fri Nov 13 15:01:05 +0000 2015,0,0,Happy Birthday to Tristan G. and Thomas N.!! Have a fabulous day!!!! https://t.co/MEJOktHxHH
17,664820413407633409,Thu Nov 12 15:01:52 +0000 2015,0,0,Happy Birthday to Micah K.!!!!! Have a super day!!!! https://t.co/RiEq96U8Ed
18,664526240091648000,Wed Nov 11 19:32:56 +0000 2015,0,0,"Parents, you still have time to make plans for this Saturday night!!! https://t.co/2yIlVNqoh3"
19,664476520354873344,Wed Nov 11 16:15:22 +0000 2015,0,0,"Veterans Day, November 11th, we will be open for regular classes. We will not have the After School Program today.
See you tonight!!!"
20,664468741728673792,Wed Nov 11 15:44:27 +0000 2015,0,0,Thank you for serving our country and protecting our freedoms!! https://t.co/m8eqmVb1DZ
21,664135260192579585,Tue Nov 10 17:39:19 +0000 2015,1,0,"Join us this Friday, November 13th for a special Women's Self-Defense Class. You don't want to miss it!!!!! https://t.co/FbB6AN4Zv4"
22,664091917030920193,Tue Nov 10 14:47:05 +0000 2015,0,0,Happy Birthday to Nikta W.!! Have a spectacular day!!!! https://t.co/sMWauzU8G9
23,663773078044979200,Mon Nov 09 17:40:08 +0000 2015,0,0,Student of the Week is awarded to Justin!!!! Congratulations and keep up the great work! https://t.co/q1ciCTk6lD
24,663049067535073280,Sat Nov 07 17:43:11 +0000 2015,0,0,https://t.co/GyKhsp2xde
25,663028435917348865,Sat Nov 07 16:21:12 +0000 2015,0,0,Happy Birthday to Quinten M.!! Have a fabulous day!!! https://t.co/OTKFgoL9fJ
26,662642541939064832,Fri Nov 06 14:47:47 +0000 2015,0,0,"Please join us Saturday, November 7th for our Black Belt Graduation! https://t.co/RbF0cAvymE"
27,662299584421498880,Thu Nov 05 16:05:00 +0000 2015,0,0,Happy Birthday to Jordan B. and Nicholas L.!!! Have a super day!! https://t.co/9GvYewGI18
28,661940048196038656,Wed Nov 04 16:16:20 +0000 2015,0,0,All new members will learn about ways Parents can help their child to become Black Belt Leaders!! https://t.co/u8BNWo7Glt
29,661559215887024129,Tue Nov 03 15:03:02 +0000 2015,0,0,Happy Birthday to Bryce D.!!! Have a fantastic day!!! https://t.co/9mubQPB9Av
30,661270800243126272,Mon Nov 02 19:56:59 +0000 2015,0,0,Student of the Week is awarded to Katie! Congratulations and keep up the great work!! https://t.co/J1kqdagvND
31,661231953962598400,Mon Nov 02 17:22:37 +0000 2015,0,0,"November is here! Get ready for Black Belt Graduations, Ninja Night, Weapons Training Camps, and our HOLIDAY SALE!!! https://t.co/Ox3bk4srme"
32,660130247036248065,Fri Oct 30 16:24:50 +0000 2015,0,0,Join us tonight for our Halloween Costume Party and Pumpkin Carving Contest! https://t.co/MOVkwkn0gh
33,659750726424358912,Thu Oct 29 15:16:45 +0000 2015,0,0,"Monday, November 2nd and Tuesday, November 3rd are Teacher Workdays for Prince William County Schools! https://t.co/Opv4ZovM42"
34,659731163708190720,Thu Oct 29 13:59:01 +0000 2015,0,0,"Thank you to Grand Master Jason, Master Lee and all of our Instructors for supporting Breast Cancer Awareness. https://t.co/SH5zRXu79L"
35,659376283206356992,Wed Oct 28 14:28:51 +0000 2015,0,0,"Happy Birthday to Anthony W., Jackson B., and Dennis K.!! Have a fabulous day!!! https://t.co/xgYwrsao0J"
36,659078049757966336,Tue Oct 27 18:43:46 +0000 2015,1,1,Join us this Friday for our Halloween Costume Party!!! https://t.co/fyqMabA48S
37,659022109448912897,Tue Oct 27 15:01:29 +0000 2015,0,0,Happy Birthday to Nickolas H.!! Have a super day!!! https://t.co/tCBflhskKq
38,658691386372304896,Mon Oct 26 17:07:19 +0000 2015,0,0,Student of the Week is awarded to Ethan!! Congratulations and keep up the great work!! https://t.co/euvwkqOYvr
39,658643015414628353,Mon Oct 26 13:55:06 +0000 2015,0,0,Happy Birthday to Emanuel H. and Sam A.!! Have a fantastic day!!! https://t.co/M4YHoQo9I6
40,657562932373528576,Fri Oct 23 14:23:14 +0000 2015,0,1,Put down the devices and bring the entire family to Life Champ tonight for Family Fitness Night!! https://t.co/3qMlOLLpQ9
41,657224762721247232,Thu Oct 22 15:59:28 +0000 2015,0,0,Join us either Saturday the 24th or 31st to support our students who are earning their Black Belts on November 7th!! https://t.co/yfJGznyIS5
42,656847535189962752,Wed Oct 21 15:00:30 +0000 2015,0,0,"Put down the devices and join us this Friday, for Family Fitness Night! https://t.co/jyOkOP7OV0"
43,656500499689185284,Tue Oct 20 16:01:30 +0000 2015,0,0,We will still have regular classes on Tuesday the 20th and Wednesday the 21st.  Make-Up Graduations will be held in the After School Room!
44,656498415543652353,Tue Oct 20 15:53:14 +0000 2015,0,0,"If you were unable to attend Graduations last week, please join us this Tuesday and Wednesday! https://t.co/PIbUgmefRw"
45,656466454934659073,Tue Oct 20 13:46:14 +0000 2015,0,0,Happy Birthday to Elijah T.!! Have a fabulous day!!!! https://t.co/4uNJeXyCf1
46,656160395242156032,Mon Oct 19 17:30:03 +0000 2015,0,0,Student of the Week is awarded to Haven!! Congratulations and keep up the great work!! http://t.co/czuK65o7qc
47,656124565236662272,Mon Oct 19 15:07:41 +0000 2015,0,0,Happy Birthday to Lauryn P.!!!! Have an amazing day!!! http://t.co/5H3a4paPpI
48,655066025562607617,Fri Oct 16 17:01:25 +0000 2015,0,0,Join us tonight at 7:00 PM to learn how to use Escrima Sticks!! http://t.co/Qj7f6p3li1
49,655015187125248000,Fri Oct 16 13:39:24 +0000 2015,0,0,Happy Birthday to Janna F.!! Enjoy your special day!!! http://t.co/kdocMrcjp2
50,654687654013833218,Thu Oct 15 15:57:54 +0000 2015,0,0,"Join us this Friday, October 16th to learn how to use Escrima Sticks!! http://t.co/F4apbl8YOq"
51,654663038541262848,Thu Oct 15 14:20:06 +0000 2015,0,0,Happy Birthday to Shehroz K.!! Have a fabulous day!! http://t.co/19objEI9q8
52,654333033818951681,Wed Oct 14 16:28:46 +0000 2015,0,0,Please remember that a complete uniform with patches must be worn to Graduation!! http://t.co/CMjQSHk3sY
53,653993273313337344,Tue Oct 13 17:58:41 +0000 2015,0,0,"Parents, you still have time to make plans for this Saturday night!!!! http://t.co/NMHWYAk0wR"
54,653971528078499841,Tue Oct 13 16:32:17 +0000 2015,0,0,Student of the Week is awarded to Samantha!!!! Congratulations and keep up the great work! http://t.co/XbIEbTa3SB
55,653935743740551168,Tue Oct 13 14:10:05 +0000 2015,0,0,"Happy Birthday to Aaden R., Kenny N., and Xavier G.!! Have a fantastic day!!!! http://t.co/VRaabC8uiY"
56,653639361351708672,Mon Oct 12 18:32:22 +0000 2015,0,0,"Monday, October 12th
We are open for classes.
Get ready for Graduations this Wednesday and Thursday!!!"
57,653574420439543808,Mon Oct 12 14:14:19 +0000 2015,0,0,Happy Birthday to Tommy M. and Noah C.!!! Have an amazing day!!!! http://t.co/HsWpcBsW4p
58,652831492763176960,Sat Oct 10 13:02:11 +0000 2015,0,0,"Due to staff training,our Lake Ridge location has no classes today. Regular classes will resume on Monday.l"
59,652565417857302528,Fri Oct 09 19:24:54 +0000 2015,0,0,PINK POWER!!!!!! Let's Kick Cancer Together!!!!! http://t.co/PnxpyBZxqV
60,652478406572032000,Fri Oct 09 13:39:09 +0000 2015,0,0,"Once your student has a red, white, and blue stripe, complete a Graduation form and purchase a board. http://t.co/OWl4Fl9DSz"
61,652200320064454656,Thu Oct 08 19:14:08 +0000 2015,0,0,No regular classes tonight at Lake Ridge!
62,652200211004174337,Thu Oct 08 19:13:42 +0000 2015,0,0,"You don't want to miss the Family ""Safe-Defense"" Seminars! Join us tonight for FREE seminars to learn how to keep families and children safe"
63,652135670647947264,Thu Oct 08 14:57:14 +0000 2015,0,0,PWCS Professional Learning Day-No School for Students!! Let your kids spend the day with us! http://t.co/rCHBxcJtiy
64,651801968290082816,Wed Oct 07 16:51:13 +0000 2015,0,0,"Schedule Reminders
October 8th-NO REGULAR CLASSES
October 9th-NO 12:00 ADULT CLASS
October 10th--NO REGULAR CLASSES http://t.co/S3qX8VYKC0"
65,651762292304953345,Wed Oct 07 14:13:34 +0000 2015,0,0,Happy Birthday to Matthew D.!!! Have an amazing day!!! http://t.co/AXZ7s4Rv7U
66,651759195604127744,Wed Oct 07 14:01:15 +0000 2015,0,0,"FAMILY ""SAFE-DEFENSE"" SEMINAR
October 8, 2015
Child Safety
5:15 PM
Family Safety
6:15 PM
Women’s Awareness and Self Defense
7:15 PM"
67,651392001120800768,Tue Oct 06 13:42:10 +0000 2015,0,0,"Get ready for Graduations! Turn in your completed Triple Smart Forms by Friday, October 9th to earn your white stripe http://t.co/0TEYty72ud"
68,650017231976267776,Fri Oct 02 18:39:19 +0000 2015,0,0,"Schedule update beginning October 5th. The Tuesday, 12:00 adult class is changing to Wednesday at 12:00. http://t.co/C3G2pOFRQV"
69,650010256274161664,Fri Oct 02 18:11:36 +0000 2015,0,0,"Demo Team Students, please remember we have practice tonight, October 2nd, 6:30 - 8:00 PM.  See you soon!"
70,649961573717438464,Fri Oct 02 14:58:09 +0000 2015,0,0,"Happy Birthday to Everett R., Aneesia W., and Summer B.!!!! Have an amazing day!!!! http://t.co/Tcwfnv3Bb7"
71,649265500703199232,Wed Sep 30 16:52:12 +0000 2015,0,0,"October is a busy month.....Dave Young Safety Seminars, Graduations, Escrima Stick Seminar, Ninja Night, Halloween!!! http://t.co/s9ut1ETIGx"
72,648962126434975745,Tue Sep 29 20:46:42 +0000 2015,0,0,Please take a second to click the link below.  One of our students and his family have suffered a loss and could... http://t.co/kYjuYJzMWa
73,648865280207290368,Tue Sep 29 14:21:52 +0000 2015,0,0,Happy Birthday to Asher H. and Ethan C.!!! Have a spectacular day!!! http://t.co/QhM0DFQOxZ
74,648525832244318210,Mon Sep 28 15:53:02 +0000 2015,0,0,Student of the Week is awarded to Gabi C.!! Congratulations and keep up the great work!! http://t.co/1AqrgXB8Pa
75,648491799238057984,Mon Sep 28 13:37:47 +0000 2015,0,0,Happy Birthday to Riley D.!!! Have a super day!!!! http://t.co/vAZIwSYBrY
76,647469136864538624,Fri Sep 25 17:54:06 +0000 2015,0,0,Don't miss this important seminar tonight to help keep your child safe!! http://t.co/X9InKguUh9
77,647406931586498560,Fri Sep 25 13:46:55 +0000 2015,0,0,Happy Birthday to Tabitha S.!!! Have an amazing day!!!!! http://t.co/TUlJCqedyx
78,647123422749831168,Thu Sep 24 19:00:21 +0000 2015,0,0,You still have time to make plans for Saturday night!!!! http://t.co/a2SJYrxnIT
79,647059590937448448,Thu Sep 24 14:46:42 +0000 2015,0,0,"Happy Birthday to Nathan V., Sebastian F., and Henry F.!!! Have a super day!!!! http://t.co/4vxb6vHFfa"
80,646683862932832256,Wed Sep 23 13:53:42 +0000 2015,0,0,Happy Birthday to Aidan L.!!! Have a fantastic day!!!! http://t.co/034JcPvzsc
81,646344718432006145,Tue Sep 22 15:26:04 +0000 2015,0,0,"Happy Birthday to Sofia W., Zachary E., and Caden Q.!! Have a spectacular day!!!! http://t.co/9ef46v0JTX"
82,646317957497417728,Tue Sep 22 13:39:43 +0000 2015,0,0,"Join us this Friday, September 25th, for a special seminar to help keep your child safe! http://t.co/kmCr1Sq8vb"
83,645986067305377792,Mon Sep 21 15:40:54 +0000 2015,0,0,Student of the Week is awarded to Juan!!! Congratulations and keep up the great work!!!! http://t.co/LsOIqyWg8P
84,645978128280625153,Mon Sep 21 15:09:22 +0000 2015,0,0,"Happy Birthday to Kaia C., Ethan L., and William D.!!! Have an amazing day!!!!"
85,644865926693830656,Fri Sep 18 13:29:52 +0000 2015,0,0,"You still have time to sign up for our Target Holding Seminar, tonight at 7:00 PM. http://t.co/QdShlOvKKn"
86,644154115573067776,Wed Sep 16 14:21:23 +0000 2015,0,0,Join us this Saturday for Family Fun Day. http://t.co/DbRbHKkQv0
87,644153843614416897,Wed Sep 16 14:20:18 +0000 2015,0,0,Happy Birthday to Angely T. and Layla K.!! Have a super day!!! http://t.co/gz6lFTHMXQ
88,643449124944257024,Mon Sep 14 15:40:00 +0000 2015,0,0,Student of the Week is awarded to Christopher P.!! Congratulations and keep up the great work. http://t.co/AqBhciR1oM
89,643418201188114432,Mon Sep 14 13:37:07 +0000 2015,0,0,Place your order early for our Power Kicking Drill Set!!! http://t.co/A5i63w6Gcp
90,641972540496330752,Thu Sep 10 13:52:35 +0000 2015,0,0,Happy Birthday to Royce F.!! Enjoy your special day!! http://t.co/rFt3XjGX5T
91,641249559306444800,Tue Sep 08 13:59:43 +0000 2015,0,0,Happy Birthday to Jacob N.!! Have an amazing day!!! http://t.co/szK5bfIBpY
92,639846413619306496,Fri Sep 04 17:04:07 +0000 2015,0,0,"We will be open on Saturday, September 5th, for regular classes. 
No Demo Team practice on Saturday. http://t.co/1CQgGvt3Eg"
93,639816816928419840,Fri Sep 04 15:06:31 +0000 2015,0,0,"September is here!! Get ready for great seminars, Ninja Night, and Family Fun Day this month. http://t.co/Kazx8Qrt8o"
94,639799607220940801,Fri Sep 04 13:58:07 +0000 2015,0,0,Happy Birthday to Wynn E.!! Have an awesome day!!!! http://t.co/yfddj1Gy1W
95,639434555531857920,Thu Sep 03 13:47:32 +0000 2015,0,0,Happy Birthday to Thomas R.!!! Enjoy your special day!!!! http://t.co/RSj4qdsmnw
96,639080310332755968,Wed Sep 02 14:19:54 +0000 2015,0,0,Happy Birthday to Sarah W. and Luis B.!!! Have an amazing day!!!! http://t.co/TMRHE40svg
97,638712649480564737,Tue Sep 01 13:58:57 +0000 2015,0,0,Happy Birthday to Arianna S.! Have a fantastic day!!!!! http://t.co/YkatLa2o91
98,638420847250829312,Mon Aug 31 18:39:25 +0000 2015,0,0,Student of the Week is awarded to Lauryn!!! Congratulations and keep up the great work! http://t.co/hs1wR2YpMj
99,637276373623668736,Fri Aug 28 14:51:42 +0000 2015,0,0,"Join us tonight for our Back to School Ice Cream Party!!!!
7:00 PM - 8:30 PM http://t.co/CyrUee9qot"
100,636597301604151297,Wed Aug 26 17:53:18 +0000 2015,0,0,Student of the week is awarded to Kaden! Congratulations and keep up the great work!! http://t.co/PsMM0CxACq
101,636588706418290689,Wed Aug 26 17:19:09 +0000 2015,0,0,Summer Camp Students getting ready for Back to School! http://t.co/ATMtQrLxdy
102,636185973378957316,Tue Aug 25 14:38:50 +0000 2015,0,0,We have make-up gradations Tuesday and Wednesday.  We will still have regular classes. http://t.co/YKrNwK3OCV
103,634797106184765440,Fri Aug 21 18:39:58 +0000 2015,0,0,Leadership Students!!! You still have time to sign up for our Leadership Pizza Party tonight at 7:00 PM. http://t.co/LAjVegO5WU
104,634384835314851841,Thu Aug 20 15:21:45 +0000 2015,0,0,"Leadership Students, join us this Friday for a FREE Pizza Party. http://t.co/XWCNAIH0Ol"
105,632233083790602240,Fri Aug 14 16:51:28 +0000 2015,0,0,Get ready to learn how to defeat the bully without fighting. Join us for a Bully Buster Seminar tonight at 7:00 PM. http://t.co/tAUNQ64mkL
106,631560736485978112,Wed Aug 12 20:19:48 +0000 2015,0,1,"Get ready for Graduation!!!
We will not have regular classes today and tomorrow. http://t.co/wNHCDufM1G"
107,631468901918973952,Wed Aug 12 14:14:52 +0000 2015,0,0,"Join us this Friday, August 14th for a Bully Buster Seminar! Learn how to defeat the bully without fighting! http://t.co/dCVrHc7Pow"
108,630783159156654081,Mon Aug 10 16:49:59 +0000 2015,0,0,Student of the Week is awarded to Ian!! Congratulations and keep up the great work!! http://t.co/ZMj3QG0Tor
109,629737280660373504,Fri Aug 07 19:34:02 +0000 2015,0,0,Please remember to turn in your completed Triple Smart Forms and Smiley Face Charts by today! http://t.co/rc0BwQdA55
110,629370639783174144,Thu Aug 06 19:17:08 +0000 2015,0,0,"Please turn in your completed Triple Smart Forms and Smiley Face Charts by this Friday, August 7th!! http://t.co/f2BzcmssjV"
111,628634510473699328,Tue Aug 04 18:32:01 +0000 2015,0,0,"August is here. Get ready for Graduations, a Bully Buster Seminar, Leadership Pizza Party, and Back to School Party!! http://t.co/fMrP2L1EmL"
112,628576218993029120,Tue Aug 04 14:40:23 +0000 2015,0,0,Student of the Week is awarded to Sofia!! Congratulations and keep up the great work! http://t.co/AIO7aQjDSv
113,627120675057217536,Fri Jul 31 14:16:34 +0000 2015,0,0,Happy Birthday to Melvin A.!!! Have a fantastic day!!! http://t.co/ePoU4ZeIjK
114,626465817375440897,Wed Jul 29 18:54:24 +0000 2015,0,0,"Join us this Friday, July 31st for a Sparring Seminar!!! http://t.co/W7GHariupV"
115,626400189532741632,Wed Jul 29 14:33:37 +0000 2015,0,0,Happy Birthday to Alexander T.!!! Enjoy your special day!!! http://t.co/E3rN0WmfhP
116,626109578564866049,Tue Jul 28 19:18:50 +0000 2015,0,0,Student of the Week is awarded to Dennis!! Congratulations and keep up the great work!! http://t.co/Dr0lCjuLyT
117,625715214462246912,Mon Jul 27 17:11:47 +0000 2015,0,0,Happy Birthday to John M. and Dennis M.!! Have a terrific day!! http://t.co/5A8AUiGl2j
118,624587528482324480,Fri Jul 24 14:30:45 +0000 2015,0,0,Happy Birthday to Madison L. and Brandon L.!! Enjoy your special day!!! http://t.co/q4zQZ3yJAJ
119,624280236352512000,Thu Jul 23 18:09:41 +0000 2015,0,0,Bring a Buddy to class with you and dress like Twins!! http://t.co/JSzIp23xUh
120,624252831072030720,Thu Jul 23 16:20:47 +0000 2015,0,0,Happy Birthday to Nathan S.! Have a fabulous day!!! http://t.co/LxEEZ9FZnb
121,623922832901181440,Wed Jul 22 18:29:29 +0000 2015,1,0,"Parents, you still have time to sign your child up for Ninja Night!! http://t.co/4yDuaYtl1R"
122,623895552812421120,Wed Jul 22 16:41:05 +0000 2015,0,0,http://t.co/5Ro7TChcdA
123,623892889551048705,Wed Jul 22 16:30:30 +0000 2015,0,0,Happy Birthday to Mackenzie S.!!! Have a fantastic day!! http://t.co/TaPAPTU6Nm
124,623514669236383744,Tue Jul 21 15:27:36 +0000 2015,0,1,All students who are earning their Black Belt in November should attend to receive important graduation information. http://t.co/arhWOKQDeN
125,623203866113376256,Mon Jul 20 18:52:34 +0000 2015,0,0,Student of the Week is awarded to Ahmed! Congratulations and keep up the great work!! http://t.co/8h9JQMsICn
126,623158788833550337,Mon Jul 20 15:53:27 +0000 2015,0,0,Happy Birthday to Tania C.!!!  Enjoy your special day! http://t.co/8JVX6HSd3I
127,623148729260904448,Mon Jul 20 15:13:29 +0000 2015,0,0,Congratulations!!! http://t.co/9Po3wxNNlw
128,622145777285115904,Fri Jul 17 20:48:06 +0000 2015,0,0,"We will have Demo Team Practice tonight, 6:30-8:00 PM.
Are you interested in joining our Demo Team? Demo Team tryouts begin July 25th!"
129,622089308472778752,Fri Jul 17 17:03:43 +0000 2015,0,0,"Do not give up the beginning is always the hardest. 

#Karate #Taekwondo #MartialArts #LifeChamp http://t.co/dLgbCzRMD0"
130,621766219654414336,Thu Jul 16 19:39:53 +0000 2015,0,0,The winner of the Life Champ Ambassador T-shirt Design Contest is Sofia A.!!!!!! Congratulations!!!!!!
131,621702485095411712,Thu Jul 16 15:26:37 +0000 2015,0,0,"Join us for Black Belt Graduation, this Saturday at 10:00 AM. 
No Regular classes on Sat. at the Lake Ridge location. http://t.co/dnMMLsydrV"
132,621319425149562880,Wed Jul 15 14:04:29 +0000 2015,0,0,"Happy Birthday to Owen M., Emma M., and Declan C.!!!!! Have a fantastic day! http://t.co/IfCgbI93Ix"
133,620976204208865280,Tue Jul 14 15:20:38 +0000 2015,0,0,Happy Birthday to Ty S. and Kyra Z.!! Have a fabulous day!!! http://t.co/nXUHH0jhOp
134,620673398675345408,Mon Jul 13 19:17:24 +0000 2015,0,0,"Student of the Week is awarded to John!!!! 
Congratulations and keep up the great work! http://t.co/vUdDdZOydh"
135,620602758660407296,Mon Jul 13 14:36:42 +0000 2015,0,0,"Happy Birthday to Peyton Y., Faheem R., and Leonard L.!!! Enjoy your special day!!!! http://t.co/6JTj487Rzn"
136,619577159921893376,Fri Jul 10 18:41:20 +0000 2015,0,0,"Demo Team Practice tonight, 6:30-8:00 PM."
137,619552719234334720,Fri Jul 10 17:04:13 +0000 2015,0,0,Never Give Up! http://t.co/Lfija3BNgb
138,619542390307692544,Fri Jul 10 16:23:11 +0000 2015,0,0,"If you are earning your Black Belt on July 18th, please join us tonight at Life Champ to complete your endurance run! http://t.co/I4QfRvqoGd"
139,619516210753982465,Fri Jul 10 14:39:09 +0000 2015,0,0,Happy Birthday to Kevin K. and Benjamin S.!! Have a fantastic day!! http://t.co/VTgXinpHd0
140,619204755743744000,Thu Jul 09 18:01:32 +0000 2015,0,0,"Happy Birthday to Won Hee A., Melanie S., and Billy M.!!!! Enjoy your special day!! http://t.co/luDZKz4qYP"
141,618831838082019328,Wed Jul 08 17:19:42 +0000 2015,0,0,Happy Birthday to Kahlen T.!! Have a fabulous day!!!!
142,618431551525814272,Tue Jul 07 14:49:06 +0000 2015,0,0,Happy Birthday to Crystal R.!!! Have a fantastic day! http://t.co/I07vWFPotF
143,618122554608381955,Mon Jul 06 18:21:15 +0000 2015,0,0,"Student of the Week is awarded to Addi!!!
Congratulations and keep up the great work! http://t.co/Eoj1rnfusY"
144,616659874890518528,Thu Jul 02 17:29:05 +0000 2015,0,0,"Have a Safe and Happy Holiday!! We will see you in class on Monday, July 6th!!!! http://t.co/TXdDjyaz0G"
145,616312997858967552,Wed Jul 01 18:30:43 +0000 2015,0,0,"Get ready for July!!! Black Belt Graduations, Ninja Night, and a Sparring Seminar!!!! http://t.co/fzNto6TARf"
146,616293994612572160,Wed Jul 01 17:15:13 +0000 2015,0,0,"Happy Birthday to Nathaniel T., Imani R., and Christian Z.!!! Enjoy your special day!! http://t.co/lnXkfwDpEb"
147,615917006794162176,Tue Jun 30 16:17:12 +0000 2015,0,0,Thank you to the Eastern District Police Station for the tour for our Summer Camp students!!!! http://t.co/NPeRvKIOKM
148,615916352805732352,Tue Jun 30 16:14:36 +0000 2015,0,0,We had a busy week of Summer Camp last week!  Thank you to the O.W.L.V.F.D Station 14 for the tour!!!! http://t.co/eCiDVxLBYz
149,615596441503965184,Mon Jun 29 19:03:23 +0000 2015,0,0,"Student of the Week is awarded to Skyler!!!
Congratulations and keep up the great work! http://t.co/1AkK3XHYk3"
150,614529220564287488,Fri Jun 26 20:22:38 +0000 2015,0,0,"Due to potential inclement weather on Saturday, June 27th, we are going to change the Black Belt Run location to indoors at Life Champ!!"
151,614114954178883584,Thu Jun 25 16:56:29 +0000 2015,0,0,You still have time to sign up for our Nunchaku Seminar this Friday! http://t.co/2drHY4ZBU1
152,613711486628855809,Wed Jun 24 14:13:15 +0000 2015,0,0,Get ready for make-up graduations tonight!! http://t.co/lNH6T5kXGT
153,613700577973903360,Wed Jun 24 13:29:54 +0000 2015,0,0,"Try our summer special free trial promotion.  Hurry, this is limited time offer. http://t.co/TyTlVwjGML"
154,613376915819397120,Tue Jun 23 16:03:47 +0000 2015,0,0,"Student of the Week is awarded to Josue!! 
Congratulations and keep up the great work! http://t.co/J7fkasIrJb"
155,611978512195559424,Fri Jun 19 19:27:01 +0000 2015,0,0,Don't forget about our School's Out Party tonight at 7:00PM. Bring your buddies for a safety lesson and ice cream. http://t.co/B83MK108c6
156,611203086087024640,Wed Jun 17 16:05:45 +0000 2015,0,0,Student of the Week is awarded to Jerriemy!!! Congratulations and keep up the great work! http://t.co/s4kGSQiEyV
157,611187662800748544,Wed Jun 17 15:04:28 +0000 2015,0,0,"Please make sure you have turned in your graduation form and purchased a board.
Get ready for Graduation!!! http://t.co/1a8kO1R11A"
158,610810303853559808,Tue Jun 16 14:04:59 +0000 2015,0,1,Join us this Friday to celebrate the beginning of Summer Vacation at our School's Out Party!!! http://t.co/iM7QK8hu0l
159,609015652939100161,Thu Jun 11 15:13:41 +0000 2015,0,0,Available in the Apple App Store or on Google Play!!! http://t.co/mbiSbb3jIC
160,608649754407501824,Wed Jun 10 14:59:44 +0000 2015,0,1,Get ready for Graduation!! http://t.co/cz0eDrwldk
161,608286099660783616,Tue Jun 09 14:54:42 +0000 2015,0,0,"Please turn in your completed Triple Smart Forms or Smiley Face Chart by this Friday, June 12th. http://t.co/XJf91TL5Vq"
162,607951502724984832,Mon Jun 08 16:45:08 +0000 2015,0,0,"Student of the Week is awarded to Cameron!!!!!!
Congratulations and keep up the great work. http://t.co/hrgFTKukOS"
163,606868868326412288,Fri Jun 05 17:03:07 +0000 2015,0,0,"Life Champ Ambassador T-Shirt Design Contest 

Join Us Now! 

#MartialArts  #Karate #LifeChampMartials http://t.co/Hz6qM6IQNW"
164,606861337629720577,Fri Jun 05 16:33:12 +0000 2015,0,0,"Parents, make your plans for a night out on June 13th!! http://t.co/uQEthpqE3m"
165,606112296272859137,Wed Jun 03 14:56:47 +0000 2015,1,0,RT @OsMaryKayDiary: @LifeChampMA It's official Xavier (son) is a yellow belt!  #HappyWednesday #CongratsForZey http://t.co/VI3t8qdyD8
166,606112213208858624,Wed Jun 03 14:56:27 +0000 2015,0,0,@OsMaryKayDiary Congratulations!!!!
167,606111039357390848,Wed Jun 03 14:51:47 +0000 2015,1,0,"Life Champ has an amazing Father's Day Gift! 
One month of FREE classes and a T-Shirt for all Fathers. http://t.co/eMKD3Me3Is"
168,584400093337391104,Sat Apr 04 17:00:14 +0000 2015,0,0,Sign up now for Life Champ Summer Camp 2015! http://t.co/20gKQCfqI6
169,582897689345400833,Tue Mar 31 13:30:13 +0000 2015,0,0,Happy Happy Birthday to Parker M. and Adrian L.!! Wishing you all the best on your very special day!
170,581810497533558784,Sat Mar 28 13:30:06 +0000 2015,0,0,Happy Birthday Rashad C.!!! May all of your wishes come true:)
171,581500938315153408,Fri Mar 27 17:00:02 +0000 2015,0,0,Sign up now for Life Champ Summer Camp 2015! http://t.co/5otV3j70DX
172,581448149077614592,Fri Mar 27 13:30:16 +0000 2015,0,0,Happy Happy Birthday to Brandin B. and Donovan B.!!! have a lot of fun today!!
173,581085752286547968,Thu Mar 26 13:30:14 +0000 2015,0,0,Wishing Benjamin H. and incredible Birthday!! hope you have a great one:)
174,580391160251695104,Tue Mar 24 15:30:10 +0000 2015,0,0,Join Life Champ for a fantastic month of Martial Arts fun!! http://t.co/s85xn1HZ21
175,580330766371950595,Tue Mar 24 11:30:11 +0000 2015,0,0,Today!!! we can't wait to see you! http://t.co/HlTjpYcksW
176,579998559581310976,Mon Mar 23 13:30:07 +0000 2015,0,0,Happy Birthday to Hailey Y.!!! Enjoy your day to the fullest!!
177,579643709307756545,Sun Mar 22 14:00:04 +0000 2015,0,0,Keeping you up to date. http://t.co/AAO6JrcPLs
178,579311548545413121,Sat Mar 21 16:00:10 +0000 2015,0,0,Ready for the most exciting Spring Break ever?! come join us and enroll today! http://t.co/pNt0hXQNIM
179,579273807375937536,Sat Mar 21 13:30:12 +0000 2015,0,0,"Alejandro R., Happy Birthday!!!!! All the best for you today, and always:)"
180,578979341037522944,Fri Mar 20 18:00:06 +0000 2015,0,0,Sign up now for Life Champ Summer Camp 2015! http://t.co/AQTm6GuL01
181,578934045578375169,Fri Mar 20 15:00:07 +0000 2015,0,0,Tomorrow! it's family day:) Join us for a day of martial arts fun! http://t.co/TyvMiWQSJX
182,578918949212962817,Fri Mar 20 14:00:07 +0000 2015,0,0,"You're invited to this very special event, it's going to be epic. http://t.co/MKbmTkpf5J"
183,578594298058297344,Thu Mar 19 16:30:05 +0000 2015,0,0,"Don't forget about our Free Trial Classes! Come by, and try it out. More info:
http://t.co/lqqb0ssvYq http://t.co/8GUHsOjCnR"
184,578186615878647808,Wed Mar 18 13:30:06 +0000 2015,0,0,Very Happy Birthday to Emma J.!! Have fun today:)
185,577877097189797888,Tue Mar 17 17:00:11 +0000 2015,0,0,"Don't miss out, in one week!! http://t.co/BagRz89Yjv"
186,577560036097970176,Mon Mar 16 20:00:17 +0000 2015,0,0,Join Life Champ for a fantastic month of Martial Arts fun!! http://t.co/7TpfcbaSbt
187,577484537011159041,Mon Mar 16 15:00:17 +0000 2015,0,0,It's family time! Join us for a day of martial arts fun Saturday the 21st! http://t.co/dyZ99EKjMW
188,577461838494834688,Mon Mar 16 13:30:05 +0000 2015,0,0,Happy Birthday Liana Q.!! Hope you have a great one:)
189,577122123652538368,Sun Mar 15 15:00:11 +0000 2015,0,0,Spend your Spring Break with us! It's bound to be unforgettable. http://t.co/drL67DAqEE
190,577099466387238912,Sun Mar 15 13:30:09 +0000 2015,0,0,Wishing Kyle M. and Cailin H. a very Happy Birthday! We wish you all the best.
191,576737052756066304,Sat Mar 14 13:30:03 +0000 2015,0,0,Happy Birthday to James W.!! wishing you a very fun and exciting day!
192,576699328804212737,Sat Mar 14 11:00:09 +0000 2015,0,0,Don't miss out on our Black Belt Graduation TODAY!!! remember there's no regular classes too! http://t.co/d6xYf7ddct
193,576472912699387905,Fri Mar 13 20:00:27 +0000 2015,0,0,TOMORROW! don't forget. http://t.co/GiTjrbD3td
194,576392751706562560,Fri Mar 13 14:41:55 +0000 2015,0,0,Don't wait any longer! Time is about to run out!!!!! http://t.co/7o23vG8sFN
195,576374702626607104,Fri Mar 13 13:30:12 +0000 2015,0,0,Very Happy Birthday to Bryanna S. and Lesley M.!! Hope all of your wishes come true!
196,576042494632148992,Thu Mar 12 15:30:07 +0000 2015,0,0,"It's never too late to try something new and exciting! For info click on the link below:
http://t.co/q5dfub4BVf http://t.co/bGmsD1flek"
197,575287527931670528,Tue Mar 10 13:30:09 +0000 2015,0,0,"Happy Birthday Anthony M., Diana K., and Madyson R.!! Hope you have a great one:)"
198,575013893233242112,Mon Mar 09 19:22:50 +0000 2015,0,0,LifeChampMA had a great time with the kids this weekend at the Potomac Mills Camp Fair! http://t.co/EFDE5HUq7a
199,575013602920296448,Mon Mar 09 19:21:40 +0000 2015,0,0,Happy Birthday Keshav S!! Wishing you an incredible day! http://t.co/s6JlDuFsSU
