,id_str,created_at,retweet_count,favorite_count,text
0,669143456397328385,Tue Nov 24 13:20:06 +0000 2015,0,0,"@SCheshireColl students from Graphics, Photography and Arts making the most of @ucas_online 'Design your Futures' https://t.co/2CIJqBTAqI"
1,667296401135505408,Thu Nov 19 11:00:34 +0000 2015,4,0,"RT @PembrokeOxford: Our Access Fellow is at South Cheshire College today. 
#education  https://t.co/mnF1qNo5WS"
2,662727723308027905,Fri Nov 06 20:26:16 +0000 2015,17,0,RT @NCS: 🎄 #JohnLewis have nailed their Social Action! RT &amp; share something incredible you've done this year https://t.co/9CofQQi1GM #ManOn…
3,656167787136729089,Mon Oct 19 17:59:26 +0000 2015,0,1,@ActiveTravelCre a great opportunity for young people in Crewe! I will share with our student liason team at @SCheshireColl and link in CC
4,656167151930359808,Mon Oct 19 17:56:54 +0000 2015,3,0,"RT @ActiveTravelCre: @burgess_fiona we have lots of interest, but still a chance for one of your students at CCC http://t.co/hHArJJBHRl"
5,653972677410095105,Tue Oct 13 16:36:51 +0000 2015,4,0,RT @CCCOxfordAccess: At @xaveriansfc for the launch of this year's @NWSciNetwork project with @SCheshireColl and others #OxOutreach http://…
6,652597773687238656,Fri Oct 09 21:33:28 +0000 2015,3,0,RT @SCheshireColl: North West Science Network Launch Event-Tues 13th Oct (3-5pm).For Year 10-13 students @XaverianCollege @burgess_fiona ht…
7,651798800122683392,Wed Oct 07 16:38:38 +0000 2015,2,0,RT @SCheshireColl: Welcome to Dr Peter Claus from @PembrokeOxford conducting mock @UniofOxford interviews at SCC #crewe @burgess_fiona http…
8,650958882198695936,Mon Oct 05 09:01:06 +0000 2015,0,0,I am attending https://t.co/51KMY08uvD
9,647329983208259584,Fri Sep 25 08:41:09 +0000 2015,1,2,@SCheshireColl Oxbridge Interview Workshops at SCC. Please follow the eventbrite link to book your students. https://t.co/UB2halmxov
10,647327569667358721,Fri Sep 25 08:31:34 +0000 2015,0,0,I am attending https://t.co/DEZ4eVyR2p
11,646362452754583552,Tue Sep 22 16:36:32 +0000 2015,3,0,RT @GeneratingG: 17/18 year-old college and FE leavers are deemed more prepared for work than their school leaver peers. https://t.co/RywPE…
12,644539498458705920,Thu Sep 17 15:52:46 +0000 2015,4,0,RT @SCheshireColl: A full theatre for this year's Honours &amp; Raising Aspirations programme launch @PembrokeOxford #crewe #cheshire http://t.…
13,644469567985684480,Thu Sep 17 11:14:53 +0000 2015,3,1,Introducing Honours and Raising Aspirations! @SCheshireColl http://t.co/ti7UTAqI9X
14,643404084637249536,Mon Sep 14 12:41:02 +0000 2015,0,0,"Check out ""North West Science Network Launch"" http://t.co/4MmqHrx4co via @EventbriteUK"
15,637259716083752960,Fri Aug 28 13:45:30 +0000 2015,2,2,@shanelegend23 @SCheshireColl @nearpod Fantastic session this afternoon on interactive learning in FE with a brilliant intro to Nearpod!
16,628903450080866304,Wed Aug 05 12:20:41 +0000 2015,2,1,Getting ready for UK families to reconnect with nature! @RichLouv Anglesey camp 2015 https://t.co/33gIsjXkUR #nature http://t.co/R4D0bYmi5N
17,628896005015105536,Wed Aug 05 11:51:06 +0000 2015,0,1,@PhilWilliams980 thank you for the retweets! Our young people have raised an amazing amount for @CharityDEBRA through @NCS #lifechanging!
18,627586498188181505,Sat Aug 01 21:07:35 +0000 2015,2838,0,RT @TheSoundGallery: We are giving away a limited edition @QueenWillRock turntable! #vinylwillrockyou Retweet &amp; Follow to play. http://t.co…
19,627484309620981760,Sat Aug 01 14:21:32 +0000 2015,1,0,"@Signal1Official young people from @NCS host a charity fashion show for Debra.
Tues 4/08/15 @Hartfordhall 07938903988 http://t.co/CXy0Cay3A8"
20,627483512501874688,Sat Aug 01 14:18:22 +0000 2015,1,0,"@Signal1Official young people from @NCS host a charity fashion show for Debra.
Tues 4/08/15 @Hartfordhall tickets only £4! Tel 07938903988"
21,627482492732329984,Sat Aug 01 14:14:18 +0000 2015,1,1,"Group of young people from @NCS holding a charity fashion show for Debra.
Tues 4/08/15 @ Hartford Hall Hotel tickets only £4 Tel 07938903988"
22,626493017252331520,Wed Jul 29 20:42:29 +0000 2015,2,4,@CotswoldBridgem @SilvaNavigation great workshop tonight with Pete thank you! I feel ready to get out there and practice my M&amp;C skills!
23,626348357099782144,Wed Jul 29 11:07:39 +0000 2015,1,0,Fantastic young people from @Catch22charity North West on the @NCS programme are supporting @CharityDEBRA come along! http://t.co/LDApwOkTsW
24,622821434260373508,Sun Jul 19 17:32:56 +0000 2015,3,0,RT @paul_binyon: Twista graduation with Jess and Sgt Lindley Chamberlain from Cheshire Police fantastic work in  Crewe @CheshireFire http:/…
25,622821091023654912,Sun Jul 19 17:31:34 +0000 2015,0,1,Thanks for the retweet @Weesarahtwit the sculptures by @Owlsclough are just magical!
26,606550643218653186,Thu Jun 04 19:58:37 +0000 2015,1,1,@poshwonderwoman @CVSCE  Yes! The fantastic TWISTA mentors and team must be celebrated for their dedicated support for young people!
27,606538226963255296,Thu Jun 04 19:09:16 +0000 2015,0,1,"The Oakhanger Project team are having a great evening celebrating with everyone @CVSCE Volunteers Gala, Cheers! http://t.co/24DQh6qVVE"
28,605713739103543296,Tue Jun 02 12:33:03 +0000 2015,13,0,RT @CrewePledge: Lots of support from local employers this morning including @mchcharity @astrumdap @SCheshChamber @BumblebeeDig http://t.c…
29,600275113376927744,Mon May 18 12:21:54 +0000 2015,7,0,RT @CarbonBrief: 'Paddle in Seattle' Arctic oil drilling protest | @BBC http://t.co/wzQ8etZWyL http://t.co/86GNNJvQAS
30,598088136367943680,Tue May 12 11:31:38 +0000 2015,0,2,My image just won an award on http://t.co/FQxBXD7QPJ! http://t.co/0K6fv1I6NO
31,596700175059525632,Fri May 08 15:36:22 +0000 2015,0,1,My image just won an award on http://t.co/FQxBXD7QPJ! http://t.co/0z9UPFM8DY
32,593489270582714368,Wed Apr 29 18:57:23 +0000 2015,1,1,@KayodeKoD @BBCGen2015 @BBCRadio4 @Ed_Miliband @rustyrockets great to hear you on my way home Kayode! The student vote can make a difference
33,593160502991269888,Tue Apr 28 21:10:58 +0000 2015,1,1,@poshwonderwoman @MMU_Cheshire a fantastic day with the TWISTA team on campus today! great fun all round :) http://t.co/h2buDM0Kmu
34,592377719456964608,Sun Apr 26 17:20:28 +0000 2015,27,0,RT @outsidemagazine: Why we need meditation in schools. #raisingminibuddhas: http://t.co/z9NfXqD2ud http://t.co/YhlOy6Rbod
35,590903680951549953,Wed Apr 22 15:43:10 +0000 2015,2,2,@BumblebeeDig 'It's been a great experience for us too' celebrating work readiness and apprenticeships  @CrewePledge http://t.co/RUQ9ac85jC
36,590902394214600704,Wed Apr 22 15:38:03 +0000 2015,6,5,"Celebrating employment readiness @CrewePledge apprenticeship graduation!
 @MMU_Cheshire @orlaghmccabe http://t.co/CRgbjT0LRj"
37,590885628096708608,Wed Apr 22 14:31:26 +0000 2015,4,2,@AcademyMmu @WPAmbassadors talking apprenticeships and student life @CrewePledge for Crewe schools @MMU_Cheshire http://t.co/XJSDQD0D3c
38,590881536402153472,Wed Apr 22 14:15:10 +0000 2015,3,4,@WPAmbassadors talking student life and apprenticeships @CrewePledge hosted by @MMU_Cheshire @orlaghmccabe http://t.co/smbfHsi332
39,582115663499685888,Sun Mar 29 09:42:44 +0000 2015,0,1,@orlaghmccabe hello! :D
40,581459135977426944,Fri Mar 27 14:13:55 +0000 2015,3,0,RT @KingsGroveCrewe: There was a great response to the launch event for #CrewePledge this morning. Find out more http://t.co/UXzr8EH6EG htt…
41,581455010254454784,Fri Mar 27 13:57:32 +0000 2015,3,3,Inspired! @CrewePledge @MMU_Cheshire @SCCCI_Events support young people's transitions from education to employment. http://t.co/ZAgH0iMRlu
42,581374705350914048,Fri Mar 27 08:38:25 +0000 2015,2,0,RT @CrewePledge: Great start to the launch of our #CrewePledge event http://t.co/7iNN2SpqEv
43,544542338690068480,Mon Dec 15 17:19:45 +0000 2014,4,0,RT @RedShiftRadioUK: Missed our Takeover Day show with @Mattlj92 @CYSMMUC? Then listen back to it on SoundCloud: https://t.co/yyiROzJ14G
44,544519185599320064,Mon Dec 15 15:47:45 +0000 2014,2,0,RT @CYSMMUC: Redshift radio broadcast reflecting on take over day at MMU with Springfield School @Mattlj92
45,544518978606202880,Mon Dec 15 15:46:55 +0000 2014,3,1,Thanks @RedShiftRadioUK @Mattlj92 for a great post-Takeover Day show! We've all been Taken over again! @CYSMMUC @ChildrensComm @TakeoverDay
46,544517755396190208,Mon Dec 15 15:42:04 +0000 2014,2,0,RT @RedShiftRadioUK: We have @Mattlj92 on air now chatting to @Burgess_Fiona from @CYSMMUC about the recent @ChildrensComm @TakeoverDay #li…
47,543106132299235328,Thu Dec 11 18:12:47 +0000 2014,312,0,"RT @TEDTalks: ""Student questions are the seeds of real learning."" Why curiosity is essential to education: http://t.co/PHCZNY70WW"
48,542049548731162624,Mon Dec 08 20:14:17 +0000 2014,0,0,@glacio_cook @OutdoorMMU A think a revisit is needed to hunt for fossils!
49,542040234025037824,Mon Dec 08 19:37:17 +0000 2014,0,2,Amazing field visit to Cwm Idwal NNR with students from @OutdoorMMU learning about glacial landscapes! http://t.co/IAIRHRcSAE
50,541260772735594496,Sat Dec 06 15:59:59 +0000 2014,0,0,Check out what I found. 2000 PEUGEOT 206 ROLAND GARROS GREEN http://t.co/FfZdOEAJUf via @eBay_UK
51,540222244870692864,Wed Dec 03 19:13:14 +0000 2014,0,0,@WeAreAugustines make me want to go to church! Stunning gig at Manchester Cathedral. Feeling blessed @ManCathedral http://t.co/atI19S71w2
52,535796636589776896,Fri Nov 21 14:07:27 +0000 2014,0,0,We want to have our say and vote at 16! #TakeoverDay @CYSMMUC  @MMU_Cheshire @RedShiftRadioUK
53,535791868152647680,Fri Nov 21 13:48:30 +0000 2014,1,0,Young people question The Children's Minister on issues that matter to them! @CYSMMUC @ChildrensComm #TakeoverDay http://t.co/WsOzDEGClp
54,535790253454266368,Fri Nov 21 13:42:05 +0000 2014,4,0,Young people question The Childrens' Minister! #TakeoverDay @MMU_Cheshire @mmuc_activities @WPAmbassadors http://t.co/97BTnD0BLV
55,535746644063436800,Fri Nov 21 10:48:48 +0000 2014,1,0,RT @WPAmbassadors: @CYSMMUC #TakeoverDay inviting young people to share their ideas on campus with @burgess_fiona
56,535746249799254016,Fri Nov 21 10:47:14 +0000 2014,1,0,@CYSMMUC @MMU_Cheshire @RedShiftRadioUK @ChildrensComm We have officially been taken over!! http://t.co/QTavKfEF5g
57,535745927890599936,Fri Nov 21 10:45:57 +0000 2014,2,0,RT @CYSMMUC: Getting ready to be taken over! http://t.co/8c2YYWjz4U
58,535745898199138304,Fri Nov 21 10:45:50 +0000 2014,3,0,RT @CYSMMUC: Today is #takeoverday @MMU_cheshire with  Springfield School and @RedShiftRadioUK @Childrenscomm
59,535744736553091073,Fri Nov 21 10:41:13 +0000 2014,2,0,RT @WPAmbassadors: Children's Commissioner #TakeoverDay at MMU - ready to give young people a voice for their future @TheUnionMMU @Children…
60,535744720153354240,Fri Nov 21 10:41:09 +0000 2014,2,0,RT @WPAmbassadors: @ChildrensComm #TakeoverDay http://t.co/wxIN70UZzX
61,527190608486879232,Tue Oct 28 20:10:10 +0000 2014,6,0,"RT @EveMosley9: ""We need a workforce that understands childhood"" Maggie Atkinson at children and young people's conference @PlanUK @GovKnow…"
62,504391229644484610,Tue Aug 26 22:13:34 +0000 2014,0,0,@poshwonderwoman I have the cleanest wellies in Stoke! :)
63,504326416453095425,Tue Aug 26 17:56:02 +0000 2014,0,0,@poshwonderwoman I see what you mean!! :)
64,503849127474892801,Mon Aug 25 10:19:27 +0000 2014,0,0,@poshwonderwoman excellent!  Glad to be of assistance :)
65,503830405968314368,Mon Aug 25 09:05:04 +0000 2014,0,0,@poshwonderwoman did you survive the mud pit?! :)
66,499095760277737472,Tue Aug 12 07:31:16 +0000 2014,11,0,RT @TrailMagazine: Brilliant article from our friends at @MtnTraining on how to enjoy the mountains with your kids http://t.co/mXCueqBPkI
67,494687304259485696,Thu Jul 31 03:33:38 +0000 2014,43,0,"RT @eBooksGOT: “You're never too old, too wacky, too wild, to pick up a book and read to a child.” ― #DrSeuss

#kindle #asmsg #pdf1 http://…"
68,492782503158366208,Fri Jul 25 21:24:38 +0000 2014,0,0,@PhilWilliams980 Thank you. I felt inspired to capture your moment :)
69,491150943900426240,Mon Jul 21 09:21:24 +0000 2014,236,0,RT @wildlifetrusts: Great infographic from @britishbee on why bees are so crucial for us. http://t.co/vAiL7KOD4C
70,491149874872586240,Mon Jul 21 09:17:09 +0000 2014,183,0,"RT @DrEoinCl: UK Voters think David Cameron promoted women to his cabinet mainly for ""Presentational Reasons"". Retweet if you agree http://…"
71,490228101104664576,Fri Jul 18 20:14:21 +0000 2014,0,2,"@Owlsclough @TrenthamEstate Thank you for the re tweet. The fairies are beautiful,  a magical experience. I'll be back to visit soon!"
72,486899101158895616,Wed Jul 09 15:46:06 +0000 2014,1,1,@poshwonderwoman a fantastic cake for a fantastic day! Well done to the TWISTA team and all the inspiring mentees and mentors!
73,486898746694057984,Wed Jul 09 15:44:42 +0000 2014,2,0,"RT @paul_binyon: Twists Sista/Mista graduation at Crewe, well done to all involved supported by Crewe fire station and Cheshire fire http:/…"
74,486898563302322176,Wed Jul 09 15:43:58 +0000 2014,1,1,A fantastic celebration for the 2014 TWISTA graduates!  Congratulations to everyone @poshwonderwoman @DawnClark4563 http://t.co/8MV2lcxyot
75,486843000384147457,Wed Jul 09 12:03:11 +0000 2014,2,1,@MMU_Cheshire @CYSMMUC @DawnClark4563 @poshwonderwoman are you ready to welcome TWISTA graduates 2014! Celebrate! http://t.co/Mh5crIC3Ig
76,485731978625703936,Sun Jul 06 10:28:22 +0000 2014,0,1,@mymindfeed @IOLOutdoorProfs  #healthymind #healthybodies friends and adventures make for a happy day :) http://t.co/Qj6R2qYMf4
77,480619444918837248,Sun Jun 22 07:52:59 +0000 2014,0,0,@poshwonderwoman @DawnClark4563 haha! Excellent :)
78,478203592344895488,Sun Jun 15 15:53:15 +0000 2014,0,1,Roses come to life after the rain. @RHSBloom  #roses #albertine #beauty #delicate http://t.co/gqdUEbU3Mj
79,473880502198235136,Tue Jun 03 17:34:50 +0000 2014,2,0,RT @Wales_Politics: Job creation for young people is Welsh Government greatest achievement this year - Carwyn Jones | South Wa... http://t.…
80,473879808414580736,Tue Jun 03 17:32:05 +0000 2014,0,0,"@revkollektiv yes, there's an impressive wall of awards now! My aspirations KTP and MA conclude in October. Then more research and seminars"
81,473875533982597120,Tue Jun 03 17:15:06 +0000 2014,0,0,@revkollektiv hello there! It was great to celebrate your well deserved nominations. Hope you are keeping busy :)
82,472291887819542529,Fri May 30 08:22:15 +0000 2014,20,0,RT @Buzz_dont_tweet: Will you be joining the Garden #Bioblitz this weekend? http://t.co/vOeVl89Tdt @GardenBioblitz #bgg14 #Springwatch
83,472078204308828161,Thu May 29 18:13:09 +0000 2014,0,1,@MelanieForEdu @NatureRocks @HuffPostGreen @RichLouv Great post! Nature is holistic and true. Young people feel grounded and human #future
84,472076406990864385,Thu May 29 18:06:00 +0000 2014,7,0,RT @MelanieForEdu: Lean in? How about CLIMB UP? NATURE is what girls need for CONFIDENCE. http://t.co/fRTocYr8B2  via @NatureRocks CC @Huff…
85,472066566553886720,Thu May 29 17:26:54 +0000 2014,0,0,A fantastic surprise today! Delightful #Afternoontea at @DavenportsFarm  #MadHatterDay #experience a very #happy me! http://t.co/aLMZLe5Ry5
86,469429671789355008,Thu May 22 10:48:49 +0000 2014,0,1,@BTO_GBW We have 8 #chicks! Also have #nesting #bluetit in a second box. More cameras on the wish list for next year! http://t.co/EEU9qWHthb
87,468459450945523712,Mon May 19 18:33:31 +0000 2014,0,1,This beautifully fragrant #wildflower #bouquet has scented the whole house :) #lilac #aqualigea #bluebells #welcome http://t.co/AIjRSuMt4K
88,466346920190156800,Tue May 13 22:39:04 +0000 2014,0,4,"Proud to be cheering on Outdoor Studies, Dr Kirsty Bunting, Contemporary Arts and Ornette Clennon at #mmuteachingawards this evening! :)"
89,466345481892032512,Tue May 13 22:33:21 +0000 2014,4,0,RT @ManMetUnion: And the winner is... Dr Kirsty Bunting #MMUnion #MMUTeachingAwards
90,465627384663015425,Sun May 11 22:59:54 +0000 2014,1,0,RT @StLukesHospice: @burgess_fiona PLS RT #cheshire ladies please be a #PrettyInPink #MidnightWalk lady for #patientcare http://t.co/fCxVpG…
91,463959108379770880,Wed May 07 08:30:46 +0000 2014,0,1,@BTO_GBW our nesting Blue Tits now have 7 eggs in their nest! Excited to have bird box cam this year! #birdhouse :) http://t.co/9WmyMirMaD
92,463285892627853314,Mon May 05 11:55:38 +0000 2014,3,3,@HenPowerNE @BBCRadio2 an inspirational project bringing together a whole community! Congratulations Joss and team. Hen Power UK pkease! :)
93,463250879559503872,Mon May 05 09:36:31 +0000 2014,1,0,@birdsofprey_uk @Wildlife_Marks driving through the Shropshire Hills on a sunny day with a red kite cruising over our heads #senseofplace :)
94,462301643430965248,Fri May 02 18:44:35 +0000 2014,0,0,@MabynM thanks for the follow! :)
95,462253278743777280,Fri May 02 15:32:24 +0000 2014,0,0,@Ludlowfoodfest Just a little excited! #realale #foodies #Castle #livemusic #skiffle #vintagecars cheers to all that! :)
96,462211003657498624,Fri May 02 12:44:25 +0000 2014,1,0,RT @nationaltrust: @burgess_fiona Sounds like fun! Our nearest cafe is probably at Carding Mill Valley. Do you know it Fiona? http://t.co/f…
97,462209954192306176,Fri May 02 12:40:15 +0000 2014,0,3,@nationaltrust I have walked in Carding Mill valley. Will be sure to pop in for afternoon tea! Happy weekend to you all :)
98,462185647059787776,Fri May 02 11:03:39 +0000 2014,0,0,@nationaltrust I'm off to the Clun Green man festival this weekend! Any NT cafés there? :)
99,462179503377489920,Fri May 02 10:39:15 +0000 2014,0,0,@nationaltrust a good day #exploring on Kinder is always rewarded with a visit to The Penny Pot :)
100,461937186750095360,Thu May 01 18:36:22 +0000 2014,0,0,@WalksBritain its Edale! I'm thinking of the amazing homemade cakes and delicious hot choc @nationaltrust  Penny Pot café! @nationaltrust :)
101,460507689018462209,Sun Apr 27 19:56:03 +0000 2014,0,1,Thank you! @ClaireGarratt gearing myself up for a post-dissertation adventure!
102,460503565057146880,Sun Apr 27 19:39:40 +0000 2014,0,0,Buchaille Etive Mor. #highlands #glencoe #outdooradventure #senseofplace http://t.co/xD1BqttcsP
103,460427605590544386,Sun Apr 27 14:37:50 +0000 2014,1,1,Horseshoe Falls Canada #extreme #edgelands #breathtaking #beauty #PoetryInMotion http://t.co/h5Kf6kqjBS
104,459996844853309440,Sat Apr 26 10:06:08 +0000 2014,0,0,Peaceful mornings. #delicate #raindrops #magnolia http://t.co/Z5ElYQIhgp
105,459443504075128832,Thu Apr 24 21:27:22 +0000 2014,0,0,So happy to see a carpet of fragrant bluebells at MMU campus today #bluebells #florals #season #happiness #edgelands http://t.co/v7YeM0ULJz
106,459292838355017728,Thu Apr 24 11:28:40 +0000 2014,6,0,RT @moorsforfuture: The 2014 Tour De France starts on Saturday July 5 from Leeds. #TDFyorkshire
107,459092029612785664,Wed Apr 23 22:10:44 +0000 2014,1,0,RT @MushroomsMum: @burgess_fiona @TrenthamEstate Beautiful. We love fairies
108,459091071340150785,Wed Apr 23 22:06:55 +0000 2014,0,0,Thank you! @MushroomsMum I especially love the mischievous fairies @TrenthamEstate :)
109,459090236472328192,Wed Apr 23 22:03:36 +0000 2014,1,1,Thank you! @CreativeSTAR @TrenthamEstate looking forward to a revisit this weekend for more magical fairy fun!
110,459053406406328321,Wed Apr 23 19:37:15 +0000 2014,1,2,@poshwonderwoman feeling inspired by the TWISTA sister and mister event today. #inspiring young people &amp; mentors.  Fantastic #outdoors fun!
111,458648545105838080,Tue Apr 22 16:48:29 +0000 2014,0,2,@Owlsclough I'm back @TrenthamEstate this weekend to spend more time with your fairies! Hoping for sun to capture them at play again :)
112,458306423613820928,Mon Apr 21 18:09:00 +0000 2014,2,1,Brilliant afternoon! @JakeLegJug #jazz #blues #nextstop @Crown_Hotel  @nantwichjazz dad singing all the way home! :) http://t.co/2CodyIA6vv
113,458299952511582208,Mon Apr 21 17:43:18 +0000 2014,0,2,A fantastic end to our Easter break! Watching the excellent @JakeLegJug #jazz #blues #gospel #ragtime #nextstop @Crown_Hotel @nantwichjazz
114,458156601032343552,Mon Apr 21 08:13:40 +0000 2014,38,0,"RT @TrailMagazine: Rough, rocky, rugged - Cadair Idris is the jewel in the crown of Southern Snowdonia! Here it is in all it's 3D glory htt…"
115,457983185264316417,Sun Apr 20 20:44:34 +0000 2014,0,0,Getting my rock on with the Gambler! @nantwichjazz http://t.co/q5aXQvJya0
116,457641159150800896,Sat Apr 19 22:05:29 +0000 2014,1,1,@poshwonderwoman glad you both my fairy pic! It was really magical to keep finding them :) Happy Easter!
117,457640593318232066,Sat Apr 19 22:03:14 +0000 2014,0,0,@gbutterfield24 @davidsbrasserie  thank you for sharing the fairy magic :) Happy Easter!
118,457629514055835650,Sat Apr 19 21:19:13 +0000 2014,2,0,RT @CEsportcheshire: Jobs @ Sport Cheshire http://t.co/91aJJlnVOF
119,457626050126962688,Sat Apr 19 21:05:27 +0000 2014,0,1,@TrenthamEstate @ClaireGarratt  @mariemillward  @si @SimonHandyman @ChapFromStaffs thanks for the retweets and likes :) Happy Easter!
120,457618991675371520,Sat Apr 19 20:37:24 +0000 2014,13,13,Fabulous fairies @TrenthamEstate #fairies #magical #outdoor learning http://t.co/o2ndPhHY1L
121,457265656044748800,Fri Apr 18 21:13:22 +0000 2014,0,1,Thanks for the retweet! @PhilWilliams980
122,456795277081341952,Thu Apr 17 14:04:15 +0000 2014,0,0,http://t.co/mPVid4EVdd
123,456751751320711170,Thu Apr 17 11:11:18 +0000 2014,1,0,Oakhanger Project http://t.co/DYJKe82qlX
124,456713270015963136,Thu Apr 17 08:38:23 +0000 2014,0,0,@CreativeSTAR it was a fantastic day! The colours are as energetic as the young people in the boats :)
125,456553704506654721,Wed Apr 16 22:04:20 +0000 2014,0,1,Paddling the #edgelands #adventure #exploring #outdoorlearning http://t.co/eFCSeKQ11l
126,456169799400558593,Tue Apr 15 20:38:50 +0000 2014,0,0,Thanks for the retweet! @PGF_RGSIBG
127,456103821559996416,Tue Apr 15 16:16:39 +0000 2014,1,1,Hours of #edgeland #adventures #disused #railways http://t.co/nE5GbK7jLG
128,455477541072273408,Sun Apr 13 22:48:02 +0000 2014,0,2,Discovering #Edgelands #Potteries http://t.co/sfmAOxEYBJ
129,454921023138562048,Sat Apr 12 09:56:38 +0000 2014,0,1,Abandoned satchel. K.B. http://t.co/F8eaCAeWUw
130,454920310631190528,Sat Apr 12 09:53:48 +0000 2014,0,2,Abandoned piano. http://t.co/AOSovh5BRq
131,454918052728287232,Sat Apr 12 09:44:50 +0000 2014,0,1,Abandoned ferns. http://t.co/xPYkZ8E5Uu
132,453946197796204545,Wed Apr 09 17:23:02 +0000 2014,4,0,RT @ChildrensComm: There is just one week left to tender to help manage #TakeoverDay 2014: http://t.co/CuPAnnu1Am
133,453946157451198464,Wed Apr 09 17:22:52 +0000 2014,1,0,"RT @wlasinclair: RT ""@ChildrensComm Empower CYP: Invitation to tender to help us manage #TakeoverDay 2014: http://t.co/LqXsRx4CHl""
@jolives…"
134,453889160206905345,Wed Apr 09 13:36:23 +0000 2014,4,0,"RT @geopics43: allhallows marsh with oil tanks
#landscape #liminal #photography #kent #green http://t.co/Ng1jP2g7iZ"
135,453622857663537152,Tue Apr 08 19:58:11 +0000 2014,0,2,Liminal therapy? http://t.co/H9YnfRiILy
136,453603046678081537,Tue Apr 08 18:39:28 +0000 2014,0,0,Thanks for the inspiration! @KirstyBunting1
137,453602889974689792,Tue Apr 08 18:38:51 +0000 2014,0,1,'Where town and country meet' Marion Shoard http://t.co/I5hyl0FCdu
138,453540766363947008,Tue Apr 08 14:31:59 +0000 2014,0,0,Geospatial Technologies and digital Landscapes. Dr Gary Priestnall. What's behind the pin on the map? #healandscape http://t.co/IjYl1KgeF1
139,453528797594542080,Tue Apr 08 13:44:26 +0000 2014,0,0,'Engaging Children in Multi-Sensory Environment of Landscape' Anthea Cooper. Outdoor Learning! #healandscape http://t.co/SORbE0gpiR
140,453527786792427520,Tue Apr 08 13:40:25 +0000 2014,2,0,RT @CYSMMUC: #healandscape a great start to the day! http://t.co/GJ0Y2BkOxw
141,453516192083636224,Tue Apr 08 12:54:20 +0000 2014,2,1,'Writing the Edgelands' with Eleanor Rees #healandscape http://t.co/68HJSv3IJ7
142,448485529563443200,Tue Mar 25 15:44:17 +0000 2014,1,0,@MMUC_AwardsBall I will be there until 5 am!
143,433000438397698048,Mon Feb 10 22:12:03 +0000 2014,1,0,"RT @CCUSA_Callum: @burgess_fiona PAID work at USA/Canadian summer camps with @CCUSAUK Info pres at MMU, Crewe Thur 13th 12pm, Delaney 0-10 …"
144,419200775710322688,Fri Jan 03 20:17:07 +0000 2014,0,0,The General http://t.co/jrnaAgMVYt
145,419200156505214977,Fri Jan 03 20:14:40 +0000 2014,0,0,A little dog with a big heart http://t.co/nXtfz6raPH
146,417929379285839872,Tue Dec 31 08:05:03 +0000 2013,8,0,RT @ICanStayHealthy: Children are great imitators so give them something great to imitate. http://t.co/oXoQeOJ9AW
147,416636129258266624,Fri Dec 27 18:26:08 +0000 2013,196,0,RT @harleydavidson: Want to be happier in 2014? A new study says women have a powerful option – learning to ride. http://t.co/UuR3svGGiX ht…
148,403656893379665920,Thu Nov 21 22:51:17 +0000 2013,0,0,"@RobLedley your support today was fantastic, and you really inspired our budding PR officer.  Thanks to you and jane for your support :)"
149,403656486548930560,Thu Nov 21 22:49:40 +0000 2013,0,0,"@RobLedley it's been a brilliant day! The schools were really getting into the 'Take Over' theme, and had pressing questions for the panel!"
150,403583461954695168,Thu Nov 21 17:59:30 +0000 2013,1,0,RT @CYSMMUC: @ChildrensComm Our guest panel speaker Edward Timpson MP is interviewed by our PR Take Over pupil @RedShiftRadioUK ! http://t.…
151,403583412994592768,Thu Nov 21 17:59:18 +0000 2013,1,0,RT @CYSMMUC: MMU Children's Commissioners Take Over Day huge success thank childhood &amp;youth studies students @Childrenscomm#TakeoverDay
152,403486358830080001,Thu Nov 21 11:33:39 +0000 2013,1,0,@childrenscom MMU Cheshire Students Union has been taken over! @mmuc_activities @mmuc_vpcheshire @RobLedley http://t.co/0hqv4ExURF
153,403486354086305792,Thu Nov 21 11:33:37 +0000 2013,0,0,MMU Cheshire library has just been taken over by our offical @childrenscom Take Over Day PR Jayden! @RedShiftRadioUK http://t.co/brZA3EHh0A
154,403480815885381632,Thu Nov 21 11:11:37 +0000 2013,0,0,Students taking over @RedShiftRadioUK and @ContempArtsHub technicians in MMU Axis theatre! @ChildrensComm Take Over Day as our offical PR!
155,403436726297047040,Thu Nov 21 08:16:25 +0000 2013,2,0,MMU Cheshire @childrenscom @mmuc_activities Take Over Day has arrived! Local pupils will be taking over the uni in 2hrs. Are you ready?!
156,403295195879702529,Wed Nov 20 22:54:02 +0000 2013,0,0,"Excited for MMU Cheshire @ChildrensComm Take Over Day tomorrow. Pupils Shadowing staff, focus groups, &amp; panel with the Children's Minister!"
157,400927015223971840,Thu Nov 14 10:03:43 +0000 2013,0,0,"@VisitScotland enjoyed a perfect weekend in the stunning Highlands, with great friends. http://t.co/YJvQ3okZSj"
158,394004718831558656,Sat Oct 26 07:36:59 +0000 2013,1,1,@PositiveNewsUK @LauraohSmith now this is a coalition that gets my support! *Cheers* great to hear a positive message on BBC this morning!
159,394002233039552512,Sat Oct 26 07:27:07 +0000 2013,9,0,RT @wearewildthing: David Bond will be back on the BBC Breakfast sofa later this morning at 9.50 - watch LIVE on BBC News 24.
160,393994374448967680,Sat Oct 26 06:55:53 +0000 2013,801,0,RT @joshgroban: Kudos to @cnn for airing #blackfish....what amusement parks are doing to our orcas and dolphins is immoral.
161,393654522956238848,Fri Oct 25 08:25:26 +0000 2013,2,0,RT @wearewildthing: RT: @TheForestTrust: Were you a free-range kid? Project Wild Thing explores disconnect between children &amp; nature http:/…
162,393654139382923264,Fri Oct 25 08:23:55 +0000 2013,17,0,RT @WoodlandTrust: We’re encouraging the nation’s parents to swap half an hour of kids' screen time for extra #wildtime http://t.co/4t5HikS…
163,392419676804104192,Mon Oct 21 22:38:36 +0000 2013,4,0,RT @wearewildthing: Amazing! RT @naturebygreen A child's wild view. Taken yesterday on school Wild Wonder Day at Lemsford Springs http://t.…
164,392191773889822720,Mon Oct 21 07:33:00 +0000 2013,0,0,http://t.co/02Efc5JNXv
165,386520837027020800,Sat Oct 05 15:58:43 +0000 2013,0,0,Autumn colours :) http://t.co/UKnIEEbXeO
166,386520401704390656,Sat Oct 05 15:56:59 +0000 2013,0,0,Red Admiral soaking up the sun http://t.co/RBrhaRl3Sg
167,382764376740364288,Wed Sep 25 07:11:53 +0000 2013,18,0,"RT @wearewildthing: Our new site is now live. Please do sign up or re-register, It will be worth it ! http://t.co/6FRbWCt9uU"
168,377186131898793984,Mon Sep 09 21:45:56 +0000 2013,2,0,RT @FairFewMiles: @Staffs176 local group of friends have just finished a challenge never been attempted before for @CwC_UK check us out htt…
169,376986733684219904,Mon Sep 09 08:33:36 +0000 2013,4,0,RT @edenproject: Opportunity to support a little boy from #Cornwall @CHSW on eBay by bidding on his pic of James &amp; the Giant Peach: http://…
170,373335287147278336,Fri Aug 30 06:44:03 +0000 2013,82,0,RT @ChrisGPackham: And tonight I have a Badger 'mega-mix' which reveals the language of these wonderful animals http://t.co/H0vg5xaYsa
171,373011819004448768,Thu Aug 29 09:18:42 +0000 2013,2,1,....'but I'm not too small too paddle that boat Mr!' #playday2013 http://t.co/Skx6fVERgy
172,373004708136624128,Thu Aug 29 08:50:27 +0000 2013,0,1,"@alex_roddie Thanks for adding me to the Outdoor list :) and it's too nice to write today, go outdoors!"
173,372985332654157824,Thu Aug 29 07:33:27 +0000 2013,1,0,"RT @wearewildthing: (2 of 2) Blanc: ""Children need to learn the simple magic of taking food from the seed, the earth or the river..."" &gt;http…"
174,365003015893168128,Wed Aug 07 06:54:35 +0000 2013,0,0,A busy day today with children and families in urban spaces and woodland! It must be #playday2013 have fun today! :) http://t.co/5M20C6pZfv
175,365000679712378880,Wed Aug 07 06:45:18 +0000 2013,16,0,RT @wearewildthing: #Playday2013 survey: 60% of parents would be happier letting their kids out to play if other kids were playing. So let'…
176,365000533574438912,Wed Aug 07 06:44:43 +0000 2013,37,0,"RT @playengland: Happy #Playday2013! An estimated 852,000 children and families nationwide will celebrate #Playday! http://t.co/Gm4qPAaMsW"
177,364869410642604033,Tue Aug 06 22:03:41 +0000 2013,0,0,"@KylieHoldcroft I'm still on it! Posted some more now, so let me know what you think! x"
178,364657343017283584,Tue Aug 06 08:01:00 +0000 2013,1,0,RT @wearewildthing: Who’s going on a GRUFFALO hunt!? &gt;http://t.co/Ievl7Nb04Q via @outdoor_nation  #wildtime
179,364514888498286592,Mon Aug 05 22:34:56 +0000 2013,19,0,RT @RamblersGB: If you enjoyed the @BBCNewsnight piece on coastal walking &amp; wish to support our campaign you can sign the petition: http://…
180,364495404815355904,Mon Aug 05 21:17:31 +0000 2013,0,0,https://t.co/pQeJA9L3Im ♡ charity shop ornaments
181,364318144229560320,Mon Aug 05 09:33:08 +0000 2013,1,0,RT @ShapeTomorrow: Don't let your dreams be dreams. #shapetomorrow http://t.co/eJrBk1dp
182,363608879063527425,Sat Aug 03 10:34:47 +0000 2013,0,2,I ♡ weekends http://t.co/ExPP1PTEdr
183,363015018960658432,Thu Aug 01 19:14:59 +0000 2013,5,0,"RT @fussrep: Invite your friends to like our page so they can experience the FUSS
http://t.co/W4ubAK8JxO... http://t.co/4GKb4FRcha"
184,362103024396681217,Tue Jul 30 06:51:03 +0000 2013,6,0,"RT @wearewildthing: Check out the Project Wild Thing YouTube page,where we'll be uploading exclusive new content over the coming months! ht…"
185,362102694564995072,Tue Jul 30 06:49:44 +0000 2013,9,0,RT @uknationalparks: Keep the #kids busy! RT @missionexplore: It's #NatParksWeek! Celebrate with some #NationalPark missions http://t.co/QN…
186,360849707431493632,Fri Jul 26 19:50:49 +0000 2013,10,0,RT @NCS: Good luck to everyone starting their #‎NCS journey today - here's a beautiful bit of advice from Roald Dahl #‎NCSYes http://t.co/u…
187,359781452948324352,Tue Jul 23 21:05:57 +0000 2013,0,1,@GaryClinton9 I like!
188,358996575965954048,Sun Jul 21 17:07:08 +0000 2013,132,0,"RT @TVsSimonKing: Every now and then, I get waves of nausea when considering the travesty of killing badgers in the name of disease control…"
189,351336997698289665,Sun Jun 30 13:50:42 +0000 2013,0,0,"@PhilWilliams980 p.s. I'm running an outdoors workshop tues/wed at mmu theme is Shakespeare's Tempest, I have to get into character!"
190,351336776901726208,Sun Jun 30 13:49:49 +0000 2013,0,0,@PhilWilliams980 just woke up to get a brew!  Dad said it was mad last few laps. Living with parents nr Newcastle under Lyme while at uni
191,351300548202467328,Sun Jun 30 11:25:52 +0000 2013,0,0,@PhilWilliams980 message when you're next up here and I'll catch up with you. Hope the car gets fixed in time for GP :)
192,351288127916216321,Sun Jun 30 10:36:30 +0000 2013,0,0,"@PhilWilliams980 do you live in stoke? I'm not feeling great today, I should be outdoors! so will be snoozing on the settee half watching :)"
193,351286759004450817,Sun Jun 30 10:31:04 +0000 2013,0,0,"@PhilWilliams980 back in time for grand prix Sir William
?!"
