,id_str,created_at,retweet_count,favorite_count,text
0,669292162262147073,Tue Nov 24 23:11:00 +0000 2015,0,0,#CyberMonday is coming up. Keep track of your online purchases with this handy gift tracker https://t.co/LIdq8AZKoY https://t.co/eNcehEi4OB
1,668956037806952448,Tue Nov 24 00:55:22 +0000 2015,0,0,Online #Shopping Kit https://t.co/sRe1w2ptvP #Christmas #BlackFriday #holiday
2,668933401043447808,Mon Nov 23 23:25:25 +0000 2015,0,0,"If you love #printables, you'll love our colorful monthly planner https://t.co/WO6ufJnqUP #productive #organizing https://t.co/zn0yls4omo"
3,668822265753112577,Mon Nov 23 16:03:48 +0000 2015,0,0,Stay #productive with a to do list - #Mustache themed! https://t.co/B0b4BzLWsj #organized
4,668747233488150528,Mon Nov 23 11:05:39 +0000 2015,0,0,"2016 #Calendars and #Planners now available!

Calendars: https://t.co/vaXc1VpB2C 
Planners: https://t.co/vaXc1VpB2C https://t.co/8BHrOVmpEM"
5,668637716179980289,Mon Nov 23 03:50:28 +0000 2015,0,0,Printable weekly #socialmedia content planner https://t.co/wmzf44liuL #NewYear
6,668611094634737664,Mon Nov 23 02:04:41 +0000 2015,0,0,3 KPIs to Track For Your #SocialMedia Success @ducttape https://t.co/WjA6yMF8rv
7,668601185595691013,Mon Nov 23 01:25:19 +0000 2015,0,0,2016 is just around the corner. This 2016 #planner is perfect to map out upcoming #projects &amp; #campaigns https://t.co/c0sNLVe0IG #printable
8,668545945009831936,Sun Nov 22 21:45:48 +0000 2015,0,0,Printable #December 2015 Calendar - Seasonal montly calendar https://t.co/st20J0iuLe #Christmas https://t.co/ztCvNII0Xj
9,668180006913376256,Sat Nov 21 21:31:42 +0000 2015,0,0,Featured item: #Printable 2015-2016 Academic #Planner https://t.co/vs1sBykcDk #planning #organizing https://t.co/MsV9lyEbcu
10,667914132046393345,Sat Nov 21 03:55:12 +0000 2015,0,1,1 week until #BlackFriday. Are you ready for some #shopping? https://t.co/WVpOOZUFNP  #organizing #couponing https://t.co/1fXLWb33fA
11,667705183800074240,Fri Nov 20 14:04:55 +0000 2015,0,0,"Make 2016 your most #productive year yet

Tips for using your new 2016 #planner https://t.co/O0ERLe5N8u https://t.co/uboZE5ehB0"
12,667506492187234304,Fri Nov 20 00:55:24 +0000 2015,0,0,Online #Shopping Kit https://t.co/HckUNsJGq9 #Christmas #BlackFriday #holiday
13,667403462884401152,Thu Nov 19 18:05:59 +0000 2015,0,0,#CyberMonday is coming up. Keep track of your online purchases with this handy gift tracker https://t.co/i6tGXDhb3u https://t.co/l38H5S82an
14,667372721261649920,Thu Nov 19 16:03:50 +0000 2015,0,0,Stay #productive with a to do list - #Mustache themed! https://t.co/5lsRtPcavE #organized
15,667188158921093120,Thu Nov 19 03:50:27 +0000 2015,0,0,Printable weekly #socialmedia content planner https://t.co/VVa99r2ngW #NewYear https://t.co/tfg5ebSAdX
16,666944121035182081,Wed Nov 18 11:40:44 +0000 2015,0,0,Printable #December 2015 Calendar - Seasonal montly calendar https://t.co/wrqDipvrmZ #Christmas https://t.co/TSnPB0P3aL
17,666837897115365376,Wed Nov 18 04:38:38 +0000 2015,1,0,RT @jgiannantonio: How to Run an #Instagram Contest: Four Easy Steps https://t.co/LPGJc0kSpP #SMM https://t.co/nMKaJVcMIy
18,666818694148980736,Wed Nov 18 03:22:20 +0000 2015,0,0,NEW in our Etsy shop: Goal #Planning - perfect for the upcoming #NewYear https://t.co/DJjbXUTdrn via @Etsy https://t.co/ZfeOtBvY2l
19,666786664358916096,Wed Nov 18 01:15:03 +0000 2015,0,0,@starbuxcookies thanks for the follow. I love cookies 😃
20,666750363761029120,Tue Nov 17 22:50:49 +0000 2015,0,0,Printable and Editable #BlackFriday #Shopping List Organizer https://t.co/zqjaMUSS2B https://t.co/GAlrK8oHEA
21,666731438029565953,Tue Nov 17 21:35:36 +0000 2015,0,0,Printable #November 2015 Calendar - Seasonal montly calendar https://t.co/NyGSn1PbAR #Thanksgiving https://t.co/BfakjS9rHp
22,666700463845306369,Tue Nov 17 19:32:31 +0000 2015,0,0,"If you love #printables, you'll love our colorful monthly planner https://t.co/m5F8CBkwlX #productive #organizing https://t.co/NishMvW3hU"
23,666678723253522432,Tue Nov 17 18:06:08 +0000 2015,0,0,"Staying #organized begins with a great planner

Our 2016 #printable planner is now available https://t.co/i43lPlZ8Uq https://t.co/cAS8m9GzFz"
24,666277744309850114,Mon Nov 16 15:32:47 +0000 2015,0,0,Featured item: #Printable 2015-2016 Academic #Planner https://t.co/ZcUIIUSp5d #planning #organizing https://t.co/k3zxzp2ei5
25,666260764504809472,Mon Nov 16 14:25:19 +0000 2015,0,0,Happy Monday!
26,666162575546126336,Mon Nov 16 07:55:09 +0000 2015,0,0,Online #Shopping Kit https://t.co/PUqWZZNZmV #Christmas #BlackFriday #holiday
27,666010431299915776,Sun Nov 15 21:50:35 +0000 2015,0,0,NEW 2016 Wall/Desk #Calendar https://t.co/1kbNMOYDGW #printable https://t.co/5CRJkVLQXN
28,665921005785845760,Sun Nov 15 15:55:14 +0000 2015,0,0,Stay #productive with a to do list - #Mustache themed! https://t.co/V4bKBoBcPu #organized
29,665751217398792192,Sun Nov 15 04:40:33 +0000 2015,0,0,Printable #December 2015 Calendar - Seasonal montly calendar https://t.co/8vZ3cPT7SP #Christmas https://t.co/9LwnhoHhB4
30,665727225782734848,Sun Nov 15 03:05:13 +0000 2015,0,0,Printable weekly #socialmedia content planner https://t.co/xmxBiGQAEz #NewYear https://t.co/l3I4zDVkJK
31,665671896529305601,Sat Nov 14 23:25:22 +0000 2015,0,1,"Make 2016 your most #productive year yet

Tips for using your new 2016 #planner https://t.co/X5s6n68PPG https://t.co/4H63lkLwo0"
32,665406422239301637,Sat Nov 14 05:50:28 +0000 2015,0,0,Printable and Editable #BlackFriday #Shopping List Organizer https://t.co/WVpOOZUFNP https://t.co/BIAcIGUYQa
33,665191326548426752,Fri Nov 13 15:35:45 +0000 2015,0,0,Printable #November 2015 Calendar - Seasonal montly calendar https://t.co/EUefS4Dd5M #Thanksgiving https://t.co/bbETo1f4vm
34,665029160641794048,Fri Nov 13 04:51:22 +0000 2015,1,0,RT @TOfoodfinds: Beautiful chicken karaage at Cafe Le Michi https://t.co/2CwSN5VPJ5
35,665028601335562240,Fri Nov 13 04:49:08 +0000 2015,0,0,Need a little help with your social media? Sign up for a #socialmedia training session today. https://t.co/1hX7Y4LxjT
36,665028063881596928,Fri Nov 13 04:47:00 +0000 2015,16,0,RT @AlexStearnCom: Entrepreneurship is about finding innovative ways to improve people's lives. Richard Branson #Entrepreneur https://t.co/…
37,665027930020442112,Fri Nov 13 04:46:28 +0000 2015,1,0,RT @m_bucher: #Printable Weekly #SocialMedia #Content Planner for multiple platforms https://t.co/4Ap2vwkBpl #Instagram #Pinterest https://…
38,665022618400108544,Fri Nov 13 04:25:22 +0000 2015,1,1,2016 is just around the corner. This 2016 #planner is perfect to map out upcoming #projects &amp; #campaigns https://t.co/hJIlo8HJ9N #printable
39,665022520379076608,Fri Nov 13 04:24:59 +0000 2015,7,0,RT @RoadTripBlogger: Here's a preview of our amazing #RoadTrip to #Pemberton - #hiking #JoffreLakes https://t.co/eyWPFlbjzQ https://t.co/Eq…
40,664960159320571904,Fri Nov 13 00:17:11 +0000 2015,2,1,"Already planning for 2016?

Here's your printable January calendar https://t.co/Q2pK0mNnZS"
41,664752475614879744,Thu Nov 12 10:31:55 +0000 2015,0,0,Featured item: #Printable 2015-2016 Academic #Planner https://t.co/c7takFNv3X #planning #organizing https://t.co/07ihzj7Q9d
42,664494212998631424,Wed Nov 11 17:25:40 +0000 2015,0,0,"If you love #printables, you'll love our colorful monthly planner https://t.co/VrhvqxVL9Y #productive #organizing https://t.co/EPrc1Eb0S0"
43,664309485964390401,Wed Nov 11 05:11:38 +0000 2015,0,0,2016 Printable Planner - Half Page 2016 Weekly /Planner https://t.co/PR9wYmjnme via @Etsy
44,664309376707002369,Wed Nov 11 05:11:12 +0000 2015,7,0,RT @A_StrongWomen: Never be too busy to take time out of your day for those who matter most.
45,664309307794587648,Wed Nov 11 05:10:55 +0000 2015,21,0,RT @Drc_19: http://t.co/sv3R05AthM
46,664308771598897152,Wed Nov 11 05:08:48 +0000 2015,175,0,RT @PoemsNote: “Act with kindness but do not expect gratitude...
47,664308559832707076,Wed Nov 11 05:07:57 +0000 2015,0,0,I generally always take notes by hand in order to recall information better :) https://t.co/b9qEudoxPu
48,664308399216070656,Wed Nov 11 05:07:19 +0000 2015,2552,0,"RT @VeteransENG_CA: Take a moment to salute their courage, thank their families and remember their sacrifices.  #RememberThem https://t.co/…"
49,664308306140205056,Wed Nov 11 05:06:57 +0000 2015,1,0,RT @stevekrohn: Job Expectations Around the World: What Do People Care Abou... https://t.co/xhSJUeDDcS | https://t.co/AdXHdhgavR https://t.…
50,664258010940751872,Wed Nov 11 01:47:05 +0000 2015,0,0,Printable February 2016 Calendar - Seasonal montly calendar -  via @Etsy https://t.co/ow6p3snT6w
51,664226230166757376,Tue Nov 10 23:40:48 +0000 2015,0,0,Printable #December 2015 Calendar - Seasonal montly calendar https://t.co/X0vUYYARha #Christmas https://t.co/PkcWtYMytv
52,664153184055730176,Tue Nov 10 18:50:33 +0000 2015,0,0,Alanis Morissette turned 'Ironic' into a 2015 ballad about #socialmedia https://t.co/PxmEac93XG via @mashable
53,663892691843989504,Tue Nov 10 01:35:26 +0000 2015,0,0,Printable #November 2015 Calendar - Seasonal montly calendar https://t.co/j9v3usOTlf #Thanksgiving https://t.co/GyjReBsovj
54,663609567700492288,Mon Nov 09 06:50:24 +0000 2015,0,0,Printable and Editable #BlackFriday #Shopping List Organizer https://t.co/2FPB8KDHsM https://t.co/oJEURvvLAg
55,663441055426179073,Sun Nov 08 19:40:48 +0000 2015,0,0,"Make 2016 your most #productive year yet

Tips for using your new 2016 #planner https://t.co/0Uzei3d1uL https://t.co/hC5CKVGLUu"
56,663198335226920960,Sun Nov 08 03:36:19 +0000 2015,5,0,RT @RoadTripBlogger: There’s nothing like a great #roadtrip #planner to help you stay organized while on the road https://t.co/9ynGqfAKSO h…
57,663136742191550466,Sat Nov 07 23:31:34 +0000 2015,0,0,Featured item: #Printable 2015-2016 Academic #Planner https://t.co/4ugoDCSGxa #planning #organizing https://t.co/DpCiVNX70G
58,663030932929146880,Sat Nov 07 16:31:07 +0000 2015,0,0,#Movember themed to do list https://t.co/CepPvqOvRl https://t.co/oGMegTvs0Y
59,662979200232632322,Sat Nov 07 13:05:33 +0000 2015,0,0,"Staying #organized begins with a great planner

Our 2016 #printable planner is now available https://t.co/lgxNfdifbe https://t.co/MBwWfoslzb"
60,662932675913740288,Sat Nov 07 10:00:41 +0000 2015,0,0,"Our top selling itmes on Etsy this week: 

#November calendar https://t.co/EO1ajgJ64g 
#BlackFriday Shopping Planner https://t.co/blj9CRKJIC"
61,662897318371422208,Sat Nov 07 07:40:11 +0000 2015,0,0,There’s nothing like a great #roadtrip #planner to help you stay organized while on the road https://t.co/Pc12oH0ot8 https://t.co/nypAzLZxkf
62,662875643734978560,Sat Nov 07 06:14:03 +0000 2015,3,0,RT @stevekrohn: 6 reasons your business should be on #Pinterest &gt;&gt; https://t.co/ZrUpUDEiyQ &lt;&lt; #marketing #content #business https://t.co/KR…
63,662875304231235584,Sat Nov 07 06:12:42 +0000 2015,0,1,"@LauraOinAK hi Laura, I love your cover photo 😊"
64,662875002774032384,Sat Nov 07 06:11:30 +0000 2015,1,0,RT @LauraOinAK: Easy White Chocolate Cranberry Bars https://t.co/tFsk7Hhp83 via @MomMaven
65,662874670446735360,Sat Nov 07 06:10:11 +0000 2015,1,0,RT @GordonAntDavis: 20 Mistakes You Shouldn't Make on #Twitter If You Want More Followers https://t.co/OcPKjR2RYS #Twittertips #socialmedia…
66,662874286747578368,Sat Nov 07 06:08:40 +0000 2015,1,0,RT @WaynePorteous1: Why content writers are becoming the most desirable people in marketing via @kikolani https://t.co/4pA74IENUQ
67,662701229705986048,Fri Nov 06 18:41:00 +0000 2015,0,0,Printable #December 2015 Calendar - Seasonal montly calendar https://t.co/vNEn8D1ane #Christmas https://t.co/EeST5n1lD2
68,662459421042323460,Fri Nov 06 02:40:08 +0000 2015,0,0,#Mustache themed printable to do list https://t.co/MVyuqOUliA #productive #Movember
69,662451963494166528,Fri Nov 06 02:10:30 +0000 2015,1,0,#Mustache themed printable to do list https://t.co/MVyuqOCJU0 #Movember
70,662432531233439744,Fri Nov 06 00:53:17 +0000 2015,100,0,RT @realtimwilliams: An incredibly beautiful fall day in downtown #Pittsburgh! This is how the Steel City does #fall. https://t.co/g88J01a7…
71,662432353621442560,Fri Nov 06 00:52:35 +0000 2015,6,0,"RT @jasmineviel: ❄️ A #winter chill greets #LA early #ChristmasTree #palmtrees #fall 🌴🍂🍁🍃🌴  
https://t.co/dqRXmmZ79E @CBSLA https://t.co/Bz…"
72,662431940159471616,Fri Nov 06 00:50:56 +0000 2015,46,0,"RT @wunderground: Beautiful #fall foliage in Holderness, #NH: https://t.co/ggqhDZW7TC https://t.co/sGKyp06r9v"
73,662430151544737792,Fri Nov 06 00:43:50 +0000 2015,58,0,RT @Entrepreneur: Become a Productivity Monster by Eliminating These 5 Time-Wasting Habits by @MDMJonathan https://t.co/asHRvIU6Pc
74,662430103251656704,Fri Nov 06 00:43:38 +0000 2015,95,0,RT @Entrepreneur: 5 Hobbies That Can Make You Smarter (Infographic) https://t.co/lmXVHUabhp
75,662430028316065792,Fri Nov 06 00:43:20 +0000 2015,30,0,RT @socialmedia2day: 14 Jaw-Dropping Mobile Marketing Stats [Infographic] by @adhutchinson https://t.co/YBzjoLkd3I #socialmedia #mobile htt…
76,662427104630415360,Fri Nov 06 00:31:43 +0000 2015,2,1,"If you love #printables, you'll love our colorful monthly planner https://t.co/Pzi0c3BkGz #productive #organizing https://t.co/cwikEPJWW6"
77,662417378685284352,Thu Nov 05 23:53:04 +0000 2015,0,1,@getupcontent thanks for connecting with me. I hope your day is going well.
78,662367592645050368,Thu Nov 05 20:35:14 +0000 2015,0,0,#Printable Cookie Exchange List - #Christmas Organizer https://t.co/K8zhDWDh9K https://t.co/T7TVVmKTBG
79,662235572581322752,Thu Nov 05 11:50:38 +0000 2015,0,0,NEW 2016 Wall/Desk #Calendar https://t.co/aY0rqcT3Il #printable https://t.co/tIbur1gg5b
80,662230873719312384,Thu Nov 05 11:31:58 +0000 2015,2,0,Printable #November 2015 Calendar - Seasonal montly calendar https://t.co/8oPCR8EXKl #Thanksgiving https://t.co/YSCIWJhg0o
81,661953865542189056,Wed Nov 04 17:11:14 +0000 2015,0,0,5 ways to create #Infographics on #Instagram https://t.co/NukSS2Pr1C
82,661849748467527680,Wed Nov 04 10:17:31 +0000 2015,1,0,"Since it's #Movember, I've created this #printable #mustache themed to do list https://t.co/OsqeOXBLe6 #productive https://t.co/0wb359k423"
83,661782232764280833,Wed Nov 04 05:49:14 +0000 2015,5,0,RT @MarketableDaily: #Printable Weekly #SocialMedia #Content Planner for multiple platforms https://t.co/l0AR2WUnzX #Instagram #Pinterest h…
84,661566703323783173,Tue Nov 03 15:32:48 +0000 2015,3,2,Featured item: #Printable 2015-2016 Academic #Planner https://t.co/Z2t7eWPoDh #planning #organizing https://t.co/keuHO3SmwP
85,661532352888348672,Tue Nov 03 13:16:18 +0000 2015,2,0,Printable and Editable #BlackFriday #Shopping List Organizer https://t.co/WVpOOZUFNP https://t.co/05KY3NLa9H
86,661436547347161088,Tue Nov 03 06:55:36 +0000 2015,1,0,"Make 2016 your most #productive year yet

Tips for using your new 2016 #planner https://t.co/rFUCUPXW5w https://t.co/IObnRpjZzP"
87,661253663403454464,Mon Nov 02 18:48:53 +0000 2015,0,0,#Printable Weekly #SocialMedia #Content Planner for multiple platforms https://t.co/tS5n8HPNhn #Instagram #Pinterest https://t.co/DN5id0HHwY
88,661203143619833856,Mon Nov 02 15:28:08 +0000 2015,0,1,@alicecarolines I love it! I'm looking forward to putting up Christmas decor soon!
89,661176124865683456,Mon Nov 02 13:40:46 +0000 2015,0,0,Printable #December 2015 Calendar - Seasonal montly calendar https://t.co/aYXSBPwdKm #Christmas https://t.co/epGt4404HR
90,661154818233380865,Mon Nov 02 12:16:06 +0000 2015,0,0,2016 is just around the corner. This 2016 #planner is perfect to map out upcoming #projects &amp; #campaigns https://t.co/Yh1PuhYhar #printable
91,661036325311762433,Mon Nov 02 04:25:16 +0000 2015,3,0,Printable #November 2015 Calendar - Seasonal montly calendar https://t.co/c9PPItmdv5 #Thanksgiving https://t.co/hgcYB7iK19
92,660865290008453121,Sun Nov 01 17:05:38 +0000 2015,0,0,"Your #Thanksgiving guide to success has arrived! https://t.co/LIcC7z61Wl 

Plan ahead to save time later. #printable https://t.co/SXrRYad5Wh"
93,660316629402783744,Sat Oct 31 04:45:27 +0000 2015,0,0,Featured item: #Printable 2015-2016 Academic #Planner https://t.co/hYZ9td6ETK #planning #organizing https://t.co/Mt7QqavX5S
94,660134036703023104,Fri Oct 30 16:39:53 +0000 2015,0,0,@THECANDLECO1 Thanks for connecting with me. Are you guys dressed up in the office today? #Halloween
95,659961168665145344,Fri Oct 30 05:12:58 +0000 2015,0,0,"If you love #printables, you'll love our colorful monthly planner https://t.co/KWpjsf03sa #productive #organizing https://t.co/W2xASi2KcB"
96,659959252069523457,Fri Oct 30 05:05:21 +0000 2015,0,0,Planning a #Halloween shindig? Why not use our handy #party #planner to make things easier https://t.co/mSuwSw1hmo https://t.co/8GErsEkkH2
97,659934088967647232,Fri Oct 30 03:25:22 +0000 2015,0,0,Printable and Editable #BlackFriday #Shopping List Organizer https://t.co/o97Pixqc46 https://t.co/kLpsz4fO3Q
98,659505602499096576,Wed Oct 28 23:02:43 +0000 2015,0,0,Planning a #Halloween shindig? Why not use our handy #party #planner to make things easier https://t.co/GPyKHEbpPb https://t.co/zxccSAXKZB
99,659458537878396929,Wed Oct 28 19:55:42 +0000 2015,0,0,"Staying #organized begins with a great planner

Our 2016 #printable planner is now available https://t.co/xJ5Y0O1p8s https://t.co/q2duGDlhVp"
100,659116418856845312,Tue Oct 27 21:16:14 +0000 2015,0,0,"Your #Thanksgiving guide to success has arrived! https://t.co/x7rM9kjBzR 

Plan ahead to save time later. #printable https://t.co/amVUNAEJoQ"
101,658446734482386944,Mon Oct 26 00:55:09 +0000 2015,0,1,Planning a #Halloween shindig? Why not use our handy #party #planner to make things easier https://t.co/UjREEEpXmI https://t.co/Y6EUWENpKx
102,658157389322039296,Sun Oct 25 05:45:24 +0000 2015,0,0,NEW 2016 Wall/Desk #Calendar https://t.co/jfrQFvagzP #printable https://t.co/rVW4rBq0ti
103,657783738093412352,Sat Oct 24 05:00:38 +0000 2015,0,2,2016 is just around the corner. This 2016 #planner is perfect to map out upcoming #projects &amp; #campaigns https://t.co/psrjWNiitd #printable
104,656992620820869120,Thu Oct 22 00:37:01 +0000 2015,9,0,"RT @jeffbullas: 23 Epic #TwitterFacts and Statistics That May Surprise You
 https://t.co/NlDLDr4wMx #twittertips #twitter https://t.co/85rA…"
105,656991843612127232,Thu Oct 22 00:33:56 +0000 2015,22,0,RT @SMExaminer: #SocialMediaTools That Help Optimize Your Time https://t.co/QFVHvAyj7N by @Kikolani #Marketing https://t.co/M5iyBr7Sb9
106,655479691558723584,Sat Oct 17 20:25:11 +0000 2015,0,0,Printable November 2015 Calendar http://t.co/JfFdfwgDcI #Thanksgiving http://t.co/P5dvOwGBEL
107,655445267076935680,Sat Oct 17 18:08:23 +0000 2015,1,0,RT @actionevans: Good morning! Make great things happen today!
108,655431664370348032,Sat Oct 17 17:14:20 +0000 2015,0,1,Stay #organized in 2016 with this #printable 2016 Planner --- &gt; http://t.co/FW1wbSftEw #productive
109,655015272122744832,Fri Oct 16 13:39:45 +0000 2015,3,0,RT @TimeandPlaceCo: Want to #travel to a far away paradise? Thailand is for you! Itinerary tips from @RoadTripBlogger new on the blog: http…
110,655015260844257280,Fri Oct 16 13:39:42 +0000 2015,1,0,RT @RoadTripBlogger: Mini #travel planner kit --&gt; http://t.co/DVQPpLAQrA http://t.co/8iQFIKPsbI
111,655015132091674624,Fri Oct 16 13:39:11 +0000 2015,22,0,RT @kimgarst: Share your articles and/or blog posts with your community! You just might have the answer they are looking for! #twittertip #…
112,655015006220587008,Fri Oct 16 13:38:41 +0000 2015,32,0,RT @kesbutters: 5 Social Media KPIs to Measure for Effective Strategy: http://t.co/AhpXmzr79h  #SocialMedia #KPI http://t.co/dypmJvMViH
113,655014973177880576,Fri Oct 16 13:38:33 +0000 2015,61,0,RT @SMExaminer: How to Easily Analyze Your Competitors #SocialMedia Activities http://t.co/G30kINQaUW by @mahannay #Strategy http://t.co/Bi…
114,655014927359348736,Fri Oct 16 13:38:22 +0000 2015,17,0,RT @kimgarst: Don't remove negative feedback from your page; address it head on and transparently. #facebook #socialmedia
115,655014642725466112,Fri Oct 16 13:37:15 +0000 2015,44,0,RT @jeffbullas: Why Did Your Last Social Media Marketing Campaign Fail? http://t.co/k5DMT0xpeq  #socialmedia #contentmarketing http://t.co/…
116,651065672215199744,Mon Oct 05 16:05:27 +0000 2015,0,0,Happy #Halloween: Party #Planning Kit http://t.co/R3hbP2eqgB http://t.co/CSqCvOP6cd
117,635572762871001089,Sun Aug 23 22:02:09 +0000 2015,0,0,"How to Grow Your Instagram Exposure http://t.co/xl773RK7Hn 

What's your best #Instagram tip?"
118,634729335732183041,Fri Aug 21 14:10:40 +0000 2015,0,1,Why Did Your Last #SocialMedia #Marketing Campaign Fail? http://t.co/79l6D7ZwVP
119,634392418062856192,Thu Aug 20 15:51:53 +0000 2015,0,0,20 Smart Ways to Generate More Leads for Your #Business http://t.co/7XJUbnMF4c
120,631932099302436865,Thu Aug 13 20:55:27 +0000 2015,0,0,How to Use #SocialMedia to Build Your Personal Brand http://t.co/3CM2K2quh3
121,631538343801659392,Wed Aug 12 18:50:49 +0000 2015,0,1,How to Cultivate Loyal Customers With #SocialMedia http://t.co/pqyH7DoaBs
122,631175928455004160,Tue Aug 11 18:50:42 +0000 2015,0,0,Pinterest #Marketing: How to Succeed on #Pinterest http://t.co/dkJutpaV9n
123,630809702834810880,Mon Aug 10 18:35:27 +0000 2015,0,0,6 Tips for #Pinterest #Marketing in Just Minutes a Day http://t.co/70OmFt3sxr
124,630551893589278720,Mon Aug 10 01:31:01 +0000 2015,0,0,Some great tools here - 5 #Twitter Tools to Boost Your #Productivity http://t.co/9l5cbdikms
125,630442430245044224,Sun Aug 09 18:16:03 +0000 2015,0,0,How to Create a Promoted Pin #Campaign on a Budget http://t.co/ZgQl1J6LPo
126,630209312451915776,Sun Aug 09 02:49:43 +0000 2015,1,0,26 Creative Tips and Tools for #SocialMedia Marketers http://t.co/Guh0TCBO6J
127,629863408771407872,Sat Aug 08 03:55:13 +0000 2015,0,0,"How to Grow Your Instagram Exposure http://t.co/G6RJi0zAIS 

What's your best #Instagram tip?"
128,628908502757584896,Wed Aug 05 12:40:46 +0000 2015,0,3,A great read - How to Enhance Customer Experience With #SocialMedia http://t.co/6wCRMKNVbj
129,628777915552002048,Wed Aug 05 04:01:51 +0000 2015,0,0,Giving people an awesome experience on social media increases customer satisfaction and builds long-term loyalty. via @smexaminer
130,628425237621809152,Tue Aug 04 04:40:26 +0000 2015,0,1,"You Can Now Get Your #Instagram Photos Printed on Marshmallows
 http://t.co/Wfp360MIkv"
131,625558861026590720,Mon Jul 27 06:50:29 +0000 2015,0,2,Pinterest #marketing: How to Succeed on Pinterest @smexaminer http://t.co/mg9teI7HHj
132,625483331203895296,Mon Jul 27 01:50:21 +0000 2015,0,1,9 Things You Need to Immediately Stop Doing on #facebook @socialmedia2day http://t.co/k9pmR1Q534
133,594167401240997888,Fri May 01 15:52:02 +0000 2015,0,0,Adopting a Winning Social #Strategy http://t.co/lfH5TCc9BF #business #socialmedia http://t.co/OOWbnBSces
134,580822802166620160,Wed Mar 25 20:05:21 +0000 2015,0,0,YouTube Cards: This Week in Social Media http://t.co/kXj89p6YW5
135,580369807138275328,Tue Mar 24 14:05:19 +0000 2015,0,0,How to Use Facebook Organic Post Targeting http://t.co/sUpM9QIvHV
136,580185236421677057,Tue Mar 24 01:51:54 +0000 2015,0,0,How to Implement a Loyalty Program Using Social Media http://t.co/WJLdHfBNhS
137,580038988284690432,Mon Mar 23 16:10:46 +0000 2015,0,0,20 Bizarre Facts You Never Knew About Martha Stewart http://t.co/bcNIA04T9K
138,579681662474285056,Sun Mar 22 16:30:52 +0000 2015,0,0,How to Measure Social #ROI on #Facebook Ads http://t.co/LrcchSo5S4
139,578565448175902720,Thu Mar 19 14:35:26 +0000 2015,0,0,"How to Use Twitter Lists for #Business http://t.co/r2dumZ6Mfl 

I personally love using Twitter lists."
140,578245846829043712,Wed Mar 18 17:25:27 +0000 2015,0,0,How to Find and Remove Fake Followers from Twitter and #Instagram http://t.co/tTvDFX08oI
141,577943832827944960,Tue Mar 17 21:25:22 +0000 2015,0,4,Snapchat #Marketing: What Businesses Need to Know http://t.co/5nyuVhw4JG
142,577526174768865280,Mon Mar 16 17:45:44 +0000 2015,0,0,29 Tips on How to Succeed With Your #Instagram Marketing – Infographic http://t.co/IkaTbM9o4r
143,577234131525992449,Sun Mar 15 22:25:16 +0000 2015,0,1,5 Tools to Boost Your #SocialMedia Productivity http://t.co/drrO87osbQ
144,576845378345181184,Sat Mar 14 20:40:30 +0000 2015,0,0,The 7 Steps to Create an Awesome Contest on #Instagram http://t.co/ccpdJJMbYZ
145,576587345425768448,Sat Mar 14 03:35:10 +0000 2015,1,0,8 Compelling Ways To Tell 140 Character Stories On #Twitter http://t.co/2IABrNcujo
146,576119321593819136,Thu Mar 12 20:35:24 +0000 2015,1,0,The Most Powerful Connection Tool On #LinkedIn You Should Start Using Today http://t.co/0MabOEU6d1
147,575681442149236736,Wed Mar 11 15:35:26 +0000 2015,0,0,5 Reasons Why You Should Have a Digital #Marketing #Strategy http://t.co/cEeTlAOdR7
148,575414658414288896,Tue Mar 10 21:55:19 +0000 2015,0,0,9 Steps to Creating A Powerful LinkedIn Profile http://t.co/4TDWThlnp4
149,575344317637787648,Tue Mar 10 17:15:49 +0000 2015,0,1,Why Snapchat Should be the Inseparable Addition to #SocialMedia Strategies http://t.co/jIh5Ul45VI
150,574996968407187456,Mon Mar 09 18:15:34 +0000 2015,0,0,8 Ways to Improve Social Shares for Your #Blog http://t.co/fYmxqkxDJF
151,574619450126786561,Sun Mar 08 17:15:27 +0000 2015,0,0,5 #Pinterest Image Styles That People Love to Share http://t.co/rENVzx4kSN
152,574376556593807360,Sun Mar 08 01:10:17 +0000 2015,0,0,How to Stop Wasting Time on #Facebook http://t.co/hmNYESE9XM
153,574225572789927937,Sat Mar 07 15:10:19 +0000 2015,0,0,Don’t Believe the Hype: What #Ello Really Means for #ContentMarketers http://t.co/nHc2UXkhuX
154,574095692412510209,Sat Mar 07 06:34:13 +0000 2015,1,2,We help entrepreneurs utilize #socialmedia for their small #business. Are you one of them? Work with us: http://t.co/X3iIrNhGwf
155,573874474283593728,Fri Mar 06 15:55:11 +0000 2015,0,0,5 LinkedIn Mistakes You Need To Avoid http://t.co/18fQAas58j
156,573659309181112321,Fri Mar 06 01:40:12 +0000 2015,0,0,3 Reasons Why Your #LinkedIn Invitations Get Ignored http://t.co/876btUydLU
157,573556173678514176,Thu Mar 05 18:50:22 +0000 2015,0,1,10 Amazing Facts About #Pinterest #Marketing That Will Surprise You http://t.co/Pg7RqEsZjm
158,566273387463733248,Fri Feb 13 16:31:11 +0000 2015,0,1,How to Improve Your Reach and Promote Your Brand #Pinterest http://t.co/al7c8OVFNy
159,565367253273948160,Wed Feb 11 04:30:31 +0000 2015,1,1,How to Promote Your Business With #Instagram http://t.co/ty8GsZ19Os #socialmedia
160,563735195975966721,Fri Feb 06 16:25:19 +0000 2015,0,0,The 7 Best #Instagram #Hashtags for Business (in 30+ Niche Markets) http://t.co/njxP5a9otI
161,563479888217509888,Thu Feb 05 23:30:48 +0000 2015,0,0,"#Facebook #marketing is changing, you've got to keep up: http://t.co/Wk35yieXbe"
162,563395489656492032,Thu Feb 05 17:55:26 +0000 2015,0,1,3 Popular #Pinterest Projects That Don't Even Work | Pinvestigation: http://t.co/C1HVGZei01
163,563117385008553984,Wed Feb 04 23:30:21 +0000 2015,0,0,People were actually using Facebook less last year http://t.co/fGL9DPpPhu  #socialmedia
164,562993401965338624,Wed Feb 04 15:17:41 +0000 2015,0,0,Tips and Tricks for Using Hashtags on Social Media Sites http://t.co/42Zz1eqb3G
165,562254186847666176,Mon Feb 02 14:20:18 +0000 2015,0,1,Lessons From the 10 Best LinkedIn Company Pages http://t.co/G29XvWFRNx
166,562023899437998082,Sun Feb 01 23:05:14 +0000 2015,0,0,"#SuperBowl2015 #commercials: Watch them all here http://t.co/5theO5iEt3 via @mashable

Which is your favourite?"
167,560949290944983043,Thu Jan 29 23:55:07 +0000 2015,1,2,4 Must-Have Tools for #SocialMedia Marketers http://t.co/JRdIWYFdia  #smm #marketing #blogging
168,560858746390581248,Thu Jan 29 17:55:20 +0000 2015,0,0,6 Irresistible #Blogging Tools to Increase Your Productivity and Traffic http://t.co/mKWht80PS7  #Bloggingtips #Bloggingtools
169,560111281634807809,Tue Jan 27 16:25:10 +0000 2015,0,0,"If your goals don't inspire you, choose new goals."
170,559829524385251330,Mon Jan 26 21:45:34 +0000 2015,0,0,Why you should write regularly even if you don't consider yourself a writer http://t.co/EmHVQtVorE
171,558463844528689153,Fri Jan 23 03:18:50 +0000 2015,0,0,Social Media Engagement: The Surprising Facts About How Much Time People Spend On The Major Social Networks http://t.co/wOphh6gJYC
172,558335896731529216,Thu Jan 22 18:50:25 +0000 2015,0,0,6 Facebook Statistics to Improve Your Performance on Page http://t.co/6zuQhxeIoX … via @agorapulse
173,558314432112377856,Thu Jan 22 17:25:08 +0000 2015,0,0,5 Things to Do Every Day in 2015 to Be a Better You by @ZachOnLinkedIn http://t.co/Xt6fopnro4
174,558288190306791424,Thu Jan 22 15:40:51 +0000 2015,3,4,"""Strategy for 2015: Focus on Customer Experience"" by @MBowmanMBA http://t.co/AETm3dPuiO"
175,556209110312820736,Fri Jan 16 21:59:20 +0000 2015,0,1,How to Make the Most of #Facebook Mobile Ads http://t.co/pzOKlgzhve
176,538555339634118656,Sat Nov 29 04:49:33 +0000 2014,0,0,Finding Hobo Joe: A Road Trip Story http://t.co/VQR9ggNMHj  #travel #roadtrip #Arizona
177,538471247114694657,Fri Nov 28 23:15:24 +0000 2014,0,0,14 #Twitter Holiday Tips To Beat Your Competition http://t.co/tUQWySP4zs
178,538078645672501248,Thu Nov 27 21:15:20 +0000 2014,0,1,To Hashtag or Not to Hashtag: Challenges With #SocialMedia’s Most Powerful Marketing Tool http://t.co/7IU6oKdRvX
179,538008235559886848,Thu Nov 27 16:35:33 +0000 2014,0,0,Google Analytics: Setting Up Goals http://t.co/hx5Neej9TQ
180,537733861568823296,Wed Nov 26 22:25:17 +0000 2014,0,0,27 Super Easy Tactics To Boost Your #Twitter Strategy http://t.co/8M1DZ1MO2V #socialmedia #marketing
181,537655977387253760,Wed Nov 26 17:15:48 +0000 2014,0,0,200 Million Reasons Your #Business Needs #Instagram http://t.co/3muzNxynO2
182,537629548603797505,Wed Nov 26 15:30:47 +0000 2014,0,1,This Week in #ContentMarketing: #Facebook Continues To Mess with Your Content http://t.co/A9Af2M1Eep
183,537337463170433024,Tue Nov 25 20:10:09 +0000 2014,0,0,20 #SocialMedia #Marketing Tips From the Pros http://t.co/7YrmYcvEFr
184,537290945793126400,Tue Nov 25 17:05:18 +0000 2014,0,0,This is great to hear - 4 Instagram Tools for Scheduling #Instagram Updates http://t.co/w3Rla01qut
185,537106955048058880,Tue Nov 25 04:54:11 +0000 2014,0,0,An interesting read - #Facebook to Overtake #YouTube: 5 New Research Findings http://t.co/llJA8hywGD
186,532612592779661313,Wed Nov 12 19:15:12 +0000 2014,0,1,Six Tips for a Killer Hashtag Marketing Campaign http://t.co/m4KC4UZ0dL  http://t.co/BIEy7A4TO4
187,531935608600788993,Mon Nov 10 22:25:06 +0000 2014,0,1,Instagram finally lets you edit photo captions http://t.co/hRHjjmD8d8 via @mashable
188,531917415937216512,Mon Nov 10 21:12:49 +0000 2014,1,0,RT @jeffbullas: Why Chasing Facebook Likes is Not Clever #SocialMedia Marketing http://t.co/l2dx70ucL5  #marketing #marketingtips
189,529789003042525185,Wed Nov 05 00:15:15 +0000 2014,0,0,4 Ways to Turn Your Employees Into Brand Ambassadors http://t.co/wAtpsAXECh  via @smexaminer
190,529682477271752704,Tue Nov 04 17:11:58 +0000 2014,1,2,RT @GlenGilmore 1 in 5 #socialmedia #custserv comments go unanswered - like not answering 1 in 5 phone calls! ~ @andrewcaravella #CSMCS
191,529434846880595968,Tue Nov 04 00:47:58 +0000 2014,0,0,I also see this quite frequently @SocialCityNews. Social media is a great communication tool for social customer service and brand building.
192,529434665124634624,Tue Nov 04 00:47:15 +0000 2014,0,0,RT @SocialCityNews I come across many business owners &amp; leaders who think of Social Media as a magic wand to boost business success
193,528346952225017856,Sat Nov 01 00:45:04 +0000 2014,0,0,A funny #Halloween prank - Man dressed as Fake Speed Camera: http://t.co/cYdTuTVEvW via @YouTube
194,528223062450503682,Fri Oct 31 16:32:46 +0000 2014,0,0,"Happy #Halloween!

This is why girls shouldn't dress as a mummy for Halloween. We can never find the right outfit ;) http://t.co/ThN0phhPBh"
195,527581513538605056,Wed Oct 29 22:03:29 +0000 2014,0,2,Jimmy Fallon: Pros and Cons of Joining Ello http://t.co/YF1xf9qrwi #socialmedia
196,527460103717666817,Wed Oct 29 14:01:03 +0000 2014,0,0,Social Media Shouldn’t be Scary… Except on #Halloween http://t.co/y3EoSIqaiE
197,526775364774027264,Mon Oct 27 16:40:08 +0000 2014,0,0,Content Marketing Pro Tip: Be Human http://t.co/M5ktE0I1ng
198,526733831068745728,Mon Oct 27 13:55:06 +0000 2014,0,0,#ContentMarketing – Where Does Information End and Promotion Start in Business Social Media? http://t.co/DcQ50RmEKx
199,526621960856698880,Mon Oct 27 06:30:34 +0000 2014,1,1,Awareness Campaigns Don’t Have To Be Boring! http://t.co/qJyLUzQVKK #branding #marketing
