,id_str,created_at,retweet_count,favorite_count,text
0,668715977853550592,Mon Nov 23 09:01:27 +0000 2015,0,0,Moroccan &amp; Cookclub Spices - Tues 24th Nov '15 - #geneva #cookclub #moroccan #spices #tagine https://t.co/AMMgxiBUcI
1,667266016653668352,Thu Nov 19 08:59:50 +0000 2015,0,0,"""Enough is a Feast"" - Friday 20th Nov '15 - #geneva #feast #leek # soup #feed https://t.co/D4MP6Tv4PJ"
2,666179121580367872,Mon Nov 16 09:00:54 +0000 2015,0,0,Lebanese Meatball &amp; Moussaka - Tue 17 &amp; Wed 18 Nov - #'geneva #switzerland #lebanese #meat #moussaka https://t.co/hBKNkK5wfO
3,664733115135356929,Thu Nov 12 09:14:59 +0000 2015,0,0,Diwali Menu - Fri 13 Nov '15 - #geneva #diwali #festival #light #friday #switzerland https://t.co/JgwsiFZljM
4,663645882542329856,Mon Nov 09 09:14:42 +0000 2015,0,0,Curry &amp; Mango Munchies  - Tues 10 &amp; Weds 11 Nov '15 - #geneva #mango #cook #chef #curry https://t.co/K8KTjpK4MU
5,661830239530516480,Wed Nov 04 08:59:59 +0000 2015,0,1,Absolutely Thursday - Cookclub Menu 5th Nov '15 - #geneva #switzerland #couscous #pumpkin #minion https://t.co/OlFdTGdERL
6,661128091838754816,Mon Nov 02 10:29:54 +0000 2015,0,0,An Iranian Banquet - Menu Tues 3 &amp; Weds 4 Nov - #geneva #cookclub #iranian #food #lunch https://t.co/PGNStVc3Se
7,661112987793551360,Mon Nov 02 09:29:53 +0000 2015,0,0,An Iranian Banquet - Menu Tues 3 &amp; Weds 4 Nov - #geneva #iran #plum sauce #spinachhttp://eepurl.com/bEyAPf
8,659656154109251584,Thu Oct 29 09:00:57 +0000 2015,0,0,Happy Halloween ! - Menu Fri 30 Oct '15 #halloween #pumpkin #soup #geneva #cookclub #food - https://t.co/k5PmOKdC9l
9,658568878977654784,Mon Oct 26 09:00:31 +0000 2015,1,1,Persian Ruby Red Jewels ! - Tues 27 &amp; Weds 28 Oct - #iranian #ruby #zereshk #food #persian https://t.co/OIAOJVkeHV
10,658203316132909056,Sun Oct 25 08:47:54 +0000 2015,1,0,"@La_Shoperie located at 27, Route de Malagnou, Geneva, 1208, Switzerland. #drink #nice #delivery #Switzerland"
11,658202723595218944,Sun Oct 25 08:45:32 +0000 2015,0,0,"New food and drink store. 7/7 til midnight ! Click and like ! #geneva #food #switzerland
https://t.co/tkCon4YauE https://t.co/EGDOPqkgBg"
12,657104079244521472,Thu Oct 22 07:59:55 +0000 2015,0,0,Good old Loobiya Polo - Menu Fri 23 Oct  - #geneva #switzerland #loobiya polo #food #healthhttp://eepurl.com/bDorhb
13,656016939253387264,Mon Oct 19 08:00:01 +0000 2015,0,0,"Marrakech, the home of YSL -  Tues 20 &amp; Weds 21 October #marrakech #geneva #food #salad #health http://t.co/bdfNSQtA6R"
14,654567605940805633,Thu Oct 15 08:00:53 +0000 2015,0,0,Chicken Tikka Tandoori Please Menu Fri 16 Oct  - #curry #tandoori #minions #kebab #geneva #cookclub http://t.co/Z2ji8cKPHU
15,653480221052526592,Mon Oct 12 08:00:00 +0000 2015,0,0,Meatballs in Napoletana Sauce - Tue 13 Weds 14 Oct - #meatballs #geneva #cookclub #napoletana http://t.co/zU6w0u4Iyv
16,652030660341796864,Thu Oct 08 07:59:58 +0000 2015,0,0,Absolutely Iranian - Menu  Fri 11 Oct '15 - #cook #chef #iranian #friday #geneva #cookclub http://t.co/Eorcxif3Pb
17,650943525563949059,Mon Oct 05 08:00:05 +0000 2015,0,0,Keep calm &amp; have a roast  - Tues 6 &amp; Weds 7 Oct - #roast #marinated 'flavor #vegetables #chicken http://t.co/TxeJWxVRiC
18,649501500553564161,Thu Oct 01 08:29:59 +0000 2015,0,0,Easy Peasy Friday Menu - 2nd October'15 - http://t.co/i3Yo9I5PAg
19,648406928335343616,Mon Sep 28 08:00:33 +0000 2015,0,0,Time for a Tasty Indian - Tues 29 Sep 15 - #geneva #indian #food #cookclub.ch http://t.co/e0RBwomCZI
20,646957624408322049,Thu Sep 24 08:01:32 +0000 2015,0,0,Paddle the leek soup river - Menu Fri 25 Sep '15 - #geneva #soup #food #health #restaurant  http://t.co/KFx9GMw8ej
21,646602405476478976,Wed Sep 23 08:30:01 +0000 2015,0,0,Special Offer Thursday Menu - 24 Sep '15 - #geneva #thursday #cookclub.ch #food #value #specialoffer http://t.co/EXWq6sJ3rW
22,645870052961570816,Mon Sep 21 07:59:54 +0000 2015,0,0,A warm boost for Autumn - Tues 22 &amp; Weds 23 Sept - #geneva #curry #mince beef #keema #rice http://t.co/AasQOIFTgO
23,644428015934402560,Thu Sep 17 08:29:46 +0000 2015,0,0,Aubergine Curry and Lentil Soup - Fri 18 Sep '15 - #curry #lentils #friday #food #supper http://t.co/KkpnP3Qg5z
24,643333366901706752,Mon Sep 14 08:00:01 +0000 2015,0,0,Chicken Curry &amp; Mango Chutney - Tues 15 &amp; Weds 16 Sep -  #geneva #curry #food #cookclub.ch #roya #lunch http://t.co/PFoLPQfco9
25,640799907792613376,Mon Sep 07 08:12:58 +0000 2015,0,0,On our way to Morocco - Menu Tues 8 &amp; Weds 9 Sep - #morocco #drinks #geneva #cook #cookclub http://t.co/ZjcwH4AHsZ
26,639347034487582721,Thu Sep 03 07:59:46 +0000 2015,0,0,Keep Calm and Enjoy Cookclub - Menu Fri 4th Sep - #keepcalm #friday #big #food #enjoy #geneva #cookclub http://t.co/o69xs3ecXX
27,638260243743424512,Mon Aug 31 08:01:15 +0000 2015,0,0,Meatballs are back on the menu - Tue 1 Weds 2 Sep - #geneva #meatballs #lunch #dinner #deliveryhttp://eepurl.com/bxvYxj
28,636810331403210752,Thu Aug 27 07:59:49 +0000 2015,0,1,Quinoa - High Nutrient Richness Friday 28 Aug - #quinoa #nutrients #wholegrain #geneva #cookclub http://t.co/89bEUGJyAB
29,635723206154977280,Mon Aug 24 07:59:58 +0000 2015,0,0,Spicy Spoon ! Cookclub Menu Tues 25 Weds 26 Aug - #geneva #india #spice #roya #cookclub http://t.co/qesSVr5G3x
30,634277362570534912,Thu Aug 20 08:14:42 +0000 2015,0,0,Iranian Friday - Cookclub Menu Fri 21 Aug - #geneva #iranian #chicken #rice #friday #foodhttp://eepurl.com/bwAHOv
31,634273579534811136,Thu Aug 20 07:59:40 +0000 2015,0,0,Iranian Friday - Cookclub Menu Fri 21 Aug - #geneva #iranian #food #enjoy #friday #rice http://t.co/QYWB0yH2jG
32,633186565188026368,Mon Aug 17 08:00:15 +0000 2015,0,0,Eat ! Cookclub Menu Tues 18 Weds 19 Aug - #eat #chicken #geneva #switzerland #cookclub http://t.co/jBlvnGMfBT
33,631736914228477952,Thu Aug 13 07:59:52 +0000 2015,0,0,Fantastic Choice for Friday - Menu 14 Aug '15 -  #nargesi #lunch #friday #geneva #delicious http://t.co/dwJDJqFFhT
34,630661047913811968,Mon Aug 10 08:44:45 +0000 2015,0,0,Aubergine Curry &amp; Co. - Tues 11 Aug '15 - #curry #geneva #saagaloo #spice #lunch http://t.co/CNympiqou7
35,629200424248197120,Thu Aug 06 08:00:45 +0000 2015,0,0,Wild Rice Wild Heath Wild Weekend Menu Fri 7th Aug - #fireworks #food # geneve #delivery #lunch http://t.co/Q3C9uOd1SG
36,620304426406936576,Sun Jul 12 18:51:14 +0000 2015,0,0,Another nice cake ! https://t.co/hlu3L3XHV4
37,618018992570126336,Mon Jul 06 11:29:44 +0000 2015,0,0,Final Menu - This Tues 7th &amp; Weds 8th July ! - #geneva #summer #cookclub #switzerlandhttp://eepurl.com/bsqtsT
38,616516628092555264,Thu Jul 02 07:59:53 +0000 2015,0,0,Fantastic Friday ! - Menu Fri 3rd July -  #wimbledon  #geneva  #food  #enjoy  #health  http://t.co/XXh7FBeJhs
39,615429396795490304,Mon Jun 29 07:59:36 +0000 2015,0,1,Cool It ! - Menu Tues 30 Jun Weds 1 July - #geneva #cool #switzerland #roya #holiday #iranian http://t.co/vssY6CJ2u8
40,613994205866692608,Thu Jun 25 08:56:40 +0000 2015,0,0,Curry and Mango Chutney Menu - Fri 26 Jun - #geneva #cookclub #summer #mango http://t.co/oLJq9f8ZLU
41,612892680071323648,Mon Jun 22 07:59:36 +0000 2015,0,0,Moroccan Magic Menu - Tues 23 &amp; Weds 24 June - #morocco #lunch #geneve #canton http://t.co/Aoi8cqEiXR
42,611080715002712064,Wed Jun 17 07:59:30 +0000 2015,0,0,Fantastic Choice of the Week - Menu Thurs 18 Jun - #geneva #switzerland #menu #food #loobiya    http://t.co/m213TuS34r
43,610355951879585792,Mon Jun 15 07:59:33 +0000 2015,0,0,Lebanese Aubergine delights ! Tues 15 Wed 16 Jun '15 - #cookclub #malagnou #delicious #lunch #dinner http://t.co/0f54mRnTky
44,608906346143055873,Thu Jun 11 07:59:20 +0000 2015,0,0,The key is Kebab - Cookclub Menu Fri 12 Jun - #geneva #switzerland #kebab #food   http://t.co/nETp2nKg1o
45,607819452206481408,Mon Jun 08 08:00:24 +0000 2015,0,0,Cloudy with a Chance of Meatballs Tues 9 Wed 10Jun - #geneva #meatballs #cookclub #malganou #food http://t.co/4izDDuM1jL
46,606369679775567872,Thu Jun 04 07:59:32 +0000 2015,0,1,Cool Down on a Hot Day - Menu Fri 5th June -  #geneva  #switzerland  #food  #summer  #hot http://t.co/YhG6gHsoSu
47,605282495001710592,Mon Jun 01 07:59:27 +0000 2015,0,1,Hot Moroccan Merguez Menu ! Tues 2 &amp; Weds 3 June - http://t.co/9Yg0xnSgKB
48,603832970143752192,Thu May 28 07:59:33 +0000 2015,0,0,Happy &amp; Healthy Friday - Menu Fri 29 May - #geneva #food #friday #lunch http://t.co/jgEokT1K8o
49,603108819472777217,Tue May 26 08:02:02 +0000 2015,1,1,"Curry and Mango Chutney Menu - Weds 27 May !
 - #geneva #food #mango # chutney #roya #lunch http://t.co/jjvcknQU0i"
50,600953984052891648,Wed May 20 09:19:29 +0000 2015,0,0,Thursday not Friday ! - Our Menu for Thurs 21 May - #geneva #cookclub http://t.co/TTbZFXIcgb
51,600209199524548609,Mon May 18 07:59:59 +0000 2015,0,1,Fajita Fun Food - Menu Tues 19 May &amp; Weds 20 May  - #fajita #geneva #swiss #expat #mexican http://t.co/cgOfnLJGzt
52,598458155539025921,Wed May 13 12:01:57 +0000 2015,0,2,"Stay Healthy &amp; Wealthy ! Cookclub Menu Fri 15 May
 - #geneva #cookclub #food #lunch #dinnerhttp://eepurl.com/bne85X"
53,597672420451983361,Mon May 11 07:59:43 +0000 2015,0,0,Moroccan Week - Menu Tues 12 May Weds 13 May '15 -  #geneva  #switzerland  #morocco  #food http://t.co/VskFUKMtoJ
54,597352322801410048,Sun May 10 10:47:46 +0000 2015,0,0,Sometimes it has to be an English breakfast ! #breakfast #roya #geneva http://t.co/ZsxLBRqhgf
55,596245641900134401,Thu May 07 09:30:13 +0000 2015,0,0,1 CHF Friday Special - Delivery to you this Friday ! - #geneva #cookclub http://t.co/gGwo7KWh5i
56,596222853638295553,Thu May 07 07:59:40 +0000 2015,0,0,Ooh La La Vendredi - Menu Fri 8 May - #geneva #basmatirice #loobiyapolo #roya #salad   http://t.co/fDmkpTpYdH
57,595144276864020480,Mon May 04 08:33:47 +0000 2015,0,1,Aubergine Curry &amp; Co. - Tue 5 &amp; Weds 6 May - #geneva #switzerland #indian #vegetarian http://t.co/rBiswxvzKb
58,593686169487056897,Thu Apr 30 07:59:47 +0000 2015,0,0,Healthy &amp; Happy Eating - Menu Fri 1 Apr - #geneva #switzerland #cookclub #friday http://t.co/qAuu1YGfvN
59,592598956040966144,Mon Apr 27 07:59:35 +0000 2015,0,0,Meatballs and Guacamole Magic - Tue 28 Weds 29 Apr - #geneva 'switzerland #meatballs #guacamole http://t.co/WZBGRAA0Cs
60,591149397280436224,Thu Apr 23 07:59:33 +0000 2015,1,0,Borek &amp; Soup Menu Fri 24th April - #geneva #soup #cookclub #friday #royaalavi   http://t.co/LLczSj4pgX
61,590062832583987200,Mon Apr 20 08:01:56 +0000 2015,0,1,Chicken Tikka Masala - Tues 21 and Weds 22 April - #cookclub #geneva #indianfood #masala http://t.co/RBzrdeBu0w
62,587526122008510464,Mon Apr 13 08:01:57 +0000 2015,0,0,Seasonal Spot light Menu Tues 14 Weds 15 - #geneva #spring #food #cookclub http://t.co/qNsZHjVZQZ
63,583177425661485057,Wed Apr 01 08:01:47 +0000 2015,0,0,Encore Une Fois Tikka Kebab Heaven Menu Thur 2 Apr - #geneva #cookclub #health #food  http://t.co/2wHU2tpqIV
64,582452717655699456,Mon Mar 30 08:02:03 +0000 2015,0,0,Magical Moroccan End of March Menu -  #morocco  #food  #lacleman  #geneva  #lunch     http://t.co/rABmzKVpnv
65,581017760123092992,Thu Mar 26 09:00:03 +0000 2015,0,0,Easy Peasy Friday Full of Choice - Menu Fri 27 Mar - #geneva #switzerland #cookclub #food     http://t.co/6mvfyIfWGe
66,580655741222141952,Wed Mar 25 09:01:31 +0000 2015,0,0,Tikka Kebab Heaven Menu for Thurs 25 Mar -   #geneva  #roya  #switzerland  #food  #cheap http://t.co/ovRkOeZZxM
67,579953147000463360,Mon Mar 23 10:29:39 +0000 2015,0,0,"Norooz - Iranian New Year ! Menu Tues 24 Weds 25
 - #geneva #iran #foodhttp://eepurl.com/bhGOlr"
68,578481184533061632,Thu Mar 19 09:00:36 +0000 2015,0,2,Easy Peasy Friday Full of Choice - Menu Fri 20 Mar - #feedme #eat #lovefood #lunch #geneva #switzerland http://t.co/6U58BfsHGi
69,577393997284425729,Mon Mar 16 09:00:31 +0000 2015,0,1,Time for a Tasty Indian - Tues 17 Weds 18 Mar - #geneva #cookclub #indian #lunch #quality http://t.co/CYjcA4jn4s
70,577226174847389696,Sun Mar 15 21:53:39 +0000 2015,0,0,Cookclub prepares another party event here in Geneva. Let us know what your family would like #cookclub #food #geneva http://t.co/DIU8pvSJCk
71,575945517693190145,Thu Mar 12 09:04:46 +0000 2015,0,0,Feed me Friday - Menu Fri 13th (ooh) - #geneva #switzerland #friday #lunch http://t.co/CN8MUxRYyX
72,574857505093758976,Mon Mar 09 09:01:24 +0000 2015,0,0,Meatball &amp; Moussaka Magic - Tues 10 &amp; Weds 11 Mar - #geneva #switzerland #moussaka #embassy http://t.co/v8QLysoSwl
73,574582593192091648,Sun Mar 08 14:49:00 +0000 2015,0,0,Cake on the lake #geneva # Switzerland #patisserie http://t.co/GBa6LYQ6NO
74,573408740193538049,Thu Mar 05 09:04:31 +0000 2015,0,0,"Italy, Turkey &amp; Morocco in one trip - Fri 6th Mar - #geneva #switzerland #tiramisu #food #enjoy #eat http://t.co/bS8iHJS9PS"
75,572320363423526912,Mon Mar 02 08:59:42 +0000 2015,0,0,Fajita Republic - Tues 3 / Weds 4 Mar ' 15 - #geneva #switzerland #cookclub #food #mexican http://t.co/YjcaFU1Qsm
76,570870938717126657,Thu Feb 26 09:00:12 +0000 2015,0,1,"Friday Food @ 1,3,5,7,9 &amp; 11 CHF
 - #geneva #cookclub #switzerland #food http://t.co/FwGUgaOO1H"
77,569783728593100800,Mon Feb 23 09:00:01 +0000 2015,0,0,Keema &amp; Chickpea Aloo Menu for Tues/Weds 24/25th - #geneva #switzerland #cookclub #lunch #embassy http://t.co/euLSljMlHH
78,568840963919089665,Fri Feb 20 18:33:49 +0000 2015,2,1,Cookclub Geneva serves up some treats for our clients today ! #geneva #CookClub #food #Switzerland http://t.co/xoali0iC07
79,568739263589847040,Fri Feb 20 11:49:41 +0000 2015,0,1,Morrocan #cookclub #geneva #greenbeans #morrocampotato #chickentagine # http://t.co/GPfWJowVDy
80,567258207286882304,Mon Feb 16 09:44:30 +0000 2015,0,0,Warm up with Cookclub curry menu for Tues/Weds 17/18 - #geneva #cookclub #spice #indian # foodhttp://eepurl.com/beni_5
81,566563980047818752,Sat Feb 14 11:45:53 +0000 2015,0,1,Aosta in Italy ... Fresh Bread crocodile #crocodile #cookclub #italy http://t.co/Yl9Lo8aLqm
82,564710214943776768,Mon Feb 09 08:59:41 +0000 2015,0,0,Nargesi is back - Menu for Tues 10 Feb - #geneva #switzerland #cookclub #food #health http://t.co/XeIR9PlLfP
83,563260675196084224,Thu Feb 05 08:59:44 +0000 2015,0,1,"Healthy Food @ 1,3,5,7,9 &amp; 11 CHF  Fri 6 Feb - #soup #celery #chicken #lake geneva #switzerland http://t.co/mD4zYmcg9p"
84,562173570789699585,Mon Feb 02 08:59:58 +0000 2015,0,0,U R What U Eat ! - Menu Tues 3 &amp; Weds 4 Feb '15 - #geneva #switzerland #health #roast #fresh #lunch http://t.co/WEkbasp3AH
85,560723908496998400,Thu Jan 29 08:59:32 +0000 2015,0,0,Feed me Friday - Menu Fri 30 Jan '15 - #champel #geneva #unitednations #food #health  http://t.co/sQY2nBIbcJ
86,559636760490045440,Mon Jan 26 08:59:35 +0000 2015,0,1,Believe in India - Menu Tues 27 / Weds 28 Jan '15 - #geneva #switzerland #indian #cookclub  http://t.co/gYdkJB168x
87,558187298164989952,Thu Jan 22 08:59:57 +0000 2015,0,0,Easy Peasy Friday - Menu Fri 23 Jan '15 - http://t.co/rJ60M4vYMd
88,557100103115472896,Mon Jan 19 08:59:49 +0000 2015,0,0,Come with me to Iran - Menu Tues 20 / Weds 21 - #geneva #switzerland #iranian #food http://t.co/BmsjT2AOfJ
89,554563341503692800,Mon Jan 12 08:59:38 +0000 2015,1,0,The Magic of Morocco - Menu Tues 13 Jan'15 -  #geneva  #switzerland  #morocco  #chicken http://t.co/SFpxGLAkvt
90,553113744289447936,Thu Jan 08 08:59:27 +0000 2015,0,1,New Year's Resolution - Our Friday Menu 9 Jan '15 - #couscous #meal #geneva #switzerland #cookclub     http://t.co/2Gg03Gn0H8
91,552026627979624448,Mon Jan 05 08:59:38 +0000 2015,0,0,New Years Resolution ! Menu 6 &amp; 7 Jan 2015 - #geneva #switzerland #chef #newyear #health    http://t.co/eEKVGFwLQn
92,544416710124900352,Mon Dec 15 09:00:33 +0000 2014,0,0,Last menu of the year ! - Tues 14 &amp; Weds 15 Dec '14 - #geneva #switzerland #christmas #food #lunch http://t.co/ZP8NZwmC81
93,541880103614291968,Mon Dec 08 09:00:59 +0000 2014,0,0,Life life with a little spice ! Tues 9 / Weds 10 Dec '14 - #spice #geneva #nyon #cookclub  http://t.co/cvTMNurJ7Z
94,539343594482827264,Mon Dec 01 09:01:48 +0000 2014,0,0,Stir fried with pineapple chutney ! - Tues 2 &amp; Wed 3 Dec '14 - #geneva #pineapple #switzerland #food http://t.co/KT2tTFpkq0
95,537893560628953088,Thu Nov 27 08:59:53 +0000 2014,0,0,Happy Thanksgiving ! - Menu Fri 28 Nov '14 -  #geneva  #switzerland  #food  #pumpkin http://t.co/r2XS5PwVFp
96,536813933252730880,Mon Nov 24 09:29:49 +0000 2014,0,0,Chicken Tikka Masala - Tues 25 &amp; Weds 26 Nov '14 - #geneva #chicken #tikka 'switzerland #takeaway http://t.co/z0b1Y73Bxs
97,535357089066258432,Thu Nov 20 09:00:51 +0000 2014,0,1,Chicken Tikka Kebab &amp; Soup - Menu Fri 21 Nov 14 - #nyon #geneva #switzerland #food #indian http://t.co/5jeOkNBr82
98,534269959355244545,Mon Nov 17 09:00:59 +0000 2014,0,1,Moroccan Magic - Tues 18 &amp; Weds 19 Nov '14 - #geneva #switzerland #morocco #tagine #couscous http://t.co/e47WJwHWfC
99,532820239713460224,Thu Nov 13 09:00:19 +0000 2014,0,0,As little as 1 chf - Menu Fri 14 Nov '14 - #geneva #switzerland #daal #food #rice - http://t.co/UipPQrOV5I
100,531733119695474688,Mon Nov 10 09:00:29 +0000 2014,0,1,WTF (Where's The Food?) - Tues 11 &amp; Weds 12 Nov '14 - #geneva #aubergine #switzerland #food  http://t.co/sHE121AAN1
101,530294705779507202,Thu Nov 06 09:44:44 +0000 2014,0,1,Get the heat in your body ! - Menu Fri 7 Nov '14 - #geneva #switzerland #food #spice #friday http://t.co/S5ky3k2y9E
102,529196771113578496,Mon Nov 03 09:01:56 +0000 2014,0,1,The Fall &amp; Food - Tues 4 &amp; Weds 5 Nov - #cookclub #geneva #fresh #curry #spices http://t.co/bBUQb7VMrJ
103,526659766160850944,Mon Oct 27 09:00:47 +0000 2014,0,0,Diwali is here ! Menu Tues 28 &amp; Weds 29 Oct '14 - #geneva #switzerland #indian #tasty #order  http://t.co/w5uDo0ZQLP
104,524107920464564224,Mon Oct 20 08:00:40 +0000 2014,0,0,Biryani to die for ! - Tues 21st Oct - http://t.co/tD1yR3tXhJ
105,522658293051699200,Thu Oct 16 08:00:22 +0000 2014,0,0,Couscous &amp; Soup: Menu Fri 17th Oct '14 - #geneva #switzerland #food #cookclub #lunch http://t.co/NV0P8H5wot
106,521571511144964096,Mon Oct 13 08:01:53 +0000 2014,0,1,Curry &amp; fresh mango chutney ! - Tues 14 &amp; Weds 15 -  #geneva #switzerland #curry #mango #lunches- http://t.co/vnZQ4nxaI5
107,520122080486907904,Thu Oct 09 08:02:22 +0000 2014,0,0,Biryani &amp; soup ! - Menu Fri 10 Oct '14 - http://t.co/ZdCf5tqj1P
108,519034324553703424,Mon Oct 06 08:00:00 +0000 2014,0,1,3 potent healing foods - Tues 7 &amp; Weds 8 Oct '14 - #geneva #avocado #tumeric #spices #garlic #lunchhttp://eepurl.com/4ZI65
109,517584674965573632,Thu Oct 02 07:59:37 +0000 2014,0,0,Take Care of Your Body: Menu Fri 3rd Oct '14 -  #salad #geneva #switzerland #lunch #lake http://t.co/981BaVB7fz
110,516497628347912192,Mon Sep 29 08:00:05 +0000 2014,0,0,Taste of Lebanon - Menu Tues 30 Sept / 1st Oct #geneva #lebanese #food #delicious - http://t.co/79eSyywiUA
111,515049182877327360,Thu Sep 25 08:04:29 +0000 2014,0,1,Nutrition for Bodies - Menu Fri 26th Sept '14 #geneva #lunch #health #friday #switzerland   - http://t.co/MzVWuIS9sD
112,513961089495601152,Mon Sep 22 08:00:47 +0000 2014,0,0,Spice of India - Menu Tues 23 / Weds 24 Sept '14 - #geneva #curry #indian #switzerland http://t.co/0zh3ybiSMx
113,513315279431286784,Sat Sep 20 13:14:34 +0000 2014,0,0,"Inspirational ingredient hunting by lake Geneva, Switzerland #cookclub #geneva #sage #Switzerland switzerland http://t.co/1kOi8GmZ1N"
114,512511764122976257,Thu Sep 18 08:01:41 +0000 2014,0,0,Take on Taco - Friday 18 Sept '14 #taco #mexican #food #geneva #switzerland - http://t.co/pGd0x7nVkZ
115,508888144276496384,Mon Sep 08 08:02:42 +0000 2014,0,1,Keema Biryani &amp; Curry - Menu for Tuesday 9th Sept ! - #geneva #switzerland #food #curry #spice http://t.co/YfAkGEYNb2
116,507514795923226624,Thu Sep 04 13:05:31 +0000 2014,0,0,Keema Biryani Friday 5th of Sept #biryani #cookclub # geneva #lunch #happiness #curry - http://t.co/zQJT4o1L0n
117,506377125989847040,Mon Sep 01 09:44:49 +0000 2014,0,0,Hunting for Health in India - Tues 2nd &amp; Weds 3rd Sept - #geneva #cookclub #indian #spice #curry - http://t.co/PvY3ms1tIk
118,504901160868642816,Thu Aug 28 07:59:52 +0000 2014,0,0,Simply everybody's favourite - Fri 29 Aug '14 #cookclub #geneva #switzerland #food #health #delivery  - http://t.co/xbVZjBE9ih
119,504187657753083906,Tue Aug 26 08:44:39 +0000 2014,0,0,Go with the cinnamon - Menu for Tues 27th Aug '14 - #geneva #cookclub #switzerland #cinnamon #hope #lunch http://t.co/poeOVdtsuA
120,502364470933729280,Thu Aug 21 07:59:58 +0000 2014,0,0,Chicken Tikka Deal - Menu Fri 22 Aug 14 - #geneva #switzerland #lunch #cookclub   http://t.co/LzWA5ZVhS2
121,501639739254910977,Tue Aug 19 08:00:08 +0000 2014,0,1,The Italian Job - Weds 13th Aug '20 - #italian #food #geneva #switzerland #lunch #al fresco http://t.co/aM7YIW8aZW
122,499537017038835712,Wed Aug 13 12:44:40 +0000 2014,0,0,Not Friday ... But simply Thursday - Menu Thurs 14 - #cookclub #geneva #soup #switzerland http://t.co/0poSJWHkaz
123,499102907023622144,Tue Aug 12 07:59:40 +0000 2014,0,0,Something for everybody - Weds 13th Aug '14 - #geneva #food #fresh #switzerland #france http://t.co/1YmlbqgbWD
124,497290948976467968,Thu Aug 07 07:59:36 +0000 2014,0,0,Biryani to die for - Menu 8th Aug 14 - #melon  #summer  #cookclub  #geneva  #switzerland http://t.co/acYAhwG2AL
125,496203829713453056,Mon Aug 04 07:59:46 +0000 2014,0,0,Cookclub is Back ! Menu Tues 5 &amp; Weds 6 Aug 14 -  #cookclub  #geneva  #switzerland  #freshfood  #lunch http://t.co/7UNhYxY3cw
126,487144144213528577,Thu Jul 10 07:59:49 +0000 2014,0,0,Simply last deal on Friday Menu ! ... Fri July 11th  #cookclub  #geneva  #food  #lunch  #salad  #fresh  - http://t.co/XRv3dPJeWq
127,486106047212318720,Mon Jul 07 11:14:47 +0000 2014,0,2,The Last Supper...Menu Tues 8 / Wed 9 July - #cookclub #geneva #lunch #kebab #food #chicken - http://t.co/2D5kku6is3
128,486042222937538562,Mon Jul 07 07:01:10 +0000 2014,1,0,RT @marathon888: Weekend summer fruits served up ! #geneva #cookclub #food #fruit http://t.co/93giqqOTJJ
129,484366038835146752,Wed Jul 02 16:00:37 +0000 2014,0,2,http://t.co/6yp74WhTb5
130,484245066903351297,Wed Jul 02 07:59:55 +0000 2014,0,3,Delicious and fresh - Thursday 3rd of July #cookclub #geneva #courgette #value #food- http://t.co/uqW5SnzEQ5
131,482070973512810496,Thu Jun 26 08:00:51 +0000 2014,0,1,Biryani to die for - Menu 27 Jun '14 #cookclub #food #switzerland #vegetable #biryani - http://t.co/g4yNeA0vb7
132,480983571293687808,Mon Jun 23 07:59:54 +0000 2014,0,3,Back to Lebanon - Menu Tues 24 / Weds 25 Jun - #cookclub #hummus #vegetarian #food #lunch #geneva #ch http://t.co/gtrv6UHkiY
133,479526327570022400,Thu Jun 19 07:29:20 +0000 2014,0,0,"Kebab, Couscous, Soup &amp; Melon - Friday 20 June 14  #worldcup #geneva  #food #cookclub #lunch    - http://t.co/foMrsOxceU"
134,476989644186206208,Thu Jun 12 07:29:27 +0000 2014,0,2,Light Bites for a summer day...Fri 13 June - #cookclub #geneva #health #lunch #friday #switzerland http://t.co/ErT8YOYQsK
135,476272548817022976,Tue Jun 10 07:59:59 +0000 2014,2,0,Hunting for Health in India - Weds 11th Jun '14 #cookclub #curry # spice #colour #flavour #health #lunch #dinner - http://t.co/U1GWwVSvvY
136,474473140995629056,Thu Jun 05 08:49:46 +0000 2014,0,0,Our Great Value Menu ! Fri June 6th '14 #cookclub #lunch #health #food #enjoy #rice- http://t.co/4qXgNi9jbw
137,473373427953184769,Mon Jun 02 07:59:54 +0000 2014,2,1,Spice of India - Menu Tues 3rd June '14 #lunch #cookclub #geneva #switzerland #indian #curry #food - http://t.co/5NUHpFJweD
138,472282434831007745,Fri May 30 07:44:41 +0000 2014,0,1,Reduced post holiday price ! Fri 30th May '14 #cookclub #geneva #couscous #delicious #lunch #catering - http://t.co/m2NMUowh4D
139,470840405278224384,Mon May 26 08:14:35 +0000 2014,0,2,"A taste of Lebanon....Tues 27 &amp; Weds 28, '14 #geneva #switzerland #cookclub #lunch #food #healthy #dinner - http://t.co/VyipbakmnE"
140,469464087341301760,Thu May 22 13:05:35 +0000 2014,0,5,Fresh guacamole for our clients#geneva #royaalavi #cookclub http://t.co/JOhhIaWqO4
141,469387206113497088,Thu May 22 08:00:05 +0000 2014,0,2,"Kebab, Couscous &amp; Soup - Friday 23rd May #cookclub #geneva # #food #healthy #friday #kebab - http://t.co/ieC5nGdAh2"
142,468775688380887040,Tue May 20 15:30:08 +0000 2014,0,1,Step by step Greek moussaka by cookclub# Geneva #roya alavi http://t.co/UuAMBhztFG
143,468684991741050880,Tue May 20 09:29:44 +0000 2014,0,1,Lunch is served shortly for our client in Geneva ! #Geneve #lunchtime #Cookclub #fresh #moussaka #Switzerland http://t.co/VnOkDuA6oh
144,468300311044448256,Mon May 19 08:01:09 +0000 2014,0,0,A trip to Greece - Tues 20 May ! (Geneva &amp; Lake) #cookclub #dinner #moussaka #geneva #healthy #switzerland - http://t.co/ww6pFNA5sA
145,467240912125710336,Fri May 16 09:51:29 +0000 2014,0,0,The customer's party lunch is being prepared...I hope they enjoy...x #lunch #homemade #cookclub #geneva #fresh http://t.co/Bcl3or7hEw
146,466850445718077441,Thu May 15 07:59:54 +0000 2014,0,3,"Lunch choice...1.95, 4.95, 5.95, 7.95, 8.95 - Fri 16 May #cookclub #spring #soup #chickpeas #health #lunch #food - http://t.co/1WlAWwLpoM"
147,465763291013193728,Mon May 12 07:59:56 +0000 2014,0,2,Fiesta Fun Food Week - Tues 13 May ! #cookclub #taco #beans #geneva #fresh #food - http://t.co/XAOj9QxHPm
148,464313626606575616,Thu May 08 07:59:29 +0000 2014,0,1,Salad and Soup (SAS) : Menu 9th May '14 #cookclub #salad #soup #geneva #health - http://t.co/qztaNZ6zqA
149,463220193486184448,Mon May 05 07:34:35 +0000 2014,1,0,Slow cooked specials - Tues 6 May '14 #cookclub #food # lunch #geneva #homemade - http://t.co/PCqAQa2RVt
150,461875065177796608,Thu May 01 14:29:31 +0000 2014,0,1,Thai Fri ! - Friday 2nd May '14 #thai #cookclub #food #lunch #dinner #tasty - http://t.co/vG0M70sek3
151,460697326013521920,Mon Apr 28 08:29:36 +0000 2014,0,0,Aubergine Week ! Menu - Tues 29th April '14 #cookclub #lunch #geneva #aubergine - http://t.co/m6kN6Yt4Bt
152,459669702894419968,Fri Apr 25 12:26:12 +0000 2014,0,1,"Couscous with roasted courgette, spinach, peas, spring onion, fresh herbs #RoyaAlavi #Geneva http://t.co/udW8efW8Nu"
153,459243951426269184,Thu Apr 24 08:14:25 +0000 2014,0,2,Go Go Green Friday 25 Apr '14 #cookclub #geneva 'lunch #food #healthy - http://t.co/AZzfOgE0Dz
154,458858616708407296,Wed Apr 23 06:43:14 +0000 2014,0,0,The Bombay aloo is being prepared ... for customers ... Ooh ! #indian #cuisine #cookclub #Geneva #food http://t.co/3S2K4mNg0d
155,458632482989305856,Tue Apr 22 15:44:39 +0000 2014,0,0,"Preview and Test
Indian Menu ! For Weds 23 or Thurs 24 Apr '14 #cookclub # lunch #geneva #delicious - http://t.co/OGtuhtujRh"
156,457799042928762880,Sun Apr 20 08:32:51 +0000 2014,0,1,Chocolate on tap - varese (Lugano) @ cioccolati italiani...yummy ! #cookclub #chocolate #Italy #breakfast #Easter http://t.co/suytVd9CU9
157,456875578441080832,Thu Apr 17 19:23:20 +0000 2014,0,1,Easter fruit for our clients #cookclub #geneva http://t.co/mSfBhMA8Fw
158,456676232373878784,Thu Apr 17 06:11:13 +0000 2014,0,0,Little hands helping for cookclub event for UBIS #geneva #cookclub http://t.co/HouRgp4YFH
159,456675708157165569,Thu Apr 17 06:09:08 +0000 2014,0,0,30 clients told us they enjoyed our fabulous lunch today #geneva #chicken #cookclub #lunch http://t.co/ozjZePgw3s
160,456468997815283712,Wed Apr 16 16:27:44 +0000 2014,0,0,Some photos of some very happy customer lunches #cookclub.ch #lunchtime #geneva #food http://t.co/5txdrM4XxU
161,455620121994592257,Mon Apr 14 08:14:36 +0000 2014,0,0,Happy Easter to all ! Menu for Tues 15th April '14 #geneva #food #health #lunch - http://t.co/WCgjXrdePj
162,454178022719905792,Thu Apr 10 08:44:13 +0000 2014,0,1,Spring Salads as little as CHF 1.95..Friday 11 Apr #cookclub #food #geneva #switzerland - http://t.co/jOlYcQPV3x
163,453894113189195776,Wed Apr 09 13:56:04 +0000 2014,0,1,#nyon #cookclub #fooddelivery on a beautiful day - delivering chicken kebab and mango salad http://t.co/8LORx1RkAq
164,453879820079104001,Wed Apr 09 12:59:16 +0000 2014,0,3,Just delivering to clients in Nyon - honest ! #cookclub #food #healthy #chicken
165,453637472275005440,Tue Apr 08 20:56:16 +0000 2014,0,0,"Tango with tangi Mango, cucumber, coriander, chili, lime salad !! It's one of the best salads u can get @RoyaAlavi http://t.co/U9yYKhEzgR"
166,453229378278014977,Mon Apr 07 17:54:39 +0000 2014,0,1,"Tango with mango at dinner..! lovely mango, chicken, pasta, salad &amp; lime #cookclub #dinner #mango #geneva #delicious http://t.co/IkxfFVPphy"
167,453079687594405888,Mon Apr 07 07:59:49 +0000 2014,0,2,Tango with Mango Exotic menu: Tues or Weds 8/9 Apr #cookclub #geneva # lunch # fresh #healthy - http://t.co/8djyCXAaqr
168,452782484191985664,Sun Apr 06 12:18:51 +0000 2014,1,0,RT @marathon888: 17y old Joe Bush school assignment for video reproduction. Awesome.. #world #history #awareness http://t.co/OVu0slw3Ut
169,452124044062511106,Fri Apr 04 16:42:26 +0000 2014,1,0,Super Friday - cookclub soups it up today ! http://t.co/OJYVj8529t
170,451648083290755072,Thu Apr 03 09:11:08 +0000 2014,1,0,The wonderful ladies getting the big lunch ready at the Canadian Embassy #geneva #cookclub #lunch http://t.co/VxNVx89omP
171,451108948641591296,Tue Apr 01 21:28:49 +0000 2014,0,0,Roasting the courgette #cookclub #geneva http://t.co/tm6pE3NepP
172,450716081574146048,Mon Mar 31 19:27:42 +0000 2014,0,0,Avocado and taco week #cookclub#geneva http://t.co/B1Z5zmUIsX
173,450542969456967680,Mon Mar 31 07:59:49 +0000 2014,0,0,Mexican Week ! Menu Tues 1st April - http://t.co/QLH5ixY5py
174,449809460194975744,Sat Mar 29 07:25:07 +0000 2014,5,14,Fancy fresh bread ???#cookclub #geneva http://t.co/Somoa4kS7e
175,449513281724907521,Fri Mar 28 11:48:12 +0000 2014,0,0,Hi all. Big day for our cookclub soups - very popular on super Friday ! Delivering around the lake again. #cookclub #geneva #lunch #healthy
176,449233947332206592,Thu Mar 27 17:18:14 +0000 2014,0,0,"Hi. Just so you know, http://t.co/s5tXeQgJI0 ia updated and is also now with full mobile version ! #cookclub.ch #food #geneva"
177,448729856940179457,Wed Mar 26 07:55:09 +0000 2014,0,0,@RoyaAlavi another early morning preparation #cookclub #geneva http://t.co/CHJPfUYeV0
178,448729222274891776,Wed Mar 26 07:52:38 +0000 2014,0,0,Early morning preparation !! #cookclub #geneva http://t.co/jUXC2HkV6O
179,448541765604474880,Tue Mar 25 19:27:45 +0000 2014,0,0,Easy delicious dessert !! From cookclub#geneva# http://t.co/eicNaK8CR1
180,448430577709244416,Tue Mar 25 12:05:55 +0000 2014,0,0,Just delivering Iranian food to our wonderful clients around wonderful lake geneva #cookclub #Geneva #food
181,448409496822751232,Tue Mar 25 10:42:09 +0000 2014,1,0,RT @Shima_Lala: Failure is the opportunity to begin again ... more intelligently 👌 #word #tubestationquote
182,448134131575435264,Mon Mar 24 16:27:57 +0000 2014,0,0,Cookclub is on its way back to Geneva from London !! C u all tomorrow! #cookclub #london #geneva
183,448120217114525696,Mon Mar 24 15:32:40 +0000 2014,0,1,Anyone craving salad? #salad #diet #lightfood #summer #cookclub #geneva http://t.co/7MZxd2zIIc
184,448115216937930752,Mon Mar 24 15:12:47 +0000 2014,1531,0,RT @FoodPornsx: Cheesy Garlic Bread. http://t.co/w1yXqkoE1D
185,448114969738244096,Mon Mar 24 15:11:49 +0000 2014,697,0,RT @SCatsx: ~ http://t.co/Wh0aWDO20u
186,448113483121700864,Mon Mar 24 15:05:54 +0000 2014,1,0,“@AmazingPicx: Hotel in Mumbai. Each room has its own swimming pool http://t.co/Stx5DKBtux” beautiful !!!!!
187,448113408639258624,Mon Mar 24 15:05:36 +0000 2014,0,1,“@iTweetIranian: True Story http://t.co/xO0TN0doL0” Iranian food is so yummy that's why!!! #cookclub #geneva #iranian
188,448113114668867585,Mon Mar 24 15:04:26 +0000 2014,1,0,RT @Shima_Lala: Feeling some cheesy garlic bread 🙈
189,448111741898334208,Mon Mar 24 14:58:59 +0000 2014,0,0,Busy week? Need a few recipes? Visit our website for amazing quick recipes xxx #cookclub
190,448111232609157120,Mon Mar 24 14:56:58 +0000 2014,0,1,"Don't forget to visit our website for more photos, recipes, menus and etc http://t.co/s5tXeQgJI0 #cookclub #geneva"
191,448109239450730496,Mon Mar 24 14:49:02 +0000 2014,1,0,Just enjoyed an amazing curry - cooked by moi of course #cookclub #curry #asian #yummy #family #time
192,448036559099412481,Mon Mar 24 10:00:14 +0000 2014,0,0,Iranian week - Tuesday 25th Mar '14 - http://t.co/Y14VrZRkyU
193,445484919376982017,Mon Mar 17 09:00:56 +0000 2014,0,0,Moroccan Week - Tues 18th Mar '14 - http://t.co/tf0F8cSGS0
194,442947949325062145,Mon Mar 10 08:59:55 +0000 2014,0,0,A Trip to India - Tues 11th Mar '14 - http://t.co/5SU4XBTp0t
195,440411701654351872,Mon Mar 03 09:01:46 +0000 2014,0,0,A Trip to India - Menu for 4th Mar '14- http://t.co/fWeyXNIPw9
196,437874653097627648,Mon Feb 24 09:00:27 +0000 2014,0,0,Roast Day....Tues 25th Feb  '14 - http://t.co/u6tN4Htqnn
197,425915673076699136,Wed Jan 22 08:59:44 +0000 2014,0,0,Pasta in 3 sizes - Thurs Jan 23rd 2014 - http://t.co/E0ZN9txzBq
198,420117463091937280,Mon Jan 06 08:59:43 +0000 2014,0,0,January Detox Part 1: Tuesday 7 Jan 2014 - http://t.co/Pu5bbV7pIJ
199,407433959102877696,Mon Dec 02 09:00:00 +0000 2013,0,0,Turkey Breast in spinach &amp; mushroom &amp; garlic - Tues 3rd Dec '13 - http://t.co/Rji8W3uxuT
