,id_str,created_at,retweet_count,favorite_count,text
0,668949224801759232,Tue Nov 24 00:28:18 +0000 2015,2,15,Moon rising... 🌖💙⭐️💕 #moon https://t.co/Ezj2bY4iYJ
1,668890178627309568,Mon Nov 23 20:33:40 +0000 2015,5,20,My cat is spending her #MusicMonday cuddled up with my set list 😻 #cat #mm 🎵 https://t.co/ng0vLqeX4D
2,668877333772656640,Mon Nov 23 19:42:38 +0000 2015,3,9,#MondayMotivation... Fact: If you live in the US you basically have a two day work week. Today being one of them. Get to it! #Mondays
3,668119175861145600,Sat Nov 21 17:29:59 +0000 2015,0,0,Right!?! @revjenny57 me too!! 😍☀️
4,668118983401299968,Sat Nov 21 17:29:13 +0000 2015,1,1,Ouch! @Derek_J_Pilling sorry!
5,668021053248151552,Sat Nov 21 11:00:04 +0000 2015,1,6,"Playing a show in Paso Robles, CA at 11:00 AM today at Justin Winery https://t.co/EWQhe5Nraw"
6,667832096035987456,Fri Nov 20 22:29:14 +0000 2015,1,10,Midway through November and it's 88°... That's California for you! #Ojai #California #fall https://t.co/qswfbX5VK6
7,667496876887797760,Fri Nov 20 00:17:11 +0000 2015,0,2,Where are you based? @Wishbone59
8,667496836517597184,Fri Nov 20 00:17:01 +0000 2015,0,2,AND thank you!! @Dan_Lafferty_ND @Wishbone59
9,667496797602865153,Fri Nov 20 00:16:52 +0000 2015,1,5,Awesome! @Wishbone59 so happy you enjoyed it! there's a new free live CD every year on my birthday in July if you stay in the email club 😊
10,667493979420667904,Fri Nov 20 00:05:40 +0000 2015,2,0,"RT @Wishbone59: @NatalieGelman just finished listening to Live In Chicago, &amp; it hit me, the voice /sound has shades of Joni Mitchell"
11,667095130193588225,Wed Nov 18 21:40:47 +0000 2015,1,0,"RT @LindaOF61: @NatalieGelman Don't get too excited , I didn't say I played it well 😅..... At least I played .... &amp; it was recognizable."
12,667082030807580672,Wed Nov 18 20:48:44 +0000 2015,0,0,Wow @LindaOF61 that's so cool!!
13,667071759666053121,Wed Nov 18 20:07:55 +0000 2015,2,14,"Life's greatest decision's, which guitar to play 😍🎤🎸 #guitar #guildguitars #fender #cordoba… https://t.co/t2zL0cf1Xc"
14,666724572679376896,Tue Nov 17 21:08:19 +0000 2015,0,4,"""Any product that needs a manual to work is broken."" - Elon Musk #quote #truth #TuesdayMotivation"
15,666701234863079424,Tue Nov 17 19:35:35 +0000 2015,3,0,RT @ScottSkash88: #TomatoTuesday🍅SEE @NatalieGelman singing“Long Stemmed Roses” #Live https://t.co/vNTBE8rhVf #CountryMusic #Video 🎥🔊🎶 http…
16,666399104755351554,Mon Nov 16 23:35:02 +0000 2015,0,0,@Derek_J_Pilling classic!
17,666399034903412736,Mon Nov 16 23:34:45 +0000 2015,1,0,"RT @Derek_J_Pilling: @NatalieGelman In Scotland, we refer to it as ""skoosh"" - as in when you open the bottle or can, it makes that sound. I…"
18,666376092379439105,Mon Nov 16 22:03:35 +0000 2015,2,17,"I learned in Chicago there are 2 types of people in the world, people that either say Pop or Soda.… https://t.co/qwIOQf04JZ"
19,666341998769500160,Mon Nov 16 19:48:07 +0000 2015,2,0,"RT @escuchamiRADIO: #MusicMonday #Enjoy &gt;&gt;&gt; @NatalieGelman – ""Sundance In Your Eyes"" (Official Music Audio) at: https://t.co/vcoCTGY1u0 on …"
20,666341954230218752,Mon Nov 16 19:47:56 +0000 2015,2,0,"RT @HorizonVUMusic: starting the week with natalie gelman and ""long stemmed roses""... https://t.co/igJmzqTKmf @NatalieGelman #pop #folk #wo…"
21,665659154497798144,Sat Nov 14 22:34:44 +0000 2015,2,0,RT @poowoodly: Long Stemmed Roses - #NatalieGelman at the #CanyonClub https://t.co/myPdFlwTM1 Join us in following the lovely  @NatalieGelm…
22,665650726643900416,Sat Nov 14 22:01:15 +0000 2015,2,6,"Playing a show in Culver City, CA at 8:00 PM today at Fanatic Salon https://t.co/VfLd2jLRqL"
23,665318420724867072,Sat Nov 14 00:00:47 +0000 2015,2,13,Make your own luck today 😎🍀#fridaythe13th #tgif #singer #singersongwriter #acousticguitar… https://t.co/4xFwt6v2DC
24,664940414265245697,Thu Nov 12 22:58:43 +0000 2015,0,4,Dislike!! @LoganBruin
25,664936976609443841,Thu Nov 12 22:45:03 +0000 2015,2,3,LIVE on #Periscope: Singing in the Santa Barbara Courthouse Mural Room before a Wedding 💕🎸🎵🎤 #music #mazzystar https://t.co/zO85Tuys09
26,664635018879234048,Thu Nov 12 02:45:11 +0000 2015,4,9,"Quick! Go like my Facebook page. It has 6,666 likes on 11/11.... That's got to be unlucky! https://t.co/GWGMDnsTVo https://t.co/uFhlnNp0ck"
27,664586646994726912,Wed Nov 11 23:32:58 +0000 2015,1,13,Good morning😍😎😍 Happy veterans day #singersongwriter #singer https://t.co/kceMSsUVNF
28,664580303793483776,Wed Nov 11 23:07:46 +0000 2015,1,3,Thanks so much!! :) That song is sooooo good. it helps ;P https://t.co/R9t9CNfOfn
29,664579415335006208,Wed Nov 11 23:04:14 +0000 2015,2,1,What sale would you guys like from me for the holidays? Stocking stuffer CD sale? % off? Let me know your ideas for my online store #sale
30,664565598714593280,Wed Nov 11 22:09:20 +0000 2015,1,3,"Love this photo my good friend @TheLindsayBoo Shared of her ""?"" #inspired by Living in the Question :) #motivation https://t.co/ZOGeEZo20n"
31,664240899258454016,Wed Nov 11 00:39:06 +0000 2015,3,12,1. Professional singer/songwriter✅2. TED speaker ✅ 3. Lives life around Mike Tyson philosophy✅ 😜… https://t.co/hFfHaYM3jE
32,664238378041249792,Wed Nov 11 00:29:04 +0000 2015,3,0,"RT @sumeriasky: @NatalieGelman beautiful music and videos..love this duet https://t.co/nnZPt3eKNP ""Lately"" written by @NathanMcEuen"
33,664238254560972800,Wed Nov 11 00:28:35 +0000 2015,0,2,yep @MoLutz #truth unfortunately
34,663815753955737600,Mon Nov 09 20:29:43 +0000 2015,5,11,"What did they think would happen when they asked a Singer to do a TEDx talk 😎❤ TEDx Spokane - ""Living… https://t.co/GllWQiTApy"
35,663406985325350912,Sun Nov 08 17:25:25 +0000 2015,1,0,"RT @networking26: @NatalieGelman In your defense it's because your fans are more important than a ufo, commet or a flying dinner plate :)"
36,663406811870052353,Sun Nov 08 17:24:44 +0000 2015,1,6,"Guild customer service, any advice here?@guildguitars #guildguitars #guitar #acousticguitar… https://t.co/kJccCoougj"
37,663216429655699456,Sun Nov 08 04:48:13 +0000 2015,515,0,"RT @CBSLA: Despite multiple reports, Edwards Air Force Base, Vandenberg Air Force Base, &amp; Point Mugu Naval Station all deny the object came…"
38,663201577650425857,Sun Nov 08 03:49:12 +0000 2015,3,13,So bummed I missed the #ufo or #comet that just flew over California... That what I get for working on my album on a Saturday night! 🌠⚡️👽✌️🌌
39,662759397777633281,Fri Nov 06 22:32:08 +0000 2015,13,35,"""I still need you like the stars need the night, Like the shadows need the light"" #Lyrics from 'Most the While' 💕 https://t.co/NRXHFRUQy9"
40,662397783748407297,Thu Nov 05 22:35:13 +0000 2015,1,5,@NathanMcEuen and I are working on a new song! If you haven't seen our last vid together watch it here https://t.co/IUvJiO0EfC #music #folk
41,662388743899209728,Thu Nov 05 21:59:17 +0000 2015,7,12,Honored to be part of raising awareness and support for such a worth cause! @Fistula_Fdtn Check out this awesome charity folks! #doinggood
42,662388221985210368,Thu Nov 05 21:57:13 +0000 2015,5,0,RT @Fistula_Fdtn: A9 Tell friends! A friend told @NatalieGelman about fistula; she performed a concert to raise critical $ https://t.co/gp0…
43,662031844762779648,Wed Nov 04 22:21:06 +0000 2015,0,1,@lauraland9 exactly! :)
44,662025554082856960,Wed Nov 04 21:56:06 +0000 2015,5,15,It's starting to look like Autumn around here 🍁🍂☔ #fall #autumn #singersongwriter #singer #music… https://t.co/WImBJ6Igr3
45,661974847992393728,Wed Nov 04 18:34:37 +0000 2015,0,10,It's warmer today in New York then in SoCal... I guess we should give em one day right? 😜 #weather #california
46,661643222469337088,Tue Nov 03 20:36:51 +0000 2015,6,13,Happy #Tunesday  Enjoy this music video for Most The While &lt;3 https://t.co/ChsvhQenL1 #music
47,661452814346903552,Tue Nov 03 08:00:14 +0000 2015,4,0,"RT @audreyandray: https://t.co/BtERlwZKd3 ""The Lion"" by @NatalieGelman from her hit EP ""Streetlamp Musician"" Please listen and follow!"
48,661372938042519553,Tue Nov 03 02:42:50 +0000 2015,4,5,There's the hour you actually gain and the hours it feels like you gain every time you find a new clock to turn back 🕒#timechange #fallback
49,660763642263040000,Sun Nov 01 10:21:43 +0000 2015,5,45,Sad to have to take off my makeup... Super fun night with great people 👻 #HappyHalloweenWeekend 🎃 #SugarSkull https://t.co/pJm235wenz
50,660728000619507712,Sun Nov 01 08:00:05 +0000 2015,1,5,LIVE on #Periscope: Happy Halloween! 👻🎃 in the studio with my Day of the Dead makeup on!  https://t.co/kcsgVkKFxU
51,660716481475252224,Sun Nov 01 07:14:19 +0000 2015,3,13,Happy Halloween! Remember whatever happens 1-2am doesn't matter because you live that twice tonight! #TakeRisks https://t.co/A3a2BFEezk
52,660253846334115840,Sat Oct 31 00:35:58 +0000 2015,2,13,Sometimes my To Do list feels like it's just a delusional dream. #todolists 😒
53,660170353227005952,Fri Oct 30 19:04:12 +0000 2015,2,11,"If you can't get rid of the skeletons in your closet, at least teach them to sing &amp; dance. 💀💥💀 Have a… https://t.co/r1QIo1rnNZ"
54,659985389017370624,Fri Oct 30 06:49:13 +0000 2015,1,2,Wow @MoLutz I don't ski but if I did that would be the place to do it!!
55,659985282981212160,Fri Oct 30 06:48:48 +0000 2015,1,2,Thanks so much! @TheresaBouche that was a blast!! :)
56,659903559161372672,Fri Oct 30 01:24:03 +0000 2015,3,6,“There’s no one way to dance. And that’s kind of my philosophy about everything.” – Ellen Degeneres 💙 #quote #philosophy 💃👯🙅
57,659830182761463808,Thu Oct 29 20:32:29 +0000 2015,2,5,Love what #UberKITTENS is doing! This is so cute and great! https://t.co/Rs4KdPkPsN have you seen this @thecattherapist 😻 #NationalCatDay ❤️
58,659824073388654592,Thu Oct 29 20:08:12 +0000 2015,3,0,RT @jesseberg: Will said dada this morning. I wonder if #DonaldTrump's first words were #DonaldTrump
59,659814718261989376,Thu Oct 29 19:31:02 +0000 2015,0,9,"Just discovered the ""other"" folder in #Facebook messaging. 100's of messages in there I've never seen - or responded to. #sorry"
60,659814252929155073,Thu Oct 29 19:29:11 +0000 2015,0,2,classic :P @networking26 @ANNELAMOTT
61,659814148948099072,Thu Oct 29 19:28:46 +0000 2015,0,2,Somehow I can hear a sarcastic melancholy when reading your tweet... Just imagine Lucie playing in the snow!!!! https://t.co/4H0JvrgDFO
62,659627991333367808,Thu Oct 29 07:09:03 +0000 2015,1,9,Apparently if I stayed in MN for just 2 more days I would have gotten some snow! https://t.co/7ApnZDRkfr
63,659599238309937152,Thu Oct 29 05:14:47 +0000 2015,0,0,Ha! Sorry @networking26 in @ANNELAMOTT's defense it really does usually work.
64,659556750203351040,Thu Oct 29 02:25:57 +0000 2015,3,0,"RT @micyou3: Really great live @NatalieGelman performance of her ""Long Stemmed Rose"" opening for @BillyBobThorntn
https://t.co/4wWgetHNWt"
65,659556164691230720,Thu Oct 29 02:23:38 +0000 2015,2,4,If you are on a sinking ship with your best friends who would you save? I think I made the right… https://t.co/ywSXOVdpKJ
66,659520376079122432,Thu Oct 29 00:01:25 +0000 2015,1,1,@candice121699 The next southern swing of dates will probably be a while because I was just there in Sept. 😐
67,659519775127678976,Wed Oct 28 23:59:02 +0000 2015,1,1,@candice121699 both...Website is updated as they are booked and the email goes out once a month with all upcoming dates a part of it.
68,659471027777343489,Wed Oct 28 20:45:20 +0000 2015,3,16,"""Almost anything will work again if you unplug it for a few minutes, including you."" - @AnneLamott 🌱🙏🌱#quote #recharge"
69,659469991926849536,Wed Oct 28 20:41:13 +0000 2015,0,2,.@candice121699 I do but haven't played in AL ever... not too far from the places I tour in TN &amp; GA so next time I'm through Maybe.
70,659467334722064384,Wed Oct 28 20:30:39 +0000 2015,0,2,You are so sweet @candice121699 Thank you!!! https://t.co/ks2QoaYyK8
71,659466149357207552,Wed Oct 28 20:25:56 +0000 2015,0,0,ditto. Thanks @caliretheory  https://t.co/aHoifrJx9G
72,659082235648331776,Tue Oct 27 19:00:24 +0000 2015,3,5,"Playing a concert in Ventura, CA at 6:00 PM today at Amigo's https://t.co/vLJvcElaZH"
73,659020480666562560,Tue Oct 27 14:55:01 +0000 2015,1,6,Yes! I'm a photo ap addict. @Shlagerfan @candice121699 delegated a bunch from my phone last week and found ones I forgot I had 😜📷🙈
74,659019932135510016,Tue Oct 27 14:52:50 +0000 2015,1,8,And @candice121699  It's a live CD that I give away when you sign up for my email club at https://t.co/VSSc3iCSAL 😊 has 7 songs on it
75,659019571232403456,Tue Oct 27 14:51:24 +0000 2015,1,3,So cool! @candice121699 I should try Google play more.
76,658838862437961728,Tue Oct 27 02:53:20 +0000 2015,3,23,Two of the best things about touring is seeing friends from all over &amp; getting hugs from their kiddos!😊 #heartmelted https://t.co/nQCyIuSbz6
77,658836879278739456,Tue Oct 27 02:45:27 +0000 2015,0,3,I do. @JimmyC1151 went to college in FL and get back every so often. Join my email club so you don't miss when I tour through again :)
78,658836556858400768,Tue Oct 27 02:44:10 +0000 2015,1,1,Thanks! @ArtistMRandle 😊
79,658836414172368896,Tue Oct 27 02:43:36 +0000 2015,1,3,Thank you so much! @candice121699 ❤️ happy you're enjoying it!! Did you get the free Live in London download yet?
80,658835939188473856,Tue Oct 27 02:41:43 +0000 2015,2,0,RT @candice121699: @NatalieGelman ❤️ love! Love ur voice &amp; this is a beautiful song! Listening to all ur music &amp; loving everything!
81,658755918910369792,Mon Oct 26 21:23:44 +0000 2015,8,10,Have you seen my latest video? Singing Long Stemmed Roses live with a band https://t.co/XYO2607e4y Enjoy and RT! #MusicMonday #MM #folkpop
82,658750582937788416,Mon Oct 26 21:02:32 +0000 2015,1,6,It was a looong day but I had a blast yesterday performing at @HellsKitchenMN and at a fun #HouseConcert 😃 lets do it again soon! #musiclife
83,658717440633913344,Mon Oct 26 18:50:50 +0000 2015,1,1,That song was so fun 😄 https://t.co/RxanaHwXAu
84,658372861078278145,Sun Oct 25 20:01:36 +0000 2015,0,8,"Opening for Billy Bob Thornton &amp; The Boxmasters singing my original song ""Long Stem Roses"" 😍🎤🎸🌹 click… https://t.co/WR3l1fwSRJ"
85,658312129439780865,Sun Oct 25 16:00:17 +0000 2015,3,6,"Playing a show in Minneapolis, MN at 5:00 PM today at Castalia House Concert https://t.co/wPTNfRrwaS"
86,658206480320045060,Sun Oct 25 09:00:28 +0000 2015,1,3,"Playing a show in Minneapolis, MN at 10:00 AM today at Hells Kitchen https://t.co/A0jXQFEplw"
87,658100597955153920,Sun Oct 25 01:59:44 +0000 2015,3,0,RT @dolly_key: Long Stemmed Roses - Natalie Gelman at the Canyon Club https://t.co/E6xIG8MchG via @YouTube @NatalieGelman
88,658033262862970880,Sat Oct 24 21:32:10 +0000 2015,1,2,"I've shown this drawing to my hair stylist dozens of times, we still can't figure out how to make my… https://t.co/BNoBrDHMlh"
89,657571761068900352,Fri Oct 23 14:58:19 +0000 2015,0,4,Voting closes in 1hr 😬😳 Please tweet: @NYStaroftheDay  - VOTE FOR Natalie Gelman #NYStaroftheDay!
90,657570840465309696,Fri Oct 23 14:54:40 +0000 2015,0,1,Ha! @ryanmbrewer thanks!! https://t.co/ieL1bwqiCs
91,657570249945055232,Fri Oct 23 14:52:19 +0000 2015,2,0,RT @NYstaroftheday: @NatalieGelman VOTE NOW!! https://t.co/mG9ilYFPT6  VOTING CLOSES at 12PM TODAY! 10/23 #nystaroftheday. https://t.co/VO5…
92,657361915937689600,Fri Oct 23 01:04:28 +0000 2015,6,20,Yay! My @facebook page passed 6000 likes today! Please connect with me on there too!😁 https://t.co/A2Qz6fx9ou #music https://t.co/e7peEw9gdy
93,657308851839107072,Thu Oct 22 21:33:37 +0000 2015,2,3,"3 Essentials to Have Before Singing on TV:
1. An Amazing Song: Carole King - One Fine Day 
2. An… https://t.co/IrC6pYUO7p"
94,657220458195124224,Thu Oct 22 15:42:22 +0000 2015,3,16,If I missed #BackToTheFuture day yesterday does that mean I have to live in the present? 🙋🚘⚡️
95,657218716896247809,Thu Oct 22 15:35:27 +0000 2015,2,0,RT @NYstaroftheday: 1 more DAY to VOTE for YOUR FAVORITE!! https://t.co/mG9ilYFPT6  VOTING closes NOON FRI. 10/23. ADAM/NATALIE/CHANTEL? ht…
96,656891090587418624,Wed Oct 21 17:53:35 +0000 2015,7,15,Loved playing w #Yankee Legend Bernie Williams! If you're impressed by his world series wins wait till you hear him! https://t.co/xtPiI6qlEG
97,656751185311825920,Wed Oct 21 08:37:39 +0000 2015,3,0,RT @CMidnight_Word: Long Stemmed Roses @NatalieGelman at the Canyon Club https://t.co/88EDPvmfN6 @rhmnashville @roundhillmusic
98,656602026726596609,Tue Oct 20 22:44:56 +0000 2015,2,2,"There is a brand new show on Fox 5 NY called ""New York Star of the Day"" hosted by Ernie Anastos… https://t.co/wmxvNkII59"
99,656564188865650688,Tue Oct 20 20:14:35 +0000 2015,6,8,New video - Long Stemmed Roses https://t.co/TtJjpujlp6 Performed with @NathanMcEuen @caliretheory @jesseberg SO good! :) #tunesday #music
100,656545554378444800,Tue Oct 20 19:00:32 +0000 2015,4,4,"Playing a show in Ventura, CA at 6:00 PM today at Amigo's https://t.co/C0DIz4M32z"
101,656275357792792576,Tue Oct 20 01:06:52 +0000 2015,7,12,I'm SO excited for the vid I'm sharing tomorrow on https://t.co/ySr25b1WAv!! Sub so you see it first! :D Hint: it's with a full band!! #mm
102,656192726489153536,Mon Oct 19 19:38:32 +0000 2015,7,6,Happy #MusicMonday! Are you following and listening to my songs on @Spotify Here's the link https://t.co/Cj25GeIwMW #mm #music #pop &lt;3
103,655895269121224704,Sun Oct 18 23:56:32 +0000 2015,6,14,Have a bright and sunny day! #yoga #healthyliving #fit #pose #yogachallenge #fitness… https://t.co/2rgU7ySBHt
104,655745171838095360,Sun Oct 18 14:00:06 +0000 2015,3,3,"Playing a show in Paso Robles, CA at 1:00 PM today at Pear Valley Vineyards http://t.co/6mTgWCMpfP"
105,655640767046664192,Sun Oct 18 07:05:14 +0000 2015,1,7,aww! TY!! @ThePsychicPoet I hope so too. You can vote with Twitter too - tweet: @NYStaroftheDay - VOTE FOR Natalie Gelman #NYStaroftheDay
106,655639403369377792,Sun Oct 18 06:59:49 +0000 2015,0,2,Thanks so much for sharing!! @ThePsychicPoet :) #grateful
107,655637714306359296,Sun Oct 18 06:53:06 +0000 2015,2,3,Thanks @JoePaFailed I really appreciate that and would be grateful if you voted for me too! http://t.co/t3dOakieNN https://t.co/xVkKksq3vU
108,655627123038687232,Sun Oct 18 06:11:01 +0000 2015,5,0,RT @NYstaroftheday: NEW SHOW!! SAT OCT 17th - 5:30PM / 3 NEW CONTESTANTS! @AdamEzegelian @NatalieGelman @ChantelHampton SPREAD the WORD! ht…
109,655627075567484928,Sun Oct 18 06:10:50 +0000 2015,4,0,"RT @NYstaroftheday: DON'T MISS.. NY's ""STAR OF THE DAY""/ 5:30 TONIGHT / FOX5 NY - ""3"" NEW CONTESTANTS compete  @AdamEzegelian @NatalieGelma…"
110,655563917326839808,Sun Oct 18 01:59:52 +0000 2015,1,4,.@FCC place a cap on prison phone rates to stop predatory practices that hurt inmates and families http://t.co/boOmt8Y7sp via @SumOfUs
111,655382781527216128,Sat Oct 17 14:00:06 +0000 2015,1,5,"Playing a show in Paso Robles, CA at 1:00 PM today at Pear Valley Vineyards http://t.co/mzt0FzMUmD"
112,655199991351365632,Sat Oct 17 01:53:45 +0000 2015,3,11,"It's Friday, let's hit the beach 😎 #tgif #FridayFunday #friday #music #singersongwriter #singer… https://t.co/zO3wPCHnEv"
113,654767221227425792,Thu Oct 15 21:14:05 +0000 2015,5,39,Happy Friday Eve!! 😍 #singer #singersongwriter #music #thursday http://t.co/zosTfT02Qk
114,654765157810204672,Thu Oct 15 21:05:53 +0000 2015,5,7,Thanks so much for sharing my song and performance at @TEDxSpokane I'm honored! :D https://t.co/gFtlctWl6A
115,654414089356079104,Wed Oct 14 21:50:51 +0000 2015,4,0,"RT @AndrewKarnavas: New Music from @MusicofTEDx: @NatalieGelman - ""The Answer"" performed at @TEDxSpokane https://t.co/Mog0eL769Z"
116,654369242469367808,Wed Oct 14 18:52:39 +0000 2015,1,0,RT @guildguitars: @NatalieGelman Amen sister!
117,654369212207468545,Wed Oct 14 18:52:32 +0000 2015,1,0,"RT @DodgerNala: My wife and I had a blast at @NatalieGelman Ventura show tonight. You haven't heard ""Walk the Line"" til you hear her perfor…"
118,654068839110459392,Tue Oct 13 22:58:57 +0000 2015,1,0,Thanks for sharing! @AmethystBcloud @YouTube Do you have the Live in London CD that's on? it's free on my website :D
119,654044041793802241,Tue Oct 13 21:20:25 +0000 2015,3,3,"Little known secret, you can choose to get Live in London or Live in Chicago for free! http://t.co/zMLG8vrltC #music #Tunesday #livealbum"
120,654016303737376769,Tue Oct 13 19:30:12 +0000 2015,1,1,Thanks so much for sharing @MichaeldelAard :) https://t.co/s44itl91wh
121,654008922773323777,Tue Oct 13 19:00:52 +0000 2015,3,3,"Playing a show in Ventura, CA at 6:00 PM today at Amigo's http://t.co/q5M62VfkV6"
122,653732159333597184,Tue Oct 13 00:41:07 +0000 2015,9,13,"Greed, lust and apathy #ColumbusDay http://t.co/chUg9ts9DE"
123,653722672556146689,Tue Oct 13 00:03:25 +0000 2015,0,1,Happy you got something from it! @ed_sleep @acousticarrow it's helped me tons 👌❓
124,653671271679455232,Mon Oct 12 20:39:10 +0000 2015,2,4,"""I want to beg you as much as I can, dear sir to try to love the questions themselves."" #Rilke  My Q's loving #TEDx https://t.co/YGdqlwXfVH"
125,653476909238517760,Mon Oct 12 07:46:50 +0000 2015,1,2,The Folk Alliance Midwest. :) @davezeman @DodgerNala
126,653360924783325184,Mon Oct 12 00:05:57 +0000 2015,3,16,Whoever said diamonds are a girls best friend never had a Guild Guitar 😍🎸 @guildguitars #guildguitars… https://t.co/HQ1672IZCF
127,653081431216820226,Sun Oct 11 05:35:21 +0000 2015,1,5,Yep! I'm going to FARM... @davezeman @DodgerNala :) Hopefully I'll book some regional stuff at the festival and get back sooooooon!!
128,652608919886430208,Fri Oct 09 22:17:46 +0000 2015,8,44,"I heard a rumour it was Friday, who's up for a road trip😎 #friday #weekend #music #tgif #singer #singersongwriter http://t.co/SUqNwFaMJR"
129,652590075381870592,Fri Oct 09 21:02:53 +0000 2015,6,5,Something needs to change. Please reach out to your congress members and let's address this http://t.co/n6Gq4fF20d #guncontrol #gunsense
130,652303163962212352,Fri Oct 09 02:02:48 +0000 2015,1,0,Just once @davezeman @calzonecase to get it across the country. ✈️🙏
131,652274053303046144,Fri Oct 09 00:07:07 +0000 2015,2,2,Thanks! @spivmaestro Enjoy the songs!!
132,652273976698277889,Fri Oct 09 00:06:49 +0000 2015,0,0,as always @LoganBruin you are correct.
133,652227043124318208,Thu Oct 08 21:00:19 +0000 2015,3,3,Thank you! @jordijaywebde You can get 7 free live songs on my website too! Join at http://t.co/VSSc3ilhcb :) #music https://t.co/w0RoSSkzGa
134,652221503354744832,Thu Oct 08 20:38:18 +0000 2015,5,10,Here's a musical #ThowbackThursday for ya - The first song I did in my #MusicMonday series :P https://t.co/z6huAjn2gz
135,652220880085323776,Thu Oct 08 20:35:50 +0000 2015,3,5,My luther thinks it's from the late 1800's @MoLutz @calzonecase It plays well - getting some new tuning pegs and strings. :)
136,652220472407396352,Thu Oct 08 20:34:12 +0000 2015,1,2,Thank you!! @jordijaywebde
137,651957692156653568,Thu Oct 08 03:10:01 +0000 2015,5,17,Great talking to Linda at @calzonecase - I'm excited to get a case for this special vintage #guitar #bass &lt;3 &lt;3 &lt;3 http://t.co/Btw01miZ29
138,651846759052935168,Wed Oct 07 19:49:12 +0000 2015,8,12,"Listen to my latest album .:Streetlamp Musician:. for free on Spotify or Pandora, just search for… https://t.co/FfuCAPTz3Q"
139,651507885059391488,Tue Oct 06 21:22:38 +0000 2015,2,6,I just discovered the Scrubber tool in @AvidProTools 😝 Vocal comping just got soooo much more fun! #protools #recording
140,651507175303417856,Tue Oct 06 21:19:49 +0000 2015,5,0,"RT @VenturaRocks1: Singer/songwriter, @NatalieGelman at 6; then the Beer Brothers open mic night @AmigosVentura @DowntownVentura #VenturaRo…"
141,651472143063060480,Tue Oct 06 19:00:37 +0000 2015,4,5,"Playing a show in Ventura, CA at 6:00 PM today at Amigo's http://t.co/o4dNCrH83t"
142,651217288486514688,Tue Oct 06 02:07:55 +0000 2015,7,21,I'm starting my Music Monday series back up and want to hear from you what songs you want to hear me cover #mm http://t.co/IYMJgTOH11
143,651216900693692416,Tue Oct 06 02:06:22 +0000 2015,1,2,Thanks! @sweetJ2u @stevecarlson wrote and produced it! It's on iTunes here https://t.co/RGBjiCyfyU #music #newmusic
144,651216692207423488,Tue Oct 06 02:05:33 +0000 2015,1,0,RT @davezeman: Some People by @NatalieGelman Live in London needed this today https://t.co/LOHTJnvd0l via @YouTube #YouNeedtoCoverThis
145,651163003354615809,Mon Oct 05 22:32:12 +0000 2015,3,0,"RT @spnfan65: #MusicMonday 
@stevecarlson Kiss You feat. @NatalieGelman 
Video by @NewKingdomProds 
https://t.co/VjLfRpwLrM 
 
https://t.co…"
146,651162938602991616,Mon Oct 05 22:31:57 +0000 2015,2,14,So grateful for the #rain today!! ☔️😍 #nature http://t.co/SazNKd2yzV
147,651151100851032064,Mon Oct 05 21:44:54 +0000 2015,1,7,I'm starting my Music Monday's series back up and want to hear from you what songs you want to hear… https://t.co/5h61McGCRV
148,650866163191169025,Mon Oct 05 02:52:40 +0000 2015,1,12,So grateful for the #rain today!! ☔️😍 #nature http://t.co/60zZZFoK02
149,650389992494100480,Sat Oct 03 19:20:32 +0000 2015,2,13,Happy Caturday 😻😽 #cats #caturday #pets #saturday #singersongwriter #singer #music https://t.co/zk8YXxuBYc
150,650096141007097857,Fri Oct 02 23:52:52 +0000 2015,6,10,"Always love this #quote ""What you seek is seeking you.""
— RUMI #beautiful #truths"
151,650068787828535296,Fri Oct 02 22:04:11 +0000 2015,4,8,Help! I play 🎸 what is this strange blue music box making my hands move 😁🎤🎹 #music #cover… https://t.co/wEt5JFqBBZ
152,649690948444758016,Thu Oct 01 21:02:47 +0000 2015,0,1,Thanks! @bluepuma5 it is always strange to wake up in a new city and hotel too!
153,649690507657003008,Thu Oct 01 21:01:02 +0000 2015,1,2,"Performing in Ojai, CA at 8:00 PM today at The Vine https://t.co/Bu8A76c4Bl"
154,649658061968285696,Thu Oct 01 18:52:06 +0000 2015,1,10,I vote to start the weekend early 🍷 anyone agree - please like 😎 #thursday #thursday #weekend #music… https://t.co/yl1KwGKoLq
155,649616107456753664,Thu Oct 01 16:05:23 +0000 2015,3,7,Long Stem Roses from my #album streetlamp musician. hope my #music makes you #smile today. Check my… https://t.co/TiMH3VQNy6
156,649300585447952384,Wed Sep 30 19:11:37 +0000 2015,0,5,"I ❤ seeing how talented my fans are! The incredible @kristenkahlo painted this of me! Remember, ""if… https://t.co/D1Mn13ZYh7"
157,648991798639984640,Tue Sep 29 22:44:37 +0000 2015,4,18,My residency at Amigos in #Ventura kicks off tonight at 6pm! See you there! #VenturaCounty #VenturaLive http://t.co/lcjfTIIGKE
158,648990805344948224,Tue Sep 29 22:40:40 +0000 2015,1,2,@Dan_Lafferty_ND and next month too! ;)
159,648796378076856320,Tue Sep 29 09:48:05 +0000 2015,1,13,"I think I should call this album ""burning the midnight oil"" 😒 #protoolsproblems 💀 Goodnight y'all"
160,648652836620775424,Tue Sep 29 00:17:42 +0000 2015,0,1,@spivmaestro such a good feeling! Wish I was done for the day. Still working!
161,648626640788951040,Mon Sep 28 22:33:36 +0000 2015,5,21,Mondays are better with #coffee and the beans used for this brew were grown by my godmother in Guatemala!⚡️☕️💕 #yum http://t.co/2HS8WRKkFI
162,648601257020551168,Mon Sep 28 20:52:44 +0000 2015,6,9,Thanks for the votes - I'm in the lead right now! :D No signing up just click and &lt;3 the song please! #mm #music http://t.co/sGrEsJou7x
163,648584117404106752,Mon Sep 28 19:44:38 +0000 2015,3,4,I would LOVE to be a part of the next @Musicforrelief album! Can you guys vote for my song The Answer? #mm #music http://t.co/sGrEsJou7x
164,648578181197250560,Mon Sep 28 19:21:03 +0000 2015,2,6,bwahhahahahah https://t.co/vPWMxKdgl0
165,648576741502382080,Mon Sep 28 19:15:19 +0000 2015,0,2,ps. #firstworldproblems
166,648576612187766784,Mon Sep 28 19:14:48 +0000 2015,4,11,Is it just me or is #facebook not working?
167,648575420103716864,Mon Sep 28 19:10:04 +0000 2015,1,0,RT @LoriAll369: @VCFair Would be awesome if @jennbostic @NatalieGelman @JDSHELBURNE @WeAreFelicity @Black_Mtn_Shine came to perform in Nove…
168,648575386385711104,Mon Sep 28 19:09:56 +0000 2015,1,0,Very cool! @MichaelJarda @path
169,648575050367369216,Mon Sep 28 19:08:36 +0000 2015,1,3,Enjoyed this interview w/ http://t.co/wmY1K8wYfe Great for other artists/singer-songwriters to check out #musicnews https://t.co/z8tXokyOtc
170,648348702566821888,Mon Sep 28 04:09:11 +0000 2015,0,0,@LindaOF61 it was cloudy at first here too. Barely caught it coming up in full eclipse too.
171,648300934917849088,Mon Sep 28 00:59:22 +0000 2015,4,7,I'm waiting for the sun to go down and this #SuperBloodMoon to rise! 😁 http://t.co/kRvzORWWMe
172,648298853641273344,Mon Sep 28 00:51:06 +0000 2015,3,0,RT @ryankair: This week's #podcast ep is here! It features an interview with the delightful @NatalieGelman! https://t.co/BwGl4Y5w1p http://…
173,647965619225128960,Sun Sep 27 02:46:56 +0000 2015,5,0,"RT @HuemulMedia: Thanks @NatalieGelman from #NYC #MostTheWhile 
https://t.co/wttmiRlV4z"
174,647859944084013056,Sat Sep 26 19:47:01 +0000 2015,1,3,Thanks so much @leeclancy34 that's a special one. :)
175,647859856347561984,Sat Sep 26 19:46:41 +0000 2015,2,0,"RT @leeclancy34: @NatalieGelman just had a look at laugh so hard you cry, beautiful song/voice ✌"
176,647859739821404160,Sat Sep 26 19:46:13 +0000 2015,2,0,RT @ryankair: The Break the Business Podcast is interviewing @NatalieGelman this week! Tweet or e-mail any Qs you have breakthebusiness@gma…
177,647555801872134144,Fri Sep 25 23:38:28 +0000 2015,2,8,I can see the weekend now and a whole lot more 😍😍😍 #tgif #beach #beachlife #beautiful #FridayFunday… https://t.co/upfiQxBZ7z
178,647201638495621120,Fri Sep 25 00:11:09 +0000 2015,1,4,Thanks so much! @spivmaestro I'm hoping to get over to Ireland on my next tour in the UK!
179,647163475697889280,Thu Sep 24 21:39:30 +0000 2015,5,27,Loved these three sweetheart sisters at my show in Julian last weekend!! 🌺☀️💜🎸🎵 #biggestfan #sisters #musicfestival http://t.co/YdLG3lbva1
180,646891734060941312,Thu Sep 24 03:39:42 +0000 2015,0,6,My #wcw goes out to these these three sweetheart sisters at the festival I played this past weekend 💜… https://t.co/UyzHC6cfdy
181,646813562346668034,Wed Sep 23 22:29:05 +0000 2015,0,1,She's a sweetheart! @InvaderPet
182,646774736328876032,Wed Sep 23 19:54:48 +0000 2015,4,11,#humpday got you down 😭 I think Anna Nalick said it best - Just Breathe. Click the link in my profile… https://t.co/YJlJexYYrp
183,646758874289176576,Wed Sep 23 18:51:46 +0000 2015,1,2,Totally hurts @LoganBruin
184,646555019903266817,Wed Sep 23 05:21:43 +0000 2015,2,2,I'm exaggerating @flying_grapes but really they are so big sometimes I'm shocked when they disappear into storm drain even.
185,646552362144829440,Wed Sep 23 05:11:10 +0000 2015,0,0,You love calling out all my spelling mishaps eh? 😒@LoganBruin @flying_grapes
186,646550717243625472,Wed Sep 23 05:04:37 +0000 2015,0,2,"No @flying_grapes but those nyc rats are so big they look like small children sometimes. 😜 seriously though, not phased by them."
187,646550535055630336,Wed Sep 23 05:03:54 +0000 2015,0,0,@TheGreatGabbert Bwahahaha! Maybe if it was a slice from Johns on Bleecker. ;)
188,646520129795194880,Wed Sep 23 03:03:05 +0000 2015,1,5,The #PizzaRat thing wouldn't have even phased me if I was there... #realnewyorker those folks filming were probably from out of town
189,646499235286810624,Wed Sep 23 01:40:03 +0000 2015,2,13,Who will be my 2000th follower on @instagram 😁http://t.co/S5pzTBpM3h #singersongwriter #Instagram http://t.co/SNmCAZEzOq
190,646418855976419329,Tue Sep 22 20:20:39 +0000 2015,5,7,It's been 2 months since Live in London came out! Get your free download at http://t.co/VSSc3iCSAL #tunesday #music http://t.co/7psVIFoyZj
191,646417908705439744,Tue Sep 22 20:16:53 +0000 2015,1,3,It is a deal - I have some covers in mind already :) @TheRobClements And no FL tour plans for a while - maybe next year with the new record!
192,646414101946736641,Tue Sep 22 20:01:46 +0000 2015,1,4,Sorry @MoLutz I was really busy with the big shows last week - hopefully getting to one for next week! https://t.co/FEOgeeN1V4
193,646088996842418176,Mon Sep 21 22:29:55 +0000 2015,2,3,I'm so impressed by the work Jalal at @sweetfreedomny is doing! http://t.co/r9mhfSdNMP #angelwork #communityCSA
194,646075307661783040,Mon Sep 21 21:35:31 +0000 2015,1,2,Awesome!! @JimmyC1151 I had a feeling you would thats why I did. Enjoy the free EP from London too!
195,646052485539344384,Mon Sep 21 20:04:50 +0000 2015,5,27,Front page ink! ⚡Julian Music Festival sat was awesome!! ☀️ #musiclife #happyday http://t.co/vUExRIUgZg
196,645855757141852160,Mon Sep 21 07:03:06 +0000 2015,2,0,"RT @0d171b8765e74a1: @NatalieGelman    Had a great time, seeing you again, my son an i, really enjoyed listening to you sing, and talking t…"
197,645653094412382209,Sun Sep 20 17:37:48 +0000 2015,1,1,Thanks! @JBow @FlorenceBrent this is us! ☁️⚡️☔️🌈@selfamused can't wait for the rain this week!!
198,645235992417431553,Sat Sep 19 14:00:23 +0000 2015,3,9,"Playing a show in Julian, CA at 3:30 PM today at Menghini Winery http://t.co/aJPoo4z4sz"
199,645069355651239936,Sat Sep 19 02:58:13 +0000 2015,3,12,It feels SO good to connect people that should know each other. Take a minute and do it for two of friends right now! 👬👫👭 #awesome #network
