,id_str,created_at,retweet_count,favorite_count,text
0,668863133943902209,Mon Nov 23 18:46:12 +0000 2015,1417,0,"RT @LostAtCollege: As a college student you’re either struggling academically, financially, or spiritually. Or all 3."
1,667046463885701120,Wed Nov 18 18:27:24 +0000 2015,2376,0,RT @reIatabIe: Use y=mx+b to calculate the slope of how down hill my life is going
2,666085156491427843,Mon Nov 16 02:47:31 +0000 2015,1,0,RT @NaishaShamim: Get your shit together Manning 🙄
3,664213992756215808,Tue Nov 10 22:52:11 +0000 2015,3149,0,"RT @reIatabIe: when people say ""my circle is small"" https://t.co/ATwIT5As0B"
4,661801688328749056,Wed Nov 04 07:06:32 +0000 2015,2,3,Literally both my roommates are on the phone with guys right now and I'm just here watching Netflix and eating chocolate🆒
5,661792041215647744,Wed Nov 04 06:28:12 +0000 2015,0,1,@StephStern_98 💕💕💕
6,661791645151703041,Wed Nov 04 06:26:38 +0000 2015,0,1,@StephStern_98 oh okay then 110 days of 🔥 fire for nothing I see
7,661791373323051009,Wed Nov 04 06:25:33 +0000 2015,0,1,@StephStern_98 NOT ME
8,661036215441956864,Mon Nov 02 04:24:49 +0000 2015,2131,0,RT @NFL: FINAL: @Broncos win big! #GBvsDEN https://t.co/3nSxfDcnDi
9,661036120327614466,Mon Nov 02 04:24:27 +0000 2015,0,1,Thankfully @sunshinejuless and I aren't around each other after this game #GBvsDEN 🔹🔶🔹🔶🔹
10,661035261904732160,Mon Nov 02 04:21:02 +0000 2015,744,0,"RT @NFL: There's 9 minutes and change left in the 4th and Aaron Rodgers is sitting at 70 yards passing.

This @Broncos defense... #GBvsDEN"
11,659852948793630721,Thu Oct 29 22:02:57 +0000 2015,0,0,Did somebody say #NationalCatDay ? https://t.co/FZfg5NONnI
12,659852116261998592,Thu Oct 29 21:59:38 +0000 2015,2277,0,RT @RelatableQuote: In honor of #NationalCatDay here's a bunch of adorable kittens 🐱😊 https://t.co/fnY1J7FO9k
13,658029090704719872,Sat Oct 24 21:15:35 +0000 2015,230,0,RT @CatPornx: A box of kittens   What could be better? https://t.co/MZx2NXh5Kr
14,655058835699163136,Fri Oct 16 16:32:51 +0000 2015,0,4,Sunrises make getting up early worth it http://t.co/Iu7B7jMK8x
15,654157755385782272,Wed Oct 14 04:52:17 +0000 2015,0,1,@StephStern_98 OMG NO. Dude. I can't handle you right now.
16,654157192543739904,Wed Oct 14 04:50:03 +0000 2015,0,1,@StephStern_98 no but really 😂😂
17,654156936540237824,Wed Oct 14 04:49:01 +0000 2015,0,1,@StephStern_98 I have a solution to your problem. 😉
18,654156788275748864,Wed Oct 14 04:48:26 +0000 2015,0,0,@sunshinejuless WHAT
19,651187637621919744,Tue Oct 06 00:10:05 +0000 2015,0,2,@sunshinejuless you can tell there's a difference because I don't even know what those are😂
20,648007697711796224,Sun Sep 27 05:34:09 +0000 2015,2251,0,RT @reIatabIe: Say hi to everybody! http://t.co/TUpSJX6fvX
21,646889518809878528,Thu Sep 24 03:30:54 +0000 2015,21146,0,"RT @pakalupapito: don't let anyone treat u like pond water 

you are fiji water okay"
22,645270098534641664,Sat Sep 19 16:15:54 +0000 2015,0,1,@yaaintspecial I'm right here dude  #rude
23,639564820350500865,Thu Sep 03 22:25:10 +0000 2015,1355,0,"RT @tinatbh: If you are lonely, dim all lights and put on a horror-movie. After a while it won’t feel like you are alone anymore."
24,638108337112944640,Sun Aug 30 21:57:37 +0000 2015,0,2,shopping with all the money we don't have💁🏼 http://t.co/IScXG0DtbF
25,636392238868770816,Wed Aug 26 04:18:27 +0000 2015,0,4,"Mostly just love my roommates because they make awesome food, like this guac 😍 http://t.co/ZnOypuJhAG"
26,633875429976248325,Wed Aug 19 05:37:33 +0000 2015,2,0,RT @graceanderson27: Woowoww the people in my life are just so amazing like how am I so lucky
27,633455124526989312,Tue Aug 18 01:47:25 +0000 2015,2,8,I wore shorts to school today and guess what. It didn't disrupt anybody's learning. What a concept.
28,630637124459479040,Mon Aug 10 07:09:41 +0000 2015,0,1,@JosyWortman I don't want to talk about it.
29,630618353577492480,Mon Aug 10 05:55:06 +0000 2015,0,0,@yaaintspecial Not me. No way. Not even close.
30,629514173098012672,Fri Aug 07 04:47:29 +0000 2015,0,0,@sunshinejuless I refuse to sink to that level. 😭
31,629498481757978624,Fri Aug 07 03:45:08 +0000 2015,0,4,The last two nights I've had cup of noodles for dinner. This college life is hitting hard.
32,628662682296520704,Tue Aug 04 20:23:58 +0000 2015,209,0,"RT @coffee_n_mtns: Mt. Shasta, CA http://t.co/SIlHBiKQgD"
33,628662602344693760,Tue Aug 04 20:23:39 +0000 2015,0,1,@sunshinejuless @coffee_n_mtns wow that's awesome! So cool!
34,628352215128780800,Mon Aug 03 23:50:16 +0000 2015,0,2,@megan_farrell12 @brucieebabyyy Thanks guys! 😊💕
35,628267008958660608,Mon Aug 03 18:11:42 +0000 2015,0,7,Let the new adventures begin
36,628036954743902208,Mon Aug 03 02:57:33 +0000 2015,0,7,Party bc last night in Reno http://t.co/kr73uEMNLn
37,627674073766572036,Sun Aug 02 02:55:35 +0000 2015,0,4,Maybe I will miss Reno.. http://t.co/QhNaLoaaH6
38,627168990998073344,Fri Jul 31 17:28:34 +0000 2015,2665,0,RT @Dory: HOW AM I SUPPOSED TO EXPLAIN TO MY DOG THAT IM LEAVING FOR COLLEGE
39,626917508226744320,Fri Jul 31 00:49:16 +0000 2015,0,2,Thank God I'm leaving Monday and not in a month. I don't think I would make it.
40,622934324216664064,Mon Jul 20 01:01:31 +0000 2015,0,5,Mt. Rainier 🌲🌲🌲 http://t.co/ETAgqf9w7q
41,612147284982116353,Sat Jun 20 06:37:40 +0000 2015,0,1,@tyogle_ too bad no one feels that way about you.
42,609199318252175361,Fri Jun 12 03:23:30 +0000 2015,0,11,PRAISE. 🙏🏼🙏🏼🙏🏼 http://t.co/aNlEBLG0yu
43,608145770085113856,Tue Jun 09 05:37:05 +0000 2015,0,4,This Twitter fight is a perfect excuse for me to not study for my Spanish final tomorrow
44,606941333274554368,Fri Jun 05 21:51:04 +0000 2015,0,1,@Shelbymontez or park like a butthole in two spots.
45,606941179616231424,Fri Jun 05 21:50:28 +0000 2015,2,0,RT @Shelbymontez: UR A SOPHOMORE PLS DONT PARK IN MY SPOT
46,602896045631123456,Mon May 25 17:56:33 +0000 2015,1,2,Go to Yogurt Beach tonight and 20% goes to sending kids to camp! Just mention Younglife when you pay! 🎉🎉 #YoungLife #woodleaf
47,601604228285485056,Fri May 22 04:23:19 +0000 2015,3432,0,RT @TumblrEdits: We all have powers. http://t.co/xKtC1DOczK
48,599396161108086784,Sat May 16 02:09:15 +0000 2015,0,4,My dad and I are currently saying how stupid the people on celebrity jeopardy are while we miss more questions than they do..
49,595451091833081858,Tue May 05 04:52:57 +0000 2015,2,6,I was going to replace my calculator batteries but honestly I hope it dies. At least then I'll have a reason for getting a 1.
50,595090044785819649,Mon May 04 04:58:17 +0000 2015,1,7,Currently telling myself I don't need to study for ap tests because you only need like 50% so it's probably fine.
51,592582603644895232,Mon Apr 27 06:54:37 +0000 2015,294,0,RT @PoemTexts: “I wonder how many people I've looked at all my life and never seen.”
52,590633420633563137,Tue Apr 21 21:49:15 +0000 2015,0,4,Lol @ mrs otuafi's don't procrastinate text.
53,588566370192764930,Thu Apr 16 04:55:32 +0000 2015,0,4,Thank God for my sister having a baby right now because I can't handle school. #excuses
54,588015375390003200,Tue Apr 14 16:26:04 +0000 2015,0,1,It would be chill if the weather made up its mind.
55,587458950980730880,Mon Apr 13 03:35:03 +0000 2015,0,5,Currently giving myself pep talks to try to find motivation to finish the year....no luck so far.
56,587438805239537665,Mon Apr 13 02:14:59 +0000 2015,678,0,RT @PeopIe: Wow.. http://t.co/AkWXiDFN0u
57,580487815974260737,Tue Mar 24 21:54:14 +0000 2015,1695,0,"RT @Broncos: Happy birthday, 18! [http://t.co/xcpK26UttZ] http://t.co/EZWYxWVWt5"
58,575425776515858432,Tue Mar 10 22:39:30 +0000 2015,1,0,RT @NaishaShamim: Sorry 49er's fans looks like your team is going to suck this year. 😊
59,573560942161612802,Thu Mar 05 19:09:19 +0000 2015,1557,0,RT @nfl: HE'S BAAAAACK: http://t.co/ZrL10U9yU9 http://t.co/VI0s4I4Kj0
60,573560614431272960,Thu Mar 05 19:08:01 +0000 2015,4375,0,RT @Broncos: OFFICIAL: Peyton Manning is returning to the Denver #Broncos in 2015. http://t.co/bsJjS8AWea
61,573271377471393793,Wed Mar 04 23:58:41 +0000 2015,0,0,THANK GOD. http://t.co/uunEVCX9e5
62,570769208956588034,Thu Feb 26 02:15:58 +0000 2015,123,0,RT @TBVines: I'm trippin.. . http://t.co/6w9s4aZmXs
63,565645101570203648,Wed Feb 11 22:54:36 +0000 2015,0,3,"I could either study for the calc test and fail OR not study for the calc test and fail, I think I'll not."
64,562085881096314881,Mon Feb 02 03:11:31 +0000 2015,1,1,@totes_rach can't we just drop this?
65,562083868266598402,Mon Feb 02 03:03:31 +0000 2015,0,1,What.
66,562042660416806912,Mon Feb 02 00:19:47 +0000 2015,6,0,"RT @GentForChrist: Awww, that was cute, about the dog and the horses. Now let me get drunk on Budweiser.

(Not really)"
67,562023151035363328,Sun Feb 01 23:02:15 +0000 2015,0,0,I ❤️ Carrie Underwood. #SB49
68,560571376348561409,Wed Jan 28 22:53:25 +0000 2015,111,0,"RT @GentForChrist: Yes, I'm a Christian. No, I'm not perfect. The two were never synonymous anyway."
69,560332962676211713,Wed Jan 28 07:06:03 +0000 2015,259,0,RT @BBAnimals: Whatever floats your goats ' http://t.co/1LnsW5VjSE
70,560320535679086592,Wed Jan 28 06:16:40 +0000 2015,0,2,I'm not on Twitter enough to understand the fights..
71,554772805703585792,Mon Jan 12 22:51:58 +0000 2015,0,0,Just when I thought it wouldn't get any worse. 😭😭 #Broncos http://t.co/mtoc73dBnq
72,554444416803278849,Mon Jan 12 01:07:04 +0000 2015,1,4,"Doesn't matter how many jokes people make, Peyton Manning is still one of the best quarterbacks to ever play. EVER. #INDvsDEN"
73,551587705310949377,Sun Jan 04 03:55:31 +0000 2015,0,4,Fanny pack game too strong. http://t.co/ipH9bHlq21
74,549340941174046720,Sun Dec 28 23:07:41 +0000 2014,0,0,CJ Anderson 😍 #DENvsOAK
75,547525583916130304,Tue Dec 23 22:54:06 +0000 2014,7881,0,RT @RelatableQuote: Christmas shopping is hard when your mom deserves an island and you can afford a candle
76,547218361751326720,Tue Dec 23 02:33:18 +0000 2014,0,0,It started out so promising. 😔 #DENvsCIN
77,546543532895268865,Sun Dec 21 05:51:47 +0000 2014,1521,0,RT @_LadyBoners: Love me a man in a suit http://t.co/8lDvSs4ZEx
78,545409275166601217,Thu Dec 18 02:44:39 +0000 2014,2,0,"RT @totes_rach: It's so sad, how work &amp; stress can consume a person up to the point where they no longer have the time nor the energy to wo…"
79,544259036922007553,Sun Dec 14 22:34:00 +0000 2014,704,0,RT @2015Seniors: I am the most stressed out laziest person. I don't even know how I do it
80,544238692416512003,Sun Dec 14 21:13:10 +0000 2014,0,0,The amount of orange in the Chargers stadium right now is making me happy. #SDvsDEN #GoBroncos
81,542818292621004801,Wed Dec 10 23:09:00 +0000 2014,0,1,It's amazing how much you can learn from every person you meet.
82,542575265923088384,Wed Dec 10 07:03:18 +0000 2014,0,0,I could either do my calculus homework or sleep....
83,541756772105871360,Mon Dec 08 00:50:54 +0000 2014,0,0,Shout out to Oakland right now. I like anybody who beats the niners. #SFvsOAK #49ersSUCK
84,541716030239043586,Sun Dec 07 22:09:00 +0000 2014,390,0,"RT @Broncos: TOUCHDOWN! 

@CjAndersonRB9 second of the day!

#BUFvsDEN"
85,541688862578188288,Sun Dec 07 20:21:03 +0000 2014,0,2,🔷🔶🔷🔶🔷 #BUFvsDEN #BroncosCountry http://t.co/w5GnAlzms3
86,541433716392747008,Sun Dec 07 03:27:11 +0000 2014,2367,0,RT @BabyAnimalPics: It's a catholder http://t.co/XpdiWr4Cf4
87,539241406401744896,Mon Dec 01 02:15:44 +0000 2014,0,1,That was GENIUS. 🙌 #KCvsDEN #Broncos
88,539239490821181440,Mon Dec 01 02:08:07 +0000 2014,0,0,Demarcus Ware is a beast. 💙 http://t.co/5I7Nmu3VwR
89,539237703078789120,Mon Dec 01 02:01:01 +0000 2014,485,0,"RT @nfl: C.J. Anderson is for real. And spectacular. 

Touchdown @Broncos 

#DENvsKC"
90,539234945361670144,Mon Dec 01 01:50:04 +0000 2014,292,0,RT @Broncos: .@BossWard43 with the SACK! #DENvsKC
91,539230216405516288,Mon Dec 01 01:31:16 +0000 2014,418,0,RT @nfl: Sunday Night Football starts NOW! #DENvsKC #SNF http://t.co/3x9GKBUHd7
92,538851271873019904,Sun Nov 30 00:25:29 +0000 2014,0,0,@tylermogle maybe in all the crappy acting. Who knows.
93,538851005815717889,Sun Nov 30 00:24:25 +0000 2014,0,0,"@tylermogle hey at least we found faith, right?"
94,538850643385921536,Sun Nov 30 00:22:59 +0000 2014,0,0,@tylermogle wait where did the girl go?
95,537860352063447041,Thu Nov 27 06:47:55 +0000 2014,0,2,Still cute thooooooo. @tylermogle http://t.co/uhqcmVCRe8
96,535689208287858688,Fri Nov 21 07:00:34 +0000 2014,0,0,"""who is dis"" -Julie Johnson"
97,535687881038118912,Fri Nov 21 06:55:18 +0000 2014,0,0,@tylermogle @sunshinejuless I mean it wasn't hard to throw the first sooooo
98,535687259777798145,Fri Nov 21 06:52:49 +0000 2014,0,0,@tylermogle @sunshinejuless I don't ❤️ you soooooo
99,535653184186748928,Fri Nov 21 04:37:25 +0000 2014,0,0,I'm a bad Broncos fan for rooting for the Raiders right now.
100,534584101676658689,Tue Nov 18 05:49:16 +0000 2014,0,1,@tylermogle is cute. http://t.co/Z4Gr3yPcRG
101,534577227715735552,Tue Nov 18 05:21:57 +0000 2014,0,0,@tylermogle THROW THE FIRST PUNCH TYLER. THROW IT.
102,534093178970714112,Sun Nov 16 21:18:31 +0000 2014,0,0,@tylermogle you're a real friend. 😭
103,534092760769249280,Sun Nov 16 21:16:51 +0000 2014,0,0,@tylermogle no reply. To busy crying.
104,534072590910758912,Sun Nov 16 19:56:42 +0000 2014,0,0,We will see @tylermogle we will see.
105,534063243388387328,Sun Nov 16 19:19:34 +0000 2014,0,0,Please tell me again how Manning can't throw long accurately. #DENvsSTL
106,534050668898562050,Sun Nov 16 18:29:36 +0000 2014,75,0,RT @Broncos: There goes that man again! @ESanders_10. #DENvsSTL
107,533827566038032386,Sun Nov 16 03:43:04 +0000 2014,1635,0,"RT @FactsOfSchool: Boom, crash, the sound of my grades. They go down and down and down and down"
108,533497161078415361,Sat Nov 15 05:50:09 +0000 2014,0,1,"""while it's good to be discovered, it's even better to discover yourself."""
109,532674087450316802,Wed Nov 12 23:19:33 +0000 2014,0,0,"I don't know, but why I love @DrPhil so much."
110,531953946328199168,Mon Nov 10 23:37:58 +0000 2014,0,1,7:27. 2365 Skyline Blvd. It's going to be awesome. http://t.co/UFuRdmoBSG
111,531581718805766144,Sun Nov 09 22:58:52 +0000 2014,553,0,RT @Broncos: WHAT. A. RUN! @CjAndersonRB9! #DENvsOAK
112,531226290570149889,Sat Nov 08 23:26:32 +0000 2014,1508,0,RT @Dory: she wears short skirts i wear t-shirts and we’re both getting sent home from school because its distracting to boys apparently
113,529075320054231040,Mon Nov 03 00:59:20 +0000 2014,41,0,RT @BroncosRT: Last time the Broncos lost in New England they went to the Super Bowl #silverlining
114,529071159669567488,Mon Nov 03 00:42:48 +0000 2014,0,0,We will meet again.
115,529064293585543168,Mon Nov 03 00:15:31 +0000 2014,0,0,I mean the niners lost so there's a plus.
116,529045886874030080,Sun Nov 02 23:02:23 +0000 2014,0,0,They are either really really good or really really bad. Whhhyyyyyyyy.
117,529038205241155584,Sun Nov 02 22:31:51 +0000 2014,0,0,I mean that's cool. Don't call the illegal block but I mean whatever. #DENvsNE
118,529036817299816448,Sun Nov 02 22:26:20 +0000 2014,0,0,This is actually not okay with me so please stop. Thanks.
119,528968197517479937,Sun Nov 02 17:53:40 +0000 2014,797,0,RT @HoodieAllen: God Bless Football Sunday
120,528031019178659841,Fri Oct 31 03:49:39 +0000 2014,0,3,@totes_rach is the most inspirational person I know. You are so great. ❤️❤️ #boooommmbbbbb
121,527233890142793728,Tue Oct 28 23:02:09 +0000 2014,6164,0,RT @RelatableQuote: Me dealing with my responsibilities http://t.co/dbBl9bbdDM
122,526500678298894336,Sun Oct 26 22:28:38 +0000 2014,0,5,October. 😍🍂🍁🍃 http://t.co/tMI22ohWwX
123,525499790302646272,Fri Oct 24 04:11:27 +0000 2014,0,1,"In case you're wondering why I didn't blow up your feed during the Broncos game, I had volleyball. It's okay though, I recorded the game."
124,524444318367350784,Tue Oct 21 06:17:23 +0000 2014,0,1,@tylermogle #sorrynotsorry bring your dog next time✌️
125,524055182465069056,Mon Oct 20 04:31:06 +0000 2014,0,1,What a day. http://t.co/pSDnEl2uEL
126,524029529849753600,Mon Oct 20 02:49:10 +0000 2014,0,0,Not only did Manning break the record but Broncos also CRUSHED the Niners. #bestdayever #SFvsDEN
127,524014376898932736,Mon Oct 20 01:48:57 +0000 2014,1,0,RT @BananaHannah_10: Congrats to Peyton Manning 🏈 #Peyton509
128,524013654207766528,Mon Oct 20 01:46:05 +0000 2014,0,2,THAT'S 509!!! 😭😭
129,523854882353053696,Sun Oct 19 15:15:11 +0000 2014,0,1,Peyton Manning is going to break the record today AND I'm going to be there.😱😭😱😭😱😭😱😭😱 #DENvsSF #BroncosNation @Broncos
130,522874498949738496,Thu Oct 16 22:19:29 +0000 2014,0,0,@Shelbymontez mine isn't in yet. 😬😬😬
131,522508389394296832,Wed Oct 15 22:04:42 +0000 2014,0,1,#YLShirtDay @YoungLife @YLsouthside http://t.co/gr0qMVqbF4
132,521878628406398977,Tue Oct 14 04:22:15 +0000 2014,10,0,RT @AsapRachie: If Damonte were a shoe they would be crocs
133,521348307801493504,Sun Oct 12 17:14:57 +0000 2014,0,0,Eric Decker nooooo.
134,518901169180008448,Sun Oct 05 23:10:54 +0000 2014,0,0,It is done. #AZvsDEN
135,518877456317435904,Sun Oct 05 21:36:40 +0000 2014,0,0,Manning + Thomas = AMAZING. #AZvsDEN
136,518874568941793280,Sun Oct 05 21:25:12 +0000 2014,0,0,@totes_rach lets hang out soon. Maybe not scary movies but old movies?
137,518870390177689600,Sun Oct 05 21:08:35 +0000 2014,0,2,Peyton Manning obviously read my tweet. Thank God.
138,518869910336708608,Sun Oct 05 21:06:41 +0000 2014,0,0,Peyton Manning needs to step it up right now. #DENvsAZ
139,518251659328491520,Sat Oct 04 04:09:58 +0000 2014,1677,0,RT @Dory: Relevant http://t.co/9PLzkpUb1f
140,517889214038695937,Fri Oct 03 04:09:45 +0000 2014,0,3,Now it's time to read the book that's due tomorrow. #procrastinationiskey
141,517501313609785344,Thu Oct 02 02:28:22 +0000 2014,1734,0,RT @Dory: How I feel when i'm overwhelmed http://t.co/jkJ2eUpwBC
142,517172456818102272,Wed Oct 01 04:41:36 +0000 2014,4,0,RT @tarynkelsi: @childishcobino Riot Squad would be at every game too if we got extra credit for it.
143,516307138499461120,Sun Sep 28 19:23:09 +0000 2014,0,0,SNOW
144,516060704580075520,Sun Sep 28 03:03:54 +0000 2014,1,0,RT @totes_rach: cob wobbling 💙 http://t.co/MPCF6KD3wc
145,515621583386189825,Fri Sep 26 21:58:59 +0000 2014,0,2,Direct tv isn't working so I can't watch @DrPhil 😔 #firstworldproblems
146,514616668262526976,Wed Sep 24 03:25:49 +0000 2014,1294,0,RT @femaIe: if ur having a bad day here's a hedgehog in a Starbucks cup http://t.co/p38jc9hD0W
147,513839732065718272,Sun Sep 21 23:58:33 +0000 2014,0,0,I'm done
148,513835234349965312,Sun Sep 21 23:40:41 +0000 2014,0,1,@Ali_French_ HELL YES IT DID
149,513835193866539009,Sun Sep 21 23:40:31 +0000 2014,0,0,ITTTSSS GGOOOODDD
150,513822214047543296,Sun Sep 21 22:48:56 +0000 2014,0,0,It's go time. #DENvsSEA
151,513815148289470464,Sun Sep 21 22:20:52 +0000 2014,0,1,Dumbest call ever. #DENvsSEA
152,513786465373810688,Sun Sep 21 20:26:53 +0000 2014,0,0,First play isn't a safety. THANK GOD
153,513785632410202112,Sun Sep 21 20:23:35 +0000 2014,0,0,Rematch. #DENvsSEA
154,512471274203779072,Thu Sep 18 05:20:47 +0000 2014,0,1,Thank you google translate for doing my homework yet again.
155,511745570533167105,Tue Sep 16 05:17:06 +0000 2014,0,0,YoungLife is life. http://t.co/gJOmWjjDWq
156,511631831410565120,Mon Sep 15 21:45:08 +0000 2014,0,0,YoungLife at 7:27! Be there or be ▪️
157,511397836605239296,Mon Sep 15 06:15:20 +0000 2014,380,0,"RT @Country_Words: You're gonna wish these days, hadn't gone by so fast. -Trace Adkins"
158,511284358213165056,Sun Sep 14 22:44:24 +0000 2014,2,2,I would feel bad for raiders fans but then again they picked the raiders soooo.
159,511256576556941313,Sun Sep 14 20:54:01 +0000 2014,0,0,Football 😍
160,510848938660745216,Sat Sep 13 17:54:12 +0000 2014,1567,0,RT @iQuoteComedy: Me in math class http://t.co/Vj8eMI8N2G
161,509835235765125120,Wed Sep 10 22:46:07 +0000 2014,0,0,@sunshinejuless wtf is wrong with my hair?
162,509832682386124801,Wed Sep 10 22:35:58 +0000 2014,0,6,College applications give me a major headache. #notready
163,509212468468383744,Tue Sep 09 05:31:27 +0000 2014,6,0,"RT @Jacky_Bullard: we all judge eachother, but we choose whether or not to voice that negative opinion inside us http://t.co/IB8XrVePsr"
164,508439733027233792,Sun Sep 07 02:20:53 +0000 2014,0,1,I love when teachers put their tests within the same two days as every other teacher. It's really great.
165,506614852245524480,Tue Sep 02 01:29:27 +0000 2014,0,4,the kids starting kindergarten this year will graduate in 2027 #whatislife
166,501174300716433408,Mon Aug 18 01:10:39 +0000 2014,84,0,RT @cole_curtis98: WATCH THIS👀 know what people are doing it for!  http://t.co/XKPqqgL926
167,499074580116275200,Tue Aug 12 06:07:06 +0000 2014,0,0,@TheUnusualFact @BoveeCass
168,498971076626374656,Mon Aug 11 23:15:49 +0000 2014,116,0,RT @TBVines: So hedgehogs float... https://t.co/OqD8VUNPCS
169,498380308824485888,Sun Aug 10 08:08:19 +0000 2014,1098,0,RT @PoetryPix: http://t.co/XqPDDfkUhN
170,497590079376723969,Fri Aug 08 03:48:14 +0000 2014,449,0,"RT @Broncos: #Manning. #Welker. #SEAvsDEN. 
http://t.co/GARynrwbl9 http://t.co/RcYOaURUHK"
171,497571186297937920,Fri Aug 08 02:33:09 +0000 2014,746,0,RT @Broncos: TOUCHDOWN! @MrHillman2U slams it home. #SEAvsDEN
172,496344184497123330,Mon Aug 04 17:17:29 +0000 2014,9390,0,RT @WhitePplQuote: I don't care bout you because I got my mini tacos https://t.co/wLIjwelkki
173,493219460036055041,Sun Jul 27 02:20:57 +0000 2014,4642,0,RT @PunsOfFood: http://t.co/BKmIkciT9a
174,491820507101016064,Wed Jul 23 05:42:01 +0000 2014,0,2,@rae_ricee  this is the one. 👍😂 “@pickupIines: Are you my homework? Cause I'm not doing you but I definitely should be.”
175,491820155739963393,Wed Jul 23 05:40:37 +0000 2014,0,0,@rae_ricee  this one? 😂 “@pickupIines: do you like cats because i'm feline a connection between us”
176,491819973824618496,Wed Jul 23 05:39:53 +0000 2014,0,1,"@rae_ricee  how about this one? “@pickupIines: I'm sorry, I forgot your name. Can I just call you mine?”"
177,491815941613682688,Wed Jul 23 05:23:52 +0000 2014,2444,0,RT @UnexplainedPicx: ` http://t.co/Fs4g0PDM26
178,491445062111199232,Tue Jul 22 04:50:08 +0000 2014,1,0,RT @rae_ricee: there's more to life than trying to be popular.
179,491393624186159104,Tue Jul 22 01:25:44 +0000 2014,0,1,Curse you Panera for playing your commercials in Reno. I just want to eat your food. 😭
180,490723874405752833,Sun Jul 20 05:04:23 +0000 2014,0,1,shark week is life 🐟🐟 http://t.co/ojliUrZ0Xw
181,490360378191122432,Sat Jul 19 04:59:59 +0000 2014,0,3,The perfect night. 🌅 http://t.co/Jt9WJ4yqeb
182,489645005284204544,Thu Jul 17 05:37:21 +0000 2014,1256,0,RT @Broncos: RT to congratulate Peyton Manning for Best NFL Player and Record-Breaking Performance ESPYs! http://t.co/XPWTCRyN95 http://t.c…
183,489613858646929409,Thu Jul 17 03:33:35 +0000 2014,749,0,RT @OMGFacts: baby elephant http://t.co/3SNlm1LIet
184,488919870113714176,Tue Jul 15 05:35:55 +0000 2014,0,0,@tylermogle @MattBomer don't we all. 😍
185,488919432396144641,Tue Jul 15 05:34:11 +0000 2014,1,0,RT @rae_ricee: cute little leaf.. and merry 😋 @bacon_clayton http://t.co/wg9mn7mqE5
186,488835503295193088,Tue Jul 15 00:00:40 +0000 2014,0,0,It's 104 today but it still hails? Good going Reno.
187,486607034431700993,Tue Jul 08 20:25:32 +0000 2014,431,0,"RT @TheGoogleFactz: If I had a dollar for every time someone spelled my name wrong, I could pay for college, semester abroad, a new car, an…"
188,485986830139916288,Mon Jul 07 03:21:04 +0000 2014,10671,0,"RT @girlposts: 2015 is only 5 months away, just let that sink in"
189,485681179677306881,Sun Jul 06 07:06:31 +0000 2014,199,0,RT @TBVines: What happens when you grow up on Disney Movies . https://t.co/uNuFSdFhFi
190,485678252132798464,Sun Jul 06 06:54:53 +0000 2014,1,0,RT @rae_ricee: fireworks are all the proof that I need that magic is real 🎆
191,482684124411351040,Sat Jun 28 00:37:17 +0000 2014,170,0,RT @NatGeoID: Happy Elephants are the best http://t.co/PeghlQGvmQ
192,482576552211668992,Fri Jun 27 17:29:50 +0000 2014,0,1,http://t.co/97CFjAPgGW
193,482562157838483456,Fri Jun 27 16:32:38 +0000 2014,8398,0,RT @Ridiculousne55: Man Down! 🏈😂😂😂 I'm so fuckin' weak rn https://t.co/VEZaJ1Z0rX
194,482403094202818560,Fri Jun 27 06:00:34 +0000 2014,1376,0,RT @RealTouchingPic: Cute Little Baby Elephant http://t.co/qNV9hdJmpM
195,482003815978512384,Thu Jun 26 03:33:59 +0000 2014,2059,0,RT @BabyAnimalPics: This is why you don't faceswap animals http://t.co/uGraJFxeg6
196,481998212421918720,Thu Jun 26 03:11:43 +0000 2014,596,0,RT @WakeUp__America: It's time to reclaim our destiny http://t.co/dIOQA0ikH8
197,481492871833722880,Tue Jun 24 17:43:41 +0000 2014,2946,0,RT @CutestVine: Kitten attack!  . http://t.co/mbkxmFf0ML
198,480551638042542080,Sun Jun 22 03:23:33 +0000 2014,1521,0,RT @WowSoPunny: I laughed way harder than I should have 😂😂😂 http://t.co/hIClzqRpEK
199,480130741695574016,Fri Jun 20 23:31:03 +0000 2014,2362,0,RT @TheBestOfTumbIr: http://t.co/44LQaqGIxL
