,id_str,created_at,retweet_count,favorite_count,text
0,668901856794402816,Mon Nov 23 21:20:04 +0000 2015,0,0,Businesses Giving Thanks and Giving Back This Holiday Season - https://t.co/A2VI9O76WH #Thanksgiving #givingback
1,667789364626194432,Fri Nov 20 19:39:26 +0000 2015,0,1,Online and real shops merge into a seamless customer experience - https://t.co/KOkIhkNJHb #onlinemarketing
2,667788855593054211,Fri Nov 20 19:37:24 +0000 2015,0,1,klout score seems to be much hire now if sharing from that platform rather from other sources on the web...#digitaltrends
3,667788392889978880,Fri Nov 20 19:35:34 +0000 2015,0,0,Have anyone noticed that klout is more biased to posts published from their platform than before?
4,667787893822193668,Fri Nov 20 19:33:35 +0000 2015,0,2,The role of social media in B2B buyers’ decision making - https://t.co/oWrtOB6NrM #socialmediamarketing #tips
5,667785050826633216,Fri Nov 20 19:22:17 +0000 2015,1,0,"@BarrettKays thank you, Terrific Friday to u as well :) @TrinOfertas @ahmetcanturk"
6,667111411458441217,Wed Nov 18 22:45:29 +0000 2015,0,0,#FollowFriday @ConstantContact @andyvelo @AnaLuciaNovak top Influencers this week! Have a great weekend :) (via https://t.co/X6CRxBT46g)
7,667070714730700800,Wed Nov 18 20:03:46 +0000 2015,0,0,Interesting: What’s Your State Car? Unofficial Cars for Each of the 50 States https://t.co/dNw3xmMfLL #US #facts
8,666676905408634881,Tue Nov 17 17:58:55 +0000 2015,1,1,My best RTs this week came from: @Nina_35_4ever @kristenglehan #thankSAll Who were yours? https://t.co/JqodA2sUwm https://t.co/LxBEtIgigW
9,666375318714892288,Mon Nov 16 22:00:31 +0000 2015,0,3,Google’s Natural Language Search Gets Smarter https://t.co/TP1keHHIxx #SEO #marketing
10,666367703150645248,Mon Nov 16 21:30:15 +0000 2015,0,0,Useful Post: LinkedIn’s Newsfeed &amp; Twitter: Your Direct Lines to Potential Clients and Your Network https://t.co/8E3R9nMrbX #socialmedia
11,665252963376603136,Fri Nov 13 19:40:40 +0000 2015,1,2,14 Free Tools That'll Make It Easier to Run Your Business https://t.co/weVG5wFAWE #onlinemarketing #tips
12,664937174769475584,Thu Nov 12 22:45:51 +0000 2015,0,0,Google’s New Stopwatch &amp; Timer Search Feature https://t.co/3aTOR1938C #Google #news
13,664858698511175680,Thu Nov 12 17:34:00 +0000 2015,2,0,RT @iPrytaneum: Want to Know More about Us? #startup for #nonprofit #success  https://t.co/BluEzUbIBM
14,664833261089202179,Thu Nov 12 15:52:56 +0000 2015,0,1,#FollowFriday @DovBaron @1Hyp3rsonic @yrlinkedincoach top Influencers this week! Have a great weekend :) (via https://t.co/X6CRxBT46g)
15,664519266771800067,Wed Nov 11 19:05:14 +0000 2015,0,2,A Facebook Test: The Wheel and Spoke Model Still Works Best https://t.co/PGW4SdlyTi #socialmedia #strategy
16,664516721261330432,Wed Nov 11 18:55:07 +0000 2015,1,1,Content Shock is  here. Now what? https://t.co/1mY4gOPDfc #contentmarketing #digital
17,664136005893664768,Tue Nov 10 17:42:17 +0000 2015,1,1,My best RTs this week came from: @Nina_35_4ever #thankSAll Who were yours? https://t.co/JqodA2sUwm https://t.co/K0yFh8Bazi
18,664087816822005760,Tue Nov 10 14:30:48 +0000 2015,0,0,Interesting fact: Modigliani Picture Just Sold for $170 million #art #news https://t.co/Aa0GfLa0Xc
19,663853466759098368,Mon Nov 09 22:59:34 +0000 2015,0,0,#FollowFriday @ExecProfiles @LittleTechGirl top Influencers this week! Have a great weekend :) (insight by https://t.co/X6CRxBT46g)
20,661947564493811712,Wed Nov 04 16:46:12 +0000 2015,0,0,Google’s App Interstitial Giant Ad Penalty Is Now Live https://t.co/m0zQkdCdiu #SEO #mobile
21,661586508718186496,Tue Nov 03 16:51:30 +0000 2015,1,1,My best RTs this week came from: @Nina_35_4ever @newzgeek @AmiV2 #thankSAll Who were yours? https://t.co/JqodA2sUwm https://t.co/ivmvw4KIRP
22,661582236337082369,Tue Nov 03 16:34:31 +0000 2015,0,1,A Social Network For Seniors - https://t.co/YmTp2Rp7It #socialmedia
23,661581941825662976,Tue Nov 03 16:33:21 +0000 2015,0,0,3 Ways Science Can Inform Good Leadership - https://t.co/SZWWE7439m #leadership and #science
24,661253794903162880,Mon Nov 02 18:49:24 +0000 2015,0,0,"FB Signs Up 100,000 Workers At The Royal Bank - https://t.co/XMXFtsoVF2 #socialmedia #business"
25,661249515794669569,Mon Nov 02 18:32:24 +0000 2015,0,0,Email Marketing Giant @ConstantContact Acquired for Over $1 Billion: https://t.co/5C7nezkxKG #marketing #news #acquisitions
26,661216992649719808,Mon Nov 02 16:23:10 +0000 2015,0,2,#FollowFriday @214stefi @TheCraftStar top Influencers this week! Have a great weekend :) (insight by https://t.co/X6CRxBT46g)
27,659862547034718208,Thu Oct 29 22:41:05 +0000 2015,0,0,#FollowFriday @pacrackz @Gmang604 top Influencers this week! Have a great weekend :) (insight by https://t.co/X6CRxBT46g)
28,659856009633009664,Thu Oct 29 22:15:06 +0000 2015,0,0,10 enterprise IT firsts - https://t.co/GppyUGKtJL #tech #corporate #management
29,659832212536188928,Thu Oct 29 20:40:33 +0000 2015,0,0,40 Under 40’s women to watch: 10 female execs on the rise - https://t.co/1I4S6mCWfY #womenboards #startup #biz
30,659831454914883585,Thu Oct 29 20:37:32 +0000 2015,0,1,How to Prepare for a Conference (Through the Eyes of a Woman) - https://t.co/9izIvfx1u5 #business
31,659830011160080384,Thu Oct 29 20:31:48 +0000 2015,0,2,"S/O To My Valuable Followers of the Month: @leadtoday @jeffsheehan @iamthemaven @SunGroupWP @elizabethtraub @cookiesandclogs
 @we_heart #FF"
32,659824605524312068,Thu Oct 29 20:10:19 +0000 2015,0,1,@ToddAndLeahRae you're welcome :) @quintpr @troyjensen
33,659720346787053568,Thu Oct 29 13:16:02 +0000 2015,0,1,Google AdWords Turns 15: A Look Back At The Origins Of A $60 Billion Business https://t.co/T7aT98zKjO #PPC #google #adwords
34,659477697417101312,Wed Oct 28 21:11:50 +0000 2015,0,0,#FollowFriday @MuLaMigzz @meezymarz top Influencers this week! Have a great weekend :) (insight by https://t.co/X6CRxBT46g)
35,659468481847537664,Wed Oct 28 20:35:13 +0000 2015,0,1,Industry Best Practice Meetings As A Consultative Selling Tool https://t.co/um6oiGeecG #business #strategy
36,659455873077477376,Wed Oct 28 19:45:06 +0000 2015,0,0,How Internal Communication is Changing in Companies - https://t.co/1wtIRMnKCx #corporate #communications
37,659439941068288004,Wed Oct 28 18:41:48 +0000 2015,1,1,"4 Reasons Why Startups Thrive in Dublin, #Ireland - https://t.co/eDm44v1jtZ #startup #investment"
38,659438473036763136,Wed Oct 28 18:35:58 +0000 2015,0,1,IBM snaps up https://t.co/65Vj8LwAjB and more in Watson IoT push - https://t.co/0oTM3h1rMj #tech #corporate #acquisitions
39,659141584454328320,Tue Oct 27 22:56:14 +0000 2015,0,2,#FollowFriday @ArtistReach @JillGoldworn top Influencers this week! Have a great weekend :) (insight by https://t.co/X6CRxBT46g)
40,659108588065980417,Tue Oct 27 20:45:07 +0000 2015,0,0,50 Best Small and Medium Workplaces - https://t.co/rnOdmOGFL5 #SMB #facts
41,659093501049634817,Tue Oct 27 19:45:10 +0000 2015,2,1,SkyTran's air taxis to debut in Israel. U.S. could be next. - https://t.co/FztTvPGQTH #technology #news
42,659081348171235328,Tue Oct 27 18:56:53 +0000 2015,0,0,Yahoo's Stream of NFL Game Garners 15 Million Viewers - https://t.co/PZNe5khsU6 #digital #business #strategy
43,659080376279781376,Tue Oct 27 18:53:01 +0000 2015,1,1,@TheCraftStar @Nina_35_4ever you're welcome :)
44,659056269488209920,Tue Oct 27 17:17:13 +0000 2015,1,1,My best RTs this week came from: @Nina_35_4ever @OnieBaur #thankSAll Who were yours? https://t.co/JqodA2sUwm https://t.co/OVg07b5Hze
45,658734313836531712,Mon Oct 26 19:57:53 +0000 2015,0,1,#FollowFriday @vincentdignan @TashaCastagna @JayTSmAcK top Influencers this week! Have a great weekend :) (via https://t.co/X6CRxBT46g)
46,657619628542156800,Fri Oct 23 18:08:32 +0000 2015,0,0,How To Increase Qualified Traffic In 2016 &amp; Beyond - https://t.co/3oCE6CAYAp #B2B #SEO #strategy
47,657612481377017856,Fri Oct 23 17:40:08 +0000 2015,0,1,5 Lead Gen Mistakes to Avoid Now https://t.co/XUSzADBR0o #Leadgeneration #marketing #inbound
48,657359786296655872,Fri Oct 23 00:56:00 +0000 2015,0,1,#FollowFriday @TehManBob @MortonsMusings @Jettrendy top Influencers this week! Have a great weekend :) (insight by https://t.co/X6CRxBT46g)
49,657010582500044800,Thu Oct 22 01:48:24 +0000 2015,1,0,#FollowFriday @JohnDundonNSR @og_blizz top Influencers this week! Have a great weekend :) (insight by https://t.co/X6CRxBT46g)
50,656919139886370816,Wed Oct 21 19:45:02 +0000 2015,0,0,The Art of Innovation - https://t.co/KV0fkpqVeF #business #strategy
51,656899005511696384,Wed Oct 21 18:25:02 +0000 2015,0,0,Apple updates Siri with quips about 'Back to the Future Day' - https://t.co/fRXQPv9Nay #apple #news
52,656876055400050692,Wed Oct 21 16:53:50 +0000 2015,0,0,The Power of Cartoons in #contentmarketing - https://t.co/JzqPukQcf9 #marketing #strategy
53,656643022168457216,Wed Oct 21 01:27:50 +0000 2015,0,1,#FollowFriday @drumchris @_rafichowdhury @ImAStarClothing top Influencers this week! Have a great weekend :) (via https://t.co/X6CRxBT46g)
54,656510793912090624,Tue Oct 20 16:42:25 +0000 2015,1,1,My best RTs this week came from: @Nina_35_4ever @ThisIsVersatile #thankSAll Who were yours? https://t.co/JqodA2sUwm https://t.co/L2VDE1uJq2
55,656263109053685761,Tue Oct 20 00:18:12 +0000 2015,1,0,RT @W130SN: Facebook will warn you if the government is hacking your profile https://t.co/DfaQQNCYB8 via @mashable
56,656183404334026753,Mon Oct 19 19:01:29 +0000 2015,0,0,Who Else Think That New #linkedin interface sucks? How about asking users first whether they like it before making such a drastic change?
57,656182889118355460,Mon Oct 19 18:59:26 +0000 2015,0,0,"When I click on the icon in the right corner to see new invitations, instead of showing people, #linkedin sends me to ""import contacts""."
58,656157452161937409,Mon Oct 19 17:18:22 +0000 2015,0,0,#FollowFriday @LittleTechGirl @bareback_33 @DallasWayde top Influencers this week! Have a great weekend :) (via http://t.co/X6CRxBT46g)
59,656143106774052864,Mon Oct 19 16:21:21 +0000 2015,0,0,#Facebook Looking To Partners To Extend Reach Into Small Business Market http://t.co/HBYEIz6m6O #socialmedimarketing #SMB
60,655111954252455937,Fri Oct 16 20:03:55 +0000 2015,1,0,You Just Raised $10 Million. Now What? - http://t.co/6YUCGYoTqZ #startup #entrepreneur #investment
61,655099737125822465,Fri Oct 16 19:15:23 +0000 2015,0,0,"Inflating, taking, and making: the 10 most important economic charts of the week http://t.co/jhFx6WRBd9 #world #economy"
62,655082059254398976,Fri Oct 16 18:05:08 +0000 2015,0,1,iPad Pro one step closer after securing FCC approval http://t.co/NBkNh0vWTR #tech #news
63,655076115380350976,Fri Oct 16 17:41:31 +0000 2015,0,0,"It's funny when I receive DMs saying ""I'll teach you how to do #onlinemarketing"". May be you should check out my profile first?"
64,654800001042767873,Thu Oct 15 23:24:20 +0000 2015,1,1,#FollowFriday @ArtistsResults @ThisIsVersatile top Influencers this week! Have a great weekend :) (insight by http://t.co/X6CRxCaEXO)
65,654365485828587520,Wed Oct 14 18:37:44 +0000 2015,1,1,#FollowFriday @briangbc @sportsultima @SendaScript top Influencers this week! Have a great weekend :) (insight by http://t.co/X6CRxBT46g)
66,654268089295618049,Wed Oct 14 12:10:42 +0000 2015,0,2,Simply Measured Acquires Social Intelligence Firm DataRank http://t.co/Kt9qb7sfTw #socialmedia #analytics
67,654017946784808960,Tue Oct 13 19:36:44 +0000 2015,2,1,My best RTs this week came from: @Nina_35_4ever @ThisIsVersatile #thankSAll Who were yours? http://t.co/JqodA2sUwm http://t.co/MM9cA3nwoK
68,653989850111045633,Tue Oct 13 17:45:05 +0000 2015,0,0,Social networks can motivate people to exercise more: http://t.co/HGdBOxkWY2 #social #good
69,653986489378971648,Tue Oct 13 17:31:44 +0000 2015,0,0,#FollowFriday @BAMN_NATION @rockoftalk @DrunksLikeUs top Influencers this week! Have a great weekend :) (insight by http://t.co/X6CRxBT46g)
70,653979222218833924,Tue Oct 13 17:02:51 +0000 2015,0,0,@TopNewsA1 Instant World in 140 chars #GiveTwitterASlogan
71,653974846217412608,Tue Oct 13 16:45:28 +0000 2015,3,1,LinkedIn?s Plan for World Domination - http://t.co/1JXz6Av6Pz #socialmediamarketing #strategy
72,653973205124808704,Tue Oct 13 16:38:56 +0000 2015,0,0,@Find_Passion you're welcome @HCI_Labs @ABBooster @GardhamDouglas 😄
73,653972865126125568,Tue Oct 13 16:37:35 +0000 2015,1,0,@OneToughMutherK wonderful week to you too 😉
74,653972242003558403,Tue Oct 13 16:35:07 +0000 2015,0,2,#Instagram Profiles See A Dramatic Drop In Organic Growth And Engagement http://t.co/DYdpOdE478 #socialmediamarketing #news
75,653937116209119232,Tue Oct 13 14:15:32 +0000 2015,0,0,@entensive thank you for RT-ing my article :)
76,653678252796575744,Mon Oct 12 21:06:54 +0000 2015,0,2,#FollowFriday @TheRoySutton @RealDerekHanson @214stefi top Influencers this week! Have a great weekend :) (via http://t.co/X6CRxBT46g)
77,653282487116955648,Sun Oct 11 18:54:16 +0000 2015,1,0,"RT @AllusionsLineup: @onlinepro, We care about what you have to say!"
78,652871440975425536,Sat Oct 10 15:40:55 +0000 2015,1,1,"@Nina_35_4ever you're welcome, Nina :)"
79,652869371686207488,Sat Oct 10 15:32:42 +0000 2015,0,0,@JustinWise hiya back :)
80,652869030966099972,Sat Oct 10 15:31:21 +0000 2015,0,1,"You favorited 8 of my tweets at the same time, @AllusionsLineup ! Interesting. Usually people only favorite 3-4 in one sitting. Thank u"
81,652867300803117056,Sat Oct 10 15:24:28 +0000 2015,1,1,"@clintingtons Thank you for RT-ing my article, have a wonderful weekend :)"
82,652866832836227073,Sat Oct 10 15:22:37 +0000 2015,0,1,@Find_Passion you are welcome :) @AlfGarnettTil @ArindF @Polskafruits @amplifyblogcom @KevinCKellum
83,652866293352239104,Sat Oct 10 15:20:28 +0000 2015,0,2,@dianecvalenti enjoy weekend @cpettus100 @SplashRafting @SmallBizBrian @StevieStone09 @JulianRey_93 @JonathanGunson @lexberju @Arora_Meenal
84,652865490428260352,Sat Oct 10 15:17:17 +0000 2015,0,0,"@johnwilliamwade for a while, John. LOL"
85,652864866160640000,Sat Oct 10 15:14:48 +0000 2015,2,0,"@BarrettKays Thank you for recommending me to #FF, Dr Barrett @Pikiki5 @slol59"
86,652864516263444480,Sat Oct 10 15:13:24 +0000 2015,0,1,@TeamBossyGals Thank you for recommending me to #FF @ciroc100 @trudy_brookes
87,652864337829330944,Sat Oct 10 15:12:42 +0000 2015,0,1,@rosey_dobbs you're welcome :) @SanDiegoDDAs @yrlinkedincoach @findmattley @TheOutreachMin @sleepingwithout
88,652864133843521536,Sat Oct 10 15:11:53 +0000 2015,0,1,@1Hyp3rsonic Thank you for recommending me to #FF @anisans48152723 @vinenoqewoho
89,652863675712315392,Sat Oct 10 15:10:04 +0000 2015,2,2,@MKMMAJason @Thank you for recommending me to #FF @feedingjoy @ThisIsVersatile
90,652863269326180352,Sat Oct 10 15:08:27 +0000 2015,1,0,@golivewith you're welcome :) @MuLaMigzz @SocialNPR @aaronandshara
91,652721010890928128,Sat Oct 10 05:43:10 +0000 2015,0,1,"@JillGoldworn thank you for the Rt, dear Jill :)"
92,652274949361664000,Fri Oct 09 00:10:41 +0000 2015,0,2,7 Tips For Deploying A Successful Ad Retargeting http://t.co/XKpA4Qd2Ar #digitalstrategy
93,652213690998128641,Thu Oct 08 20:07:16 +0000 2015,0,0,#FollowFriday @skapaid @AttaboyOfficial @TeenStarComp top Influencers this week! Have a great weekend :) (via http://t.co/X6CRxBT46g)
94,652191173541535744,Thu Oct 08 18:37:47 +0000 2015,2,0,RT @iPrytaneum: We are #crowdfunding ! Please #RETWEET #ShareTheLove #like http://t.co/lB1msww5Wc #startup to help #nonprofit(s) http://t.c…
95,652186909016522753,Thu Oct 08 18:20:50 +0000 2015,0,0,#LinkedIn Introduces Sales #metrics to help salespeople benchmark their performance http://t.co/qoYFwu89xc
96,652158499271512064,Thu Oct 08 16:27:57 +0000 2015,1,0,4 Entrepreneurs Reveal How Long They Work Every Week - http://t.co/QOr4VDXsLA #entrepreneur #insights
97,652157867873538048,Thu Oct 08 16:25:26 +0000 2015,0,0,How Big Data Drives #digitalmarketing Success - http://t.co/jeKs6ZDMIa #digitalstrategy
98,651950200995643392,Thu Oct 08 02:40:15 +0000 2015,0,1,@Find_Passion you are welcome :) @AlfGarnettTil @ArindF @Polskafruits @amplifyblogcom @KevinCKellum
99,651949391541071872,Thu Oct 08 02:37:02 +0000 2015,0,0,@yrlinkedincoach you're welcome :) @uk_guide @Jems_bond008
100,651948783740289024,Thu Oct 08 02:34:37 +0000 2015,0,0,@ExecProfiles you're welcome :) @jkpumps @mohamed53694861 @DubaiEscots @elwakelmm @ronaq45 @waleeeeeeeeeed @bcwalid
101,651948330512203776,Thu Oct 08 02:32:49 +0000 2015,1,3,@BarrettKays you're welcome :) @QQ__55 @halawalllla
102,651891227189751808,Wed Oct 07 22:45:54 +0000 2015,0,0,#FollowFriday @BraxtonACosby @GlobaluxGenesis @Sportssups top Influencers this week! Have a great weekend :) (via http://t.co/X6CRxBT46g)
103,651833180589309952,Wed Oct 07 18:55:15 +0000 2015,0,1,Pandora Just Bought Ticketfly For Nearly Half a Billion Dollars http://t.co/2gwxq7upQm #corporate #news #investment #acquisitions
104,651815548456693760,Wed Oct 07 17:45:11 +0000 2015,0,0,#LinkedIn Is Making All LinkedIn Groups Private Starting Oct. 14 http://t.co/H4aMtiwckM #socialmediamarketing #news
105,651806941732282368,Wed Oct 07 17:10:59 +0000 2015,0,0,9 Big Unanswered Questions About #TwitterMoments http://t.co/b9XkIgVEZ0 #socialmedia
106,651445347051569152,Tue Oct 06 17:14:08 +0000 2015,3,1,My best RTs this week came from: @lisabriercliffe @MKMMAJason #thankSAll Who were yours? http://t.co/JqodA2sUwm http://t.co/TzokN6gWf3
107,651442517557297153,Tue Oct 06 17:02:54 +0000 2015,0,0,#FollowFriday @ExecProfiles @ItsZephEllis @therealdblake4g top Influencers this week! Have a great weekend :) (via http://t.co/X6CRxBT46g)
108,651178550020562944,Mon Oct 05 23:33:59 +0000 2015,0,1,#FollowFriday @Fitplanman @mattlande @Label_La_Rogue top Influencers this week! Have a great weekend :) (insight by http://t.co/X6CRxCaEXO)
109,651126095782146048,Mon Oct 05 20:05:33 +0000 2015,0,1,9 Popular #IFTTT Recipes To Automate #SocialMediaMarketing - http://t.co/xCpKSPDZfN #marketing #Automation
110,651124575137230849,Mon Oct 05 19:59:30 +0000 2015,0,0,#Twitter Plan to Remove #RETWEET Count - Bad Idea: http://t.co/TGBfDaT3ju http://t.co/leFPQ8OxvR
111,650097126643507200,Fri Oct 02 23:56:47 +0000 2015,0,0,@golivewith Yes. But what makes you different from Facebook or YouTube Live Streaming? It seems there are many other similar channels...
112,650086169083047936,Fri Oct 02 23:13:15 +0000 2015,1,2,#FollowFriday @workfmhomeDiva @MKMMAJason @CindysArtHuts for being top engaged members in my community this week :)
113,650086070546223104,Fri Oct 02 23:12:51 +0000 2015,1,1,#FollowFriday @BenPhrases @ABBooster @lisabriercliffe for being top influencers in my community this week :) (via http://t.co/X6CRxBT46g)
114,650045295175278592,Fri Oct 02 20:30:50 +0000 2015,0,1,"Hi Vince @vincentdignan, #Fundable Campaign for #nonprofit #fundraising #startup: http://t.co/CLvZx5sabj Plz.#RT"
115,649753405427183616,Fri Oct 02 01:10:58 +0000 2015,1,2,Very Wise Words... https://t.co/HRFm3wJZqd
116,649752071726624768,Fri Oct 02 01:05:40 +0000 2015,1,1,@ConnieYRankin you're welcome :) @fysahuzynita
117,649656750795194369,Thu Oct 01 18:46:54 +0000 2015,2,5,8 Free Tools to Boost Your Blog - https://t.co/WRd92N4mTJ #contentmarketing #Blogging
118,649652840613351425,Thu Oct 01 18:31:21 +0000 2015,0,1,How ad blocking can inspire better advertising - https://t.co/whgVHyjO9k #digitalstrategy #inbound #marketing
119,649438683230273536,Thu Oct 01 04:20:22 +0000 2015,15,0,RT @kimgarst: SUCCESS doesn't come from what you can do. It comes from overcoming the things you once thought you couldn't. #biztip
120,649427050730778624,Thu Oct 01 03:34:09 +0000 2015,0,2,"Very true, Dr. Asa https://t.co/YosSaMXrz8"
121,649422306507378688,Thu Oct 01 03:15:18 +0000 2015,0,4,"Through my followers, I can reach up to 922,180,974 people. (according to @fruji). #socialmedia #influencer"
122,649307563238952960,Wed Sep 30 19:39:21 +0000 2015,0,0,Unique #fundraising Platform for #nonprofits Launched #Crowdfunding Campaign via @Fundable: http://t.co/0zLZ4vwI3g http://t.co/7jQevwlT8j
123,649287010226716672,Wed Sep 30 18:17:41 +0000 2015,1,0,"RT @AlecStern: Now up at the #SMBInnoLoft demo day, @iPrytaneum.  A great platform for all nonprofits to build supporter engagement. http:/…"
124,649285992386424832,Wed Sep 30 18:13:38 +0000 2015,0,5,What Effective #B2B #contentmarketing Looks Like - http://t.co/dut9cjDGtQ #inbound #socialmediamarketing
125,648930934331473921,Tue Sep 29 18:42:45 +0000 2015,0,3,"If you are a #startup, please share which #crowdfunding platform worked best for you... #entrepreneur #insiders"
126,648924385970126848,Tue Sep 29 18:16:44 +0000 2015,0,1,"Great Discussion Today with @AlecStern, one of the original 3 for @ConstantContact, very knowledgable and humble person..."
127,648885945320796160,Tue Sep 29 15:43:59 +0000 2015,2,1,My best RTs this week came from: @lisabriercliffe @MKMMAJason #thankSAll Who were yours? http://t.co/JqodA2sUwm http://t.co/3beUPDmPhp
128,648329883651805185,Mon Sep 28 02:54:24 +0000 2015,1,0,Tonight is a #bloodmoon on the #eastcoast... I prefer the #HarvestMoon term though... Less vampiric...
129,647599101190782976,Sat Sep 26 02:30:32 +0000 2015,0,0,@RichardWingard you're welcome .
130,647598877567262720,Sat Sep 26 02:29:38 +0000 2015,0,0,@ericfransen thank u for #FF @bud_caddell @TheRoySutton @hibbsy @LarsSchulze
131,647598421285687298,Sat Sep 26 02:27:50 +0000 2015,1,1,@MKMMAJason you're welcome :) @TadekSolarz @Maxs_Books @ericfransen
132,647404992459067392,Fri Sep 25 13:39:13 +0000 2015,2,3,So @LinkedIn wins hands down among major #socialmedia networks re: human support. Extremely important feature silly ignored by other players
133,647404338403516416,Fri Sep 25 13:36:37 +0000 2015,0,1,"Note from the #SocialMediaMarketing trenches.  Get human support from #Twitter: extremely difficult, #Facebook - difficult, #LinkedIn - easy"
134,647400390317748224,Fri Sep 25 13:20:55 +0000 2015,0,1,"@CindysArtHuts you're welcome, Cindy. @CCastleView"
135,647174410726604800,Thu Sep 24 22:22:58 +0000 2015,0,1,Vine: A Digital Entertainment Platform For #Influencers - http://t.co/GQC9OiYyAC #socialmediamarketing
136,646847849393614848,Thu Sep 24 00:45:19 +0000 2015,0,2,CEO of #Salesforce Shared His Story to inspire a #smallbusiness - http://t.co/0BRxDRyAL3 #SMB vs #Corporate
137,646793049767456768,Wed Sep 23 21:07:34 +0000 2015,0,0,GE will connect app makers with big brands - http://t.co/T3rYNHe6qC #creative #branding
138,646355847912779777,Tue Sep 22 16:10:17 +0000 2015,1,0,My best RTs this week came from: @Tech_Sharer #thankSAll Who were yours? http://t.co/JqodA2sUwm http://t.co/kbr2dB7SPP
139,646321983383314432,Tue Sep 22 13:55:43 +0000 2015,0,0,Questions to #LinkedIn experts. Which groups would you recommend to join to get the word out to #nonprofit organizations worldwide?
140,643826552787103745,Tue Sep 15 16:39:46 +0000 2015,1,1,My best RTs this week came from: @CarmenCanoD @Tech_Sharer #thankSAll Who were yours? http://t.co/JqodA2sUwm http://t.co/JBCnjucmog
141,643484129707884545,Mon Sep 14 17:59:06 +0000 2015,0,0,@AeroEmail you're welcome :) @BrandPersonas @cjwigg @TribesPeople @colortheory @zutuhodinyty @m_j_thompson
142,643484016671334400,Mon Sep 14 17:58:39 +0000 2015,0,0,@JohnLester you're welcome @fulyqijitoz
143,642363349288787968,Fri Sep 11 15:45:31 +0000 2015,0,0,LOL. Nice visual representation of an average website redesign @gabewahhab #INBOUND15
144,642357911608553472,Fri Sep 11 15:23:55 +0000 2015,1,2,"shutout back, Mike :) @Inbound_Mike @ReadersGazette @supastarkee @Twirral1 @smtpitu1239 @Huballin @dunkindonutlids @AmazingP1CS"
145,642339185320398848,Fri Sep 11 14:09:30 +0000 2015,0,0,"Lol, if u click on the image you actually will be able to see our faces..."
146,642336724572618752,Fri Sep 11 13:59:43 +0000 2015,0,4,With @MariSmith #Facebook #marketing expert at #INBOUND15 http://t.co/jhohVyaNmW
147,642065777487687680,Thu Sep 10 20:03:05 +0000 2015,1,0,good point @ScottKirsner  put as much contact info as possible for media to contact you easily #pr #marketing
148,641682994072276993,Wed Sep 09 18:42:02 +0000 2015,0,0,@INBOUND would be great if you could arrange encores after 7 pm for those willing to stay longer...
149,641682069031153664,Wed Sep 09 18:38:21 +0000 2015,0,0,"@INBOUND while encores theoretically are helpful, realistically you will have to miss other sessions if you were to attend encores"
150,641681415420157952,Wed Sep 09 18:35:45 +0000 2015,0,3,"@INBOUND ok, line ups are bad. missed 3 of my planned sessions. Don't like at all that I could not get in at the @ChadPollitt 's session."
151,641663995036991488,Wed Sep 09 17:26:32 +0000 2015,1,1,"Direct conversion through mobile and integration of a call button on social vs standard marketing funnel - great catch, @larrykim"
152,641659697158819840,Wed Sep 09 17:09:27 +0000 2015,0,0,"100K visitors for $250? Great example, @larrykim !"
153,641658963453456384,Wed Sep 09 17:06:32 +0000 2015,0,0,"@HRHPrinceDavid Dear Prince, I mentioned @HubSpot 's quality #customerservice, since often people who provide great support go unnoticed"
154,641616805048545280,Wed Sep 09 14:19:01 +0000 2015,0,0,"Jason Webber from #hubspot was very helpful today. I lost my brochure with lunch tickets at the conference, and he was very attentive..."
155,641609835306438656,Wed Sep 09 13:51:19 +0000 2015,0,0,"#storrytelling lesson from @BreneBrown: if somebody acts irritated after the meeting, it does not necessarily have something to do with you"
156,641279402257580032,Tue Sep 08 15:58:18 +0000 2015,2,1,My best RTs this week came from: @CarmenCanoD @Tech_Sharer #thankSAll Who were yours? http://t.co/JqodA2sUwm http://t.co/m43BiNDHMR
157,640930237426069505,Mon Sep 07 16:50:51 +0000 2015,0,0,I will be at #INBOUND15 tomorrow... Should be fun...
158,640928640910422016,Mon Sep 07 16:44:30 +0000 2015,0,0,Happy #LabourDay to All My US followers!
159,639913356279742465,Fri Sep 04 21:30:07 +0000 2015,0,0,3 Steps To A Billion Dollar Company - http://t.co/EM4U40XfqN #entrepreneur #business #strategy
160,639904565446483968,Fri Sep 04 20:55:11 +0000 2015,0,0,Simply Measured Acquires Inside Social To Boost Case For Social ROI: #social #acquisitions http://t.co/466wHIRNfb
161,639891603151323137,Fri Sep 04 20:03:41 +0000 2015,0,0,A Search Engine Built For Email Marketers Includes 4M+ Searchable Email Campaigns: http://t.co/OBi6WnFVtZ #marketing #emailcampaign
162,639560725501906944,Thu Sep 03 22:08:54 +0000 2015,0,1,#Nonprofit #Fundraising #Startup iPrytaneum Selected to Join #ConstantContacts #SmallBusiness #Innovation Program: http://t.co/Yqfznhwfog
163,638827690250792960,Tue Sep 01 21:36:04 +0000 2015,0,0,"All I see is the interactive ""help"" which is not helpful at all..."
164,638827327313457152,Tue Sep 01 21:34:38 +0000 2015,0,0,Who knows the best way to get the answers from #Twitter support? Even finding  #Facebook support seems to be easier...
165,638741208118992896,Tue Sep 01 15:52:25 +0000 2015,2,2,My best RTs this week came from: @CarmenCanoD @Tech_Sharer #thankSAll Who were yours? http://t.co/JqodA2sUwm http://t.co/vwmBH2TAXj
166,637266237450518528,Fri Aug 28 14:11:25 +0000 2015,0,1,It seems that really strong #leadership skills are often combined with true modesty...
167,637265788236374016,Fri Aug 28 14:09:38 +0000 2015,0,3,"very accomplished #entrepreneur thanked his followers today for sticking with him since he is a ""very difficult"" person...#integrity"
168,637055803560722435,Fri Aug 28 00:15:14 +0000 2015,0,0,Current tax system is too convoluted... #America #taxes
169,637052694813888512,Fri Aug 28 00:02:52 +0000 2015,0,0,I like #donaldtrump . Think he is among but a few who can bring real changes to America...
170,636201056012214273,Tue Aug 25 15:38:46 +0000 2015,2,1,My best RTs this week came from: @CarmenCanoD @Tech_Sharer #thankSAll Who were yours? http://t.co/JqodA2sUwm http://t.co/LRaydFXfZH
171,634769430849957888,Fri Aug 21 16:50:00 +0000 2015,1,0,Reach Is Much More Than An Impression  - http://t.co/XjjnK4qtD2 #socialmedia #marketing #onlinemarketing
172,634738000723705856,Fri Aug 21 14:45:06 +0000 2015,0,1,14 #SocialMediaMarketing Tools Recommended by the Pros - http://t.co/duNvK90ZYx #socialstrategy
173,634537172201271296,Fri Aug 21 01:27:05 +0000 2015,2,2,"Like #Windows10 much more than previous versions so far, especially improvements in the taskmanager #tech"
174,633738590594334720,Tue Aug 18 20:33:48 +0000 2015,0,0,"@janemedia Lol. Thank you Jane. Usually I am answering such questions, not asking them #socialmedia #strategy"
175,633681052783874049,Tue Aug 18 16:45:10 +0000 2015,0,0,Slack vs HipChat: The Battle for Office Messaging Supremacy - http://t.co/fQUIeD2TeP #corporate #communications
176,633665036561588224,Tue Aug 18 15:41:32 +0000 2015,1,1,My best RTs this week came from: @CarmenCanoD @selanikli91_RT #thankSAll Who were yours? http://t.co/JqodA2sUwm http://t.co/ACREUMmlsF
177,633662847726170113,Tue Aug 18 15:32:50 +0000 2015,0,1,How to Inject Humor into your #socialmedia #branding - http://t.co/aIcl13joR6 #socialmediamarketing
178,633661914476879872,Tue Aug 18 15:29:07 +0000 2015,0,0,@BuzzFeed Just Raised $200 Million from @NBCUniversal #investment #startup  via @brianstelter
179,633661093668331520,Tue Aug 18 15:25:52 +0000 2015,0,1,"Ok, My RepScore on Naymz is 99 out of 99. But what if I want 109 out of 99? LOL #reputation #management"
180,633660013911900160,Tue Aug 18 15:21:34 +0000 2015,0,0,I've achieved a RepScore of 99  on Naymz! http://t.co/5E4cvR8WRL
181,633022359956492288,Sun Aug 16 21:07:46 +0000 2015,0,0,"@krismikulka4 probably just not the most careful choice of words, nothing more..."
182,633021435158634496,Sun Aug 16 21:04:05 +0000 2015,0,0,"@krismikulka4 lol, me neither, Christine... I am on a fence... But I am sure that the creator of this list meant well..."
183,633020115592720384,Sun Aug 16 20:58:51 +0000 2015,0,0,"Recently I was added to the list ""Smart and Rarely Annoying"". Translation: while not always annoying, I could be annoying as heck... LOL"
184,632178546023206912,Fri Aug 14 13:14:45 +0000 2015,4,3,@CarmenCanoD Thank you for #FF @TAEVisionCEO @angelentrena @HRamonyCajalVA @selanikli91_RT @LIGAWAB
185,631569437838196736,Wed Aug 12 20:54:22 +0000 2015,0,1,@CaptainNX74205 just gets to show you that even #Fortune100 companies make crucial #branding mistakes sometimes...
186,631557635272278016,Wed Aug 12 20:07:28 +0000 2015,0,1,BMW owns http://t.co/LyHqBDAoQS and it's not selling it to Google http://t.co/tvRwhxWRBg #strategy faux pas...
187,631148907746230272,Tue Aug 11 17:03:20 +0000 2015,2,2,My best RTs this week came from: @CarmenCanoD @otarka1 @tzbaren #thankSAll Who were yours? http://t.co/JqodA2sUwm http://t.co/OPrYy9WYym
188,630874604223881216,Mon Aug 10 22:53:21 +0000 2015,0,0,Interesting Point of View: Cities As Platforms - http://t.co/uMhAoy8r0F #digitalstrategy #marketing #disruption
189,630868005665112065,Mon Aug 10 22:27:08 +0000 2015,0,1,How to Earn Links and Gain Credibility - http://t.co/pNYr0J1gbI #SEO #strategy #inbound #links
190,630731193391140865,Mon Aug 10 13:23:29 +0000 2015,2,4,"@CarmenCanoD same to you, Carmen. @HRamonyCajalVA @selanikli91_RT @LIGAWAB @TAEVisionCEO"
191,630421926293450752,Sun Aug 09 16:54:34 +0000 2015,2,0,RT @tdkinser: You have one job. And that is to live an extraordinary life. - Umair Hague #wisdom
192,629760079412260865,Fri Aug 07 21:04:37 +0000 2015,0,0,"@theDanniApp you're welcome, Danni :) Have a great weekend. @BerkshireBowls @eBayForBusiness"
193,629396561160605696,Thu Aug 06 21:00:08 +0000 2015,0,0,5 tools to help PR pros measure storytelling efforts - http://t.co/GbKVFiPFre #analytics #strategy #exposure
194,629347494087016448,Thu Aug 06 17:45:09 +0000 2015,1,0,Interesting Opinion: Windows 10: Revenge of Microsoft?  - http://t.co/Bs7vimxvpC #technology #corporate #news
195,629338635289104384,Thu Aug 06 17:09:57 +0000 2015,0,0,RT @jdunham Marketing to Women: 46.3% of nation's top wealth holders are women. http://t.co/dUW3S97a4u
196,629322890358427648,Thu Aug 06 16:07:23 +0000 2015,0,0,RT @bmw_free China orders removal of amateur porn from social media after sex video aired on giant screen in shop... http://t.co/5MryCH3hX7
197,629309577809526784,Thu Aug 06 15:14:30 +0000 2015,0,0,@ConstantContact you're welcome :)
198,629303355806846976,Thu Aug 06 14:49:46 +0000 2015,0,1,"Dynamite Labs Debuts at New York Tech Meetup, With $1.6M after Seed - http://t.co/p1Wr7Fhgyh #entrepreneur #tech"
199,629301044296593408,Thu Aug 06 14:40:35 +0000 2015,1,2,Not Paying Attention to Your Influencers? You’re Burning Money - http://t.co/8XYqgdAP10 #influence #marketing
