,id_str,created_at,retweet_count,favorite_count,text
0,668835053070340096,Mon Nov 23 16:54:37 +0000 2015,0,0,"Just read #Coldplay 's Mylo Xyloto comic book mini series! and now I'm like, ""When's the movie!!!?"" #needstohappen"
1,668816069713350656,Mon Nov 23 15:39:11 +0000 2015,0,0,Coming also December 5!! #thankgoditschristmas #cantwait #christmasmusic https://t.co/ql25a8lsQ1
2,668815493504086016,Mon Nov 23 15:36:54 +0000 2015,0,0,Preorder Nov 29 &amp; get the feature song Best Day Ever (ft. Ken-Zai)! Releases Dec 5 #wernerds https://t.co/9q0Rh3jLOW
3,668661087361875969,Mon Nov 23 05:23:21 +0000 2015,0,0,Coming December 5!!! Accompanied by #wernerds #thankgoditschristmas https://t.co/FqdmWzILUf
4,668301164518182912,Sun Nov 22 05:33:08 +0000 2015,0,0,#firstworldproblems  https://t.co/2Y66PLdP7z
5,668295701923831808,Sun Nov 22 05:11:26 +0000 2015,0,1,I wish it was still Friday. #boredoutofmymind
6,667814166523080704,Fri Nov 20 21:17:59 +0000 2015,0,4,Tip of the day: bare feet and pine cones don't mix. #lessonlearned #ouch
7,667586289932324864,Fri Nov 20 06:12:29 +0000 2015,1,5,I wish Avatar #TheLastAirbender would have never ended. #Iamanerd #WeRNerds Same with #PhineasandFerb ;'( They always had the #bestdayever
8,667585255486988288,Fri Nov 20 06:08:22 +0000 2015,0,3,Get to know some #music people. They are always either REALLY #interesting or just plain #dopefolk! #supportlocalmusic
9,667232812131557376,Thu Nov 19 06:47:53 +0000 2015,0,1,Got to play with some fan-freaking-tastic local talent in Little Rock! @afterthoughtbar Great food too! #treatyoself #GottaLoveWednesdays
10,667138453260341251,Thu Nov 19 00:32:56 +0000 2015,0,4,This album.....holy freaking dippin dots!! It's #awesome! #Makesmefeelpsycho ♫ https://t.co/nrE590BCEK
11,667137094750371840,Thu Nov 19 00:27:32 +0000 2015,0,1,#Crappyday?.. sometimes a simple change in perspective can turn it into the #BestDayEver #WeRNerds #dareyoutomove  https://t.co/KwolSYsWrd
12,666832002591526912,Wed Nov 18 04:15:13 +0000 2015,0,1,#WeRNerds releases December 1!!!!!! :D Pre-order available soon w/ pre-release single #bestdayever https://t.co/jx7MD6oAlo
13,666777539348578304,Wed Nov 18 00:38:48 +0000 2015,0,2,"If it's caffeine, don't care what color it comes in! #redcup #thankgoditschristmas https://t.co/hoJBdTxVxA"
14,666448966230241280,Tue Nov 17 02:53:10 +0000 2015,0,2,"Jerry Andrews has a show on 11/18/2015 at 08:00 PM @ Afterthought Bistro... in Little Rock, AR https://t.co/H3gtsxy3MA #concert"
15,666070158608322560,Mon Nov 16 01:47:55 +0000 2015,0,1,From one of my all time favorite games! #TombRaider #bombdotcom https://t.co/X9Lm3k50b0
16,665794049777995776,Sun Nov 15 07:30:45 +0000 2015,229,0,RT @MusicForRelief: The music community has come together at #ReliefLIVE. With your support we can make a global impact. Take action at htt…
17,665676243317059585,Sat Nov 14 23:42:38 +0000 2015,0,0,"Posted a new song: ""Writing On The Wall By Sam Smith - Cover"" https://t.co/WBQ04Br07L #music"
18,665648421638791168,Sat Nov 14 21:52:05 +0000 2015,0,1,Posted a new photo: https://t.co/Vk743qfFxV
19,665648143468376064,Sat Nov 14 21:50:59 +0000 2015,0,1,Posted a new photo: https://t.co/4TPR0W5wOG
20,665647742031556608,Sat Nov 14 21:49:23 +0000 2015,0,0,Posted a new photo: https://t.co/tqAw3na04i
21,665647234352939008,Sat Nov 14 21:47:22 +0000 2015,0,0,Posted a new photo: https://t.co/w7EBhsOFXs
22,665631920198320128,Sat Nov 14 20:46:31 +0000 2015,0,0,Join my army! #embraceyourweirdness Be a Nerd! https://t.co/e6rJR1amOd
23,665617470624030720,Sat Nov 14 19:49:06 +0000 2015,0,0,"@Coldplay coming out with a new album, AL-FREAKIN-READY!? #ChristmasMiracle #gottaloveit"
24,665325013139083264,Sat Nov 14 00:26:58 +0000 2015,0,0,"#PrayforParis They so dearly need our love &amp; support. Also, #PrayforISIS Don't forget to pray for our enemies."
25,665256760140279808,Fri Nov 13 19:55:46 +0000 2015,0,0,AHH-MAZING concert last night in #Memphis with @DamienRice and My Bubba! More skill and talent displayed there than any artist I've seen!
26,665253003671314432,Fri Nov 13 19:40:50 +0000 2015,0,0,WE R NERDS album coming soon to iTunes!!! :) #GonnaBeLoco https://t.co/WXqBvWqO9n
27,665248043432722433,Fri Nov 13 19:21:07 +0000 2015,0,0,Posted a new photo: https://t.co/j2Df1ChChe
28,665247828508147712,Fri Nov 13 19:20:16 +0000 2015,0,0,Posted a new photo: https://t.co/1WBON4EMdI
29,664899057794482176,Thu Nov 12 20:14:23 +0000 2015,0,0,Posted a new photo: https://t.co/5GL0rpVs0c
30,664897457827020800,Thu Nov 12 20:08:01 +0000 2015,0,0,Listen and download my upcoming album We R Nerds! Cuz we all have a little nerd in us! - https://t.co/BPYU6sNQSK
31,664683215253303296,Thu Nov 12 05:56:42 +0000 2015,0,0,I did this for a college project. Thought it'd be fun to share ;) #Firstworldproblems #hilarious https://t.co/2Y66PLdP7z
32,664348734747226112,Wed Nov 11 07:47:36 +0000 2015,0,0,The secret to becoming #Unstoppable! SERVE OTHERS! No one is going to stop you from serving them ;)
33,664137890046152704,Tue Nov 10 17:49:46 +0000 2015,0,0,I can't believe Coldplay is releasing a new album ALREADY! It truly is #Christmas! - https://t.co/GeBzujW5Tg #iTunes
34,663927346584514561,Tue Nov 10 03:53:09 +0000 2015,0,0,"(sing) ""Red and yellow, Black and white...Coffee's precious in His sight! #Jesus laughs at us when screw up the world!"" #JustStopIt #RedCup"
35,663773705508663296,Mon Nov 09 17:42:38 +0000 2015,0,0,Very compelling speech by my favorite time traveling alien! https://t.co/b3brnfroqN via @YouTube
36,663773498582638592,Mon Nov 09 17:41:49 +0000 2015,0,0,"Need a song to #brightenyourday!? #ItsaMonday #MusicMonday ""Best Day Ever (feat. Ken-Zai)"" by Jerry Andrews - https://t.co/BPYU6sNQSK"
37,663771825999097856,Mon Nov 09 17:35:10 +0000 2015,731,0,"RT @Pharaohofhearts: This is what we should be teaching children. The true reality of war, there is no winners. Doctor Who, take notes. htt…"
38,663538962921734144,Mon Nov 09 02:09:51 +0000 2015,0,0,Let's take a moment to appreciate Danny's butt.  fenderguy314 #whitestkidiknow https://t.co/BSnXCJUO4K
39,663538499052634112,Mon Nov 09 02:08:00 +0000 2015,0,0,"David on the drums. Quite #intense he looks, I must say! https://t.co/q4TQjgCuiA"
40,663538193321463808,Mon Nov 09 02:06:47 +0000 2015,0,0,"Apparently, I'm quite the villainous type when playing piano! #slowclap #canttouchthis https://t.co/JeGc8Ahu7q"
41,663459735060922368,Sun Nov 08 20:55:01 +0000 2015,0,0,Always look on the bright side of life! (To be sung in a British accent) https://t.co/183UQZTWx2
42,663278297623732224,Sun Nov 08 08:54:03 +0000 2015,0,0,We arent here to force our hate on others #Spreadthelove Social media isnt what we should fear loosing https://t.co/nmig3XfSNf via @YouTube
43,663225342769827840,Sun Nov 08 05:23:38 +0000 2015,0,0,#smile I just had coffee https://t.co/6RpDo2k2pW
44,663085003790749697,Sat Nov 07 20:05:59 +0000 2015,0,0,"How I buy formal clothes: ""Which ones feel more like PJ's?"" #livingthedream #ComfortZone"
45,663074194251452417,Sat Nov 07 19:23:01 +0000 2015,0,0,Listen to and Download WE R NERDS for free! ;) Now Only - https://t.co/Vr7ouS4dm3
46,662943829851377665,Sat Nov 07 10:45:00 +0000 2015,0,0,"When life starts throwing fruits &amp; veggies at you, it's nice to lean against a wall &amp; contemplate… https://t.co/UFCqUZEKYI"
47,662942294199263232,Sat Nov 07 10:38:54 +0000 2015,0,0,Epic shoe tying...? 🤔 https://t.co/rL5sPVttDE
48,662942088615477248,Sat Nov 07 10:38:05 +0000 2015,0,0,My natural state 😜 https://t.co/6RWsi2tZVw
49,662939360065515520,Sat Nov 07 10:27:14 +0000 2015,0,0,Posted a new photo: https://t.co/hrVAWP120T
50,662939266155069440,Sat Nov 07 10:26:52 +0000 2015,0,0,Posted a new photo: https://t.co/iVZZoOhXcE
51,662939170118078464,Sat Nov 07 10:26:29 +0000 2015,0,0,Posted a new photo: https://t.co/TBo6DhvhLX
52,662939094440280064,Sat Nov 07 10:26:11 +0000 2015,0,0,Posted a new photo: https://t.co/UZotSqgizd
53,662938996826181633,Sat Nov 07 10:25:48 +0000 2015,0,0,Posted a new photo: https://t.co/ahoORKmidC
54,662938915586772992,Sat Nov 07 10:25:28 +0000 2015,0,0,Posted a new photo: https://t.co/ZENprwL6Vb
55,662938842547163136,Sat Nov 07 10:25:11 +0000 2015,0,0,Posted a new photo: https://t.co/rGBu9VgzRG
56,662938752231206912,Sat Nov 07 10:24:49 +0000 2015,0,0,Posted a new photo: https://t.co/uy3tSTXgJ2
57,662911499569119233,Sat Nov 07 08:36:32 +0000 2015,0,0,Sometime you just gotta say #Whatthefudge https://t.co/cEKWX1gkQi
58,662776799865102336,Fri Nov 06 23:41:17 +0000 2015,0,0,Coming soon to all digital stores!!!!! #makeitso https://t.co/Efg0b4HHfA
59,662557650391990273,Fri Nov 06 09:10:28 +0000 2015,0,0,"Posted a new photo: ""We all have our quirks, but that's what makes us fun!"" https://t.co/Q9eDijF300"
60,662556468147712000,Fri Nov 06 09:05:46 +0000 2015,0,0,Posted a new photo: https://t.co/f1WCVsfdL9
61,662401534894870528,Thu Nov 05 22:50:07 +0000 2015,0,0,Download my entire album #FREE before it's released! #WeRNerds https://t.co/o9mgKHDH9m
62,662400571354165248,Thu Nov 05 22:46:17 +0000 2015,0,0,"Danny, David, and my beautiful girlfriend, Mckenzi on Friday night! #love #bestfriendswhenever https://t.co/NeKbF34bLX"
63,662347609932075008,Thu Nov 05 19:15:50 +0000 2015,0,0,Seven Nation Army by The White Stripes https://t.co/vP16nCpiph via @YouTube
64,662322605676826624,Thu Nov 05 17:36:29 +0000 2015,0,0,Nerdy -  song from upcoming We R Nerds album by Jerry Andrews https://t.co/Dz0fjMos7R via @YouTube
65,662321631704907776,Thu Nov 05 17:32:36 +0000 2015,0,0,Smells Like Teen Spirit by Nirvana https://t.co/DXxK9chQmr via @YouTube
66,662320929683300352,Thu Nov 05 17:29:49 +0000 2015,0,0,#Blessed to have had a great show at The Lobby Bar performing Sadie Hawkins Dance by Relient K https://t.co/3sc6ykP2wK via @YouTube
67,662320655950438401,Thu Nov 05 17:28:44 +0000 2015,0,0,#Blessed to have had a great show at The Lobby Bar performing Inside Out by Eve 6 https://t.co/pQezD4WITE via @YouTube
68,662025599876075520,Wed Nov 04 21:56:17 +0000 2015,0,0,About to upload some performance videos from Friday night at The Lobby Bar! #hardcore
69,661795802663157760,Wed Nov 04 06:43:09 +0000 2015,1,1,"How I have to start feeling about people who hate #StarWars, #StarTrek, &amp; #BattlestarGalctica..Sing it #TaylorSwift! https://t.co/5KAOfc5bjN"
70,661784973406416896,Wed Nov 04 06:00:07 +0000 2015,0,0,Time to be a ‘Fugitive’ by @JerryADavidson on #SoundCloud? #np https://t.co/jEsfwJbNeU
71,661627321447673856,Tue Nov 03 19:33:40 +0000 2015,0,0,ORIGINAL BATTLESTAR GALACTICA on Netflix!!!!!! #NoLife #netflixandchill
72,661599160429211648,Tue Nov 03 17:41:46 +0000 2015,0,0,Posted a new photo: https://t.co/TeKcHXTHJX
73,661598071298486272,Tue Nov 03 17:37:26 +0000 2015,0,0,Posted a new photo: https://t.co/fAsIWsGGwp
74,661211039321600001,Mon Nov 02 15:59:31 +0000 2015,0,0,I just got tickets for @damienrice at @MinglewoodHall on 11/12/2015: https://t.co/WAvxkSfzRA on @ticketfly
75,660698280943185920,Sun Nov 01 06:02:00 +0000 2015,0,0,Posted a new photo: https://t.co/1bD9JLVDla
76,660528280785686528,Sat Oct 31 18:46:28 +0000 2015,1,0,RT @ATBmusicCanada: A New #Christmas #Album in the works from #Indigal Please help make Our #xmas wish come true https://t.co/5qJzsviBbx ht…
77,660527682552115204,Sat Oct 31 18:44:06 +0000 2015,1,0,"RT @TheGrowth95: This is why Coldplay is the greatest band of our generation. 

https://t.co/vF9Qjo61OY"
78,659958513137881088,Fri Oct 30 05:02:25 +0000 2015,0,0,Come have fun with us! #itsfriday https://t.co/6ffXtuGjSj
79,659831847543685120,Thu Oct 29 20:39:06 +0000 2015,0,0,Come out tomorrow night! It's gonna be #offthechain! No cover #Dressup &amp; #rockout with us! #Halloween #partymonster https://t.co/OGH7IUEFRS
80,659545030135185408,Thu Oct 29 01:39:23 +0000 2015,0,0,"Jerry Andrews has a show on 10/30/2015 at 08:30 PM @ The Lobby Bar in Little Rock, AR https://t.co/BidmVRMCAE #concert"
81,659411368039202816,Wed Oct 28 16:48:16 +0000 2015,0,0,Finally picking up the guitar. Piano ain't enough for this guy https://t.co/vYxtc6THth
82,659411293623861248,Wed Oct 28 16:47:58 +0000 2015,0,0,Daw 😍 Jules says hi https://t.co/A7ncXgqpD6
83,659085948823560192,Tue Oct 27 19:15:10 +0000 2015,0,0,A little #remix I did of the two greatest movies ever! ‘Inception/Interstellar Remix’ by @JerryADavidson https://t.co/R0ZdF1tQR4
84,658507385317650432,Mon Oct 26 04:56:09 +0000 2015,0,0,Practice with the guys today! Oct 30 @studiotheatrelr 8:30pm! Millennial's Night! No cover. #rockandroll #bestshowever
85,657829525766561792,Sat Oct 24 08:02:35 +0000 2015,0,0,"If you're a fan of this guy, we are #friendsforlife! But I'll probably be the one tying his shoe.. https://t.co/wtzORDq9vu via @YouTube"
86,657828483842772993,Sat Oct 24 07:58:27 +0000 2015,0,0,"If someone asks you to drive off a cliff in a flying car, how far would you let it drop before you pull up? #freefallin #BackToTheFuture"
87,657824709971570688,Sat Oct 24 07:43:27 +0000 2015,0,0,"Ready to #party? Let's have the ""Best Day Ever (feat. Ken-Zai)"" by Jerry Andrews - https://t.co/BPYU6swfua"
88,657621102269624320,Fri Oct 23 18:14:23 +0000 2015,0,1,"Posted a new song: ""Clean Break - Extended"" https://t.co/vJ52e6s7BJ #music"
89,657467684116824064,Fri Oct 23 08:04:45 +0000 2015,0,0,Finally got an Instagram! I've been putting it off cuz I don't have 3G or anything. https://t.co/49FftHLVMP
90,657444690476699648,Fri Oct 23 06:33:23 +0000 2015,0,0,Finishing the final versions of each song!!! This album is amazing! :) Big thx to Mom n Dad for their support. Love em to death n back &lt;3
91,656842094670036995,Wed Oct 21 14:38:53 +0000 2015,0,0,Photoshoot today @QueenBeeStudios! Gonna be epic! :)
92,656526514213666816,Tue Oct 20 17:44:53 +0000 2015,0,0,"I'm the #1 Pop artist in Little Rock!!
https://t.co/KwolSYsWrd"
93,656330847428079616,Tue Oct 20 04:47:22 +0000 2015,0,0,#Shareandsharealike This is what I love about music. Sides don't determine friendship. #Sharethemoment https://t.co/ToPbzxZ2I0 via @YouTube
94,655524931854168064,Sat Oct 17 23:24:57 +0000 2015,0,0,"The end of the week with 4hrs of sleep, an album complete, and 9 cups of coffee so I can make the right beat. #tootired to finish the rhyme"
95,655512811682947072,Sat Oct 17 22:36:47 +0000 2015,3,2,Have you heard ‘We R Nerds’ by @JerryADavidson on #SoundCloud? #np https://t.co/Js3vl8n8IC
96,655512775314116608,Sat Oct 17 22:36:39 +0000 2015,0,1,Have you heard ‘Best Day Ever (feat. Ken - Zai)’ by @JerryADavidson on #SoundCloud? #np https://t.co/JDDs5kaTZt
97,655507687795388416,Sat Oct 17 22:16:26 +0000 2015,0,1,"Posted a new song: ""Best Day Ever (feat. Ken-Zai)"" http://t.co/vmbgONhiZL #music"
98,655406195381964800,Sat Oct 17 15:33:08 +0000 2015,0,0,"""Stare (feat. Kayles)"" by Jerry Andrews - https://t.co/cFmvMd8ns4"
99,655296964599267328,Sat Oct 17 08:19:05 +0000 2015,0,0,"Posted a new song: ""Stare (feat. Kayles)"" http://t.co/4vaFdVJPnX #music"
100,654538486318432257,Thu Oct 15 06:05:10 +0000 2015,0,0,@wlrkid Thx for the feedback. I am sorry you feel your time listening to my music was wasted. I'll continue to work harder then.
101,654537540175663104,Thu Oct 15 06:01:24 +0000 2015,0,0,@wlrkid at music?
102,654522857238622208,Thu Oct 15 05:03:04 +0000 2015,0,0,"@wlrkid yeah @ErnieBiggsLR, random gigs, and possibly Guitar Center here real soon. Wbu?"
103,654521775347269633,Thu Oct 15 04:58:46 +0000 2015,0,0,@wlrkid Myself. I often wear flip flops and and tank top. Kinda the typical a-hole look #notashamed
104,654521253340909571,Thu Oct 15 04:56:41 +0000 2015,0,1,"@wlrkid HA! Tis actually ""Flip Flop, tank top, typical a-hole"" if your talking about ""Fugitive""?"
105,654357932889378816,Wed Oct 14 18:07:43 +0000 2015,0,1,"""ReverbNation Profile :)"" by @JerrBearMusic on @LinkedIn https://t.co/crUMqt1THM"
106,654159177607081985,Wed Oct 14 04:57:56 +0000 2015,0,0,Peace and beauty comes in a cup now. It's called coffee :) http://t.co/1C4Ji6n40g
107,654157992896499712,Wed Oct 14 04:53:13 +0000 2015,0,0,http://t.co/e0sVgNTMDf
108,654141180658057216,Wed Oct 14 03:46:25 +0000 2015,0,1,"Jerry Andrews has a show on 10/15/2015 at 08:00 PM @ Ernie Biggs in Little Rock, AR http://t.co/WlcUVrt1u7 #concert"
109,654123886292811776,Wed Oct 14 02:37:42 +0000 2015,0,0,"#Gearingup for the photoshoot next Wednesday! #gonnabeepic #Hipster glasses, #StarWars junk, and gamer gear all lined up for appearances!"
110,654097278848757762,Wed Oct 14 00:51:58 +0000 2015,6324,0,RT @thatbitchlando: AAAA I'M DYING http://t.co/kEuEgmgzZd
111,653696737148669952,Mon Oct 12 22:20:21 +0000 2015,0,1,Have you heard ‘Clean Break’ by @JerryADavidson on #SoundCloud? #np https://t.co/HghoJ8zoIB
112,653688659053445120,Mon Oct 12 21:48:15 +0000 2015,0,0,NOW THE #1 POP ARTIST IN ARKANSAS! https://t.co/KwolSYsWrd
113,653677058409656320,Mon Oct 12 21:02:10 +0000 2015,0,0,"Posted a new song: ""Clean Break"" http://t.co/A9gpej6PMn #music"
114,653339350193692672,Sun Oct 11 22:40:14 +0000 2015,0,0,Have you heard ‘Write This Down’ by @JerryADavidson on #SoundCloud? #np https://t.co/q75V2jmP5E
115,653301383370702848,Sun Oct 11 20:09:22 +0000 2015,0,0,"Posted a new song: ""Write This Down"" http://t.co/I1qCXWRdI1 #music"
116,652630663355498496,Fri Oct 09 23:44:10 +0000 2015,0,0,Check out Jerry Andrews http://t.co/lwdUxepH8C
117,652593143699771392,Fri Oct 09 21:15:04 +0000 2015,0,0,Have you heard ‘Fugitive’ by @JerryADavidson on #SoundCloud? #np https://t.co/jEsfwJbNeU
118,652551107084877824,Fri Oct 09 18:28:02 +0000 2015,0,1,MUSICIANS: You can see how you stack up against other local artists on the @ReverbNation Charts.  Signup is free! http://t.co/MiXEbHvhCF
119,652549849858994176,Fri Oct 09 18:23:02 +0000 2015,0,0,Ask Jerry Andrews your question on #ReverbNation. - http://t.co/Z3VZ08Ljk5
120,652549077788311552,Fri Oct 09 18:19:58 +0000 2015,0,0,"Come see my show on October 30! 8:30pm at The Lobby Bar (320 W 7th St., Little Rock). #Millennials #HighSchool night http://t.co/51zOHWDeV9"
121,652547188996739072,Fri Oct 09 18:12:28 +0000 2015,0,0,Posted a new photo: http://t.co/QsPR3Su5sG
122,652545740988780544,Fri Oct 09 18:06:43 +0000 2015,0,0,"Jerry Andrews has a show on 10/15/2015 at 08:00 PM @ Ernie Biggs in Little Rock, AR http://t.co/pYMu6k5hLG #concert"
123,652544443103379456,Fri Oct 09 18:01:33 +0000 2015,0,0,Check out this show! - https://t.co/TkN3F0HJaJ
124,652350532242141184,Fri Oct 09 05:11:01 +0000 2015,0,0,Be careful with your words. You never know how much you might be adding to someones pain #saysomethingnice #bullying https://t.co/MXIcddlXAy
125,652224392189972480,Thu Oct 08 20:49:47 +0000 2015,0,0,"9 days and counting until ""We R Nerds"" is complete. Release date coming soon!!! #cantwait come see it live @studiotheateir Oct. 30 at 8:30pm"
126,652027971155267585,Thu Oct 08 07:49:17 +0000 2015,0,0,"Posted a new song: ""Heart In Stone (The Daniel Briggs Story)"" http://t.co/R1EDMHWpfa #music"
127,652024833463578624,Thu Oct 08 07:36:48 +0000 2015,0,1,Have you heard ‘Heart In Stone (The Daniel Briggs Story)’ by @JerryADavidson on #SoundCloud? #np https://t.co/4lh7mQFC20
128,652002507510538240,Thu Oct 08 06:08:06 +0000 2015,0,0,"@AirKatie Sorry, some guys i work with are getting on to me about the followers vs following being out of balance."
129,651976906854653952,Thu Oct 08 04:26:22 +0000 2015,0,0,Coffee &amp; music on a late night makes the world seem right! I hope the work on this album is time well spent. It's been a 3 year solo project
130,651976241281564672,Thu Oct 08 04:23:43 +0000 2015,0,0,Open mic night @afterthoughtbar awesome talent and sweet place! Great food too! &lt;3
131,651531301871181824,Tue Oct 06 22:55:41 +0000 2015,0,0,Photoshoot for the album happening soon!! :D Curtesy of @QueenBeeStudios! There's gonna many hats for this #nerd to wear #cantwait
132,651190220260401152,Tue Oct 06 00:20:21 +0000 2015,0,0,Whoever wins our #singoff of a classic #whitechicks song will win a #STARBUCKS gift card https://t.co/t6rnz3C44P
133,651097383195951104,Mon Oct 05 18:11:27 +0000 2015,0,1,Hoping to showcase for industry execs at Driven Music Conference! Post on their wall to request Jerry Andrews. http://t.co/8DRahadvXG
134,650896724626505730,Mon Oct 05 04:54:06 +0000 2015,0,0,"Posted a new song: ""Nerdy"" http://t.co/ePKfkBTs2p #music"
135,650895335577944064,Mon Oct 05 04:48:35 +0000 2015,0,0,"Posted a new song: ""Asleep"" http://t.co/BI3ZZulAyG #music"
136,650894266110050304,Mon Oct 05 04:44:20 +0000 2015,0,1,"Posted a new song: ""Coffee Town"" http://t.co/BW8IyueaNZ #music"
137,650893203751591936,Mon Oct 05 04:40:07 +0000 2015,0,0,"Posted a new song: ""Fugitive"" http://t.co/Wd43JuwyR5 #music"
138,650892100054028289,Mon Oct 05 04:35:44 +0000 2015,0,3,"Posted a new song: ""I'll Be Okay (unmastered)"" http://t.co/bC73CfTr1G #music"
139,650884797011591168,Mon Oct 05 04:06:43 +0000 2015,0,1,All you #nerds &amp; #gamers out there! Here's one for you! https://t.co/frYaZd80cB
140,650851202805071872,Mon Oct 05 01:53:13 +0000 2015,0,0,Gotta love those #GilmoreGirls!
141,650811055703093252,Sun Oct 04 23:13:41 +0000 2015,0,3,Hello #coffeelovers Enjoy a free preview of this #coffee themed song from my album #WeRNerds coming soon #popmusic https://t.co/X3jLwJoe9T
142,650571047012462592,Sun Oct 04 07:19:59 +0000 2015,0,1,"Posted a new song: ""Fugitive (unmastered)"" http://t.co/j2HAbM96vQ #music"
143,650570198538326016,Sun Oct 04 07:16:36 +0000 2015,0,1,"Posted a new song: ""Coffee Town"" http://t.co/qQMCHx5SvL #music"
144,650514068114030594,Sun Oct 04 03:33:34 +0000 2015,0,0,"Jerry Andrews has a show on 10/05/2015 at 08:00 PM @ Ernie Biggs in Little Rock, AR http://t.co/524S3NJ6wv #concert"
145,650421320614744064,Sat Oct 03 21:25:01 +0000 2015,0,2,#starbucks #coffee and #makingmusic is the best combination in existence! #deep Two weeks until my album #WeRNerds is complete!!! #cantwait
146,650420695155916800,Sat Oct 03 21:22:32 +0000 2015,0,0,@Starbucks #coffee and #makingmusic is the best combination in existence! #deep Two weeks until my album #WeRNerds is complete! #cantwait
147,650410693548597248,Sat Oct 03 20:42:48 +0000 2015,0,0,@Starbucks #coffee and #makingmusic is the best combination in existence #deep 2 weeks and the album #WeRNerds will be complete! #cantwait
148,650339990661124096,Sat Oct 03 16:01:51 +0000 2015,1,2,@PetCharmer501 Amazing project! Can't wait for the final product! #geniusesatwork
149,649938082846740480,Fri Oct 02 13:24:48 +0000 2015,0,0,Last day at my part-time job! #freefallin solo musico from here on out! ;) #pleasedontstopthemusic #musiclovers
150,649855669407866881,Fri Oct 02 07:57:19 +0000 2015,0,0,Writing songs about coffee as a metaphor for being addicted to things that hurt and hinder me. #thestruggleisreal #Whatryourstruggles
151,649680432024305664,Thu Oct 01 20:21:00 +0000 2015,0,0,"#ThrowbackThursday Date n' Dance Night of Highschool Flashbacks &amp; ""We R Nerds"" album acoustic pre-release feature https://t.co/9NEouDB67N"
152,649645538577551360,Thu Oct 01 18:02:20 +0000 2015,0,0,Check out my new blog post - https://t.co/dlo0UWzdeh #Highschoolflashback
153,649433281658642433,Thu Oct 01 03:58:54 +0000 2015,0,0,"Date n' Dance Night of Highschool Flashbacks &amp; ""We R Nerds"" album acoustic pre-release feature #nerdsrule #tgif https://t.co/9NEouDB67N"
154,649394342709211136,Thu Oct 01 01:24:11 +0000 2015,0,0,"New show this Oct! Theme is Highschool flashback songs, and an acoustic pre-release feature of my album ""We R Nerds"" https://t.co/XbvbGhStgv"
155,649083610499158016,Wed Sep 30 04:49:26 +0000 2015,0,0,(tune of Jesus loves me) I love coffee yes I do. Cuz my addicted brain tells me to. But it doesn't need a special day. Coffee is my serenade
156,649073506974470144,Wed Sep 30 04:09:17 +0000 2015,0,0,"Remember that there's always room for Nerds in this world! #WeRNerds dislike us or not, we rule your world :) #NerdsRule"
157,648591213428211712,Mon Sep 28 20:12:50 +0000 2015,0,0,Posted a new photo: http://t.co/5aFyFyK0PN
158,648591202736955392,Mon Sep 28 20:12:47 +0000 2015,0,0,"Posted a new photo: ""Me and the Fox 16 gang after my live performance"" http://t.co/z6ThwC8Nba"
159,648542932144799744,Mon Sep 28 17:00:59 +0000 2015,0,0,"Posted a new song: ""Beautiful Light (unmastered)"" http://t.co/TqIVYRJkWk #music"
160,648542531341320196,Mon Sep 28 16:59:23 +0000 2015,0,0,"Posted a new song: ""I'll Be Okay (unmastered)"" http://t.co/ndz7yER5gE #music"
161,648542039886311425,Mon Sep 28 16:57:26 +0000 2015,0,0,"Posted a new song: ""Fugitive (unmastered)"" http://t.co/4tnDtxpEBi #music"
162,648541535013724161,Mon Sep 28 16:55:25 +0000 2015,0,0,"Posted a new song: ""Nerdy (unmastered)"" http://t.co/xHqtw0TunR #music"
163,647958886641594369,Sun Sep 27 02:20:11 +0000 2015,0,0,"Jerry Davidson has a show on 09/28/2015 at 08:00 PM @ Ernie Biggs in Little Rock, AR http://t.co/iRyHNK0R3K #concert"
164,647831680263176192,Sat Sep 26 17:54:43 +0000 2015,0,0,"Added a new video: ""Counting Stars (OneRepublic) Live cover"" http://t.co/G5MzuvAJjU #video"
165,647831667952869376,Sat Sep 26 17:54:40 +0000 2015,0,0,"Added a new video: ""Have Yourself A Merry Little Christmas"" http://t.co/GRhWIJwfTh #video"
166,647831652580724736,Sat Sep 26 17:54:36 +0000 2015,0,0,"Added a new video: ""Fix You by Coldplay"" http://t.co/LAIs5zKVSQ #video"
167,647718055259168768,Sat Sep 26 10:23:13 +0000 2015,0,0,"Posted a new song: ""Nerdy"" http://t.co/ZT5fYt7Zar #music"
168,646015743910240257,Mon Sep 21 17:38:50 +0000 2015,0,0,Just entered the International Songwriting Competition (ISC)! Check out the judges! http://t.co/9i8VX3zfMF
169,646015120867397632,Mon Sep 21 17:36:21 +0000 2015,0,0,"Posted a new song: ""Write This Down"" http://t.co/7nUEELdVsV #music"
170,645410898006306816,Sun Sep 20 01:35:23 +0000 2015,0,0,"Jerry Davidson has a show on 09/21/2015 at 08:00 PM @ Ernie Biggs in Little Rock, AR http://t.co/3lUUF1NM4G #concert"
171,645069614657859584,Sat Sep 19 02:59:15 +0000 2015,0,0,"Jerry Davidson has a show on 09/20/2015 at 07:00 PM @ The Lobby Bar in Little Rock, AR http://t.co/33QKgjFGn1 #concert"
172,644563126105456640,Thu Sep 17 17:26:39 +0000 2015,0,1,One for all you #awesomenerds out there! ‘Nerdy’ by @JerryADavidson on #SoundCloud? #np https://t.co/xD8Zq7tFRj
173,644403648575860736,Thu Sep 17 06:52:56 +0000 2015,0,0,"After 21 hours of work, it is #bedtime!!!!! #clockingout #sodone Night!"
174,643885958362828800,Tue Sep 15 20:35:49 +0000 2015,0,0,Hope you enjoy ‘Write This Down’ by @JerryADavidson on #rainydays #latenight &amp; #coffeetime! Stay #pumpkinspice - ed! https://t.co/aJyuAGjC1C
175,643870915604951041,Tue Sep 15 19:36:03 +0000 2015,0,2,"Ever get tired of all the ""sex and drugs and rock n' roll"" tunes? Thanks you out there #keepingitreal #TaylorSwift #coldplay #PhineasandFerb"
176,643780237130465281,Tue Sep 15 13:35:44 +0000 2015,0,0,"Posted a new song: ""Write This Down"" http://t.co/r2uqkVVUgp #music"
177,643522097273290752,Mon Sep 14 20:29:58 +0000 2015,0,0,Check out this show! - https://t.co/NPv48XvHrK
178,642146694772101120,Fri Sep 11 01:24:37 +0000 2015,0,0,Open Mic night @afterthoughtbar last night! FANTASTIC place!! #openmic every Wednesday night at 8pm.
179,642130888487112704,Fri Sep 11 00:21:48 +0000 2015,0,0,"We are number 9 on the ReverbNation Alternative charts for Alexander, AR. http://t.co/lSXp4bQ1n5"
180,642126134855888896,Fri Sep 11 00:02:55 +0000 2015,0,1,"Thank you for following &amp; supporting me as an artist! I want to invite you to my show with Nashville artist, Abrial. http://t.co/LnzqpL63IX"
181,642063094898753536,Thu Sep 10 19:52:25 +0000 2015,0,0,I am now on Reverb Nation! :) - http://t.co/lSXp4bQ1n5
182,641706450750803969,Wed Sep 09 20:15:14 +0000 2015,0,0,"Jerry Davidson has a show on 09/10/2015 at 08:00 PM @ The Lobby Bar in Little Rock, AR http://t.co/NrScKwBl8m #concert"
183,640191219973271554,Sat Sep 05 15:54:15 +0000 2015,0,1,Have you heard ‘Heart In Stone’ by @JerryADavidson on #SoundCloud? #np https://t.co/MG5gRmbA8A
184,637694201799401472,Sat Aug 29 18:32:00 +0000 2015,0,0,New song for #theweekend for all you #awesomenerds out there! :) #respecttheclassics ‘Fugitive’ by @JerryADavidson https://t.co/sFzIN86pyt
185,637494340755943424,Sat Aug 29 05:17:49 +0000 2015,0,2,New Demo ‘Fugitive’ by Jerry Davidson on #SoundCloud? #ItsFriday #newmusic #singersongwriter #indierock https://t.co/sFzIN86pyt
186,633211460622123008,Mon Aug 17 09:39:11 +0000 2015,2,0,‘Asleep (demo)’ by @JerryADavidson on #SoundCloud? #np https://t.co/Up7jvL2lVB
187,633211408193323008,Mon Aug 17 09:38:58 +0000 2015,0,0,‘Beautiful Light (demo)’ by @JerryADavidson on #SoundCloud? #np https://t.co/T5I6occNJ8
188,632705568994664448,Sun Aug 16 00:08:57 +0000 2015,0,0,NEW DEMO!! ‘Beautiful Light (demo)’ @JerryADavidson #SoundCloud #singersongwriter https://t.co/T5I6occNJ8
189,632657099332390912,Sat Aug 15 20:56:21 +0000 2015,0,1,Have you heard ‘Beautiful Light (demo)’ by Jerry Davidson on #SoundCloud? #np https://t.co/T5I6occNJ8
190,632350142818029569,Sat Aug 15 00:36:37 +0000 2015,0,0,An Evening of Devotional Folk with Abrial and Jerry Davidson - http://t.co/7XG4KqVJJN
191,631749071003369472,Thu Aug 13 08:48:10 +0000 2015,0,0,New Original Song! ‘Asleep (demo)’ by Jerry Davidson on #SoundCloud? #np https://t.co/Up7jvL2lVB
192,631730479272751104,Thu Aug 13 07:34:17 +0000 2015,0,0,NEW DEMO!! ‘Asleep (demo)’ by @JerryADavidson on #SoundCloud? #np https://t.co/Up7jvL2lVB
193,631608232092532736,Wed Aug 12 23:28:31 +0000 2015,0,0,Have you heard ‘Asleep (demo)’ by @JerryADavidson on #SoundCloud? #np https://t.co/Up7jvL2lVB
194,630839482418335744,Mon Aug 10 20:33:47 +0000 2015,0,0,My very own website! Created by me - made with @Wix http://t.co/wtZuTbW8rE #MyProWebsite #ItsThatEasy
195,626052613012721665,Tue Jul 28 15:32:29 +0000 2015,0,2,#MusicMonday - Jerry Davidson https://t.co/Qo76k2v3WE via @YouTube #Fox16 #singersongwriter #live
196,626052003169329152,Tue Jul 28 15:30:03 +0000 2015,0,0,"""Fox 16 Music Monday Appearance"" by @JerrBearMusic on @LinkedIn https://t.co/weA1GQ0Jgy"
197,624430531854233600,Fri Jul 24 04:06:54 +0000 2015,0,0,"ARE YOU A LOCAL ARTIST IN OR NEAR ARKANSAS!? Join my new group, Arkansas Artists Making Opportunities on @LinkedIn http://t.co/xf5fqGld4W"
198,621079909771952128,Tue Jul 14 22:12:44 +0000 2015,0,0,Tell Congress: Stop Planned Parenthood from selling aborted baby body parts (Petition) | LifeSite https://t.co/MagzIlkIU7
199,621047849829203968,Tue Jul 14 20:05:20 +0000 2015,0,3,I will be performing live on Fox 16 Music Monday @ 8:45am on July 27!! https://t.co/RJN8ebG8vv #musicmonday #freakingout #lovinglife
