,id_str,created_at,retweet_count,favorite_count,text
0,669231337275039748,Tue Nov 24 19:09:19 +0000 2015,0,0,Yehehehessss https://t.co/hwkriEkKYa
1,668924944487735296,Mon Nov 23 22:51:49 +0000 2015,0,1,Happy birthday to this amazingly fit and fun motivator of many and co-shaunterage mate Tania Baron❤️❤️❤️❤️❤️❤️❤️❤️ https://t.co/j3kXAyLJmt
2,668467952035962880,Sun Nov 22 16:35:53 +0000 2015,0,0,Immaaaaa https://t.co/zzciY0JcDw
3,667860202713055232,Sat Nov 21 00:20:55 +0000 2015,0,0,Can't Feel My Face (The Weeknd Cover) https://t.co/NoyWDjYA4B
4,667826665964204033,Fri Nov 20 22:07:39 +0000 2015,0,0,Open Your Eyes https://t.co/hui4CsPygK
5,665568593615134722,Sat Nov 14 16:34:53 +0000 2015,0,1,Date nite with my hawt momma to support our Dancing w/ the stars STAR Nina Beck!!! Awesome job you are a... https://t.co/D2xqhHZ8gR
6,665568586681991168,Sat Nov 14 16:34:51 +0000 2015,0,1,Date nite with my hawt momma to support our Dancing w/ the stars STAR Nina Beck!!! Awesome job you are a... https://t.co/QdGKtwrRNM
7,665568586287681536,Sat Nov 14 16:34:51 +0000 2015,0,1,Date nite with my hawt momma to support our Dancing w/ the stars STAR Nina Beck!!! Awesome job you are a... https://t.co/pk7zDBIzef
8,665568585759223813,Sat Nov 14 16:34:51 +0000 2015,0,0,Date nite with my hawt momma to support our Dancing w/ the stars STAR Nina Beck!!! Awesome job you are a... https://t.co/T1eyCvNVBx
9,665568583200710660,Sat Nov 14 16:34:50 +0000 2015,0,0,Date nite with my hawt momma to support our Dancing w/ the stars STAR Nina Beck!!! Awesome job you are a... https://t.co/JO4BMfnvR6
10,665568583121022976,Sat Nov 14 16:34:50 +0000 2015,0,0,Date nite with my hawt momma to support our Dancing w/ the stars STAR Nina Beck!!! Awesome job you are a... https://t.co/lXylk51ARs
11,665568582194077697,Sat Nov 14 16:34:50 +0000 2015,0,0,Date nite with my hawt momma to support our Dancing w/ the stars STAR Nina Beck!!! Awesome job you are a... https://t.co/Tq6a1vqekS
12,665568581913026561,Sat Nov 14 16:34:50 +0000 2015,0,0,Date nite with my hawt momma to support our Dancing w/ the stars STAR Nina Beck!!! Awesome job you are a... https://t.co/bIwpiKgCZ8
13,665568581783035906,Sat Nov 14 16:34:50 +0000 2015,0,0,Date nite with my hawt momma to support our Dancing w/ the stars STAR Nina Beck!!! Awesome job you are a... https://t.co/EAzwLRPTuL
14,664839427760504832,Thu Nov 12 16:17:26 +0000 2015,0,0,https://t.co/RBbc0sMzC9
15,664148538696327168,Tue Nov 10 18:32:05 +0000 2015,0,0,"bring on the action!
https://t.co/Y1rNMlWy4C https://t.co/zPpzDvW93o"
16,663767317717909504,Mon Nov 09 17:17:15 +0000 2015,0,0,Would prefer to but... https://t.co/dn98JFMhq3
17,663322631765106689,Sun Nov 08 11:50:14 +0000 2015,0,0,https://t.co/gvPq1wgDFb
18,663322534797049856,Sun Nov 08 11:49:50 +0000 2015,0,0,https://t.co/K4Tbw0XQp1
19,663191257473134592,Sun Nov 08 03:08:11 +0000 2015,0,0,The girls are back in towowownnn https://t.co/GRKBF3QXWq
20,663042555123269632,Sat Nov 07 17:17:18 +0000 2015,0,0,Hoops https://t.co/cwxWAV0WHp
21,662771009628577793,Fri Nov 06 23:18:17 +0000 2015,0,0,Brand exploratory with ice https://t.co/VEtN1aMUtA
22,662771009263706112,Fri Nov 06 23:18:16 +0000 2015,0,0,Brand exploratory with ice https://t.co/krtJ7TTLeH
23,662771008919756800,Fri Nov 06 23:18:16 +0000 2015,0,0,Brand exploratory with ice https://t.co/Q1VdRmMQeC
24,662771008554852355,Fri Nov 06 23:18:16 +0000 2015,0,0,Brand exploratory with ice https://t.co/V5qwbcbk3U
25,662771003504893952,Fri Nov 06 23:18:15 +0000 2015,0,0,Brand exploratory with ice https://t.co/EZc0kpfqUi
26,662770999767736324,Fri Nov 06 23:18:14 +0000 2015,0,0,Brand exploratory with ice https://t.co/NuHLzVdheC
27,662770999029538816,Fri Nov 06 23:18:14 +0000 2015,0,0,Brand exploratory with ice https://t.co/xSLK2KD9rB
28,662770998597566464,Fri Nov 06 23:18:14 +0000 2015,0,0,Brand exploratory with ice https://t.co/sRlEtLKd4i
29,662770998450765825,Fri Nov 06 23:18:14 +0000 2015,0,0,Brand exploratory with ice https://t.co/ZOCUCwOtp3
30,662770998337544193,Fri Nov 06 23:18:14 +0000 2015,0,0,Brand exploratory with ice https://t.co/wIreqpf4V7
31,662373472874553347,Thu Nov 05 20:58:36 +0000 2015,0,0,It's Strange (feat. K.Flay) https://t.co/UGH6rMcxfV
32,661309737309368320,Mon Nov 02 22:31:42 +0000 2015,0,0,Meet Monique- a brave girl on a bold mission. May she inspire &amp; enlighten all those that she crosses XOXO pod... https://t.co/hcKcq37JXp
33,659862722469715968,Thu Oct 29 22:41:47 +0000 2015,0,1,"Gettin harder and harder to pls ... Who the fuck is david Dann ??!?!,?(? https://t.co/4LDjxR7jT5"
34,659802783235883009,Thu Oct 29 18:43:36 +0000 2015,0,0,https://t.co/jFBNposdtK
35,659802505702936576,Thu Oct 29 18:42:30 +0000 2015,0,0,Hiya bodybyjammers!!! I'm receiving all of your success stories in my inbox from your T25 training and I am so... https://t.co/jdvzdsuIMd
36,658309424738467840,Sun Oct 25 15:49:32 +0000 2015,0,0,Beautiful morning at the dog park https://t.co/v4pcVDZBRY
37,653985941883785216,Tue Oct 13 17:29:33 +0000 2015,0,0,Say You'll Be There (Absence Remix) http://t.co/0VJ9aIvwBI
38,653595090871545856,Mon Oct 12 15:36:27 +0000 2015,0,0,Simple Things re-lit feat. Chris Brown &amp;amp; Future (re-lit by Brook Dleau &amp;amp; Miguel) http://t.co/9qWkJMhqn4
39,653448042918641664,Mon Oct 12 05:52:08 +0000 2015,0,1,Mr Hudson - Dancing Thru It http://t.co/11oSBWs5TB
40,652219526797389824,Thu Oct 08 20:30:27 +0000 2015,0,0,Intention http://t.co/dAzfIiJyku
41,649647562652168192,Thu Oct 01 18:10:23 +0000 2015,0,0,https://t.co/Z1FGprfUV4
42,647933333003833344,Sun Sep 27 00:38:39 +0000 2015,0,0,The perfect photo bomb http://t.co/j0FMV4uidf
43,647933328776040448,Sun Sep 27 00:38:38 +0000 2015,0,0,The perfect photo bomb http://t.co/KwmCySdnEX
44,647072193776603137,Thu Sep 24 15:36:47 +0000 2015,0,0,That rocky shiiii http://t.co/b4duzWe3Mv
45,647049624637734912,Thu Sep 24 14:07:06 +0000 2015,0,0,http://t.co/J8rhN90xzq
46,644240753367977984,Wed Sep 16 20:05:39 +0000 2015,0,0,http://t.co/OEDeZvLl0M
47,644240500908670980,Wed Sep 16 20:04:39 +0000 2015,0,0,http://t.co/9YDlF3pe7v
48,643654990871969793,Tue Sep 15 05:18:03 +0000 2015,0,0,http://t.co/W4pezvdqid
49,643460269293764608,Mon Sep 14 16:24:17 +0000 2015,0,0,The Verge (Halogen Remix) http://t.co/uRLXjnGblw
50,643060894050746368,Sun Sep 13 13:57:19 +0000 2015,0,0,Yaaaaaahahahasssss http://t.co/WXc92F2agK
51,643058253648277508,Sun Sep 13 13:46:49 +0000 2015,0,0,It's Strange (feat. K.Flay) http://t.co/fh5GvZJgyi
52,642043116829077504,Thu Sep 10 18:33:02 +0000 2015,0,0,http://t.co/5qZbmEaeSq
53,641437259078737920,Wed Sep 09 02:25:34 +0000 2015,1,1,@Calvin_Sephora #hiMyNameIs jam please meet my besties @ivymitch @D__McCarthy
54,640171837754703872,Sat Sep 05 14:37:14 +0000 2015,0,0,Remembering Myself http://t.co/5Qc2RKMfrp
55,639840135534784513,Fri Sep 04 16:39:10 +0000 2015,0,1,No Place Like Home (feat. JONES) http://t.co/vXai41cglT
56,639077782572535808,Wed Sep 02 14:09:51 +0000 2015,0,0,Finger shakin head boppin goodness http://t.co/5T9s247zrx
57,639043852288966656,Wed Sep 02 11:55:01 +0000 2015,0,0,Finally downloaded my Wilhelmina vlog http://t.co/9KHzSvHLvn
58,638546341518446596,Tue Sep 01 02:58:06 +0000 2015,0,0,Would be cool to stop this... http://t.co/fyJW3yw5PH
59,638542938264498176,Tue Sep 01 02:44:34 +0000 2015,0,0,Take 30 seconds...sign against this monster http://t.co/zBQiEC2VB3
60,638191467366715394,Mon Aug 31 03:27:57 +0000 2015,0,0,http://t.co/IguA1y8mCy
61,637665451653251072,Sat Aug 29 16:37:45 +0000 2015,0,0,Fun outdoor games for your Labor Day party http://t.co/KucBmzyJUs
62,636677677089337344,Wed Aug 26 23:12:41 +0000 2015,0,0,http://t.co/doPPe6c5IV
63,636677443479318528,Wed Aug 26 23:11:46 +0000 2015,0,0,Best New Fitness Studios In LA http://t.co/dcDcMaZH1c
64,636676814375485440,Wed Aug 26 23:09:16 +0000 2015,0,0,A Father And Son Take The Same Photo For 27 Years. The Last One Is So Beautiful http://t.co/gCDAF7SuJ0
65,636672070483509248,Wed Aug 26 22:50:25 +0000 2015,0,0,http://t.co/U27jy8C2ll
66,636552488057880576,Wed Aug 26 14:55:14 +0000 2015,0,0,Donevencare http://t.co/DGDc431rZF
67,636191534946258946,Tue Aug 25 15:00:56 +0000 2015,0,0,That's that BPS right thre http://t.co/0Ow5OexVfr
68,636189103189532673,Tue Aug 25 14:51:16 +0000 2015,0,0,Full Circle feat. Boxed In (Bonobo Remix) http://t.co/GapjwBOXpb
69,635039500775870464,Sat Aug 22 10:43:10 +0000 2015,0,0,Slow stretch to start the day http://t.co/55mMV5SOq5
70,634912859219083264,Sat Aug 22 02:19:56 +0000 2015,0,0,http://t.co/BoMX9Taqb0
71,634755547095564288,Fri Aug 21 15:54:50 +0000 2015,0,0,Hahhhhh booommmmm nannananananans http://t.co/PjJxlYklDk
72,634581389002739712,Fri Aug 21 04:22:47 +0000 2015,0,2,Sleep on it.
73,634487625131393024,Thu Aug 20 22:10:12 +0000 2015,0,0,Ladies! Message me if you are interested in filming a 1940's themed pool party movie scene Thursday August 27th... http://t.co/OqFct1mz6M
74,634239296350752768,Thu Aug 20 05:43:26 +0000 2015,0,0,http://t.co/y9vsHFvovB
75,634204565311721477,Thu Aug 20 03:25:25 +0000 2015,0,0,For the Love (Autograf Remix) http://t.co/IcA1n35xHI
76,633778647241854980,Tue Aug 18 23:12:59 +0000 2015,0,0,Happy bday to my best http://t.co/3g9WYmuOKk
77,633512302776594433,Tue Aug 18 05:34:37 +0000 2015,0,0,Love these lyrics ~333 http://t.co/Txs29o4OCk
78,632255079676952576,Fri Aug 14 18:18:52 +0000 2015,0,1,@D__McCarthy @CarlosCancela_ I never come on here .. Hi!!
79,632254934839201792,Fri Aug 14 18:18:17 +0000 2015,1,0,RT @Saltydames: #repost @bodybyjam #landofliberty #sunglasses #saltydames #sexysaltyjam https://t.co/vtsfRYFqzP
80,632254903042179072,Fri Aug 14 18:18:10 +0000 2015,1,0,RT @D__McCarthy: Big things to come @arminvanbuuren m_thewolf @bodybyjam @ BMG US https://t.co/gVn2gLItB3
81,632076480886009856,Fri Aug 14 06:29:11 +0000 2015,0,0,Nostalgia http://t.co/Ssp8n3sVTS
82,632073533372297217,Fri Aug 14 06:17:28 +0000 2015,0,0,Love Druggie (Addict) http://t.co/eUHi0ahfMU
83,631914865016242176,Thu Aug 13 19:46:58 +0000 2015,0,0,http://t.co/lJ1uuCp6jx
84,631386689525559296,Wed Aug 12 08:48:12 +0000 2015,1,1,NINA JUNE - For Love (Official Video) http://t.co/vDxzWuphVb
85,630966434718355457,Tue Aug 11 04:58:15 +0000 2015,0,0,http://t.co/h2728Ym9fo
86,630879237310775296,Mon Aug 10 23:11:46 +0000 2015,2,0,RT @ChampionUSA: Our Absolute Bra with SmoothTec band will keep your moves smooth and comfortable. #AllGainNoPain http://t.co/k6TM6Rm84m
87,630879161926586368,Mon Aug 10 23:11:28 +0000 2015,1,0,RT @ChampionUSA: No better time to strut your stuff in our new Absolute Sport Bra with SmoothTec™ Band than on #NationalUnderwearDay http:/…
88,630571875781996545,Mon Aug 10 02:50:25 +0000 2015,0,0,Sweet spot http://t.co/xU7XemYrgl
89,630553284441427970,Mon Aug 10 01:36:32 +0000 2015,0,0,Away From Me (Michah Remix) http://t.co/79cTvlbWgL
90,630551524901580800,Mon Aug 10 01:29:33 +0000 2015,0,0,Gold Lime http://t.co/kRWBzaIe3R
91,630546524758519808,Mon Aug 10 01:09:41 +0000 2015,0,0,Fav in a while 󾓶󾓶󾓶󾓶󾓶 http://t.co/jF1aVeFXaa
92,630443715983753220,Sun Aug 09 18:21:09 +0000 2015,0,0,Hi friends! Ice+jam is collecting recycled glass jam jars of all sizes for a fun project.. these tiny ones from... http://t.co/DyOF4JPAAj
93,629894706126716928,Sat Aug 08 05:59:35 +0000 2015,0,0,Sweetness http://t.co/NdX6Ycdv0F
94,629881695748100096,Sat Aug 08 05:07:53 +0000 2015,0,0,I Just Can't Wait to Be King | The Lion King 1994 http://t.co/uF0AD8ooB7
95,629881176459710464,Sat Aug 08 05:05:49 +0000 2015,0,0,The Pointer Sisters - I'm So Excited http://t.co/T90JoQzurc
96,629093855334428672,Thu Aug 06 00:57:17 +0000 2015,0,0,Yeppp http://t.co/yWruce42pZ
97,629022239510245376,Wed Aug 05 20:12:43 +0000 2015,0,0,http://t.co/YOwMtRSVD3
98,628441993887223808,Tue Aug 04 05:47:01 +0000 2015,0,0,Dislike. http://t.co/G02dYavd5y
99,627639952755404801,Sun Aug 02 00:40:00 +0000 2015,0,0,http://t.co/igcIVSYH1R
100,627616049949745152,Sat Aug 01 23:05:01 +0000 2015,0,0,Not sure if it gets better than this 󾍔 http://t.co/2IVLrWhBLv
101,627614577262465024,Sat Aug 01 22:59:10 +0000 2015,0,0,󾮟󾮟󾮟󾮟󾮟 http://t.co/4xMrVb07z0
102,627529176795353088,Sat Aug 01 17:19:49 +0000 2015,0,0,Motherflocker http://t.co/JrxL8L7HDK
103,627524864149192704,Sat Aug 01 17:02:41 +0000 2015,0,0,Oh sweet Jesus thank u http://t.co/eoG6IzX3MN
104,626991300194250756,Fri Jul 31 05:42:29 +0000 2015,0,0,Recipe 4 fire http://t.co/89J74KRwLh
105,626991299699298304,Fri Jul 31 05:42:29 +0000 2015,0,0,Recipe 4 fire http://t.co/qCpD45GjMG
106,626991291029716992,Fri Jul 31 05:42:27 +0000 2015,0,0,Recipe 4 fire http://t.co/SvWD6wzDP1
107,626991289846865922,Fri Jul 31 05:42:27 +0000 2015,0,0,Recipe 4 fire http://t.co/HnECbafY5D
108,626776699229851649,Thu Jul 30 15:29:44 +0000 2015,0,0,Lexi I did my best to fill ur shoes but I'm not as entertaining
109,625521597009502210,Mon Jul 27 04:22:25 +0000 2015,0,0,My new project-Please use #modelmenu to keep me in the loop &amp; contribute to the making of my first book! Xo jam http://t.co/lJ7S0jbrJ4
110,625056618581917696,Sat Jul 25 21:34:45 +0000 2015,0,0,http://t.co/4d1lw7cDSM
111,623970061942833152,Wed Jul 22 21:37:10 +0000 2015,0,0,SsssSSSsss http://t.co/BrIaCbSWAD
112,623549952287997952,Tue Jul 21 17:47:48 +0000 2015,0,0,Jam of the day thank u ma'am http://t.co/XsJpGty3wW
113,623549399554203648,Tue Jul 21 17:45:36 +0000 2015,0,0,󾆢󾆢󾆢󾆢󾆢 http://t.co/4z2qCRoJfx
114,623220145473753088,Mon Jul 20 19:57:16 +0000 2015,0,0,Sia sits down with Chris Connelly for Nightline http://t.co/HItquladsw
115,623162224161329152,Mon Jul 20 16:07:06 +0000 2015,0,0,@throttlemusic @D__McCarthy @DavidSpekter LA or NY plans this month?
116,622315557849706497,Sat Jul 18 08:02:45 +0000 2015,0,0,http://t.co/M4IIkfyGZG
117,622291864541097984,Sat Jul 18 06:28:36 +0000 2015,0,0,Crystal's 33 In 33 minutes!!! The cauli + squid and summer squash pizza w/ Borro wine is our order combo... http://t.co/hXc1YOwOc4
118,621863106575245312,Fri Jul 17 02:04:52 +0000 2015,0,0,@Wilhelmina have fun tonight wahhhhh im onna plane missin out on the hunkies 👬👬👬👬
119,621862772519866368,Fri Jul 17 02:03:33 +0000 2015,1,0,RT @Wilhelmina: 8 AM: w/ #WilhelminaFitness' @bodybyjam x @kennysweeney411. https://t.co/zDqx7CWcnR
120,621862654878064641,Fri Jul 17 02:03:05 +0000 2015,0,1,@ErwinBouchez 👯👯👯👯👯
121,621862622577721344,Fri Jul 17 02:02:57 +0000 2015,1,0,"RT @ErwinBouchez: I liked on Instagram, abysseofficial - Angilla Hotness 🔥 @bodybyjam in our  #jennablue in … http://t.co/Guf0AACrwS http:/…"
122,621862221212184576,Fri Jul 17 02:01:21 +0000 2015,0,0,@NiccolaPiccola haha this is random but I like it
123,619646007622692864,Fri Jul 10 23:14:55 +0000 2015,0,1,Buy me some peanuts and cracker jax! http://t.co/dOmSChbllj
124,618409316081496064,Tue Jul 07 13:20:45 +0000 2015,0,0,Be Together http://t.co/fXEQ2Q23SU
125,618052339186823168,Mon Jul 06 13:42:15 +0000 2015,0,0,Startin rightcha http://t.co/aI5TiAY0pG
126,617027977386266624,Fri Jul 03 17:51:48 +0000 2015,0,0,Fly af http://t.co/uDKovwqULf
127,616303296878260224,Wed Jul 01 17:52:10 +0000 2015,0,0,http://t.co/pjHsNZRGM0
128,614995514971426816,Sun Jun 28 03:15:31 +0000 2015,0,0,http://t.co/kWFRQkKWPJ
129,613753827112546304,Wed Jun 24 17:01:30 +0000 2015,0,0,Congrats girls!!! http://t.co/gjngOuYGg2
130,613753667192107009,Wed Jun 24 17:00:51 +0000 2015,0,0,Andy Speer on Instagram: “Nepal Relief Fundraiser Bootcamp At Soho Strength Lab Saturday 27th... http://t.co/euI8UOOwNh
131,612326061813010432,Sat Jun 20 18:28:04 +0000 2015,0,0,"Happy birthday Tut! 
&lt;3 Preston... http://t.co/J5DbE2iLsv"
132,611042920708247552,Wed Jun 17 05:29:19 +0000 2015,0,0,http://t.co/LFEoOZTXT8
133,610580374406733824,Mon Jun 15 22:51:19 +0000 2015,0,0,Danielle Natoni 🐯 on Instagram: “Quick and easy meal: 1. Bed of kale 2. Sliced strawberries 3.... http://t.co/I6YCImwOgO
134,610551938736754688,Mon Jun 15 20:58:20 +0000 2015,0,0,Hope you had a Happy Birthday Laurie!!!!!! http://t.co/MH65Dh75Gb
135,610386532252303361,Mon Jun 15 10:01:04 +0000 2015,0,0,Love u baby sis http://t.co/tLO65lR9gL
136,606857328768385025,Fri Jun 05 16:17:16 +0000 2015,0,0,No matta howmany records I sell... Ooohh flossyyyyflossy http://t.co/GFci6nDkkl
137,606453938418786304,Thu Jun 04 13:34:20 +0000 2015,0,0,"Amazing new friends, old Hollywood stories &amp; prosciutto pizza... Thank You Myles Shear http://t.co/uzNI2uTQBQ"
138,606282652354637824,Thu Jun 04 02:13:43 +0000 2015,0,0,Check out me and Tia just doin it 󾭞 http://t.co/bFIwkijEsl
139,605012534198870016,Sun May 31 14:06:43 +0000 2015,0,0,Slow Burn http://t.co/hGB87QNXnR
140,603845895612928001,Thu May 28 08:50:55 +0000 2015,1,0,RT @DigitalPrimate: Dj goochie goo @digitalprimate brought to you by @d__mccarthy @bodybyjam #superstarcaninedj https://t.co/s2SRSMtcPo
141,598359715542773761,Wed May 13 05:30:47 +0000 2015,0,1,"Rank &amp; Style | Tapasya Bali, Co-Founder &amp; Chief Operating Officer, YOGASMOGA http://t.co/zBhLTEKAek"
142,597390309971066880,Sun May 10 13:18:43 +0000 2015,0,0,I posted a new photo to Facebook http://t.co/VOLNUlEiDS
143,597390309958508545,Sun May 10 13:18:43 +0000 2015,0,0,I posted a new photo to Facebook http://t.co/kTF4VdtUg1
144,597390308708585472,Sun May 10 13:18:43 +0000 2015,0,0,I posted a new photo to Facebook http://t.co/KxPViZTejj
145,597390307467075584,Sun May 10 13:18:42 +0000 2015,0,0,I posted a new photo to Facebook http://t.co/Y6LVQt7bLD
146,597390307341291520,Sun May 10 13:18:42 +0000 2015,0,0,I posted a new photo to Facebook http://t.co/dkLfi3ErmN
147,597390306888327168,Sun May 10 13:18:42 +0000 2015,0,0,I posted a new photo to Facebook http://t.co/go11DPa7Oo
148,597390306422693888,Sun May 10 13:18:42 +0000 2015,0,0,I posted a new photo to Facebook http://t.co/ky2auR8mIE
149,597390304803725312,Sun May 10 13:18:42 +0000 2015,0,0,I posted a new photo to Facebook http://t.co/Wm5qnz91jt
150,597387946870865920,Sun May 10 13:09:20 +0000 2015,0,0,I posted a new photo to Facebook http://t.co/51WsFSkZGd
151,597387946753445889,Sun May 10 13:09:20 +0000 2015,0,0,I posted a new photo to Facebook http://t.co/AvJCy9Tav3
152,597387946594009088,Sun May 10 13:09:20 +0000 2015,0,0,I posted a new photo to Facebook http://t.co/YIRleWTlzN
153,597387946262671360,Sun May 10 13:09:19 +0000 2015,0,0,I posted a new photo to Facebook http://t.co/ce3hvfthWg
154,597387945809678336,Sun May 10 13:09:19 +0000 2015,0,0,I posted a new photo to Facebook http://t.co/3tI17U84Kl
155,597387945608400897,Sun May 10 13:09:19 +0000 2015,0,0,I posted a new photo to Facebook http://t.co/dBnxvs8nix
156,597387945268613120,Sun May 10 13:09:19 +0000 2015,0,0,I posted a new photo to Facebook http://t.co/ZYEoM9u3cq
157,597387943783837696,Sun May 10 13:09:19 +0000 2015,0,0,I posted a new photo to Facebook http://t.co/IMHCyd8l30
158,597387943544811520,Sun May 10 13:09:19 +0000 2015,0,0,I posted a new photo to Facebook http://t.co/2DF2qMjr8Z
159,597387943062409217,Sun May 10 13:09:19 +0000 2015,0,0,I posted a new photo to Facebook http://t.co/bsMT4YhrYI
160,597387942538158080,Sun May 10 13:09:19 +0000 2015,0,0,I posted a new photo to Facebook http://t.co/bMfMs03IOu
161,597387942357823488,Sun May 10 13:09:19 +0000 2015,0,0,I posted a new photo to Facebook http://t.co/Dck7osYOyw
162,597387941896261632,Sun May 10 13:09:18 +0000 2015,0,0,I posted a new photo to Facebook http://t.co/LOf284U9wN
163,597387941724426240,Sun May 10 13:09:18 +0000 2015,0,0,I posted a new photo to Facebook http://t.co/9DrOg6Fkng
164,597387941107884033,Sun May 10 13:09:18 +0000 2015,0,0,I posted a new photo to Facebook http://t.co/xBdLgqy92O
165,595905411791785984,Wed May 06 10:58:16 +0000 2015,0,0,60 Delicious Recipes Featuring Super Spice Tumeric http://t.co/8eVj4Uxlaj
166,594883707300806656,Sun May 03 15:18:22 +0000 2015,0,0,http://t.co/XrRsANuPIO
167,593532099887403008,Wed Apr 29 21:47:34 +0000 2015,0,1,Seeking hairstylist for a 1920s party scene need dues for about five girls. There's no pay but you'll get film credit :-) shooting may 31
168,593208600832651264,Wed Apr 29 00:22:06 +0000 2015,0,0,Old Navy Official on Twitter http://t.co/6Hh9TakFeS
169,592935872661745664,Tue Apr 28 06:18:22 +0000 2015,0,1,Santa Monica 2bdrm house with hammocks seeks London flat to swap for 1-2 weeks end of May...any friends in mind??
170,592211368503222276,Sun Apr 26 06:19:27 +0000 2015,0,0,All I know is Bruce was married to one of my favorite songwriters of all time and I really want her to be an ice+jam model
171,591898869908254720,Sat Apr 25 09:37:42 +0000 2015,0,0,Divine ice cream http://t.co/b1sFNxaq5o
172,591640141309030400,Fri Apr 24 16:29:36 +0000 2015,0,0,"""The real lover is a man that can thrill you by kissing your four head or smiling into your eyes or… https://t.co/wRcgnN8Tsg"
173,591380040941703168,Thu Apr 23 23:16:03 +0000 2015,0,1,"#moveoftheday Mom calls these ""Comets"" #plyometrics #aerobic #straightup ""...now tell me do you… https://t.co/U2IfrXlqUu"
174,590995036592037889,Wed Apr 22 21:46:11 +0000 2015,0,0,I... https://t.co/o8tRGS1GzY
175,590972800510382080,Wed Apr 22 20:17:50 +0000 2015,0,0,"Feeling thankful for the land, sea and everything in between &lt;3 #HappyEarth https://t.co/w4buZCE9E5"
176,590669160302149632,Wed Apr 22 00:11:16 +0000 2015,0,0,gina_giorgio wearing #OnTheDesk by #iceandjam and her new line thesaltydames !!! Please follow her… https://t.co/rFx2ZQuiMa
177,590619504964673537,Tue Apr 21 20:53:57 +0000 2015,0,0,Spotted @oldnavy hartjeandresen tiaa007 !! https://t.co/EheuYuUe37
178,590566189862166529,Tue Apr 21 17:22:06 +0000 2015,0,0,Happy birthday to my boo I love you &lt;3 http://t.co/FJ5KZO3Yi1
179,590220019650428929,Mon Apr 20 18:26:33 +0000 2015,0,0,Let's keep those chella vibes going and dance thru the week! Check my favs list on #HypeM… https://t.co/iYsUsVBoWI
180,589830795293888513,Sun Apr 19 16:39:54 +0000 2015,0,0,sarah_otey's video https://t.co/O08DYG2kAK
181,589830200269103105,Sun Apr 19 16:37:32 +0000 2015,0,0,#sundayvibes ...my sister. We have different fathers. https://t.co/y4OlMN5xru
182,589493422798594048,Sat Apr 18 18:19:18 +0000 2015,0,0,Can't wait to get the new  shape_magazine !! Thanks for being badass @argystyle @olsonfoto tobykauf… https://t.co/FGPNHXqDai
183,589482368509022208,Sat Apr 18 17:35:23 +0000 2015,0,0,Just posted a photo https://t.co/80sIw5evBC
184,589197933851074561,Fri Apr 17 22:45:08 +0000 2015,0,0,Preston showing off for his aunties @sfotey @kimanelson at my casting today :) #moveoftheday #downdog… https://t.co/BqKSvT6x6Y
185,589139396554797056,Fri Apr 17 18:52:32 +0000 2015,0,0,#tgif https://t.co/5xp1a2KsB1
186,588887565446545408,Fri Apr 17 02:11:51 +0000 2015,0,0,#Lookbook #workapony wearing my fav lip color #FancyRiot inspired by the one and only thefancyriot… https://t.co/9LAsK2iCzd
187,588790773769875456,Thu Apr 16 19:47:14 +0000 2015,0,1,@Wilhelmina looks amazing&lt;3333
188,588790730564374528,Thu Apr 16 19:47:04 +0000 2015,3,0,RT @Wilhelmina: XO: Want a #Coachella-ready makeover for weekend 2? @bodybyjam Head here: http://t.co/gTb4CEmscj http://t.co/GHEeMYmfQJ
189,588597741334306816,Thu Apr 16 07:00:11 +0000 2015,0,0,#Repost roblee_hrtsopn with repostapp.⁰・・・⁰#Heartsopenwithlove says lets find our infinity and lets… https://t.co/NHy2VXwAhm
190,588394842738274305,Wed Apr 15 17:33:57 +0000 2015,0,0,cheyenne319 &lt;333 https://t.co/a69RT1JKYl
191,588370350938972160,Wed Apr 15 15:56:37 +0000 2015,0,0,Just posted a photo https://t.co/uI9DKmd0xU
192,588218740367618048,Wed Apr 15 05:54:10 +0000 2015,0,0,http://t.co/L5zQJlsoxu
193,588085380336975873,Tue Apr 14 21:04:15 +0000 2015,0,2,#TargetRun w/ ma ladies @jawsnelson @pearlveldwijk #MyBodyIsATemple #WilhelminaFitness… https://t.co/vnF4o4q8Ty
194,587762856319438848,Mon Apr 13 23:42:39 +0000 2015,0,1,Happy belated siblings day anglavecchia @louisjohnmurphy3 !!! https://t.co/pZ01EFDmpu
195,587492574589399042,Mon Apr 13 05:48:39 +0000 2015,0,1,"Quality Quinoa: 13 Easy, Healthy Recipes http://t.co/nbalMOmOt2"
196,587465353476706304,Mon Apr 13 04:00:29 +0000 2015,0,0,http://t.co/mDYGfpcRC8
197,587385431634784256,Sun Apr 12 22:42:54 +0000 2015,0,1,"My mom killing it, 3rd place in 40+ last night in her 1st bikini competition @bootcampcathy https://t.co/u7oitjqXBT"
198,586942320156741633,Sat Apr 11 17:22:08 +0000 2015,1,1,#Sneakpeak @d__mccarthy https://t.co/4fOMVyruey
199,586578027561099264,Fri Apr 10 17:14:34 +0000 2015,0,0,#mood https://t.co/0pt8kBerq2
