,id_str,created_at,retweet_count,favorite_count,text
0,666716992028721152,Tue Nov 17 20:38:12 +0000 2015,0,0,I earned a Fitbit Adjustment of 256 calories. #LoseIt
1,666716986177658881,Tue Nov 17 20:38:11 +0000 2015,0,0,I earned a Fitbit Adjustment of 247 calories. #LoseIt
2,647512039083102208,Fri Sep 25 20:44:34 +0000 2015,0,0,I earned a Fitbit Adjustment of 65 calories. #LoseIt
3,644176039535583232,Wed Sep 16 15:48:30 +0000 2015,0,0,I earned a Fitbit Adjustment of 47 calories. #LoseIt
4,644176038851936256,Wed Sep 16 15:48:30 +0000 2015,0,0,I earned a Fitbit Adjustment of 298 calories. #LoseIt
5,644176037023207428,Wed Sep 16 15:48:30 +0000 2015,0,0,I earned a Fitbit Adjustment of 125 calories. #LoseIt
6,644176035576160256,Wed Sep 16 15:48:29 +0000 2015,0,0,I earned a Fitbit Adjustment of 44 calories. #LoseIt
7,644176034208854016,Wed Sep 16 15:48:29 +0000 2015,0,0,I earned a Fitbit Adjustment of 167 calories. #LoseIt
8,644176033185406976,Wed Sep 16 15:48:29 +0000 2015,0,0,I earned a Fitbit Adjustment of 66 calories. #LoseIt
9,644176029574164480,Wed Sep 16 15:48:28 +0000 2015,0,0,I earned a Fitbit Adjustment of 208 calories. #LoseIt
10,644176028320038912,Wed Sep 16 15:48:28 +0000 2015,0,0,I earned a Fitbit Adjustment of 190 calories. #LoseIt
11,644176028248743936,Wed Sep 16 15:48:28 +0000 2015,0,0,I earned a Fitbit Adjustment of 296 calories. #LoseIt
12,626073213169217537,Tue Jul 28 16:54:20 +0000 2015,0,0,I weighed in and gained 0.2 lbs. #LoseIt
13,625489449036705792,Mon Jul 27 02:14:40 +0000 2015,0,0,I earned a Fitbit Adjustment of 109 calories. #LoseIt
14,625489445110874112,Mon Jul 27 02:14:39 +0000 2015,0,0,I earned a Fitbit Adjustment of 28 calories. #LoseIt
15,625489444976635905,Mon Jul 27 02:14:39 +0000 2015,0,0,I earned a Fitbit Adjustment of 115 calories. #LoseIt
16,625489444787888128,Mon Jul 27 02:14:39 +0000 2015,0,0,I earned a Fitbit Adjustment of 16 calories. #LoseIt
17,625489443613487104,Mon Jul 27 02:14:39 +0000 2015,0,0,I earned a Fitbit Adjustment of 118 calories. #LoseIt
18,625489441793142785,Mon Jul 27 02:14:38 +0000 2015,0,0,I earned a Fitbit Adjustment of 128 calories. #LoseIt
19,619533834183397376,Fri Jul 10 15:49:11 +0000 2015,0,0,I weighed in and lost 1 lb. #LoseIt
20,616215817219403776,Wed Jul 01 12:04:34 +0000 2015,0,0,I earned a Fitbit Adjustment of 4 calories. #LoseIt
21,615693911298846720,Tue Jun 30 01:30:42 +0000 2015,0,0,I earned a Fitbit Adjustment of 8 calories. #LoseIt
22,615693911244296192,Tue Jun 30 01:30:42 +0000 2015,0,0,I earned a Fitbit Adjustment of 265 calories. #LoseIt
23,615693896165793792,Tue Jun 30 01:30:38 +0000 2015,0,0,I earned a Fitbit Adjustment of 86 calories. #LoseIt
24,614121768916267008,Thu Jun 25 17:23:34 +0000 2015,0,0,I weighed in and lost 0.4 lbs. #LoseIt
25,614062751992954881,Thu Jun 25 13:29:03 +0000 2015,0,0,I earned a Fitbit Adjustment of 2 calories. #LoseIt
26,612219951215214596,Sat Jun 20 11:26:25 +0000 2015,0,0,I weighed in and lost 0.2 lbs. #LoseIt
27,611136478949847040,Wed Jun 17 11:41:05 +0000 2015,0,0,I weighed in and lost 2 lbs. #LoseIt
28,610636124449579008,Tue Jun 16 02:32:51 +0000 2015,0,0,I earned a Fitbit Adjustment of 37 calories. #LoseIt
29,610636124030140417,Tue Jun 16 02:32:51 +0000 2015,0,0,I earned a Fitbit Adjustment of 322 calories. #LoseIt
30,608703605898620928,Wed Jun 10 18:33:43 +0000 2015,0,0,I weighed in and lost 1.2 lbs. #LoseIt
31,606785900635406337,Fri Jun 05 11:33:26 +0000 2015,0,0,I weighed in and lost 0.4 lbs. #LoseIt
32,606664196068143104,Fri Jun 05 03:29:50 +0000 2015,0,0,I earned a Fitbit Adjustment of 2 calories. #LoseIt
33,606459728093409280,Thu Jun 04 13:57:21 +0000 2015,0,0,I weighed in and lost 2.6 lbs. #LoseIt
34,603900890303635457,Thu May 28 12:29:26 +0000 2015,0,0,I weighed in and lost 0.6 lbs. #LoseIt
35,603527911048622080,Wed May 27 11:47:21 +0000 2015,0,0,I weighed in and lost 3.4 lbs. #LoseIt
36,600994691736285184,Wed May 20 12:01:15 +0000 2015,0,0,I weighed in and lost 0.4 lbs. #LoseIt
37,600741046440570881,Tue May 19 19:13:21 +0000 2015,0,0,I weighed in and lost 0.2 lbs. #LoseIt
38,600501080615743488,Tue May 19 03:19:49 +0000 2015,0,0,I earned a Fitbit Adjustment of 118 calories. #LoseIt
39,599943828699803648,Sun May 17 14:25:29 +0000 2015,0,0,I weighed in and lost 0.8 lbs. #LoseIt
40,599373285646856192,Sat May 16 00:38:21 +0000 2015,0,0,I weighed in and lost 1.2 lbs. #LoseIt
41,598102067031445504,Tue May 12 12:26:59 +0000 2015,0,0,I weighed in and lost 1.8 lbs. #LoseIt
42,597212321396695040,Sun May 10 01:31:27 +0000 2015,0,0,I weighed in and lost 1.4 lbs. #LoseIt
43,595920367971086336,Wed May 06 11:57:42 +0000 2015,0,0,I weighed in and lost 1 lb. #LoseIt
44,594857328370814979,Sun May 03 13:33:33 +0000 2015,0,0,I earned a Fitbit Adjustment of 11 calories. #LoseIt
45,594476213378383872,Sat May 02 12:19:08 +0000 2015,0,0,I weighed in and lost 1.8 lbs. #LoseIt
46,593389798993350656,Wed Apr 29 12:22:07 +0000 2015,0,0,I weighed in and lost 0.8 lbs. #LoseIt
47,592767641099567104,Mon Apr 27 19:09:53 +0000 2015,0,0,I weighed in and lost 2.2 lbs. #LoseIt
48,591570257518669825,Fri Apr 24 11:51:54 +0000 2015,0,0,I weighed in and lost 1 lb. #LoseIt
49,590977888612122624,Wed Apr 22 20:38:03 +0000 2015,0,0,I weighed in and lost 2.2 lbs. #LoseIt
50,589824860353736704,Sun Apr 19 16:16:19 +0000 2015,0,0,Motrcycle Parts &amp; Accessories https://t.co/HGzDcg7p6M
51,589452982036652033,Sat Apr 18 15:38:37 +0000 2015,0,0,I weighed in and lost 1.2 lbs. #LoseIt
52,589038124757573632,Fri Apr 17 12:10:07 +0000 2015,0,0,I weighed in and lost 1.2 lbs. #LoseIt
53,588159194366222336,Wed Apr 15 01:57:34 +0000 2015,1,0,#VoiceSaveMia
54,587983590991994880,Tue Apr 14 14:19:46 +0000 2015,0,0,I weighed in and lost 0.6 lbs. #LoseIt
55,585849201986121728,Wed Apr 08 16:58:28 +0000 2015,0,0,Motrcycle Parts &amp; Accessories https://t.co/HGzDcg7p6M
56,532900524996038659,Thu Nov 13 14:19:20 +0000 2014,0,0,Go Al!
57,507614293215305729,Thu Sep 04 19:40:53 +0000 2014,0,0,RIP Joan Rivers the world has lost another legend..
58,499184857449521153,Tue Aug 12 13:25:19 +0000 2014,0,0,So said today RIP Robin Williams you're free ...
59,499183903115313152,Tue Aug 12 13:21:31 +0000 2014,25,0,RT @jedipadmaster: I'm so sad about this #RobinWilliams Genie You're Free! http://t.co/Razpbs4avf
60,445327207309651968,Sun Mar 16 22:34:14 +0000 2014,0,1,@carlacallahan23 @Ksnmkup hey lady how are you?
61,425975528865398784,Wed Jan 22 12:57:34 +0000 2014,0,0,"I'm at Starbucks (Arvada, CO) http://t.co/2BCgrAZhf1"
62,425247230468321280,Mon Jan 20 12:43:35 +0000 2014,0,0,"I'm at Starbucks (Arvada, CO) http://t.co/rHjuB75yiJ"
63,422387732120600577,Sun Jan 12 15:20:57 +0000 2014,0,0,"I'm at @IHOP (Arvada, CO) http://t.co/q2Z58chpeC"
64,421626676712599552,Fri Jan 10 12:56:47 +0000 2014,0,0,"I'm at Starbucks (Greenwood Village, CO) http://t.co/2usUgcotHg"
65,421619223811854336,Fri Jan 10 12:27:10 +0000 2014,0,0,"I'm at Starbucks (Arvada, CO) http://t.co/mDdKjoSIk2"
66,421616294375743488,Fri Jan 10 12:15:32 +0000 2014,0,0,"I'm at King Soopers (Arvada, CO) http://t.co/qydJrVupRG"
67,421458927638048768,Fri Jan 10 01:50:13 +0000 2014,0,0,"I'm at Wing Street (Arvada, CO) http://t.co/zqVeHpYHab"
68,421458887557251073,Fri Jan 10 01:50:03 +0000 2014,0,0,"I'm at Starbucks (Arvada, CO) http://t.co/A1WimhOHf3"
69,421087302098878464,Thu Jan 09 01:13:30 +0000 2014,0,0,"I'm at Mi Tierra (Arvada, CO) http://t.co/BdVGLawy1U"
70,420589523819847680,Tue Jan 07 16:15:31 +0000 2014,0,0,"I'm at Santiago's Mexican Food (Castle Rock, CO) http://t.co/MuTniI16Yz"
71,420541437399531520,Tue Jan 07 13:04:26 +0000 2014,0,0,"I'm at @7Eleven (Arvada, CO) http://t.co/GZhGcnYJSb"
72,420540851727904768,Tue Jan 07 13:02:06 +0000 2014,0,0,"I'm at Starbucks (Arvada, CO) http://t.co/sGP7BFKy5D"
73,419865676464291841,Sun Jan 05 16:19:12 +0000 2014,0,0,"I'm at @IHOP (Arvada, CO) http://t.co/fxHEG4iswI"
74,419568226230874112,Sat Jan 04 20:37:14 +0000 2014,0,0,"I'm at Pho Dong Huong (Arvada, CO) http://t.co/AwKBGKZi9n"
75,419567538696380416,Sat Jan 04 20:34:31 +0000 2014,0,0,"I'm at Starbucks (Arvada, CO) http://t.co/Hq0DvFeqmP"
76,418005773160300544,Tue Dec 31 13:08:37 +0000 2013,0,0,"I'm at Starbucks (Arvada, CO) http://t.co/eg7TkR7dTz"
77,417829657481084928,Tue Dec 31 01:28:47 +0000 2013,0,0,"I'm at Wing Street (Arvada, CO) http://t.co/oYz3eCJGUk"
78,417641461191294976,Mon Dec 30 13:00:58 +0000 2013,0,0,"I'm at @Kmart (Arvada, CO) http://t.co/BHRvIOL5K8"
79,417641372934742016,Mon Dec 30 13:00:37 +0000 2013,0,0,"I'm at Starbucks (Arvada, CO) http://t.co/H2XOyWiJ41"
80,417641266680434688,Mon Dec 30 13:00:12 +0000 2013,0,0,"I'm at King Soopers Gas (Arvada, CO) http://t.co/Da6FObVVZp"
81,417641190201495552,Mon Dec 30 12:59:53 +0000 2013,0,0,"I'm at King Soopers (Arvada, CO) http://t.co/S7jY2T6KgX"
82,417327256043003904,Sun Dec 29 16:12:26 +0000 2013,0,0,"I'm at @IHOP (Arvada, CO) http://t.co/Judl8e63dB"
83,416969472617250816,Sat Dec 28 16:30:43 +0000 2013,0,0,"I'm at Gomez Burritos (Arvada, CO) http://t.co/XSG97MD8Uw"
84,416967833781014528,Sat Dec 28 16:24:13 +0000 2013,0,0,"I'm at Starbucks (Arvada, CO) http://t.co/J3BbxM2AWI"
85,416548655425130497,Fri Dec 27 12:38:33 +0000 2013,0,0,"I'm at Starbucks (Arvada, CO) http://t.co/j38l5K9Lev"
86,416186317970894848,Thu Dec 26 12:38:45 +0000 2013,0,0,"I'm at Starbucks (Arvada, CO) http://t.co/lXdtfx2hEE"
87,415875143614083072,Wed Dec 25 16:02:15 +0000 2013,0,0,"I'm at Starbucks (Arvada, CO) http://t.co/lxwEn3Vg1T"
88,415552481247383554,Tue Dec 24 18:40:06 +0000 2013,0,0,"I'm at Cabela's (Lone Tree, CO) http://t.co/UOGj4yit6T"
89,415497686809608192,Tue Dec 24 15:02:22 +0000 2013,0,0,"I'm at Starbucks (Arvada, CO) http://t.co/B9NDOLD8KP"
90,415101016062062592,Mon Dec 23 12:46:09 +0000 2013,0,0,"I'm at Starbucks (Arvada, CO) http://t.co/Fjj9xMeh1g"
91,414803886604812288,Sun Dec 22 17:05:27 +0000 2013,0,0,"I'm at Caribou Coffee (Denver, CO) http://t.co/ppQ5byl5xo"
92,414803654450110465,Sun Dec 22 17:04:32 +0000 2013,0,0,"I'm at Starbucks (Denver, CO) http://t.co/B2fYBtIwEW"
93,414791846569971712,Sun Dec 22 16:17:37 +0000 2013,0,0,Workin again (@ Mile High Harley-Davidson) http://t.co/TcbUJOIae6
94,414763962165899264,Sun Dec 22 14:26:49 +0000 2013,0,0,This place is a zoo (@ Denver International Airport (DEN) - @denairport w/ 33 others) http://t.co/jxITLKVrKm
95,414552653088423937,Sun Dec 22 00:27:09 +0000 2013,0,0,"I'm at @RubiosTweets (Broomfield, CO) http://t.co/6L0O2LVGHr"
96,414551104018718720,Sun Dec 22 00:20:59 +0000 2013,0,0,"I'm at Starbucks (Broomfield, CO) http://t.co/RmpE1lXwoY"
97,414430383468724224,Sat Dec 21 16:21:17 +0000 2013,0,0,"I'm at The Wave car care center (Westminster, CO) http://t.co/AOv2Pj00Jb"
98,414382790055329792,Sat Dec 21 13:12:10 +0000 2013,0,0,"I'm at King Soopers Gas (Arvada, CO) http://t.co/jRuKeyRJwA"
99,414382397665591298,Sat Dec 21 13:10:37 +0000 2013,0,0,"I'm at Starbucks (Arvada, CO) http://t.co/D86pr6rwpT"
100,414382229314215936,Sat Dec 21 13:09:56 +0000 2013,0,0,"I'm at King Soopers Gas (Arvada, CO) http://t.co/5ghjH9nkxY"
101,414382174054649856,Sat Dec 21 13:09:43 +0000 2013,0,0,"I'm at King Soopers (Arvada, CO) http://t.co/6H6bREih97"
102,414208061348544512,Sat Dec 21 01:37:52 +0000 2013,0,0,"I'm at Target (Arvada, CO) w/ 2 others http://t.co/yaOjABqO2G"
103,414167668791726083,Fri Dec 20 22:57:21 +0000 2013,0,0,Hair with Heidi (@ Centre Salon &amp; Spa Aveda) http://t.co/3XDps4xP1Q
104,413645930634969089,Thu Dec 19 12:24:09 +0000 2013,0,0,"I'm at King Soopers (Arvada, CO) http://t.co/gQSlB4h3vc"
105,413645095670657024,Thu Dec 19 12:20:50 +0000 2013,0,0,"I'm at Starbucks (Arvada, CO) http://t.co/a2HXRsxqUk"
106,413417747838943232,Wed Dec 18 21:17:26 +0000 2013,0,0,"I'm at Starbucks (Castle Rock, CO) http://t.co/ISLU654VRn"
107,413417653081210880,Wed Dec 18 21:17:04 +0000 2013,0,0,"I'm at @ChickfilA (Castle Rock, CO) http://t.co/SXS98DQGlm"
108,413290834277466112,Wed Dec 18 12:53:08 +0000 2013,0,0,"I'm at Starbucks (Arvada, CO) http://t.co/ChMe3vlh1Q"
109,413108705815953408,Wed Dec 18 00:49:25 +0000 2013,0,0,"I'm at Fuzzy's Taco Shop - @fuzzysarvada (Arvada, CO) http://t.co/oy6diujkrK"
110,412960184991236096,Tue Dec 17 14:59:15 +0000 2013,0,0,"I'm at Starbucks (Aurora, CO) http://t.co/Va1A6AwR4s"
111,412935933311606784,Tue Dec 17 13:22:53 +0000 2013,0,0,"I'm at Starbucks (Arvada, CO) http://t.co/AQ9Mct5gG6"
112,412929015536951296,Tue Dec 17 12:55:23 +0000 2013,0,0,"I'm at King Soopers (Arvada, CO) http://t.co/d9Utxz1wlF"
113,412928956384690176,Tue Dec 17 12:55:09 +0000 2013,0,0,"I'm at Starbucks (Arvada, CO) http://t.co/wGvqWFDtE9"
114,412565476162928640,Mon Dec 16 12:50:49 +0000 2013,0,0,"I'm at Starbucks (Arvada, CO) http://t.co/JKDch8n9Qk"
115,412213362001739776,Sun Dec 15 13:31:38 +0000 2013,0,0,"I'm at Starbucks (Arvada, CO) http://t.co/tGD9p0sxfn"
116,412213070694326272,Sun Dec 15 13:30:29 +0000 2013,0,0,"I'm at @Kmart (Arvada, CO) http://t.co/Y5CdMQHqFD"
117,412212982886989824,Sun Dec 15 13:30:08 +0000 2013,0,0,"I'm at Starbucks (Arvada, CO) http://t.co/iQuwalXfdG"
118,411872982769074176,Sat Dec 14 14:59:05 +0000 2013,0,0,Workin again! (@ Mile High Harley-Davidson) http://t.co/Sq6vaGB1hn
119,411850769378586625,Sat Dec 14 13:30:49 +0000 2013,0,0,"I'm at Starbucks (Arvada, CO) http://t.co/YCAvhN3qhi"
120,411616676070031360,Fri Dec 13 22:00:37 +0000 2013,0,0,"I'm at Starbucks (Arvada, CO) http://t.co/pFqXDhOkLL"
121,411546492865114112,Fri Dec 13 17:21:44 +0000 2013,0,0,"I'm at Santiago's Mexican Food (Castle Rock, CO) http://t.co/pLB3ngf0ME"
122,411528152884981760,Fri Dec 13 16:08:52 +0000 2013,0,0,"I'm at Grainger (Denver, CO) http://t.co/MLIGMeAXok"
123,411115933760249856,Thu Dec 12 12:50:51 +0000 2013,0,0,"I'm at Starbucks (Arvada, CO) http://t.co/ooXAkJ9gSO"
124,410922150338764800,Thu Dec 12 00:00:49 +0000 2013,0,0,"I'm at @Cheesecake Factory (Lone Tree, CO) http://t.co/QzuQZgiJR6"
125,410857784692207616,Wed Dec 11 19:45:03 +0000 2013,0,0,"I'm at Starbucks (Denver, CO) http://t.co/F6JjrKw3aq"
126,410857731286138880,Wed Dec 11 19:44:51 +0000 2013,0,0,"I'm at Gomez Burritos (Denver, CO) http://t.co/pIV1xzkhGm"
127,410750766195175424,Wed Dec 11 12:39:48 +0000 2013,0,0,"I'm at Starbucks (Arvada, CO) http://t.co/qkheUoLEef"
128,410399070398996480,Tue Dec 10 13:22:17 +0000 2013,0,0,"I'm at Hei Civil (Inverness, CO) [pic]: http://t.co/PGzZzierON"
129,410386435775397888,Tue Dec 10 12:32:05 +0000 2013,0,0,"I'm at Starbucks (Arvada, CO) http://t.co/QZZQOEHfRU"
130,410385928289787904,Tue Dec 10 12:30:04 +0000 2013,0,0,"I'm at Country And Victorian Gifts (Arvada, CO) http://t.co/mQlLpT4Rsg"
131,409741067534495744,Sun Dec 08 17:47:37 +0000 2013,0,0,"I'm at Starbucks (Denver, CO) w/ 2 others http://t.co/Kj5YzCguVQ"
132,409698502403706880,Sun Dec 08 14:58:29 +0000 2013,0,0,"I'm at Mile High Harley-Davidson (Denver, CO) http://t.co/L2BOoYFKGB"
133,409695941588172800,Sun Dec 08 14:48:18 +0000 2013,0,0,"I'm at Denver International Airport (DEN) - @denairport (Denver, CO) w/ 48 others http://t.co/h2yW4K2TTm"
134,409512231832137728,Sun Dec 08 02:38:19 +0000 2013,0,0,"I'm at Starbucks (Broomfield, CO) http://t.co/jzeItsbdXy"
135,409503130720952320,Sun Dec 08 02:02:09 +0000 2013,0,0,"I'm at Pandora at Flatirons (Broomfield, CO) http://t.co/P7aavvChS7"
136,409502919558692864,Sun Dec 08 02:01:18 +0000 2013,0,0,"I'm at Bath &amp; Body Works - @luvbbw (Broomfield, CO) http://t.co/05yIXwE6Xk"
137,409497512828227584,Sun Dec 08 01:39:49 +0000 2013,0,0,"I'm at @VictoriasSecret (Broomfield, CO) http://t.co/y5bBVQuvRU"
138,409471268992589825,Sat Dec 07 23:55:32 +0000 2013,0,1,"I'm at Fuzzy's Taco Shop - @fuzzysarvada (Arvada, CO) http://t.co/4qSSJFaVGV"
139,409448900161191936,Sat Dec 07 22:26:39 +0000 2013,0,0,"I'm at Adams County Animal Hospital (Arvada, CO) http://t.co/D7kvjmMIwV"
140,409325334132445185,Sat Dec 07 14:15:39 +0000 2013,0,0,"I'm at Starbucks (Arvada, CO) http://t.co/TeZ3iYinEy"
141,409320574561705984,Sat Dec 07 13:56:44 +0000 2013,0,0,I entered the Verismo® System Sweepstakes as a member of My Starbucks Rewards. Join today: http://t.co/GaLi8P9IsV
142,409074467777040384,Fri Dec 06 21:38:48 +0000 2013,0,0,"I'm at Tan &amp; Tone (Arvada, CO) http://t.co/SUAThsixgs"
143,408339165424939008,Wed Dec 04 20:56:58 +0000 2013,0,0,"I'm at Starbucks (Frederick, CO) http://t.co/oxxoVMkjmi"
144,408335483312558080,Wed Dec 04 20:42:20 +0000 2013,0,0,"I'm at 4 Rivers Machinery (Frederick, Co) http://t.co/Zn8Qq5E2Rj"
145,408334675846127616,Wed Dec 04 20:39:07 +0000 2013,0,0,"I'm at High Country Harley Davidson (Erie, CO) http://t.co/ERkIhT54W7"
146,408328554162950144,Wed Dec 04 20:14:48 +0000 2013,0,0,"I'm at @Chilis Grill &amp; Bar (Thornton, CO) http://t.co/7vhn7whLn7"
147,408327694947196929,Wed Dec 04 20:11:23 +0000 2013,0,0,"I'm at Starbucks (Thornton, CO) http://t.co/HUyNpXDpz7"
148,408286898491490306,Wed Dec 04 17:29:16 +0000 2013,0,0,"I'm at Starbucks (Arvada, CO) http://t.co/JRcKwxaExj"
149,407995138066358272,Tue Dec 03 22:09:55 +0000 2013,0,0,"I'm at Suds Factory Car Wash (Littleton, CO) http://t.co/eMF9YrK00V"
150,407851976668766209,Tue Dec 03 12:41:03 +0000 2013,0,0,"I'm at Starbucks (Arvada, CO) http://t.co/NFRs50dk9k"
151,407657569550094337,Mon Dec 02 23:48:33 +0000 2013,0,1,"I'm at @ChickFilA (Arvada, CO) http://t.co/3kJch5bILQ"
152,407607580769660928,Mon Dec 02 20:29:54 +0000 2013,0,0,"I'm at Tokyo Joe's (Greenwood Village, CO) http://t.co/b35vEFU7TY"
153,407489163915960320,Mon Dec 02 12:39:22 +0000 2013,0,0,"I'm at Starbucks (Arvada, CO) http://t.co/YHNuttSmrF"
154,407149614262157312,Sun Dec 01 14:10:07 +0000 2013,0,0,"I'm at Starbucks (Arvada, CO) http://t.co/S48sjPZBQ4"
155,406976244522450944,Sun Dec 01 02:41:12 +0000 2013,0,0,"I'm at @Kmart (Arvada, CO) http://t.co/Vc8xv5eOWB"
156,406941203146743808,Sun Dec 01 00:21:58 +0000 2013,0,0,"I'm at Target (Westminster, CO) http://t.co/y3OClL2m0A"
157,406930289483857920,Sat Nov 30 23:38:36 +0000 2013,0,0,"I'm at Hacienda Colorado - @mountainmex (Westminster, CO) http://t.co/7ceSrWay1h"
158,406820182896959488,Sat Nov 30 16:21:04 +0000 2013,0,0,"I'm at @Kmart (Arvada, CO) http://t.co/TN3HtnErGB"
159,406820000167911424,Sat Nov 30 16:20:21 +0000 2013,0,0,"I'm at Starbucks (Arvada, CO) http://t.co/iSA2JOCEBp"
160,406393587921092608,Fri Nov 29 12:05:56 +0000 2013,0,0,"I'm at Bass Pro Shops (Denver, CO) http://t.co/qBdXF0Oh3m"
161,406321902530351104,Fri Nov 29 07:21:05 +0000 2013,0,0,"I'm at @ToysRUs (Englewood, CO) http://t.co/kDPT4m6q46"
162,406295550833991680,Fri Nov 29 05:36:22 +0000 2013,0,0,"I'm at Michael Kors (Castle Rock, CO) http://t.co/j4NClnMPvx"
163,406284449996103681,Fri Nov 29 04:52:15 +0000 2013,0,0,"I'm at @LuckyBrand (Castle Rock, CO) http://t.co/aabVuNhCHy"
164,406276294113234944,Fri Nov 29 04:19:51 +0000 2013,0,0,"I'm at @Macys (Lone Tree, CO) http://t.co/reFLfX2rlq"
165,406276030006308864,Fri Nov 29 04:18:48 +0000 2013,0,0,"I'm at Wetzel's Pretzels Park Meadows (Lone Tree, CO) http://t.co/nbvn48Bl1C"
166,406077769748336640,Thu Nov 28 15:10:59 +0000 2013,0,0,"I'm at @Kmart (Arvada, CO) http://t.co/9ztwXaukta"
167,406077688924090368,Thu Nov 28 15:10:40 +0000 2013,0,0,"I'm at Starbucks (Arvada, CO) http://t.co/HrygjAdexi"
168,406068340210548736,Thu Nov 28 14:33:31 +0000 2013,0,0,"I'm at King Soopers - @mykingsooper (Arvada, CO) http://t.co/oJGnHuDK2A"
169,405852215853989888,Thu Nov 28 00:14:43 +0000 2013,0,0,"I'm at Piper Inn (Denver, CO) http://t.co/7vsCeQE0wJ"
170,405833568112640000,Wed Nov 27 23:00:37 +0000 2013,0,0,"I'm at DSW Designer Shoe Warehouse - @dswshoelovers (Littleton, CO) http://t.co/rgWXixtWln"
171,405678558087217152,Wed Nov 27 12:44:40 +0000 2013,0,0,"I'm at Starbucks (Arvada, CO) http://t.co/147BNXpdtg"
172,405678515984826369,Wed Nov 27 12:44:30 +0000 2013,0,0,"I'm at @Kmart (Arvada, CO) http://t.co/Rohe1yBj81"
173,405316978774380544,Tue Nov 26 12:47:52 +0000 2013,0,0,"I'm at Starbucks (Arvada, CO) http://t.co/zSS3Puqake"
174,405106616812703744,Mon Nov 25 22:51:58 +0000 2013,0,0,"I'm at Fuzzy's Taco Shop - @fuzzysarvada (Arvada, CO) http://t.co/hLdljW6iJn"
175,404953477971197952,Mon Nov 25 12:43:27 +0000 2013,0,0,"I'm at Starbucks (Arvada, CO) http://t.co/grrXcSUXHT"
176,404953442189590528,Mon Nov 25 12:43:18 +0000 2013,0,0,"I'm at JK B@B (Arvada, CO) http://t.co/jMfiVw19ol"
177,404636306267209728,Sun Nov 24 15:43:07 +0000 2013,0,0,"I'm at @IHOP (Arvada, CO) http://t.co/rUbJ0t4mjj"
178,397057994409914368,Sun Nov 03 17:49:37 +0000 2013,0,0,"I'm at Starbucks (Arvada, CO) http://t.co/8t8zzQeLiz"
179,396748229473476608,Sat Nov 02 21:18:43 +0000 2013,0,0,"I'm at Tan &amp; Tone (Arvada, CO) http://t.co/msCixZw4i6"
180,396696617660989440,Sat Nov 02 17:53:38 +0000 2013,0,0,Get hair color with Heidi the best around (@ Centre Salon &amp; Spa Aveda) http://t.co/qhx6cUwywE
181,396634105758367744,Sat Nov 02 13:45:14 +0000 2013,0,0,"I'm at Gomez Burritos (Arvada, CO) http://t.co/zCrUTl7VDb"
182,396632074394042368,Sat Nov 02 13:37:10 +0000 2013,0,0,"I'm at Starbucks (Arvada, CO) https://t.co/bUtSfNYd7W"
183,396291793840775168,Fri Nov 01 15:05:01 +0000 2013,0,0,"I'm at Red Rooster Cafe (Denver, CO) http://t.co/CmK9U7ZPL8"
184,396291671270649859,Fri Nov 01 15:04:31 +0000 2013,0,0,"I'm at Bills Live Bait (Denver, CO) http://t.co/rad5eCMLjz"
185,396287984846532608,Fri Nov 01 14:49:52 +0000 2013,0,0,"I'm at Xcel Energy Cherokee Station (Denver, CO) http://t.co/eCAL9Lr9O9"
186,396249777664712704,Fri Nov 01 12:18:03 +0000 2013,0,0,"I'm at Red Rooster Cafe (Denver, CO) http://t.co/ZqoqaiQ0uD"
187,396239721581805568,Fri Nov 01 11:38:06 +0000 2013,0,0,"I'm at Starbucks (Arvada, CO) http://t.co/8C6qLiczJc"
188,396055442117656576,Thu Oct 31 23:25:50 +0000 2013,0,0,"I'm at Tan &amp; Tone (Arvada, CO) http://t.co/VymTZ0B0B4"
189,395976908216999936,Thu Oct 31 18:13:46 +0000 2013,0,0,"I'm at Butcher Block Cafe (Denver, CO) http://t.co/uokAg4tCL6"
190,395916339938078720,Thu Oct 31 14:13:05 +0000 2013,0,0,"I'm at Wagner Rents (Denver, CO) http://t.co/ZGA8cQzOjf"
191,395890172996628480,Thu Oct 31 12:29:07 +0000 2013,0,0,"I'm at Starbucks (Arvada, CO) http://t.co/yPbiaCW2Pf"
192,395718359456968705,Thu Oct 31 01:06:23 +0000 2013,0,0,"I'm at Tan &amp; Tone (Arvada, CO) http://t.co/uTQ0oFDiJa"
193,395595420438908928,Wed Oct 30 16:57:52 +0000 2013,0,0,"I'm at Bills Live Bait (Denver, CO) http://t.co/yMX4vxxri4"
194,395515964516995072,Wed Oct 30 11:42:08 +0000 2013,0,0,"I'm at Starbucks (Arvada, CO) http://t.co/fp0azrKgkp"
195,394956282861727744,Mon Oct 28 22:38:10 +0000 2013,0,0,"I'm at Advances In Sight (Denver, CO) http://t.co/Zw5jjSI8iD"
196,394806551720243200,Mon Oct 28 12:43:11 +0000 2013,0,0,"I'm at King Soopers Gas (Arvada, CO) http://t.co/TRO5oKhGkk"
197,394803231400161280,Mon Oct 28 12:30:00 +0000 2013,0,0,"I'm at King Soopers - @mykingsooper (Arvada, CO) http://t.co/VodflvrICF"
198,394803073715306496,Mon Oct 28 12:29:22 +0000 2013,0,0,"I'm at Starbucks (Arvada, CO) http://t.co/Gfu1iTXDu8"
199,394479702351839232,Sun Oct 27 15:04:24 +0000 2013,0,0,"""Jackie is amazing !!! I love the service here..."" @ Michael Kors: http://t.co/zbe7VtBPaS #foursquare"
