,id_str,created_at,retweet_count,favorite_count,text
0,668821587206934528,Mon Nov 23 16:01:07 +0000 2015,0,0,Maintaining your position among your peers can be tricky busin... More for Leo https://t.co/QlGy7sXsFZ
1,668459206022836224,Sun Nov 22 16:01:08 +0000 2015,0,0,Although you appear ready to roll with the incoming waves of r... More for Leo https://t.co/QlGy7sXsFZ
2,668096815946842113,Sat Nov 21 16:01:08 +0000 2015,0,0,Your anticipation is palpable and your inspiration is admirabl... More for Leo https://t.co/QlGy7sXsFZ
3,667734434464972800,Fri Nov 20 16:01:09 +0000 2015,0,0,You aren't feeling as casual with your heart as you expected t... More for Leo https://t.co/QlGy7sXsFZ
4,667372010108940288,Thu Nov 19 16:01:01 +0000 2015,0,0,"You are worried about being misunderstood today, but success u... More for Leo https://t.co/QlGy7sXsFZ"
5,667009622293676032,Wed Nov 18 16:01:01 +0000 2015,0,0,A sudden epiphany may surprisingly open new doorways in your q... More for Leo https://t.co/QlGy7sXsFZ
6,666647224646922240,Tue Nov 17 16:00:58 +0000 2015,0,0,"Your peers seem set in their own ways today, leaving you with ... More for Leo https://t.co/QlGy7sXsFZ"
7,666284859644444672,Mon Nov 16 16:01:04 +0000 2015,0,0,You could be sending mixed messages now without even realizing... More for Leo https://t.co/QlGy7sXsFZ
8,665922456637431808,Sun Nov 15 16:01:00 +0000 2015,0,0,"Although this should be a day of rest, you're already worried ... More for Leo https://t.co/QlGy7sXsFZ"
9,665560085721055234,Sat Nov 14 16:01:04 +0000 2015,0,0,"You would like to speak your mind today, but you may choose to... More for Leo https://t.co/QlGy7sXsFZ"
10,665197668579172352,Fri Nov 13 16:00:57 +0000 2015,0,0,You are quite pleased with your performance once others acknow... More for Leo https://t.co/QlGy7sXsFZ
11,664835278045999104,Thu Nov 12 16:00:56 +0000 2015,0,0,You could reach a turning point today as you secretly obsess a... More for Leo https://t.co/QlGy7sXsFZ
12,664472905649012736,Wed Nov 11 16:01:00 +0000 2015,0,0,Your feelings could be at odds with your actions today. You mi... More for Leo https://t.co/QlGy7sXsFZ
13,664110519591112704,Tue Nov 10 16:01:01 +0000 2015,0,0,Your world would run smooth like a clock if only you could cat... More for Leo https://t.co/QlGy7sXsFZ
14,663748122691043328,Mon Nov 09 16:00:58 +0000 2015,0,0,"The weekend is over, yet you might be resistant to the workloa... More for Leo https://t.co/QlGy7sXsFZ"
15,663385738805809152,Sun Nov 08 16:00:59 +0000 2015,0,0,Too many things to consider in the active pursuit of a relatio... More for Leo https://t.co/QlGy7sXsFZ
16,663023352638930944,Sat Nov 07 16:01:00 +0000 2015,0,0,Your generosity of spirit motivates you to make promises that ... More for Leo https://t.co/QlGy7sXsFZ
17,662660957299044352,Fri Nov 06 16:00:58 +0000 2015,0,0,Staying home and losing yourself in a project might sound enti... More for Leo https://t.co/QlGy7sXsFZ
18,662298569102110720,Thu Nov 05 16:00:58 +0000 2015,0,0,You might be worrying about your long-term financial condition... More for Leo https://t.co/QlGy7sXsFZ
19,661936178636034048,Wed Nov 04 16:00:57 +0000 2015,0,0,You might surprise someone with a preemptive strike today if y... More for Leo https://t.co/QlGy7sXsFZ
20,661573813381914626,Tue Nov 03 16:01:03 +0000 2015,0,0,You want to build a strategy for success around the practice o... More for Leo https://t.co/QlGy7sXsFZ
21,661211425415626754,Mon Nov 02 16:01:03 +0000 2015,0,0,Distractions pop up so quickly today that it's crucial to main... More for Leo https://t.co/QlGy7sXsFZ
22,660849036509888514,Sun Nov 01 16:01:02 +0000 2015,0,0,Your friends may tempt you to play a round of Truth or Dare to... More for Leo https://t.co/QlGy7sXsFZ
23,660471563284709376,Sat Oct 31 15:01:06 +0000 2015,0,0,Your plan is to reveal as little as absolutely necessary today... More for Leo https://t.co/QlGy7sXsFZ
24,660109165751177216,Fri Oct 30 15:01:04 +0000 2015,0,0,"A close friend might send mixed signals today, making it diffi... More for Leo https://t.co/QlGy7sXsFZ"
25,659746781132013568,Thu Oct 29 15:01:04 +0000 2015,0,0,The fervor of emotional intensity is challenging to manage tod... More for Leo https://t.co/QlGy7sXsFZ
26,659384403878023169,Wed Oct 28 15:01:07 +0000 2015,0,0,The spotlight is following you even if you're not trying to dr... More for Leo https://t.co/QlGy7sXsFZ
27,659021989533782016,Tue Oct 27 15:01:00 +0000 2015,0,0,You're riding waves of irrepressible feelings that could test ... More for Leo https://t.co/QlGy7sXsFZ
28,658659612111933440,Mon Oct 26 15:01:03 +0000 2015,0,0,A powerful surge of confidence inspires you to put an untried ... More for Leo https://t.co/QlGy7sXsFZ
29,658297226398007296,Sun Oct 25 15:01:04 +0000 2015,0,0,"You feel connected to someone special today, only to suddenly ... More for Leo https://t.co/QlGy7sXsFZ"
30,657934835084718080,Sat Oct 24 15:01:03 +0000 2015,0,0,"Although your fantasies are irresistibly captivating today, yo... More for Leo https://t.co/QlGy7sXsFZ"
31,657572454659854336,Fri Oct 23 15:01:04 +0000 2015,0,0,"Your powerful romantic desires surprise you today, because the... More for Leo https://t.co/QlGy7sXsFZ"
32,657210060574076928,Thu Oct 22 15:01:03 +0000 2015,0,0,Think twice before jumping into a new friendship or partnershi... More for Leo https://t.co/QlGy7sXsFZ
33,656847679901691904,Wed Oct 21 15:01:05 +0000 2015,0,0,The conflict between your desire to get ahead professionally a... More for Leo https://t.co/QlGy7sXsFZ
34,656485288131227648,Tue Oct 20 15:01:04 +0000 2015,0,0,"Unexpressed feelings cultivate unrest in your life, but you ca... More for Leo https://t.co/QlGy7sXsFZ"
35,656122892355158017,Mon Oct 19 15:01:02 +0000 2015,0,0,It seems as if your life is finally settling down to a comfort... More for Leo http://t.co/QlGy7sXsFZ
36,655760505714311168,Sun Oct 18 15:01:02 +0000 2015,0,0,You might be pleasantly distracted by a flirtatious encounter ... More for Leo http://t.co/QlGy7sXsFZ
37,655398127952785410,Sat Oct 17 15:01:05 +0000 2015,0,0,You can burn off excess energy easily today by doing something... More for Leo http://t.co/QlGy7sXsFZ
38,655035741475467264,Fri Oct 16 15:01:05 +0000 2015,0,0,Your love life is a conundrum today because flirty Venus is pl... More for Leo http://t.co/QlGy7sXsFZ
39,654673553917284353,Thu Oct 15 15:01:53 +0000 2015,0,0,You think you need to work diligently these days so you can ea... More for Leo http://t.co/QlGy7sXsFZ
40,654310948857970688,Wed Oct 14 15:01:01 +0000 2015,0,0,You are secretly sorting out your mixed feelings about an old ... More for Leo http://t.co/QlGy7sXsFZ
41,653948551290994689,Tue Oct 13 15:00:59 +0000 2015,0,0,There is still a lot of hard work to do over the next few week... More for Leo http://t.co/QlGy7sXsFZ
42,653586180252962816,Mon Oct 12 15:01:03 +0000 2015,0,0,"Although you believe you know what's best for you, today's acc... More for Leo http://t.co/QlGy7sXsFZ"
43,653223786167205888,Sun Oct 11 15:01:01 +0000 2015,0,0,You may shock your friends with risky behavior today that coul... More for Leo http://t.co/QlGy7sXsFZ
44,652861393897582593,Sat Oct 10 15:01:00 +0000 2015,0,0,You are regaining lost clarity on a recurring relationship iss... More for Leo http://t.co/QlGy7sXsFZ
45,652499015527895040,Fri Oct 09 15:01:02 +0000 2015,0,1,"You could run around in circles chasing your tail today, yet e... More for Leo http://t.co/QlGy7sXsFZ"
46,652136634251481088,Thu Oct 08 15:01:04 +0000 2015,0,0,Your dreams seem so amazingly real now that you could be livin... More for Leo http://t.co/QlGy7sXsFZ
47,651774231013781507,Wed Oct 07 15:01:00 +0000 2015,0,0,You may believe you've lost your fighting edge today as nebulo... More for Leo http://t.co/QlGy7sXsFZ
48,651411841885667328,Tue Oct 06 15:01:00 +0000 2015,0,0,"In the big scheme of things, today's dramas are not as signifi... More for Leo http://t.co/QlGy7sXsFZ"
49,651049468536553472,Mon Oct 05 15:01:03 +0000 2015,0,0,"Managing your emotions is like an unsolvable puzzle today, esp... More for Leo http://t.co/QlGy7sXsFZ"
50,650687077214896128,Sun Oct 04 15:01:03 +0000 2015,0,0,Your fantasy life is spellbinding now with the evocative Moon ... More for Leo http://t.co/QlGy7sXsFZ
51,650324692511780864,Sat Oct 03 15:01:03 +0000 2015,0,0,Whenever the going gets tough you always bounce right back. Th... More for Leo http://t.co/QlGy7sXsFZ
52,649962294370156544,Fri Oct 02 15:01:01 +0000 2015,0,0,"Although you Lions often prefer playing in a pack, you might w... More for Leo http://t.co/QlGy7sXsFZ"
53,649599916239486976,Thu Oct 01 15:01:03 +0000 2015,0,0,"You begin to let down your guard today, leaving you with the c... More for Leo http://t.co/QlGy7sXsFZ"
54,649237523353354240,Wed Sep 30 15:01:02 +0000 2015,0,0,You are keen on keeping your current commitments but your inst... More for Leo http://t.co/QlGy7sXsFZ
55,648875141074563075,Tue Sep 29 15:01:03 +0000 2015,0,0,You Lions have been on the go for quite a while and it feels g... More for Leo http://t.co/QlGy7sXsFZ
56,648512757474553856,Mon Sep 28 15:01:04 +0000 2015,0,0,You sincerely appreciate the love and support from your friend... More for Leo http://t.co/QlGy7sXsFZ
57,648270014936580096,Sun Sep 27 22:56:30 +0000 2015,0,0,#welcomeTweet @KevinMurphy36 @rastenievod @AlongCameAnja @TimTurnerMusic @IndiaHemp @SiriouslySusan via http://t.co/vLsXAaqZco
58,648150368417767429,Sun Sep 27 15:01:04 +0000 2015,0,0,You have a sudden flash of inspiration today and want to turn ... More for Leo http://t.co/QlGy7sXsFZ
59,647787985329459203,Sat Sep 26 15:01:05 +0000 2015,0,0,The spoken word carries great intensity today and can even reo... More for Leo http://t.co/QlGy7sXsFZ
60,647425593068290048,Fri Sep 25 15:01:04 +0000 2015,0,0,An emotional complication ripples its way to the surface in a ... More for Leo http://t.co/QlGy7sXsFZ
61,647063197308989440,Thu Sep 24 15:01:02 +0000 2015,0,0,You have a chance to leap beyond your old limits as the indepe... More for Leo http://t.co/QlGy7sXsFZ
62,646700806876475394,Wed Sep 23 15:01:02 +0000 2015,0,0,Your calendar is filling up quickly and life seems to be runni... More for Leo http://t.co/QlGy7sXsFZ
63,646338413776400385,Tue Sep 22 15:01:00 +0000 2015,0,0,Keeping your emotions in check is more challenging than you th... More for Leo http://t.co/QlGy7sXsFZ
64,645976047079395328,Mon Sep 21 15:01:05 +0000 2015,0,0,You may become irritated today with someone who doesn't usuall... More for Leo http://t.co/QlGy7sXsFZ
65,645732125459648513,Sun Sep 20 22:51:50 +0000 2015,0,0,#welcomeTweet @DanielNewman @Cathrynlu5 @johnrampton @brian_s_carr via http://t.co/vLsXAaqZco
66,645613657607434246,Sun Sep 20 15:01:05 +0000 2015,0,0,Your childlike approach to life often draws a crowd around you... More for Leo http://t.co/QlGy7sXsFZ
67,645251263517474816,Sat Sep 19 15:01:04 +0000 2015,0,0,It may seem as if you're sitting pretty now when it comes to m... More for Leo http://t.co/QlGy7sXsFZ
68,644888869502980096,Fri Sep 18 15:01:02 +0000 2015,0,0,Channeling your impressive creativity into activities that bri... More for Leo http://t.co/QlGy7sXsFZ
69,644526485508788224,Thu Sep 17 15:01:03 +0000 2015,0,0,Juggling all the appointments on your calendar can hijack your... More for Leo http://t.co/QlGy7sXsFZ
70,644164091553050624,Wed Sep 16 15:01:02 +0000 2015,0,0,You are more determined than ever to acquire what you believe ... More for Leo http://t.co/QlGy7sXsFZ
71,643801687359033344,Tue Sep 15 15:00:58 +0000 2015,0,0,"Your path into the future may seem clearly obvious, but a few ... More for Leo http://t.co/QlGy7sXsFZ"
72,643439320230051840,Mon Sep 14 15:01:03 +0000 2015,0,0,Your rational approach to a relationship dilemma can be your g... More for Leo http://t.co/QlGy7sXsFZ
73,643209747022262272,Sun Sep 13 23:48:48 +0000 2015,0,0,#welcomeTweet @mikesports2474 @tydrizzyy @RLSELFMADEBOSSS @Fit4LA @SamoaIslandHemp @Summer_Driscoll @GermanyHemp via http://t.co/vLsXAaqZco
74,643076938584625152,Sun Sep 13 15:01:04 +0000 2015,0,0,It is apparent to you that practice really does make perfect a... More for Leo http://t.co/QlGy7sXsFZ
75,642714541566984192,Sat Sep 12 15:01:02 +0000 2015,0,0,You might feel a loss of momentum today as you readdress issue... More for Leo http://t.co/QlGy7sXsFZ
76,642352150924783616,Fri Sep 11 15:01:01 +0000 2015,0,0,You're willing to try nearly anything to make the day fly by q... More for Leo http://t.co/QlGy7sXsFZ
77,641989753940742144,Thu Sep 10 15:00:59 +0000 2015,0,0,Life seems like an exciting jousting tournament today and you'... More for Leo http://t.co/QlGy7sXsFZ
78,641627372526026752,Wed Sep 09 15:01:01 +0000 2015,0,0,You need to be acknowledged at work today and you won't take s... More for Leo http://t.co/QlGy7sXsFZ
79,641265008647667712,Tue Sep 08 15:01:06 +0000 2015,0,0,Your actions tell the most convincing story today. In spite of... More for Leo http://t.co/QlGy7sXsFZ
80,640902592164335616,Mon Sep 07 15:01:00 +0000 2015,0,0,"You may appear to be quite agreeable in all that you do today,... More for Leo http://t.co/QlGy7sXsFZ"
81,640651047833198592,Sun Sep 06 22:21:27 +0000 2015,0,3,#welcomeTweet @wittessay @darth_echo @CannabisSeminar via http://t.co/vLsXAaqZco
82,640540204332380160,Sun Sep 06 15:01:00 +0000 2015,0,0,You have waited for this day long enough. Even though your lif... More for Leo http://t.co/QlGy7sFROr
83,640177814344331264,Sat Sep 05 15:00:59 +0000 2015,0,0,It could seem as if you have reached the end of the road and t... More for Leo http://t.co/QlGy7sXsFZ
84,639815429452529664,Fri Sep 04 15:01:00 +0000 2015,0,0,You can't wait to express your point of view to your associate... More for Leo http://t.co/QlGy7sXsFZ
85,639453038277562369,Thu Sep 03 15:00:59 +0000 2015,0,0,It feels as if you're putting out fires everywhere you go thes... More for Leo http://t.co/QlGy7sXsFZ
86,639090655650668544,Wed Sep 02 15:01:00 +0000 2015,0,0,Demonstrating your leadership skills comes naturally but your ... More for Leo http://t.co/QlGy7sXsFZ
87,638728257802629120,Tue Sep 01 15:00:58 +0000 2015,0,0,Romance is in the air today and your magnetism is nearly irres... More for Leo http://t.co/QlGy7sXsFZ
88,638365872147468288,Mon Aug 31 15:00:58 +0000 2015,0,0,"If a close friend or partner is hard to read, it may be that y... More for Leo http://t.co/QlGy7sXsFZ"
89,638112347551207425,Sun Aug 30 22:13:33 +0000 2015,0,0,#welcomeTweet @carmenandreou @SigmundFreudQts @SteveKuzj @MSA_Camps @FranceHemp @MontanaHemp @Canada_Hemp via http://t.co/vLsXAaqZco
90,638003485460447232,Sun Aug 30 15:00:59 +0000 2015,0,0,"You're looking good, Leo, but you're not necessarily feeling i... More for Leo http://t.co/QlGy7sXsFZ"
91,637641094793072640,Sat Aug 29 15:00:58 +0000 2015,0,0,You're searching for more direct ways to reach new levels of i... More for Leo http://t.co/QlGy7sXsFZ
92,637278723163623425,Fri Aug 28 15:01:02 +0000 2015,0,0,You are integrally connected to your deeply rooted feelings to... More for Leo http://t.co/QlGy7sXsFZ
93,636916334576578560,Thu Aug 27 15:01:02 +0000 2015,0,0,You desperately want acknowledgment from your friends and asso... More for Leo http://t.co/QlGy7sXsFZ
94,636553943829495808,Wed Aug 26 15:01:01 +0000 2015,0,0,It may seem as if money is growing on trees but if you aren't ... More for Leo http://t.co/QlGy7sXsFZ
95,636191555573821441,Tue Aug 25 15:01:01 +0000 2015,0,0,"Stick to your daily routine as closely as possible, even if yo... More for Leo http://t.co/QlGy7sXsFZ"
96,635829172955287552,Mon Aug 24 15:01:02 +0000 2015,0,0,You're the king or queen of the jungle and you can perform qui... More for Leo http://t.co/QlGy7sXsFZ
97,635574275970240512,Sun Aug 23 22:08:10 +0000 2015,0,0,#welcomeTweet @officialliwts @skylarclouds @MidwestMonstars @OklahomaHemp @MasachusetsHemp @ignitedartist via http://t.co/vLsXAaqZco
98,635466781688094722,Sun Aug 23 15:01:01 +0000 2015,0,0,"Although you can't escape your regular duties today, you can s... More for Leo http://t.co/QlGy7sXsFZ"
99,635104393809891328,Sat Aug 22 15:01:01 +0000 2015,0,0,"Although you have a specific goal in mind, the route to satisf... More for Leo http://t.co/QlGy7sXsFZ"
100,634742021220007937,Fri Aug 21 15:01:05 +0000 2015,0,0,"You are being tested today, and how you respond to the current... More for Leo http://t.co/QlGy7sXsFZ"
101,634639707381456896,Fri Aug 21 08:14:31 +0000 2015,0,0,PINKY'S 4:20 Stoner Family http://t.co/UcFZG7WnMa
102,634379609455263744,Thu Aug 20 15:00:59 +0000 2015,0,0,You have highly specific ideas about how to perform your chore... More for Leo http://t.co/QlGy7sXsFZ
103,634017219232436224,Wed Aug 19 15:00:59 +0000 2015,0,0,You can feel the electricity in the air -- the kind that makes... More for Leo http://t.co/QlGy7sXsFZ
104,633654826694406146,Tue Aug 18 15:00:58 +0000 2015,0,0,Your willingness to see things from a different perspective re... More for Leo http://t.co/QlGy7sXsFZ
105,633292439042654208,Mon Aug 17 15:00:58 +0000 2015,0,0,Your unflagging tenacity continues to accelerate your progress... More for Leo http://t.co/QlGy7sXsFZ
106,633029742862594048,Sun Aug 16 21:37:06 +0000 2015,0,0,#welcomeTweet @DutchessOfDecay @sigmunffreud @Supremeweb_1 @yourlocalfollow @celular_apps @MarkGoulston via http://t.co/vLsXAaqZco
107,632930052628353024,Sun Aug 16 15:00:58 +0000 2015,0,0,You need to rely on your inner resources today rather than bas... More for Leo http://t.co/QlGy7sXsFZ
108,632567677148499968,Sat Aug 15 15:01:01 +0000 2015,0,0,The world is smiling upon you now while the brilliant Sun danc... More for Leo http://t.co/QlGy7sXsFZ
109,632356459381026816,Sat Aug 15 01:01:43 +0000 2015,0,0,PINKY'S 4:20 Stoner Family and others! FOODPORN http://t.co/PbSY61QVzN
110,632205275672391682,Fri Aug 14 15:00:58 +0000 2015,0,0,There's no need to wait for something exciting to happen becau... More for Leo http://t.co/QlGy7sXsFZ
111,631909956988485632,Thu Aug 13 19:27:28 +0000 2015,0,0,PINKY'S Show/ 4:20 Stoner Family http://t.co/OscrUVQw1M
112,631842894043701248,Thu Aug 13 15:00:59 +0000 2015,0,0,"If you can't be the leader of your pack, you'll likely want to... More for Leo http://t.co/QlGy7sXsFZ"
113,631559179308765184,Wed Aug 12 20:13:36 +0000 2015,0,0,PINKY'S 4:20 STONER FAMILY http://t.co/FejGTLvP3L
114,631539284126904320,Wed Aug 12 18:54:33 +0000 2015,0,0,PINKY'S 4:20 Stoner Family part one https://t.co/JM8yBHJTB2
115,631480496208216064,Wed Aug 12 15:00:57 +0000 2015,0,0,You may be misled today by someone you trust. Although no one ... More for Leo http://t.co/QlGy7sXsFZ
116,631228526641836032,Tue Aug 11 22:19:43 +0000 2015,0,0,"Aug 11, 2015 http://t.co/0JWnu229fa"
117,631118114290188288,Tue Aug 11 15:00:58 +0000 2015,0,0,Your entrepreneurial skills can make you some serious money th... More for Leo http://t.co/QlGy7sXsFZ
118,630755725854150656,Mon Aug 10 15:00:58 +0000 2015,0,0,Although a variety of social activities has kept you hopping d... More for Leo http://t.co/QlGy7sXsFZ
119,630667502750531585,Mon Aug 10 09:10:24 +0000 2015,0,0,4:20 Stoner family! FB group and page?'b goggle+ Pinterest extra this my YouTube channel subscribe and hit like share http://t.co/S4ofmql67E
120,630491381962686464,Sun Aug 09 21:30:34 +0000 2015,0,0,#welcomeTweet @Industry_Beats @NeedMyCurryNow @TheCurryDude @smileonyou2 @ryangregorylong @MoneySavingId via http://t.co/vLsXAaqZco
121,630393332481429504,Sun Aug 09 15:00:57 +0000 2015,0,0,Although you want to kick up your heels and dance the day away... More for Leo http://t.co/QlGy7sXsFZ
122,630030941302292480,Sat Aug 08 15:00:56 +0000 2015,0,0,"Although you're sometimes called Lucky Leo, your current good ... More for Leo http://t.co/QlGy7sXsFZ"
123,629971808381353986,Sat Aug 08 11:05:58 +0000 2015,0,0,4:20 Stoner lyssa's way http://t.co/wKocld8oCe
124,629668556397916161,Fri Aug 07 15:00:57 +0000 2015,0,0,The emotional landscape is rapidly changing now and it's nearl... More for Leo http://t.co/QlGy7sXsFZ
125,629616603026427904,Fri Aug 07 11:34:30 +0000 2015,0,1,Good morning 4:20 Stoner! TGIF http://t.co/RZiJTEMtRO
126,629543464074506240,Fri Aug 07 06:43:52 +0000 2015,0,0,http://t.co/NrNdFjqmsn
127,629306174609854464,Thu Aug 06 15:00:58 +0000 2015,0,0,A melodrama begins to fade today as your common sense grows st... More for Leo http://t.co/QlGy7sXsFZ
128,628943782419959809,Wed Aug 05 15:00:57 +0000 2015,0,0,Pulling back into the safety of your home and family may be yo... More for Leo http://t.co/QlGy7sXsFZ
129,628666230321221632,Tue Aug 04 20:38:04 +0000 2015,0,0,http://t.co/zxOE1iZgGA
130,628661763882397696,Tue Aug 04 20:20:19 +0000 2015,0,0,LegalShield :: Lyssa A Blau : Independent Associate https://t.co/3VkM4BsLoz
131,628581399918833664,Tue Aug 04 15:00:58 +0000 2015,0,0,"It's as if you're a magician today, effortlessly pulling one c... More for Leo http://t.co/QlGy7sXsFZ"
132,628219012770476032,Mon Aug 03 15:00:59 +0000 2015,0,0,"You feel like you should be the star of the show, but could be... More for Leo http://t.co/QlGy7sXsFZ"
133,627953383421276160,Sun Aug 02 21:25:28 +0000 2015,0,0,#welcomeTweet @PotValet @TheHealingTreeB @Dope_BackPack @true_dating @CustomWoodBoard @MI_Legalize2016 via http://t.co/vLsXAaqZco
134,627856617170583553,Sun Aug 02 15:00:57 +0000 2015,0,0,Although the universe is probably encouraging you nearly every... More for Leo http://t.co/QlGy7sXsFZ
135,627494228508020738,Sat Aug 01 15:00:57 +0000 2015,0,0,You may be suffering from an emotional hangover as the bright ... More for Leo http://t.co/QlGy7sXsFZ
136,627131847609204736,Fri Jul 31 15:00:58 +0000 2015,0,0,A powerful opportunity to heal your heart can be a gift from t... More for Leo http://t.co/QlGy7sXsFZ
137,626769462402813952,Thu Jul 30 15:00:59 +0000 2015,0,0,You might be concerned that a magical moment could slip throug... More for Leo http://t.co/QlGy7sXsFZ
138,626407076034560000,Wed Jul 29 15:00:59 +0000 2015,0,0,You might bury your feelings today to avoid a potential meltdo... More for Leo http://t.co/QlGy7sXsFZ
139,626044686394720256,Tue Jul 28 15:00:59 +0000 2015,0,0,"Your mind may be on your money today, but there's an intrinsic... More for Leo http://t.co/QlGy7sXsFZ"
140,625682300538216448,Mon Jul 27 15:00:59 +0000 2015,0,0,Your optimism is a wonderful asset as long as you know when to... More for Leo http://t.co/QlGy7sXsFZ
141,625415605420621824,Sun Jul 26 21:21:14 +0000 2015,0,0,#welcomeTweet @jilevin @MrWizKhallifa @MagilMandy @84Gorkiy @vladilenkrasno2 via http://t.co/vLsXAaqZco
142,625319908226678784,Sun Jul 26 15:00:58 +0000 2015,0,0,You want to be as positive as you can in everything you do now... More for Leo http://t.co/QlGy7sXsFZ
143,624957517605384192,Sat Jul 25 15:00:58 +0000 2015,0,0,You could speak your truth so colorfully that others are taken... More for Leo http://t.co/QlGy7sXsFZ
144,624595163889860609,Fri Jul 24 15:01:06 +0000 2015,0,0,Emotional interactions on the home front could lead to a messy... More for Leo http://t.co/QlGy7sXsFZ
145,624232754213879808,Thu Jul 23 15:01:00 +0000 2015,0,0,Your star is on the rise now and you can't help but draw a cap... More for Leo http://t.co/QlGy7sXsFZ
146,623870358274228225,Wed Jul 22 15:00:59 +0000 2015,0,0,Your imagination continues to run rampant with three planets c... More for Leo http://t.co/QlGy7sXsFZ
147,623507967694876672,Tue Jul 21 15:00:58 +0000 2015,0,0,"Achieving your objectives requires unwavering determination, b... More for Leo http://t.co/QlGy7sXsFZ"
148,623145587756503045,Mon Jul 20 15:01:00 +0000 2015,0,0,People might think there's something wrong just because you're... More for Leo http://t.co/QlGy7sXsFZ
149,622877625820794880,Sun Jul 19 21:16:13 +0000 2015,0,0,#welcomeTweet @Lord_SteezKat @DiegoRelates @freudosigmund @SigmundFreudQts @sigmunffreud @aximbiotech @terrearth via http://t.co/vLsXAaIAAY
150,622783196925571072,Sun Jul 19 15:00:59 +0000 2015,0,0,It might seem as if you're on an extended holiday now as your ... More for Leo http://t.co/QlGy7sXsFZ
151,622420808229466112,Sat Jul 18 15:00:59 +0000 2015,0,0,You can feel a disturbance in the Force today as magnetic Venu... More for Leo http://t.co/QlGy7sXsFZ
152,622058420749795329,Fri Jul 17 15:00:59 +0000 2015,0,0,You're acutely aware that you are not in charge of other peopl... More for Leo http://t.co/QlGy7sXsFZ
153,621696036545785856,Thu Jul 16 15:01:00 +0000 2015,0,0,You can take a simple comment from someone at work today and t... More for Leo http://t.co/QlGy7sXsFZ
154,621333648134934528,Wed Jul 15 15:01:00 +0000 2015,0,0,"Today's Cancer New Moon is a fresh start, but this new beginni... More for Leo http://t.co/QlGy7sXsFZ"
155,620971262756519938,Tue Jul 14 15:01:00 +0000 2015,0,0,"Love's sweet indulgences are on your mind, but grumpy Saturn h... More for Leo http://t.co/QlGy7sXsFZ"
156,620608874916089857,Mon Jul 13 15:01:00 +0000 2015,0,0,You may not allow anyone to see how much you're struggling now... More for Leo http://t.co/QlGy7sXsFZ
157,620483602334154752,Mon Jul 13 06:43:13 +0000 2015,2,0,"RT @Marijuana_Scoop: Deputies: Butane honey oil, thousands of marijuana plants found in San Miguel home: An interesting string of e... http…"
158,620483590627856384,Mon Jul 13 06:43:10 +0000 2015,35,0,"RT @loveisblindz: BREAKING: See Who your BF/GF has been talking to; this is going to break so many people up! http://t.co/AVDRRSMZKc
&gt; http…"
159,620483573921873920,Mon Jul 13 06:43:06 +0000 2015,3,0,"RT @VeoVon: Sleeping: A cure to forget about pain, problems, stress, everything for a while."
160,620483556901388288,Mon Jul 13 06:43:02 +0000 2015,2,0,"RT @VeoVon: Let it be, whatever is meant to happen will happen."
161,620483531999817729,Mon Jul 13 06:42:56 +0000 2015,4,0,RT @TrippyGod420: That O tho 👀💨 http://t.co/EC3VmRU2BP
162,620483508767567872,Mon Jul 13 06:42:51 +0000 2015,2,0,"RT @VeoVon: Friends are like balloons. If you stab them, they die."
163,620483445441957888,Mon Jul 13 06:42:36 +0000 2015,1,0,"RT @VeoVon: Half of your genes describe the design of your brain, with the other half detailing the organization of the other 98% of your b…"
164,620483406808285185,Mon Jul 13 06:42:26 +0000 2015,1,0,RT @VeoVon: Ellen DeGeneres once challenged Michelle Obama to a push-up contest and lost.
165,620483382049243138,Mon Jul 13 06:42:20 +0000 2015,46,0,RT @7eleven: 7Rewards Week has SO. MANY. FREEBIES. Download our app to get yours every day. July 12-18 only. https://t.co/wnnyQCyb8e
166,620483368711421953,Mon Jul 13 06:42:17 +0000 2015,1,0,RT @VeoVon: A survey found that 64 percent of single men feel they are more productive at work when they are in a relationship.
167,620483321324179456,Mon Jul 13 06:42:06 +0000 2015,1370,0,RT @ThaStonerNation: Relationship goals http://t.co/yyWPQ46sQX
168,620483301485051904,Mon Jul 13 06:42:01 +0000 2015,5,0,"RT @NBCLA: Pope Francis visits slums, calls for church to be open to the sick, sinners
http://t.co/ribsl8GXSr http://t.co/1lFcrQicUk"
169,620483287312564224,Mon Jul 13 06:41:58 +0000 2015,1046,0,"RT @BirdAintShit: i've never loved myself, but god i loved you so much."
170,620483211378831360,Mon Jul 13 06:41:40 +0000 2015,16589,0,RT @mysteriousfact: Which tea you should be drinking http://t.co/28UsH9e2mW
171,620483132609802240,Mon Jul 13 06:41:21 +0000 2015,2,0,"RT @RamCoban: One is very crazy when in love.
Sigmund Freud"
172,620483024291901440,Mon Jul 13 06:40:55 +0000 2015,61,0,"RT @bornsmusic: Shooting in an old house in LA and there's a 1901 Story &amp; Clark Piano made in my home town Grand Haven, Michigan... http://…"
173,620482994067734528,Mon Jul 13 06:40:48 +0000 2015,85,0,"RT @best__boy__0: How to Change Your Thinking to Get Anything You Want
http://t.co/Sg4fmXnold http://t.co/TPRuuPmZeH"
174,620482973691850752,Mon Jul 13 06:40:43 +0000 2015,1,0,RT @ProducerArtist_: Need More Youtube views? http://t.co/wHMcJMWfJy http://t.co/mwreXJSuFE #DPK #RT #YoutubeViews worldwide traffic.620
175,620482944323293185,Mon Jul 13 06:40:36 +0000 2015,1,0,RT @KingDivine315: How to create an immediate online passive income stream http://t.co/siF9Ds3KAs visit http://t.co/xl5divs10h .1.39
176,620482116678127616,Mon Jul 13 06:37:19 +0000 2015,4,0,RT @TeamNikkiCole: @LuisaJackson75 @hiphopsdream804 @rosiesunlight @shandaoakley @vizualye @cdsmith2389 @Lusciouslyssa1 @walkwitgrace #fama…
177,620481926437081088,Mon Jul 13 06:36:33 +0000 2015,2,0,RT @stonefiregrill: @Lusciouslyssa1 Happy to connect! Have you been to any of our locations before?
178,620481830739795968,Mon Jul 13 06:36:11 +0000 2015,1,0,RT @Mnemonic71: The Mnemonic71 Daily is out! http://t.co/XeD9KPeKIa Stories via @sergiovalencian @LEOONN_ @Lusciouslyssa1
179,620339646430490625,Sun Jul 12 21:11:11 +0000 2015,0,0,#welcomeTweet @pluto_universal @mirabellahonne1 @HurlJodie @MyInfo72434286 @followerslocal @dicurusixin @LaRueEnt via http://t.co/vLsXAaqZco
180,620246490133364736,Sun Jul 12 15:01:01 +0000 2015,0,0,"Your dreams are too big to fit into your waking world, but you... More for Leo http://t.co/QlGy7sXsFZ"
181,619884093862363136,Sat Jul 11 15:00:59 +0000 2015,0,0,You wish you could indulge in your favorite summer activities ... More for Leo http://t.co/QlGy7sXsFZ
182,619521716641886208,Fri Jul 10 15:01:02 +0000 2015,0,0,"Ironically, you can use your most outrageous visions to inspir... More for Leo http://t.co/QlGy7sXsFZ"
183,619159325118869504,Thu Jul 09 15:01:01 +0000 2015,0,0,People depend on your inspiration for guidance as the reflecti... More for Leo http://t.co/QlGy7sXsFZ
184,618796927962853377,Wed Jul 08 15:00:58 +0000 2015,0,0,Conflicting voices in your head are giving you very different ... More for Leo http://t.co/QlGy7sXsFZ
185,618434544295788544,Tue Jul 07 15:00:59 +0000 2015,0,0,You're ready to pack your bags and head off into the sunset wi... More for Leo http://t.co/QlGy7sXsFZ
186,618432751633477632,Tue Jul 07 14:53:52 +0000 2015,0,0,gloriannmckeon's photo https://t.co/b443SDxAOx
187,618072151069843456,Mon Jul 06 15:00:58 +0000 2015,0,0,A little honest self-reflection may reveal lingering remnants ... More for Leo http://t.co/QlGy7sXsFZ
188,618062315926097921,Mon Jul 06 14:21:53 +0000 2015,1,0,RT @_RAYLEJEN___: @Lusciouslyssa1 i wrote this song cuz my whole life i felt lik i needed sombody BUT GOD TOLD ME I DONT NEED NOBODY  https…
189,618062210712014848,Mon Jul 06 14:21:28 +0000 2015,10,0,"RT @RubyRoose: Wow... Alluring bikinis ;) (13 Photos)
http://t.co/etUjxVyNwF"
190,618062168995422209,Mon Jul 06 14:21:18 +0000 2015,4,0,RT @DivinePromoKing: Follow @douglascoleman3 for all the latest music and info on The Douglas Coleman radio show Tues. 3pm ET http://t.co/M…
191,617801833562570752,Sun Jul 05 21:06:49 +0000 2015,0,0,#welcomeTweet @CannabisNW @avigailyoo38 @getyourpillshop @JennyNoe3 @Go420ClothingCo @officialliwts @micswap via http://t.co/vLsXAaqZco
192,617709751590191105,Sun Jul 05 15:00:55 +0000 2015,0,0,Your cool demeanor begins to fade today as you're lured into d... More for Leo http://t.co/QlGy7sXsFZ
193,617347356996993024,Sat Jul 04 15:00:54 +0000 2015,0,0,"You expect more from others than they're able to give today, i... More for Leo http://t.co/QlGy7sXsFZ"
194,616984974424567809,Fri Jul 03 15:00:55 +0000 2015,0,0,"Your social network is in the midst of change, yet letting go ... More for Leo http://t.co/QlGy7sXsFZ"
195,616622590308646912,Thu Jul 02 15:00:56 +0000 2015,0,0,Life seems to be settling down now and the stress is finally d... More for Leo http://t.co/QlGy7sXsFZ
196,616260195732172800,Wed Jul 01 15:00:54 +0000 2015,0,0,Pressing responsibilities may stymie your attempts to dive int... More for Leo http://t.co/QlGy7sXsFZ
197,616255327198035968,Wed Jul 01 14:41:34 +0000 2015,0,0,gloriannmckeon's photo https://t.co/tWUOT9qYIc
198,616255283619205120,Wed Jul 01 14:41:23 +0000 2015,0,0,gloriannmckeon's photo https://t.co/pp9HeUqFYI
