,id_str,created_at,retweet_count,favorite_count,text
0,582542715193167872,Mon Mar 30 13:59:41 +0000 2015,0,0,http://t.co/O33gK7ZeWk
1,582541851502120960,Mon Mar 30 13:56:15 +0000 2015,0,0,http://t.co/MArm98t65J
2,580424590243041281,Tue Mar 24 17:43:00 +0000 2015,0,0,"We had a nice outing to Susie's South Forty Confections, Inc.  Everyone had a great time.  Thanks for the tour. http://t.co/45t0K0Alz0"
3,578947012936089601,Fri Mar 20 15:51:38 +0000 2015,0,0,Busy Day at Mission Adult Day Services.
4,576452309514784768,Fri Mar 13 18:38:35 +0000 2015,0,0,"I posted 22 photos on Facebook in the album ""Daily Activities for March 13th, 2015"" http://t.co/966yESljpx"
5,576095474886799360,Thu Mar 12 19:00:39 +0000 2015,0,0,"I posted 6 photos on Facebook in the album ""Daily Activities for March 12th, 2015"" http://t.co/Wu3AZ1q2px"
6,575727430977089537,Wed Mar 11 18:38:10 +0000 2015,0,0,"I posted 15 photos on Facebook in the album ""Daily Activities for March 11th, 2015"" http://t.co/DwQz1TXsft"
7,575380524987977728,Tue Mar 10 19:39:41 +0000 2015,0,0,"I posted 21 photos on Facebook in the album ""Daily Activities for March 10th, 2015"" http://t.co/YjTo50rvcY"
8,575005169089294336,Mon Mar 09 18:48:10 +0000 2015,0,0,"I posted 7 photos on Facebook in the album ""Daily Activities for March 9th, 2015"" http://t.co/CKwOOeb5Oz"
9,573561714924515329,Thu Mar 05 19:12:23 +0000 2015,0,0,"I posted 11 photos on Facebook in the album ""Daily Activities for March 5th, 2015"" http://t.co/IQvPzLzLBa"
10,572838363436339202,Tue Mar 03 19:18:03 +0000 2015,0,0,"I posted 11 photos on Facebook in the album ""Daily Activities for March 3rd, 2015"" http://t.co/nHHzmUOiBH"
11,571030928438501377,Thu Feb 26 19:35:57 +0000 2015,0,0,"I posted 20 photos on Facebook in the album ""Daily Activities for February 26, 2015"" http://t.co/IdTM6adrml"
12,568864224811864064,Fri Feb 20 20:06:14 +0000 2015,0,0,"I posted 11 photos on Facebook in the album ""Daily Activities for February 20, 2015"" http://t.co/StHlEvecBP"
13,568140333688578048,Wed Feb 18 20:09:45 +0000 2015,0,0,"I posted 21 photos on Facebook in the album ""Daily Activities for February 18, 2015"" http://t.co/KXadPBc7YU"
14,566334765456846849,Fri Feb 13 20:35:04 +0000 2015,0,0,"I posted 36 photos on Facebook in the album ""Daily Activities for February 13, 2015"" http://t.co/Sf9UaPF7C1"
15,565928413018329089,Thu Feb 12 17:40:22 +0000 2015,0,0,"I posted 80 photos on Facebook in the album ""Daily Activities for February 12, 2015"" http://t.co/TJOYW883tk"
16,565633489954152448,Wed Feb 11 22:08:27 +0000 2015,0,0,"I posted 27 photos on Facebook in the album ""Daily Activities for February 11, 2015"" http://t.co/3TNW0qvJTK"
17,565240820081885186,Tue Feb 10 20:08:07 +0000 2015,0,0,"Congrats Glenn and Mario, winners of our Dominoes Tournament!"
18,564870287762542592,Mon Feb 09 19:35:46 +0000 2015,0,0,"I posted 47 photos on Facebook in the album ""Daily Activities for February 9, 2015"" http://t.co/S7XdMVlJ2k"
19,563413625516216321,Thu Feb 05 19:07:30 +0000 2015,0,0,"I posted 27 photos on Facebook in the album ""Daily Activities for February 5, 2015"" http://t.co/maK70MvGjJ"
20,561212893270536192,Fri Jan 30 17:22:35 +0000 2015,0,0,"I posted 31 photos on Facebook in the album ""Daily Activities for January 30, 2015"" http://t.co/eLd95V8PwO"
21,560491830379163648,Wed Jan 28 17:37:20 +0000 2015,0,0,"I posted 18 photos on Facebook in the album ""Daily Activities for January 28, 2015"" http://t.co/ollWmjLIaQ"
22,560118467810963457,Tue Jan 27 16:53:43 +0000 2015,0,0,I posted 17 photos on Facebook http://t.co/Z1PmVRWGgQ
23,555444492179103744,Wed Jan 14 19:21:01 +0000 2015,0,0,I posted 7 photos on Facebook http://t.co/QKSG0wIdxR
24,555082199616475138,Tue Jan 13 19:21:23 +0000 2015,0,0,We are looking forward to the Trinity School of Midland TX Fan Page visit on Friday the 16th!
25,555080392890671104,Tue Jan 13 19:14:13 +0000 2015,0,0,I posted 6 photos on Facebook http://t.co/celsuvBsJj
26,553598779291865088,Fri Jan 09 17:06:49 +0000 2015,0,0,"Hello all! My name is Saba and I am the new Activities Director at Mission Center! If you have any questions,... http://t.co/pcf1tn9tCy"
27,546050431840165888,Fri Dec 19 21:12:22 +0000 2014,0,0,January 2015 Monthly Activity Calendar!!! Happy New Year Everyone!
28,546045538698022913,Fri Dec 19 20:52:56 +0000 2014,0,0,"Mission Center Wanted Everyone To Meet Our New Executive Director, Kristina Gould. Welcome To Our Mission Family! http://t.co/4RM4SrdKb3"
29,546043905339568129,Fri Dec 19 20:46:26 +0000 2014,0,0,A Big Thank You To Entergen For Donating Money For More Bingo Prizes For The Clients!!! (-: http://t.co/eflMHjXOJm
30,546040935562620928,Fri Dec 19 20:34:38 +0000 2014,0,0,"I posted 103 photos on Facebook in the album ""Daily Activities-Friday December 19th, 2014"" http://t.co/NqsHAwLO3h"
31,545710299916292097,Thu Dec 18 22:40:48 +0000 2014,0,0,Thank you so much Trish Dennis Burdett and Sophie for coming to visit us today at Mission. The clients really... http://t.co/P8mnc1ljVD
32,545709240196034561,Thu Dec 18 22:36:36 +0000 2014,0,0,"I posted 24 photos on Facebook in the album ""Daily Activities-Thursday December 18th, 2014"" http://t.co/HXhApEPXsK"
33,545699444499685377,Thu Dec 18 21:57:40 +0000 2014,0,0,"I posted 18 photos on Facebook in the album ""Daily Activities- Wednesday December 17th, 2014"" http://t.co/9cCKZL4Kgo"
34,544942848458911744,Tue Dec 16 19:51:14 +0000 2014,0,0,"I posted 39 photos on Facebook in the album ""Daily Activities-Tuesday December 16th, 2014"" http://t.co/tCWKe4SoNu"
35,544940291816706049,Tue Dec 16 19:41:04 +0000 2014,0,0,"I posted 25 photos on Facebook in the album ""Daily Activities-Monday December 15th, 2014"" http://t.co/IG735wOpMY"
36,543522027442012160,Fri Dec 12 21:45:24 +0000 2014,0,0,"I posted 29 photos on Facebook in the album ""Daily Activities-Friday December 12th, 2014"" http://t.co/Kkrp4mQW7h"
37,543170623682662400,Thu Dec 11 22:29:02 +0000 2014,0,0,"I posted 15 photos on Facebook in the album ""Daily Activities-Thursday December 11th, 2014"" http://t.co/v9zRt7FeG5"
38,542804886438420480,Wed Dec 10 22:15:44 +0000 2014,0,0,"I posted 37 photos on Facebook in the album ""Daily Activities-Wednesday December 10th, 2014"" http://t.co/UhMFIRq3v1"
39,542470239666311168,Wed Dec 10 00:05:58 +0000 2014,0,0,"I posted 16 photos on Facebook in the album ""Daily Activities-Tuesday December 9th, 2014"" http://t.co/t4XxsQPJjV"
40,542467720290525184,Tue Dec 09 23:55:57 +0000 2014,0,0,"Daily Activities-Monday December 8th, 2014
Today the clients participated in sittercise, restorative therapy,... http://t.co/cavDTNpB9d"
41,540986177537716224,Fri Dec 05 21:48:50 +0000 2014,0,0,"I posted 9 photos on Facebook in the album ""Daily Activities-Friday December 5th, 2014"" http://t.co/ayoTzsnEXr"
42,540642682302132225,Thu Dec 04 23:03:54 +0000 2014,0,0,"I posted 18 photos on Facebook in the album ""Daily Activities-Thursday December 4th, 2014"" http://t.co/wl89JgyUiP"
43,540641332155645952,Thu Dec 04 22:58:32 +0000 2014,0,0,"I posted 9 photos on Facebook in the album ""Daily Activities- Wednesday December 3rd, 2014"" http://t.co/EQOAEacEyE"
44,540639967891161088,Thu Dec 04 22:53:07 +0000 2014,0,0,"I posted 5 photos on Facebook in the album ""Daily Activities-Tuesday December 2nd, 2014"" http://t.co/YnECsQt9Kq"
45,539547258526920704,Mon Dec 01 22:31:05 +0000 2014,0,0,"I posted 9 photos on Facebook in the album ""Daily Activities-Monday December 1st, 2014"" http://t.co/CpvsgiVKUk"
46,537695274429599744,Wed Nov 26 19:51:57 +0000 2014,0,0,"I posted 26 photos on Facebook in the album ""Daily Activities-Wednesday November 26th, 2014"" http://t.co/0ozMiW23nl"
47,537362940266311680,Tue Nov 25 21:51:23 +0000 2014,0,0,"I posted 2 photos on Facebook in the album ""Daily Activities- Tuesday November 25th, 2014"" http://t.co/Tbuk1wZHGs"
48,537291906188079104,Tue Nov 25 17:09:07 +0000 2014,0,0,"I posted 12 photos on Facebook in the album ""Client Outing-Library Tour Thursday November 20th, 2014"" http://t.co/hFVDACkWyh"
49,537010066122371072,Mon Nov 24 22:29:11 +0000 2014,0,0,"I posted 14 photos on Facebook in the album ""Daily Activities-Monday November 24th, 2014"" http://t.co/MW4xXQ5WYm"
50,535914415183659009,Fri Nov 21 21:55:28 +0000 2014,0,0,"I posted 17 photos on Facebook in the album ""Daily Activities-Friday November 21st, 2014"" http://t.co/cFOxS14wuB"
51,535882317123031040,Fri Nov 21 19:47:55 +0000 2014,0,0,"Daily Activities-Thursday November 20th, 2014- Today the clients participated in a client outing and toured the... http://t.co/EmWzDK4K6V"
52,535188623147401216,Wed Nov 19 21:51:25 +0000 2014,0,0,DON'T FORGET ABOUT OUR CLIENT OUTING TOMORROW TO TOUR THE PUBLIC LIBRARY AT 10:00AM.
53,535182995293208578,Wed Nov 19 21:29:03 +0000 2014,0,0,"I posted 9 photos on Facebook in the album ""Daily Activities-November 19th, 2014"" http://t.co/agzPNPd2vy"
54,535179920931311616,Wed Nov 19 21:16:50 +0000 2014,0,0,"Daily Activities-Tuesday November 18th, 2014
Today the clients participated in walking club, coloring, pool... http://t.co/hNzVKJyuTk"
55,534437455009968129,Mon Nov 17 20:06:33 +0000 2014,0,0,"I posted 19 photos on Facebook in the album ""Daily Activities- Monday November 17th, 2014"" http://t.co/LZIjRrl056"
56,534435786515832833,Mon Nov 17 19:59:55 +0000 2014,0,0,"I posted 4 photos on Facebook in the album ""Daily Activities-Friday November 14th, 2014"" http://t.co/cvSxPwGYr2"
57,533270134035865600,Fri Nov 14 14:48:02 +0000 2014,0,0,"I posted 13 photos on Facebook in the album ""Daily Activities-Thursday November 13th, 2014"" http://t.co/xnGY5ALLfy"
58,532625292163317760,Wed Nov 12 20:05:40 +0000 2014,0,0,"I posted 24 photos on Facebook in the album ""Daily Activities- Wednesday November 12th, 2014"" http://t.co/JCpMlJ0TNb"
59,532282415352672256,Tue Nov 11 21:23:11 +0000 2014,0,0,"I posted 19 photos on Facebook in the album ""Daily Activities-Wednesday November 11th, 2014"" http://t.co/rF5T7gCKsz"
60,532261650330836992,Tue Nov 11 20:00:41 +0000 2014,0,0,MISSION CENTER ADULT DAY SERVICE WANTS TO TAKE A MOMENT AND WISH EACH AND EVERY VETERAN AND THEIR FAMILY A HAPPY... http://t.co/rOvAbexGKc
61,531899762359160832,Mon Nov 10 20:02:40 +0000 2014,0,0,"I posted 33 photos on Facebook in the album ""Daily Activities-Monday November 11th, 2014"" http://t.co/OdBOcdWVrD"
62,531894301362753537,Mon Nov 10 19:40:58 +0000 2014,0,0,I posted a new photo to Facebook http://t.co/CGg4eigQIH
63,531891268415389696,Mon Nov 10 19:28:55 +0000 2014,0,0,"I posted 19 photos on Facebook in the album ""Daily Activities-Thursday November 6th, 2014"" http://t.co/rkpgVsXEF5"
64,530112710667935745,Wed Nov 05 21:41:33 +0000 2014,0,0,"I posted 32 photos on Facebook in the album ""Daily Activities- Wednesday November 5th, 2014"" http://t.co/iikX48o77y"
65,529733987095543808,Tue Nov 04 20:36:39 +0000 2014,0,0,"I posted 10 photos on Facebook in the album ""Daily Activities-Tuesday November 4th, 2014"" http://t.co/jUhCxAgftZ"
66,529732563393601538,Tue Nov 04 20:30:59 +0000 2014,0,0,November 2014 Activity Calendar
67,529681857064218624,Tue Nov 04 17:09:30 +0000 2014,0,0,"Mission Center just wanted to say how much we appreciate getting visits from our friends, Trish Dennis Burdett... http://t.co/kVem9dfKbB"
68,529679951600300032,Tue Nov 04 17:01:56 +0000 2014,0,0,"I posted 30 photos on Facebook in the album ""Daily Activities-Monday November 3rd, 2014"" http://t.co/3CyNxi7kZV"
69,529674218016112642,Tue Nov 04 16:39:09 +0000 2014,0,0,"Friday October 31st, 2014
Today the clients participated in sittercise, restorative therapy, creative club, pool playing, and movie time."
70,529671892819787776,Tue Nov 04 16:29:54 +0000 2014,0,0,"I posted 58 photos on Facebook in the album ""Daily Activities- Thursday October 31st, 2014-Halloween Party"" http://t.co/u9fWN85tyn"
71,527545706828283904,Wed Oct 29 19:41:12 +0000 2014,0,0,"Daily Activities- Today the clients participated in restorative therapy, pool playing, watched a movie- ""Is... http://t.co/D4zpoknHBT"
72,526839166471266304,Mon Oct 27 20:53:40 +0000 2014,0,0,"I posted 54 photos on Facebook in the album ""Daily Activities-Monday October 27th, 2014"" http://t.co/LoPo9GFfZF"
73,526833787251208193,Mon Oct 27 20:32:17 +0000 2014,0,0,"I posted 31 photos on Facebook in the album ""Daily Activities-Friday October 24th, 2014"" http://t.co/vAX4SxrIJI"
74,525015903671709696,Wed Oct 22 20:08:40 +0000 2014,0,0,"I posted 20 photos on Facebook in the album ""Daily Activities- Wednesday October 22nd, 2014"" http://t.co/fitSeXJ9cp"
75,524655523250331648,Tue Oct 21 20:16:39 +0000 2014,0,0,Don't forget our Client Domino tournament tomorrow!! (-:
76,524655240617160704,Tue Oct 21 20:15:31 +0000 2014,0,0,"I posted 16 photos on Facebook in the album ""Daily Activities-Tuesday October 21st, 2014"" http://t.co/zypM2EyYRg"
77,524304821495406594,Mon Oct 20 21:03:05 +0000 2014,0,0,"I posted 83 photos on Facebook in the album ""Daily Activities-Monday October 20th, 2014"" http://t.co/CyDzmp0PHu"
78,524294589151072256,Mon Oct 20 20:22:25 +0000 2014,0,0,"I posted 18 photos on Facebook in the album ""Daily Activities-Friday October 17th, 2014"" http://t.co/Kb8f2E5TzG"
79,522823003508588544,Thu Oct 16 18:54:52 +0000 2014,0,0,"I posted 20 photos on Facebook in the album ""Daily Activities-Thursday October 16th, 2014"" http://t.co/xck92MqnF3"
80,522479020802596867,Wed Oct 15 20:08:00 +0000 2014,0,0,Does anyone have any rustic barn scenery in their back yard? Looking for a neat place to take some photos. Thank you!
81,522478067693154304,Wed Oct 15 20:04:13 +0000 2014,0,0,"I posted 7 photos on Facebook in the album ""Daily Activites-Tuesday October 13th, 2014"" http://t.co/ziV13xnaSA"
82,522476065063989249,Wed Oct 15 19:56:15 +0000 2014,0,0,"I posted 16 photos on Facebook in the album ""Daily Activities- Wednesday October 15th, 2014"" http://t.co/6W0KiRvwqZ"
83,521746809027559424,Mon Oct 13 19:38:27 +0000 2014,0,0,"I posted 34 photos on Facebook in the album ""Daily Activities-October 13, 2014"" http://t.co/8l1VWYNVj0"
84,520678098665472002,Fri Oct 10 20:51:47 +0000 2014,0,0,"DON'T FORGET OUR CLIENT OUTING ON MONDAY OCTOBER 13TH, 2014 WE WILL BE GOING TO THE PUMPKIN PATCH!! HAVE A... http://t.co/7V9f78FUfv"
85,520677062269739009,Fri Oct 10 20:47:40 +0000 2014,0,0,"I posted 15 photos on Facebook in the album ""Daily Activities-Friday October 10th, 2014"" http://t.co/LmF0AitGvt"
86,520331504296407041,Thu Oct 09 21:54:32 +0000 2014,0,0,DON'T FORGET OUR CLIENT OUTING TOMORROW TO THE GARAGE SALES!!!
87,520330658892505088,Thu Oct 09 21:51:11 +0000 2014,0,0,"I posted 24 photos on Facebook in the album ""Daily Activities-October 9th, 2014"" http://t.co/jQyGTyYQZ4"
88,519590121201340418,Tue Oct 07 20:48:33 +0000 2014,0,0,"I posted 38 photos on Facebook in the album ""Daily Activities-October 7th, 2014"" http://t.co/Y8NLqreWAF"
89,519238758160695296,Mon Oct 06 21:32:21 +0000 2014,0,0,"I posted 22 photos on Facebook in the album ""Daily Activities-Monday October 6, 2014"" http://t.co/I7JrBRYjIa"
90,519158639354208256,Mon Oct 06 16:13:59 +0000 2014,0,0,"WE WILL BE GOING ON A GARAGE SELL OUTING THIS FRIDAY OCTOBER 
10TH. AND ON MONDAY OCTOBER 13TH WE WILL BE GOING... http://t.co/qUiHGo2l9S"
91,519145687683198976,Mon Oct 06 15:22:31 +0000 2014,0,0,"I posted 11 photos on Facebook in the album ""Daily Activities-Friday October 3rd, 2014"" http://t.co/dv6Z4XuYKX"
92,519142924681228288,Mon Oct 06 15:11:33 +0000 2014,0,0,"I posted 17 photos on Facebook in the album ""Daily Activities-Thursday October 2, 2014"" http://t.co/pK4E0QVd6p"
93,517432456103071745,Wed Oct 01 21:54:45 +0000 2014,0,0,"Thank you so much Trish Dennis Burdett for bringing ""Sophie"" to Mission today. The client's loved seeing her like... http://t.co/lJ1S1Tyaa4"
94,517431543397384192,Wed Oct 01 21:51:08 +0000 2014,0,0,"I posted 39 photos on Facebook in the album ""Daily Activities-October 1st, 2014"" http://t.co/HTH6qH8dl4"
95,517060446931943425,Tue Sep 30 21:16:31 +0000 2014,0,0,"I posted 9 photos on Facebook in the album ""Daily Activites-September 29th, 2014"" http://t.co/mGByV1oJ43"
96,515986902919675904,Sat Sep 27 22:10:38 +0000 2014,0,0,Here is October's Activities Calendar...Can't believe it's already a new month!!! (-:
97,514551337221361664,Tue Sep 23 23:06:13 +0000 2014,0,0,"I posted 16 photos on Facebook in the album ""Daily Activities-September 23, 2014"" http://t.co/E6nKzEMH17"
98,514549094812233729,Tue Sep 23 22:57:18 +0000 2014,0,0,"I posted 21 photos on Facebook in the album ""Daily Activities-September 22, 2014"" http://t.co/GiwD8DOhA5"
99,512693210796142594,Thu Sep 18 20:02:41 +0000 2014,0,0,"I posted 8 photos on Facebook in the album ""Daily Activities-September 18th, 2014"" http://t.co/MVerlBKgSO"
100,512640727843487744,Thu Sep 18 16:34:08 +0000 2014,0,0,"I posted 7 photos on Facebook in the album ""Daily Activities- September 17th, 2014"" http://t.co/mszMB5qHU1"
101,512639766136127489,Thu Sep 18 16:30:19 +0000 2014,0,0,"I posted 16 photos on Facebook in the album ""Daily Activites-September 16th, 2014"" http://t.co/GXJNuCdCCB"
102,512609405867921408,Thu Sep 18 14:29:40 +0000 2014,0,0,"I posted 10 photos on Facebook in the album ""Daily Activities-September 15th, 2014"" http://t.co/FoFpLQlau8"
103,510548104840744960,Fri Sep 12 21:58:48 +0000 2014,0,0,I posted 18 photos on Facebook http://t.co/t9QhJ4JrDA
104,510540032609107968,Fri Sep 12 21:26:43 +0000 2014,0,0,"I posted 6 photos on Facebook in the album ""Daily Activities-September 11, 2014"" http://t.co/jlWZwaUdqK"
105,510529690457874432,Fri Sep 12 20:45:38 +0000 2014,0,0,"I posted 15 photos on Facebook in the album ""Daily Activities-September 11, 2014"" http://t.co/HULATbf8tU"
106,510180146360639488,Thu Sep 11 21:36:40 +0000 2014,0,0,"I posted 18 photos on Facebook in the album ""Daily Activities-September 11, 2014"" http://t.co/SHDRbWJRSw"
107,509407637851885568,Tue Sep 09 18:26:59 +0000 2014,0,0,DON'T FORGET TONIGHT IS OUR GRANDPARENT'S EVENT....SEE EVERYONE THERE!!! (-: — feeling excited
108,509406928397926400,Tue Sep 09 18:24:10 +0000 2014,0,0,"I posted 33 photos on Facebook in the album ""Daily Activities-September 9th, 2014"" http://t.co/HHalqDTHrH"
109,509398643938689025,Tue Sep 09 17:51:15 +0000 2014,0,0,Some photo's from the moving fun we had two weeks ago! We are finally all unpacked and settled into our new space!
110,504722953565900800,Wed Aug 27 20:11:44 +0000 2014,0,0,Today the staff of Mission Center Took Part In the ALS Ice Bucket Challenge....What a wonderful group of people to work with!!! (-:
111,504719469022031872,Wed Aug 27 19:57:53 +0000 2014,0,0,TODAY WAS A GREAT LAST DAY UNTIL OUR BIG MOVE THIS WEEKEND!!! (-: STARTING NEXT WEEKEND WE WILL BE AT OUR NEW... http://t.co/PTpXhaDeAa
112,504717769313882113,Wed Aug 27 19:51:08 +0000 2014,0,0,"I posted 21 photos on Facebook in the album ""Daily Activities-August 27, 2014"" http://t.co/CawuvPXu9I"
113,504401869612257280,Tue Aug 26 22:55:51 +0000 2014,0,0,"I posted 20 photos on Facebook in the album ""Daily Activities-August 26, 2014"" http://t.co/ovw5XBUrcl"
114,502571417855356930,Thu Aug 21 21:42:18 +0000 2014,0,0,DON'T FORGET OUR CLIENT OUTING- PICNIC IN THE PARK 2MRW!!! (-:
115,502569798845599746,Thu Aug 21 21:35:52 +0000 2014,0,0,Please welcome our new family member/team member- Betsy CNA/Bus Driver. http://t.co/5mcKgwJ6PB
116,502568086307082240,Thu Aug 21 21:29:03 +0000 2014,0,0,"I posted 21 photos on Facebook in the album ""Daily Activities-August 21st, 2014"" http://t.co/LWCdShtKUF"
117,502249782782734337,Thu Aug 21 00:24:14 +0000 2014,0,0,"I posted 8 photos on Facebook in the album ""Daily Activities-August 20th, 2014"" http://t.co/lbseDRgOoZ"
118,501847352853168128,Tue Aug 19 21:45:07 +0000 2014,0,0,"I posted 31 photos on Facebook in the album ""Daily Activities-August 19th, 2014"" http://t.co/Ng6V1h3Mmk"
119,500021682095267840,Thu Aug 14 20:50:33 +0000 2014,0,0,"I posted 4 photos on Facebook in the album ""Daily Activities-August 14th, 2014"" http://t.co/eOZuMD9yzh"
120,499670227249287168,Wed Aug 13 21:34:00 +0000 2014,0,0,I posted 21 photos on Facebook http://t.co/MCT6bxOtft
121,499317085999497216,Tue Aug 12 22:10:44 +0000 2014,0,0,"I posted 21 photos on Facebook in the album ""Daily Activities-August 12th, 2014"" http://t.co/ZlqQrGqxHY"
122,498955870089510912,Mon Aug 11 22:15:24 +0000 2014,0,0,"I posted 12 photos on Facebook in the album ""Daily Activities-August 11th, 2014"" http://t.co/LyFMgSHP8K"
123,498849221492367360,Mon Aug 11 15:11:37 +0000 2014,0,0,"I posted 34 photos on Facebook in the album ""Daily Activities-Friday August 8th, 2014"" http://t.co/UaShk89xH4"
124,497145079740764160,Wed Aug 06 22:19:58 +0000 2014,0,0,Please welcome our new team member CNA/Bus Driver- Teresita! (-: http://t.co/hfjpaV7Fgw
125,497142667701415936,Wed Aug 06 22:10:23 +0000 2014,0,0,"I posted 17 photos on Facebook in the album ""Daily Activities-August 6th, 2014"" http://t.co/ZSRJccLID5"
126,496663768240504832,Tue Aug 05 14:27:24 +0000 2014,0,0,"I posted 19 photos on Facebook in the album ""Daily Activities-August 4th, 2014"" http://t.co/2UhFfEb85X"
127,495315348233916417,Fri Aug 01 21:09:16 +0000 2014,0,0,HOPE EVERYONE HAS A FUN AND SAFE WEEKEND. DON'T FORGET ON MONDAY BARBARA DAVIS/KIDS WILL BE COMING TO THE CENTER... http://t.co/VgIKKC3uD1
128,495313072492666880,Fri Aug 01 21:00:13 +0000 2014,0,0,"I posted 49 photos on Facebook in the album ""Daily Activities-August 1st, 2014"" http://t.co/PcGEzj8cVx"
129,494961289849229312,Thu Jul 31 21:42:22 +0000 2014,0,0,I posted a new photo to Facebook http://t.co/7tRrlgkrsS
130,494960418939752448,Thu Jul 31 21:38:54 +0000 2014,0,0,"I posted 15 photos on Facebook in the album ""Daily Activities-July 31st, 2014"" http://t.co/38NrghHs3I"
131,494566934403633152,Wed Jul 30 19:35:20 +0000 2014,0,0,"Sending out a friendly reminder of our upcoming Grandparents Event on September 9th, 2014 at Midland Center 105... http://t.co/EqmEiu4OEB"
132,494562205074194432,Wed Jul 30 19:16:32 +0000 2014,0,0,"I posted 4 photos on Facebook in the album ""Daily Activities-July 30th, 2014"" http://t.co/i739RW6BFN"
133,494218553722433536,Tue Jul 29 20:31:00 +0000 2014,0,0,"I posted 44 photos on Facebook in the album ""Daily Activities-July 29th, 2014"" http://t.co/PSG43oU7SJ"
134,493842233557524481,Mon Jul 28 19:35:38 +0000 2014,0,0,"I posted 51 photos on Facebook in the album ""Daily Activities-July 28th, 2014"" http://t.co/V7tfbzSUPO"
135,492785653953081344,Fri Jul 25 21:37:10 +0000 2014,0,0,"I posted 31 photos on Facebook in the album ""Daily Activities-July 25th, 2014"" http://t.co/5silpjL2bG"
136,492395255099322368,Thu Jul 24 19:45:51 +0000 2014,0,0,"I posted 14 photos on Facebook in the album ""Daily Activities-July 24th, 2014"" http://t.co/sFOUwUjX38"
137,492043032423038977,Wed Jul 23 20:26:15 +0000 2014,0,0,"I posted 19 photos on Facebook in the album ""Daily Activities-July 23rd, 2014"" http://t.co/LZHYQhiDbM"
138,490255067283722240,Fri Jul 18 22:01:31 +0000 2014,0,0,Today the clients participated in Communion(non-denominational) with Pastor Larry Long from Community Fellowship... http://t.co/7L5iFFFTjG
139,489861419249455104,Thu Jul 17 19:57:18 +0000 2014,0,0,"I posted 32 photos on Facebook in the album ""Daily Activities-July 17th"" http://t.co/am4PTnO0iE"
140,489523102900948992,Wed Jul 16 21:32:57 +0000 2014,0,0,DON'T FORGET TOMMORW IS OUR PARK PICNIC OUTING!!!
141,489140795027775488,Tue Jul 15 20:13:47 +0000 2014,0,0,Mission Center is currently hiring for the position of CNA. If you know someone who would like to become part of... http://t.co/Qzan5SNSUf
142,489140222933082113,Tue Jul 15 20:11:31 +0000 2014,0,0,"I posted 10 photos on Facebook in the album ""Daily Activities-July 15th 2014"" http://t.co/fkAx8VGSWp"
143,488788268369313792,Mon Jul 14 20:52:59 +0000 2014,0,0,Our awesome Thank You we received today from the Children at St. Luke's Church!!! It was so wonderful having them... http://t.co/dyB2rCb8J8
144,488786540806807552,Mon Jul 14 20:46:07 +0000 2014,0,0,"I posted 62 photos on Facebook in the album ""Daily Activities-July 14, 2014"" http://t.co/HEyZfS0vqw"
145,487698181887909888,Fri Jul 11 20:41:22 +0000 2014,0,0,HOPE EVERYONE HAS A FUN AND SAFE WEEKEND!!! DON'T FORGET MONDAY THE STUDENTS FROM ST. LUKES MISSION CHURCH WILL... http://t.co/L96awDdaXz
146,487697169068331008,Fri Jul 11 20:37:20 +0000 2014,0,0,"I posted 17 photos on Facebook in the album ""Daily Activities-July 11th 2014"" http://t.co/0zZL5EzKi2"
147,487336217831567360,Thu Jul 10 20:43:03 +0000 2014,0,0,DON'T FORGET OUR CLIENT OUTING TOMORROW TO THE MUSEUM OF THE SOUTHWEST(ART GALLERY AND PLANETARIUM)!!! (-:
148,487332159855022080,Thu Jul 10 20:26:55 +0000 2014,0,0,"I posted 54 photos on Facebook in the album ""Daily Activities-July 10th"" http://t.co/jg7UYKerr9"
149,487004274829058050,Wed Jul 09 22:44:01 +0000 2014,0,0,"I posted 17 photos on Facebook in the album ""Daily Activities-July 9th"" http://t.co/ZgooZZvje8"
150,486609209128407040,Tue Jul 08 20:34:10 +0000 2014,0,0,Congratulations To Our Domino's Winner's Today! http://t.co/ADJDyliaI9
151,486608602946613248,Tue Jul 08 20:31:46 +0000 2014,0,0,"I posted 11 photos on Facebook in the album ""Daily Activities-July 8th"" http://t.co/mBRRcdClnb"
152,486235865447157762,Mon Jul 07 19:50:38 +0000 2014,0,0,Don't Forget About Our Domino Tournament Tomorrow!!! Also Our Take Home Terrific Program Is Growing Fast Don't... http://t.co/hluxZLVQKP
153,486228879531843584,Mon Jul 07 19:22:53 +0000 2014,0,0,I posted a new photo to Facebook http://t.co/BfLuv4fZwU
154,486227563644456960,Mon Jul 07 19:17:39 +0000 2014,0,0,"I posted 19 photos on Facebook in the album ""Daily Activities-July 7th"" http://t.co/zfn72NgVJh"
155,484785075226427392,Thu Jul 03 19:45:43 +0000 2014,0,0,"I posted 87 photos on Facebook in the album ""Daily Activites-July 3rd-Fourth of July Party"" http://t.co/0mDGzoYAzd"
156,484436112782680064,Wed Jul 02 20:39:04 +0000 2014,0,0,July's Activities Calendar
157,484413827573100544,Wed Jul 02 19:10:31 +0000 2014,0,0,"DON'T FORGET OUR 4TH OF JULY PARTY TOMMOROW WITH FUN, MUSIC, GAMES, HOTDOGS/HAMBURGERS, CRAFTS, PINATA, AND  FLAG CAKE!!! (-:"
158,484413059759628289,Wed Jul 02 19:07:28 +0000 2014,0,0,"I posted 21 photos on Facebook in the album ""Daily Activities-July 2nd"" http://t.co/p2cVyB5rL4"
159,483715123077709824,Mon Jun 30 20:54:06 +0000 2014,0,0,"I posted 31 photos on Facebook in the album ""Daily Activites-June 30th"" http://t.co/wNtoW3nTnY"
160,482595352441524224,Fri Jun 27 18:44:32 +0000 2014,0,0,"I posted 18 photos on Facebook in the album ""Daily Activities-June 26th 2014"" http://t.co/o1Koyk8Uyj"
161,482589023337467904,Fri Jun 27 18:19:23 +0000 2014,0,0,Hope Everyone Has A Fun And Safe Weekend!!!
162,482588846262341633,Fri Jun 27 18:18:41 +0000 2014,0,0,"The administrative office Mascot until his ""doom day"" next Thursday July 3rd for our Client 4th of July Party!!! (-: http://t.co/wp3HgUrp4O"
163,482271948345708544,Thu Jun 26 21:19:27 +0000 2014,0,0,"ALSO DON'T FORGET OUT CLIENT OUTING TOMORROW- ""ESTATE SALE/GARAGE SALES"""
164,482271606799364096,Thu Jun 26 21:18:05 +0000 2014,0,0,Attended a conference today hosted by the Alzheimer's Association West Texas...Needless to say it was amazing!!... http://t.co/0C6ElwYZt3
165,482269605172625409,Thu Jun 26 21:10:08 +0000 2014,0,0,"I posted 19 photos on Facebook in the album ""Daily Activities"" http://t.co/SwS97Lt8Ut"
166,481925371382988801,Wed Jun 25 22:22:16 +0000 2014,0,0,Don't forget our client outing tomorrow to the mall for some walking fun! (-:
167,481923609276211202,Wed Jun 25 22:15:16 +0000 2014,0,0,"I posted 20 photos on Facebook in the album ""Daily Activities"" http://t.co/aruV7eYkRx"
168,481845316720017408,Wed Jun 25 17:04:10 +0000 2014,0,0,Just letting everyone know we have started rolling out our Take Home Terrific Program!!! For more information... http://t.co/lij9EyycSQ
169,481178497168449536,Mon Jun 23 20:54:28 +0000 2014,0,0,"I posted 80 photos on Facebook in the album ""Daily Activities"" http://t.co/29ct2NUA8f"
170,477215864798711808,Thu Jun 12 22:28:23 +0000 2014,0,0,"I posted 62 photos on Facebook in the album ""Daily Activities"" http://t.co/MnbzrDdhth"
171,477213098101993472,Thu Jun 12 22:17:23 +0000 2014,0,0,"It's CNA WEEK...Today we took the time to say thank you to our wonderful CNA's:  Rosalinda, Alicia, Amy, and... http://t.co/ljRbonmIYL"
172,476820640188878849,Wed Jun 11 20:17:54 +0000 2014,0,0,Don't Forget Tomorrow Will Be Our Father's Day Celebration For Creative Club!!! (-:
173,476820096221212673,Wed Jun 11 20:15:44 +0000 2014,0,0,"I posted 21 photos on Facebook in the album ""Daily Activities"" http://t.co/LWBq7vPO85"
174,476480667002630144,Tue Jun 10 21:46:58 +0000 2014,0,0,"I posted 8 photos on Facebook in the album ""Daily Activities"" http://t.co/kZtHVoruJX"
175,475003402477666304,Fri Jun 06 19:56:50 +0000 2014,0,0,"I posted 38 photos on Facebook in the album ""Daily Activities"" http://t.co/8nN9tgUMQh"
176,474626565289283584,Thu Jun 05 18:59:25 +0000 2014,0,0,"I posted 24 photos on Facebook in the album ""Daily Activities-Mr. Gatti's Outing"" http://t.co/8oMcFwH4R0"
177,474302705385877504,Wed Jun 04 21:32:31 +0000 2014,0,0,"I posted 18 photos on Facebook in the album ""Daily Activities"" http://t.co/tpVfn6JBdN"
178,473924104832438272,Tue Jun 03 20:28:06 +0000 2014,0,0,"I posted 19 photos on Facebook in the album ""Daily Activities"" http://t.co/EqKaWr3rnG"
179,473869304132567040,Tue Jun 03 16:50:20 +0000 2014,0,0,"I posted 22 photos on Facebook in the album ""Our New Building-Midland Shared Spaces"" http://t.co/YqxZll6enU"
180,473588762656911361,Mon Jun 02 22:15:34 +0000 2014,0,0,"I posted 19 photos on Facebook in the album ""Daily Activities"" http://t.co/5EU07XAWa4"
181,472497170625880064,Fri May 30 21:57:58 +0000 2014,0,0,"I posted 16 photos on Facebook in the album ""Daily Activities"" http://t.co/ghlN0Qt5oV"
182,471741275977564161,Wed May 28 19:54:19 +0000 2014,0,0,"Mission Center Is Going To Be Rolling Out A New Program Next Month Called, ""Take Home Terrific!"" (-:"
183,471741271409975296,Wed May 28 19:54:18 +0000 2014,0,0,I posted a new photo to Facebook http://t.co/7opLf9N4NP
184,471741264313196545,Wed May 28 19:54:16 +0000 2014,0,0,I posted a new photo to Facebook http://t.co/NGNbtBsOTq
185,471741259443621888,Wed May 28 19:54:15 +0000 2014,0,0,I posted a new photo to Facebook http://t.co/4Yvb1Z7f3s
186,471741254771171328,Wed May 28 19:54:14 +0000 2014,0,0,I posted a new photo to Facebook http://t.co/tsAPHKawya
187,471740610190508032,Wed May 28 19:51:40 +0000 2014,0,0,Our Amazing CNA's!!! Thank you ladies for all you do! http://t.co/dRaB1XwQDN
188,471740064478003200,Wed May 28 19:49:30 +0000 2014,0,0,"I posted 15 photos on Facebook in the album ""Daily Activities"" http://t.co/z9KVkLXZtX"
189,471415381072957440,Tue May 27 22:19:19 +0000 2014,0,0,"I posted 32 photos on Facebook in the album ""Daily Activities"" http://t.co/jNPg7ZuYCk"
190,469911719519981569,Fri May 23 18:44:19 +0000 2014,0,0,"I posted 34 photos on Facebook in the album ""Daily Activities"" http://t.co/bOJbi3PqDB"
191,469569167260389377,Thu May 22 20:03:08 +0000 2014,0,0,The first picture is our letter we put in each of the care packages. The other photo's are the thank you we sent... http://t.co/9frk9nVL7B
192,469569160104902656,Thu May 22 20:03:06 +0000 2014,0,0,I posted a new photo to Facebook http://t.co/vAkuRfjvyG
193,469569155625402368,Thu May 22 20:03:05 +0000 2014,0,0,I posted a new photo to Facebook http://t.co/1WxRuCI8VX
194,469569151313661953,Thu May 22 20:03:04 +0000 2014,0,0,I posted a new photo to Facebook http://t.co/O7aii7dkEZ
195,469568075772493824,Thu May 22 19:58:48 +0000 2014,0,0,"Don't forget our Client Outing tomorrow to tour  Susie's South Forty Confections, Inc. (-:"
196,469567246520811520,Thu May 22 19:55:30 +0000 2014,0,0,"I posted 26 photos on Facebook in the album ""Daily Activities"" http://t.co/OZ3EkhJbJy"
197,469202179283501056,Wed May 21 19:44:51 +0000 2014,0,0,"I posted 22 photos on Facebook in the album ""Daily Activities"" http://t.co/6H7ZR2yx3B"
198,468844839703162880,Tue May 20 20:04:55 +0000 2014,0,0,"I posted 29 photos on Facebook in the album ""Daily Activities"" http://t.co/n2k8jYuxL5"
199,468486505972113408,Mon May 19 20:21:01 +0000 2014,0,0,"I posted 19 photos on Facebook in the album ""Daily Activities"" http://t.co/XevYUWukKE"
