,id_str,created_at,retweet_count,favorite_count,text
0,667109611497988099,Wed Nov 18 22:38:20 +0000 2015,0,3,"Even in darkness,you can find #beauty from #nature ❤👍😘 https://t.co/pgbyCeIdk9"
1,666731448548892673,Tue Nov 17 21:35:39 +0000 2015,1,0,#saunadogs we all just love a good #finnish #sauna 👌💕😍 https://t.co/cfE8REKPD6
2,666629001927114753,Tue Nov 17 14:48:34 +0000 2015,0,0,Looking for light https://t.co/Gmy2kn4x2M on @bloglovin
3,666527626295644160,Tue Nov 17 08:05:44 +0000 2015,0,0,overwhelmed by beauty of nature https://t.co/2Dw695Sh1A on @bloglovin
4,665989276182708224,Sun Nov 15 20:26:31 +0000 2015,0,0,#sundaymood #lazyday #relax 🙏🏻👌🏻🙃😘 https://t.co/S4gfT5vf0G
5,665450590940565504,Sat Nov 14 08:45:59 +0000 2015,0,0,#PrayForParis https://t.co/fb3WpSgcnx
6,664867269470773249,Thu Nov 12 18:08:04 +0000 2015,0,0,"You know that feeling, when you have lost your hope to fit in some #dresses ? My #feeling today… https://t.co/l4Gr6I2gAV"
7,664372880596148224,Wed Nov 11 09:23:32 +0000 2015,0,0,#fall #nature #home #peace 🌎🌞❤️ https://t.co/3B3tsxFzGz
8,664179840535371776,Tue Nov 10 20:36:28 +0000 2015,0,0,Just spent two hours trying to figure out my new iPad.still confused . I believe that it's goodbye for android!
9,664177826170540032,Tue Nov 10 20:28:28 +0000 2015,0,0,Testing my new #ipadmini 😜🤓 think I like it! https://t.co/WWgZGZmSU7
10,662947746790379520,Sat Nov 07 11:00:34 +0000 2015,0,0,Cat´s gone wild - Katti män willix https://t.co/PmV3hxhsZT
11,661594561718956034,Tue Nov 03 17:23:30 +0000 2015,0,0,Katti män willix https://t.co/PmV3hxhsZT
12,659707359565127681,Thu Oct 29 12:24:25 +0000 2015,0,0,Sometimes it is wise to #takeiteasy #relax have a good one! :-* https://t.co/zBHdjCFFPh
13,659430921582596097,Wed Oct 28 18:05:57 +0000 2015,1,1,@SarasvuoJari kiitos ja toivo elää. Pvtt luultavammin calling. I need this thing!:) https://t.co/qLZtUVLWL9
14,659001872427151360,Tue Oct 27 13:41:04 +0000 2015,0,0,Katti män willix https://t.co/PmV3hxhsZT
15,658722876527218692,Mon Oct 26 19:12:26 +0000 2015,0,0,She thinks that I don't need to work #cats #animals 😄😄🐱 https://t.co/JBPjhpqYQJ
16,657901661558542336,Sat Oct 24 12:49:13 +0000 2015,0,0,Katti män willix tps radio city https://t.co/PmV3hxhsZT
17,657528093553393664,Fri Oct 23 12:04:48 +0000 2015,0,0,Katti män willix https://t.co/PmV3hxhsZT
18,656433066961969152,Tue Oct 20 11:33:33 +0000 2015,0,0,@yoogaiacom :) yoogaia is! ;)
19,656182169295962112,Mon Oct 19 18:56:35 +0000 2015,0,1,Me and #yoogaia 💞👍🙏work's!!!! https://t.co/JZYoC1kRMY
20,656054483751821312,Mon Oct 19 10:29:12 +0000 2015,0,0,#perfectday #sun #water #beautiful 😍😍😍 @ Koski Tl https://t.co/8qhugWoeUW
21,655709955102785536,Sun Oct 18 11:40:10 +0000 2015,0,0,upgradeing: me https://t.co/BV3uSYGXbw on @bloglovin
22,655367615787876353,Sat Oct 17 12:59:50 +0000 2015,0,0,#flowerpower #flowers #lovingit 💞🌹🌻🌺 https://t.co/L9T62CFHs2
23,654308289493250048,Wed Oct 14 14:50:27 +0000 2015,0,0,so far so good https://t.co/TxRlYo3Ix0 on @bloglovin
24,654048920583172096,Tue Oct 13 21:39:48 +0000 2015,0,0,#sunset #beautiful #finland #countrylife #lovingit 💝💝 https://t.co/XdnVklMz3Q
25,652102261926141952,Thu Oct 08 12:44:29 +0000 2015,0,0,I tried yoga..didnt quite nailed it https://t.co/mFs1EgSxac on @bloglovin
26,652099699994980353,Thu Oct 08 12:34:18 +0000 2015,0,0,LIVING MY LIFE http://t.co/zhBMvrZm91
27,651758753444970496,Wed Oct 07 13:59:30 +0000 2015,0,0,"can´t stay away, can´t escape from world https://t.co/4oxhQNB4nv on @bloglovin"
28,651744870315487232,Wed Oct 07 13:04:20 +0000 2015,0,0,LIVING MY LIFE http://t.co/zhBMvrZm91
29,651675723065892864,Wed Oct 07 08:29:34 +0000 2015,0,0,fluffy dreams http://t.co/ILNH41SxoV
30,650947155939733504,Mon Oct 05 08:14:30 +0000 2015,0,0,"small break, new blog https://t.co/WUrybWakkX on @bloglovin"
31,650286753400623105,Sat Oct 03 12:30:18 +0000 2015,0,0,#antistresscoloringbook #animalfantasy #coloringbookforadults #arttherapy 😍😍#loving this book!!!  📖 👍👍 https://t.co/ekRIs4SUYN
32,649328672583782400,Wed Sep 30 21:03:14 +0000 2015,0,0,#goodnight #blueberries #quark #cleaneating #enjoying 😘😴💋👍 https://t.co/0LcVIzM6gV
33,648433495317028864,Mon Sep 28 09:46:07 +0000 2015,0,0,"wow, did I just said that? https://t.co/ypNo0sxi88 on @bloglovin"
34,647819447567167489,Sat Sep 26 17:06:06 +0000 2015,0,0,Why do something else in #saturday than #lift #lifting #freeweights #training 😄👍💪💞 and go to #sauna https://t.co/axRmPYVR9P
35,647013049434513408,Thu Sep 24 11:41:46 +0000 2015,0,0,Be like this #apple #nevergiveup and if needed: #hanginthere 👍😊💞 https://t.co/7VVZtWmboT
36,646032875603800065,Mon Sep 21 18:46:54 +0000 2015,0,0,#waterandfire moment of wondering ;-) 😄 https://t.co/3QSgMLPRx4
37,645920270163836928,Mon Sep 21 11:19:27 +0000 2015,0,0,dear diary https://t.co/RKbTfPw5BO on @bloglovin
38,645913180112351232,Mon Sep 21 10:51:17 +0000 2015,0,0,dear diary   LIVING MY LIFE http://t.co/zhBMvrZm91
39,644874613697191936,Fri Sep 18 14:04:23 +0000 2015,0,0,Look those colors in your in life..  #Colors #autumn #life #positive http://t.co/0bFgIS5mL8
40,644475011504451584,Thu Sep 17 11:36:31 +0000 2015,0,0,Burning Heart  -   Burning Heart  -  Burning Heart http://t.co/fSa2sed91f
41,643783618884669441,Tue Sep 15 13:49:10 +0000 2015,0,0,Burning Heart  -   Burning Heart  -  Burning Heart http://t.co/fSa2sed91f
42,643394125241393152,Mon Sep 14 12:01:27 +0000 2015,0,0,worth to fight https://t.co/lSz1Q8Chzr on @bloglovin
43,643392973863055360,Mon Sep 14 11:56:53 +0000 2015,0,0,worth to fight       LIVING MY LIFE http://t.co/zhBMvrZm91
44,643023595619393536,Sun Sep 13 11:29:06 +0000 2015,0,1,What REALLY matters in #life #family #homestead #love 💜💜💜 #liveit 😉 https://t.co/gtyiI2fOVj
45,642776910917976064,Sat Sep 12 19:08:52 +0000 2015,0,2,"#lovewhatyoudo no matter, what they say. ... #quote just a #thoughts #trustyourheart #inspiration 👣❤👌✊👈 https://t.co/tKZ9wQw1F3"
46,641964189897113600,Thu Sep 10 13:19:24 +0000 2015,0,0,week away from facebook https://t.co/FYo2hgrz2d on @bloglovin
47,641929848823410688,Thu Sep 10 11:02:57 +0000 2015,0,0,"vielä kerran ""hottikset""  http://t.co/fSa2sed91f"
48,640482176631459840,Sun Sep 06 11:10:25 +0000 2015,0,0,going back in time https://t.co/buHJWArbxL on @bloglovin
49,638299564416630784,Mon Aug 31 10:37:29 +0000 2015,0,0,one lost dream https://t.co/3DQ87E0OxL on @bloglovin
50,638297720671891456,Mon Aug 31 10:30:10 +0000 2015,0,0,one lost dream LIVING MY LIFE http://t.co/zhBMvrZm91
51,637267156229599232,Fri Aug 28 14:15:04 +0000 2015,0,0,Hot or what https://t.co/3uoOgZ9kmr on @bloglovin
52,637259920145055744,Fri Aug 28 13:46:19 +0000 2015,0,0,LIVING MY LIFE http://t.co/zhBMvrZm91
53,636819348712198144,Thu Aug 27 08:35:38 +0000 2015,0,0,Almost #fullmoon... 💕😍 https://t.co/4cpSGrfKZC
54,634344786619707392,Thu Aug 20 12:42:37 +0000 2015,0,0,sometimes small thinking before acting is good https://t.co/zvdPdXaR4A on @bloglovin
55,634338555465216000,Thu Aug 20 12:17:51 +0000 2015,0,0,LIVING MY LIFE http://t.co/zhBMvrZm91
56,633260837860429824,Mon Aug 17 12:55:23 +0000 2015,0,0,Today is no that day https://t.co/ZYKAhmLISh on @bloglovin
57,633223516893147136,Mon Aug 17 10:27:05 +0000 2015,0,0,LIVING MY LIFE http://t.co/zhBMvrZm91
58,631915371780513792,Thu Aug 13 19:48:59 +0000 2015,0,1,Just another day in #fishing #sun #nature #Finland #finnishgirl #countrygirl 👍😊💝 https://t.co/AgVqTHcVx3
59,631012539934068736,Tue Aug 11 08:01:27 +0000 2015,0,0,From Fat... http://t.co/BbzuQ6wuJc
60,630014014358220800,Sat Aug 08 13:53:40 +0000 2015,0,0,#kahvikamu #nature #animal ...😀#beautifulnature #weallarebeautiful 😉☺👍💖 https://t.co/vbAROArbbh
61,629935815246938113,Sat Aug 08 08:42:56 +0000 2015,0,0,LIVING MY LIFE http://t.co/zhBMvrZm91
62,629770256140095497,Fri Aug 07 21:45:04 +0000 2015,0,0,sweet goodbye for old ways http://t.co/SbjkOhct6n on @bloglovin
63,629723765740544000,Fri Aug 07 18:40:20 +0000 2015,0,0,@dottedmusic :) you're welcome
64,627516491357900800,Sat Aug 01 16:29:24 +0000 2015,0,0,From Fat... http://t.co/BbzuQ6wuJc
65,626763248570753024,Thu Jul 30 14:36:17 +0000 2015,0,0,From Fat... http://t.co/BbzuQ6O5AK
66,625955730978406402,Tue Jul 28 09:07:30 +0000 2015,0,0,beyond from fear http://t.co/g0DCaKmcBR on @bloglovin
67,625949945443524608,Tue Jul 28 08:44:31 +0000 2015,0,0,LIVING MY LIFE http://t.co/zhBMvrZm91
68,623427547926237184,Tue Jul 21 09:41:24 +0000 2015,0,0,LIVING MY LIFE http://t.co/zhBMvrZm91
69,623426058503725056,Tue Jul 21 09:35:29 +0000 2015,0,0,Meeting: me http://t.co/I487XVXSEb on @bloglovin
70,622829672812969984,Sun Jul 19 18:05:40 +0000 2015,0,0,Burning Heart  -   Burning Heart  -  Burning Heart http://t.co/fSa2sed91f
71,622787598193426432,Sun Jul 19 15:18:28 +0000 2015,0,0,There will be #cake soon...😉❤☕🍓 https://t.co/xEwMiImgBK
72,621269238272163840,Wed Jul 15 10:45:03 +0000 2015,0,0,steps ahead: casting http://t.co/YFk7Zs3PxV on @bloglovin
73,620296271333560320,Sun Jul 12 18:18:50 +0000 2015,0,0,Not too easy in #greece. Hoping all the best... Situation is hard.
74,618336767742214146,Tue Jul 07 08:32:28 +0000 2015,0,0,here´s one to love! http://t.co/TMFsT2bxns on @bloglovin
75,616564070335049728,Thu Jul 02 11:08:24 +0000 2015,0,0,freedom of choice http://t.co/ja6LoFz0Aq on @bloglovin
76,613745771133960197,Wed Jun 24 16:29:29 +0000 2015,0,0,reborn http://t.co/8Rzbex9QDL on @bloglovin
77,611831568970174464,Fri Jun 19 09:43:07 +0000 2015,0,0,midsummer festival http://t.co/PbN97AFjcU on @bloglovin
78,611044205322993664,Wed Jun 17 05:34:25 +0000 2015,0,0,LIVING MY LIFE http://t.co/zhBMvrZm91
79,610764121647259648,Tue Jun 16 11:01:28 +0000 2015,0,0,Longest week for a long time http://t.co/ujyejksd5V on @bloglovin
80,608922235173240832,Thu Jun 11 09:02:28 +0000 2015,0,0,"Yep, I´m tired http://t.co/nR3gswcd0B on @bloglovin"
81,605127578182144000,Sun May 31 21:43:52 +0000 2015,0,0,#homesweethome #lovingit #nature #nofilter #peace #cherrytree #sunny #summer 👍💓💓💓 https://t.co/3t9aIM46Mi
82,604964699847946242,Sun May 31 10:56:38 +0000 2015,0,0,something about blogging http://t.co/txRF1GOk11 on @bloglovin
83,604631873793478656,Sat May 30 12:54:06 +0000 2015,0,0,I work things to change my way of living. Only way to change anything is actually do something. Leaned lesson! 💪
84,603852912096366592,Thu May 28 09:18:47 +0000 2015,0,0,missed that iron-touch http://t.co/A62iNeM17b on @bloglovin
85,603678642200260610,Wed May 27 21:46:18 +0000 2015,0,0,"This is how I feel, when I have small break from #gym #lifting #freeweights stubid broken… https://t.co/pAIIhqW0vA"
86,602414376033918976,Sun May 24 10:02:34 +0000 2015,0,0,taking another look http://t.co/vvyhnhdab2 on @bloglovin
87,599585453503881216,Sat May 16 14:41:26 +0000 2015,0,0,getting there http://t.co/b2rDGXzTrm on @bloglovin
88,599544383424323584,Sat May 16 11:58:14 +0000 2015,0,0,Julkaisin juuri kuvan https://t.co/6GsXb7LSPE
89,598453495138758656,Wed May 13 11:43:26 +0000 2015,0,0,Burning Heart  -   Burning Heart  -  Burning Heart http://t.co/fSa2sed91f
90,597401286082965504,Sun May 10 14:02:20 +0000 2015,0,0,To my Mom http://t.co/T1FegAOIcw on @bloglovin
91,595890603738685440,Wed May 06 09:59:25 +0000 2015,0,0,"accept this moment and yet, keep on dreaming http://t.co/8W3tLgxNMv on @bloglovin"
92,595701030744096768,Tue May 05 21:26:07 +0000 2015,0,0,"One more thought for night. If you wanna be cool....be yourself. Ok, now, good night!"
93,595700033137352704,Tue May 05 21:22:10 +0000 2015,0,0,"Living in this moment is great,  but sometime...you need to dream, too."
94,595698345496150017,Tue May 05 21:15:27 +0000 2015,0,0,Good night world!
95,595288010087882752,Mon May 04 18:04:56 +0000 2015,0,0,Again.... #icehockey #hockey #mmkisat #juhanitamminen #tami go #Finland 👍💋 https://t.co/XN34iDUs4E
96,594879261934284800,Sun May 03 15:00:43 +0000 2015,0,0,Being kind of heart and words can open new level in life. Just a thought...
97,593398619958575104,Wed Apr 29 12:57:10 +0000 2015,0,0,Thank you #gorillasports 💪💕💕💕 https://t.co/alKPJAPN01
98,593342776592506880,Wed Apr 29 09:15:16 +0000 2015,0,0,positive power http://t.co/224GdFYSlN on @bloglovin
99,592615201201135616,Mon Apr 27 09:04:08 +0000 2015,0,0,only positive things http://t.co/kBFxN1wV6A on @bloglovin
100,592276063813771264,Sun Apr 26 10:36:32 +0000 2015,0,0,@Enaiyo awesome!!! 👍👍👍
101,591572832745889793,Fri Apr 24 12:02:08 +0000 2015,0,0,smell the spring http://t.co/7MvsDVPqTx on @bloglovin
102,590548683269271552,Tue Apr 21 16:12:32 +0000 2015,0,0,the shadow of our past http://t.co/xT24Umlady on @bloglovin
103,588696468678123522,Thu Apr 16 13:32:30 +0000 2015,1,0,"RT @chcooke83: @maari711 RT Hi,my name is Chris Cooke.On May 17th,my brother,myself and friend will walk Across America http://t.co/4IFY4GX…"
104,588696452064477184,Thu Apr 16 13:32:26 +0000 2015,0,0,@chcooke83 awesome!! Good job guys! !
105,588361344811958273,Wed Apr 15 15:20:50 +0000 2015,0,0,back to being humble http://t.co/QQ2DWhxmIe on @bloglovin
106,587581920759967744,Mon Apr 13 11:43:41 +0000 2015,0,0,she is me http://t.co/y3Ccg7eCnq on @bloglovin
107,586799259137245184,Sat Apr 11 07:53:40 +0000 2015,0,0,took that one step more http://t.co/GM8LdiGWHO on @bloglovin
108,586077419133603840,Thu Apr 09 08:05:20 +0000 2015,0,0,storm        LL http://t.co/zhBMvrZm91
109,585791724217307136,Wed Apr 08 13:10:05 +0000 2015,0,0,Love this #book #jonkabatzinn #peaceofmind 💝 https://t.co/9gSDw9Npma
110,585772436924272640,Wed Apr 08 11:53:26 +0000 2015,0,0,sitting in storm http://t.co/3KoI4aBW7H on @bloglovin
111,585762268115312640,Wed Apr 08 11:13:02 +0000 2015,0,0,LL http://t.co/zhBMvrZm91
112,583916501310242816,Fri Apr 03 08:58:37 +0000 2015,0,0,busy bigger bee http://t.co/yPeXwk9xq1 on @bloglovin
113,583308445664854019,Wed Apr 01 16:42:25 +0000 2015,0,1,@SarasvuoJari Nyt sit mut-perille meni. Kiitos taasen. Yritän keksiä keinon jatkaa yhteistyötä.
114,582912497746911232,Tue Mar 31 14:29:04 +0000 2015,0,0,Burning Heart  -   Burning Heart  -  Burning Heart http://t.co/fSa2sed91f
115,581836059807498240,Sat Mar 28 15:11:41 +0000 2015,0,0,More about feelings http://t.co/q3kHPsu4yc on @bloglovin
116,581451993551663104,Fri Mar 27 13:45:32 +0000 2015,0,0,"Feelings, master or slave http://t.co/KCe0IPjtEn on @bloglovin"
117,581440440144162816,Fri Mar 27 12:59:38 +0000 2015,0,0,"Feelings, master or slave http://t.co/L1g68T9HQS"
118,580424287758209024,Tue Mar 24 17:41:48 +0000 2015,0,1,"@SarasvuoJari kiitos. Mieleni heräili, pölyt pyyhkiytyivät ja ajatus kytee. Mahtava webinaari!"
119,579982262818701312,Mon Mar 23 12:25:21 +0000 2015,0,0,"Truly..after gym I'm both dead and more alive than ever. My body is tired, my mind is so awake... Loving it!"
120,579981578773884928,Mon Mar 23 12:22:38 +0000 2015,0,0,@dineromex thank you!  :)
121,579583925649039360,Sun Mar 22 10:02:30 +0000 2015,0,0,How about those goals http://t.co/gQ1GkXtsPn on @bloglovin
122,578305106397003777,Wed Mar 18 21:20:56 +0000 2015,5367,0,RT @IronmanMann: Yea though I walk through the Valley of Death. My cancer journey #endcancer #leukemia http://t.co/lThwiDMjDR (Pls RT) http…
123,577782029389049856,Tue Mar 17 10:42:25 +0000 2015,0,0,"To know me,  you need to see my #eyes #selfie about #whydidItookit :D moment of #boring soon some… https://t.co/muG1E9p5zs"
124,577535932548661250,Mon Mar 16 18:24:31 +0000 2015,0,0,#Spring http://t.co/t1GOlNH5E1 on @bloglovin
125,577059282149097472,Sun Mar 15 10:50:28 +0000 2015,0,0,Becoming in my life http://t.co/lkmMGunZpb on @bloglovin
126,576386846999097344,Fri Mar 13 14:18:27 +0000 2015,0,0,It´s a thriller http://t.co/u8I7dyWnNO on @bloglovin
127,576376822323109888,Fri Mar 13 13:38:37 +0000 2015,0,0,LL http://t.co/zhBMvrZm91
128,575953496341622785,Thu Mar 12 09:36:28 +0000 2015,0,0,"Time rise, shine and fly!"
129,575608216941432832,Wed Mar 11 10:44:27 +0000 2015,0,0,"I want to learn, I NEED to learn http://t.co/rPC8K1QT7P on @bloglovin"
130,575594213078921216,Wed Mar 11 09:48:49 +0000 2015,0,0,"As I go for my walk, I´m grateful because I can"
131,575593723800731648,Wed Mar 11 09:46:52 +0000 2015,0,0,LL http://t.co/zhBMvrZm91
132,575576506363154432,Wed Mar 11 08:38:27 +0000 2015,0,1,"Live, love and care. Simple!"
133,575362061288521729,Tue Mar 10 18:26:19 +0000 2015,0,1,@SarasvuoJari kiitos. Aivan mahtava ja herättävä webinaari. #kiitos.
134,575238779998498817,Tue Mar 10 10:16:27 +0000 2015,0,0,beautiful rainy day http://t.co/7pvgeVaAHq on @bloglovin
135,574964394288939008,Mon Mar 09 16:06:08 +0000 2015,0,0,It´s just something http://t.co/kXijL3XiOA on @bloglovin
136,574955455992193024,Mon Mar 09 15:30:37 +0000 2015,0,0,LL http://t.co/zhBMvrZm91
137,573795769163116544,Fri Mar 06 10:42:26 +0000 2015,0,0,good morning world http://t.co/uvBAm5LCHV on @bloglovin
138,573273675308408832,Thu Mar 05 00:07:49 +0000 2015,0,0,#goodnight world ♥♥♥ https://t.co/pi4ksRjQn6
139,572712813493424128,Tue Mar 03 10:59:09 +0000 2015,0,0,face the fears http://t.co/j7ynLYuVSF on @bloglovin
140,572708701003485184,Tue Mar 03 10:42:49 +0000 2015,0,0,face the fears   LL http://t.co/zhBMvrZm91
141,570887275267133441,Thu Feb 26 10:05:07 +0000 2015,0,0,Loving this age http://t.co/bgg6zmfqwP on @bloglovin
142,570532451870756864,Wed Feb 25 10:35:11 +0000 2015,0,0,forgot how to write http://t.co/7OsdAuFq48 on @bloglovin
143,570517743679754240,Wed Feb 25 09:36:44 +0000 2015,0,0,LL http://t.co/zhBMvrZm91
144,569166511564316675,Sat Feb 21 16:07:25 +0000 2015,0,0,have a nice day http://t.co/xihbfp8963 on @bloglovin
145,568757332034912256,Fri Feb 20 13:01:29 +0000 2015,0,0,"frustrated, relieved and hard to handle http://t.co/2Y3eY9z1Lt on @bloglovin"
146,567262627274186752,Mon Feb 16 10:02:04 +0000 2015,0,0,KO by influenza http://t.co/EqTFqaJf49 on @bloglovin
147,565460279333781504,Wed Feb 11 10:40:10 +0000 2015,0,0,first step is the longest http://t.co/oNjBlM9pZD on @bloglovin
148,565135716372713473,Tue Feb 10 13:10:29 +0000 2015,0,0,I just love skiing http://t.co/TDAwHLgH2M on @bloglovin
149,565131235807490048,Tue Feb 10 12:52:40 +0000 2015,0,0,I just love skiing http://t.co/4tfyCuTXFj
150,563981511645753344,Sat Feb 07 08:44:05 +0000 2015,0,0,BH http://t.co/fSa2sed91f
151,563308425921441792,Thu Feb 05 12:09:29 +0000 2015,0,0,In the ditch http://t.co/DPPfeqa2OF on @bloglovin
152,562577415667732480,Tue Feb 03 11:44:42 +0000 2015,0,0,KUTSU KAVERISI JA SINUT PALKITAAN! http://t.co/bvOc5fxyl7
153,561292048134049792,Fri Jan 30 22:37:07 +0000 2015,0,0,How hard is it to be woman/man in these days http://t.co/R0AQgfPKGi on @bloglovin
154,560377912231460864,Wed Jan 28 10:04:40 +0000 2015,0,0,Note to myself: don't eat bean's...
155,560377550686670848,Wed Jan 28 10:03:14 +0000 2015,0,0,@ICVeo I do!
156,560084455776587776,Tue Jan 27 14:38:34 +0000 2015,0,0,Life is like driving car http://t.co/PwD6gOZq1o on @bloglovin
157,560067376474251264,Tue Jan 27 13:30:42 +0000 2015,0,0,#Meanwhile in #Finland.. Perfect day for #walking #walk #nordicwalk #snow #mothernature 👍💜 http://t.co/erxawXcJmC
158,559791259825741824,Mon Jan 26 19:13:31 +0000 2015,0,0,Yipii!!! New energy!! http://t.co/l0Et8ZNEsP on @bloglovin
159,559790151216660484,Mon Jan 26 19:09:07 +0000 2015,0,0,LL http://t.co/gGUGCIyE1L
160,559715532715610113,Mon Jan 26 14:12:36 +0000 2015,0,0,"ihana vapaapäivä ja höyrytety, paistetut &amp; keitetyt kruunuvihannekset http://t.co/6UXlyKPAth on @bloglovin"
161,559049979843850240,Sat Jan 24 18:07:56 +0000 2015,0,0,BH http://t.co/ZzUtWFC2Z6
162,558248839745134594,Thu Jan 22 13:04:29 +0000 2015,0,0,Forgot to have fun http://t.co/FQ7WHQPqCq on @bloglovin
163,557119899735457792,Mon Jan 19 10:18:29 +0000 2015,0,0,"New day, New week http://t.co/kdiqg0Y9KQ on @bloglovin"
164,556080310618968064,Fri Jan 16 13:27:32 +0000 2015,0,0,"I wish that I could sing..I dont really know, if I can or not. Havent tried that, yet..."
165,556079595200729089,Fri Jan 16 13:24:41 +0000 2015,0,0,"""@LisaVanderpump: Help find this special needs dog pleeeease RT RT and RT 
 http://t.co/zaWwBnMH1v
Saaanndy! Was stolen..."""
166,555330809788641280,Wed Jan 14 11:49:17 +0000 2015,0,0,http://t.co/PEAmYWxKpG
167,555319538108338176,Wed Jan 14 11:04:29 +0000 2015,0,0,I just can´t be mad http://t.co/KS0pz0G3bA on @bloglovin
168,555306770395328512,Wed Jan 14 10:13:45 +0000 2015,0,0,living my life http://t.co/gGUGCIyE1L
169,554956884370014208,Tue Jan 13 11:03:26 +0000 2015,0,0,Tavoitefarkut http://t.co/ZlBXBoFITD
170,554588460397654016,Mon Jan 12 10:39:27 +0000 2015,0,0,"I´m wondering about us, humans,me http://t.co/SaQpCE5z0M on @bloglovin"
171,554587644236431361,Mon Jan 12 10:36:12 +0000 2015,0,0,"@MWAAGENCYLTD Oh, I wish that I could...I just love big machines! It's in my blood. But, I'm in Finland. All good for you!"
172,554580306166943745,Mon Jan 12 10:07:03 +0000 2015,0,0,living my life http://t.co/zhBMvsyy8D
173,553554145207398400,Fri Jan 09 14:09:27 +0000 2015,0,0,so far so good http://t.co/TfncopVdan on @bloglovin
174,552791244548481024,Wed Jan 07 11:37:57 +0000 2015,0,0,living my life http://t.co/zhBMvsyy8D
175,552784729154793472,Wed Jan 07 11:12:04 +0000 2015,0,0,"Anyway, here I am again http://t.co/SosHhLIjyN on @bloglovin"
176,549888479988293632,Tue Dec 30 11:23:24 +0000 2014,0,0,almost in year-15 http://t.co/X8x1gAUQA3 on @bloglovin
177,549888047580315648,Tue Dec 30 11:21:41 +0000 2014,0,0,living my life http://t.co/zhBMvsyy8D
178,549190354650791936,Sun Dec 28 13:09:18 +0000 2014,0,0,#hand #snow #winter #morehastags #lovingit http://t.co/mUZg3omhR4
179,548786663208783873,Sat Dec 27 10:25:11 +0000 2014,0,0,No rush http://t.co/xOdgFqxYAF on @bloglovin
180,548776667728969728,Sat Dec 27 09:45:28 +0000 2014,0,0,living my life http://t.co/zhBMvsyy8D
181,546606857742467073,Sun Dec 21 10:03:25 +0000 2014,0,0,Christmas-time http://t.co/vQEa3spZiN on @bloglovin
182,546604561100574720,Sun Dec 21 09:54:17 +0000 2014,0,0,living my life http://t.co/zhBMvsyy8D
183,545892572506234880,Fri Dec 19 10:45:06 +0000 2014,0,0,Burning Heart http://t.co/fSa2seMl0R
184,545520700833144832,Thu Dec 18 10:07:25 +0000 2014,0,0,Hi there! Photo time ;) http://t.co/gKYXvS6yJE on @bloglovin
185,543370282460020738,Fri Dec 12 11:42:25 +0000 2014,0,0,how not to talk to her http://t.co/F3kkfbygCw on @bloglovin
186,542393616908308480,Tue Dec 09 19:01:30 +0000 2014,0,0,burning that fat http://t.co/dzX4akBdj3 on @bloglovin
187,541656648734216192,Sun Dec 07 18:13:03 +0000 2014,0,0,😘
188,539759241532538880,Tue Dec 02 12:33:26 +0000 2014,0,0,what do you think? http://t.co/Sn90gph9SE on @bloglovin
189,539754489868079104,Tue Dec 02 12:14:33 +0000 2014,0,0,living my life http://t.co/zhBMvsyy8D
190,538662767591694336,Sat Nov 29 11:56:26 +0000 2014,0,0,"Oh wow, I´m in love http://t.co/SJqUanQvv8 on @bloglovin"
191,537627159045496832,Wed Nov 26 15:21:18 +0000 2014,0,0,Burning Heart http://t.co/fSa2seMl0R
192,536985824781684736,Mon Nov 24 20:52:51 +0000 2014,0,0,Burning 🔥 for #gym #workout #freeweigh #lifting http://t.co/sqEkbjy7A1
193,536182407813017600,Sat Nov 22 15:40:22 +0000 2014,0,0,Elämää http://t.co/fSa2seMl0R
194,535757564534075392,Fri Nov 21 11:32:11 +0000 2014,0,0,simply positive http://t.co/cCaNEKxGzY on @bloglovin
195,535749636288290816,Fri Nov 21 11:00:41 +0000 2014,0,0,living my life http://t.co/zhBMvsyy8D
196,535208618011136000,Wed Nov 19 23:10:52 +0000 2014,0,0,#goodnight #relax #enjoy #bubbling #life 👍 http://t.co/4Cfc0tQXzG
197,534759748496019456,Tue Nov 18 17:27:14 +0000 2014,0,0,"Ok, need some help with my dream http://t.co/k38soQdJQX on @bloglovin"
198,533980695849603072,Sun Nov 16 13:51:33 +0000 2014,0,0,just a thought´s http://t.co/5BhzhxHq0c on @bloglovin
199,533226777867329538,Fri Nov 14 11:55:45 +0000 2014,0,0,#friday 💗💗💗 http://t.co/c7lLWgaNgb
