,id_str,created_at,retweet_count,favorite_count,text
0,668437238217179136,Sun Nov 22 14:33:51 +0000 2015,1,0,Just posted a photo https://t.co/GY3cGKOzxZ
1,668144346051538945,Sat Nov 21 19:10:00 +0000 2015,0,0,Ok Mr Klopp you now have my attention! Although 1 result does not define a season! but i will enjoy this one......
2,667825224394539009,Fri Nov 20 22:01:55 +0000 2015,0,0,Just switched on this jungle show and had to double take that the one they call Lady C wasn't in fact Arsene Wenger in drag? #IACGMOOH
3,666493800647409664,Tue Nov 17 05:51:19 +0000 2015,1,0,@BartonUnited @BartonRoversJFC are holding youth futsal workshop @StGeorgesPark Sunday 22 Nov would be good if a few snr team could attend?
4,665618037282836480,Sat Nov 14 19:51:21 +0000 2015,6,0,RT @Bhamfutsalclub: Was great to play in the curtain raiser before @england #futsal v #Poland.  Good day at @StGeorgesPark https://t.co/HZQ…
5,665550165848162304,Sat Nov 14 15:21:39 +0000 2015,0,0,The players are out and warming up 40 mins till KO @ St George's Park National Football Centre https://t.co/czkh4wJkDc
6,663461401021820928,Sun Nov 08 21:01:39 +0000 2015,0,0,When I come back (and I will) I want to be a polar bear!
7,662682274752765952,Fri Nov 06 17:25:40 +0000 2015,0,0,@Official_NCFC one of yours on the London Midland train to Crewe has he missed the coach?
8,662381110714867712,Thu Nov 05 21:28:57 +0000 2015,0,1,@SalfordCityFC @BBC loving this class of 92 documentary could have been even better if those 5 were not in it!
9,661954483354787844,Wed Nov 04 17:13:42 +0000 2015,0,0,Celebrity spot on the commute home tonight Midlands Today presenter Kay Alexander #pebblemill #90's @HarryDukesJnr
10,661944581186035716,Wed Nov 04 16:34:21 +0000 2015,0,0,@BartonRoversJFC please retweet hosting futsal workshop on 22/11 @StGeorgesPark for u13-u16's interested in attending speak your manager
11,658344352192856064,Sun Oct 25 18:08:19 +0000 2015,0,0,3 games undefeated can't argue with Klopps record............
12,654033430838145024,Tue Oct 13 20:38:15 +0000 2015,0,0,#lochmessmonster @KarlPilkington #moaningoflife2
13,651125286352760832,Mon Oct 05 20:02:20 +0000 2015,0,1,Had this on repeat throughout the day beautiful piece of music and the soundtrack to #thisisengland90 https://t.co/XKsUl4oMrW
14,650759713941012480,Sun Oct 04 19:49:40 +0000 2015,0,0,Not sure how I feel about the Rodgers sacking but it comes down to simple maths 300 million spent = 0 trophies tough job for who is next
15,650411625644720130,Sat Oct 03 20:46:30 +0000 2015,0,0,#batteredbybernard #ENGvAUS
16,650410621670981633,Sat Oct 03 20:42:30 +0000 2015,0,0,It just seems that as much as England try (no pun intended) its just never going to be enough #limitedrugbyknowledge #ENGvAUS #RugbyWorldCup
17,650017560461770753,Fri Oct 02 18:40:37 +0000 2015,0,0,@tanya_d81 cheers ears I will have a look happy weekend oh and before you mention it enjoy your week off !
18,650017305271902210,Fri Oct 02 18:39:36 +0000 2015,1,0,RT @tanya_d81: @richlindsay16 http://t.co/JE3Bti4CsM
19,649308339742994432,Wed Sep 30 19:42:26 +0000 2015,0,1,A big favourite of mine #TRX #bodyweighttraining #strengthtraining #conditioning #flexibility #upperbody https://t.co/lp5b6qim0o
20,648949359380418561,Tue Sep 29 19:55:58 +0000 2015,0,0,And relax...................... !
21,648595804442238977,Mon Sep 28 20:31:04 +0000 2015,0,0,@HarryDukesJnr who Pulis or Martinez?
22,648592814322896896,Mon Sep 28 20:19:11 +0000 2015,0,0,I only turned over for 5 minutes to check on #corrie and ended up missing all 3 goals so far! #Iblamedavidplatt #MondayNightFootball
23,648571240500719617,Mon Sep 28 18:53:28 +0000 2015,0,0,#legday completed in my new gym pumps #nike #training #squats #lunges #trainsmarternotlonger… https://t.co/0kgGkMkHDw
24,647839397942050816,Sat Sep 26 18:25:23 +0000 2015,0,0,"Today is one of those days my under 7s played brilliant and won, Burton scored in the dying minutes to snatch victory and Liverpool got 3pts"
25,646789895525040129,Wed Sep 23 20:55:02 +0000 2015,0,0,"@Jono_23 ""showing good character"" will be there!"
26,646068259998048256,Mon Sep 21 21:07:31 +0000 2015,0,0,Muscle dysmorphia: One in 10 men in gyms believed to have 'bigorexia' - http://t.co/Kjkkp66ZkB
27,645302549436866561,Sat Sep 19 18:24:51 +0000 2015,0,0,Even the best team in the league lose to west ham @LFC  #YNWA
28,645271051467927552,Sat Sep 19 16:19:41 +0000 2015,0,0,"My under 7s got off to a flyer this morning 9-1, now relaxing listening to my little girl at her guitar lesson #nextedsheeran #butshesagirl"
29,644938442355404804,Fri Sep 18 18:18:01 +0000 2015,0,1,"When one chapter ends a new one begins, my little boy cannot wait for tomorrow's season to… https://t.co/mHh8xQ7KL3"
30,642765007269330944,Sat Sep 12 18:21:34 +0000 2015,0,0,Conceding 6 in 2 games is unacceptable for any club let alone @LFC #disgrace
31,642760156200239104,Sat Sep 12 18:02:17 +0000 2015,0,0,"We are a poor side devoid of ideas (Rodgers), physical presence no leaders no creativity no game plan Smalling has had a stroll today @LFC"
32,642461581868199936,Fri Sep 11 22:15:52 +0000 2015,1,1,@BartonUnited vets 2015 League Champions @Staffordshirefa @StGeorgesPark not the best photo I agree http://t.co/Q54e360l3h
33,642372102155292672,Fri Sep 11 16:20:18 +0000 2015,0,0,NB he was on crutches!
34,642371360942092288,Fri Sep 11 16:17:21 +0000 2015,0,0,Star spotting Steve Staunton at Lichfield Trent valley station!
35,642360500202958848,Fri Sep 11 15:34:12 +0000 2015,1,1,@BartonUnited vets aiming to complete 100% winning season tonight great end to a terrific season 8pm kick off at @StGeorgesPark #champions
36,641643064713461761,Wed Sep 09 16:03:22 +0000 2015,0,0,Science goes in search of the perfect wave - http://t.co/WJezFDyVgH
37,640987391986167808,Mon Sep 07 20:37:57 +0000 2015,0,0,1st post holiday gym session completed and I dont feel too bad legs and shoulders suitably attacked tonight after a weeks R&amp;R!
38,639706278676328448,Fri Sep 04 07:47:16 +0000 2015,1,0,RT @BartonUnited: @richlindsay16 #nopressureshaggy
39,639704973819908096,Fri Sep 04 07:42:05 +0000 2015,0,0,@BartonUnited Simon Newton is managing the squad tonight and we have strong group of players to try and get the job done
40,639703872286654464,Fri Sep 04 07:37:42 +0000 2015,0,1,@BartonUnited @StGeorgesPark @Staffordshirefa and I am on international duty (Cornwall) best of luck to the lads involved
41,639547274637537280,Thu Sep 03 21:15:27 +0000 2015,0,0,Fantastic almost end to our Cornwall adventure with a meal with family and great friends at @OffshoreBistro amazing place &amp; perfect food
42,639132477920047104,Wed Sep 02 17:47:11 +0000 2015,0,0,Spot the lizard #edenprojectphoto #familyholiday #fundaysout # https://t.co/nZb9YJdSPG
43,638443573529210880,Mon Aug 31 20:09:44 +0000 2015,0,1,Sunset #perranporthbeach #summerholiday #beach #eveningwalk @ Perranporth Beach https://t.co/Ro3f5eKfwX
44,638443504004395008,Mon Aug 31 20:09:27 +0000 2015,0,0,Child no. 2 (birthday girl 10 today!) #beachwalk @ Perranporth Beach https://t.co/4hCORwXKFR
45,637995335084867584,Sun Aug 30 14:28:35 +0000 2015,0,0,Rock-pooling #perranporthbeach #summerholiday #familytime #crab @ Perranporth Beach https://t.co/7fgRXEQyzC
46,637325452839923716,Fri Aug 28 18:06:43 +0000 2015,0,0,We're all going on a summer holiday no more working for a week or two fun and laughter on our summer holiday (once we get down the M5!)
47,636911169836593156,Thu Aug 27 14:40:30 +0000 2015,125737,0,"RT @nicvargus: My girlfriend says if this tweet gets 100k RTs, she'll let me dress up as a ninja turtle on our wedding day."
48,636522376432381952,Wed Aug 26 12:55:35 +0000 2015,0,0,For sale 2 x Foo Fighters tickets for MK Bowl on Sunday 6th Sept £140 let me know if you are interested! https://t.co/fQthPIbFDP
49,634671813910482945,Fri Aug 21 10:22:06 +0000 2015,0,0,You know life is not fair when the postman delivers these and now you can't go! #gutted #foofighters https://t.co/7F0zNkC6up
50,634057935543476226,Wed Aug 19 17:42:46 +0000 2015,0,0,@tanya_d81 conference call do you?
51,634055949825740805,Wed Aug 19 17:34:53 +0000 2015,0,0,The weekend starts now! #summer holidays #4dayweekend #lazyliein
52,633344081767321600,Mon Aug 17 18:26:10 +0000 2015,0,0,Upper body @TRXtraining session done followed up with personal best #cooperstest great start to the week just need @LFC to win to top it off
53,632074890854711296,Fri Aug 14 06:22:52 +0000 2015,0,1,Great performance this morning @LondonMidland a hat-trick of peak trains cancelled at Northampton due to shortage of train crew #goodjob
54,631563942863749121,Wed Aug 12 20:32:32 +0000 2015,0,1,Quick upper body blast on the @TRXtraining tonight #trainsmarternotlonger #Athlete #workout #fitness #trainhardplayhard #fitfam
55,631534523696742400,Wed Aug 12 18:35:38 +0000 2015,0,0,@HarryDukesJnr Dear Mr Carne........
56,631531367604613120,Wed Aug 12 18:23:05 +0000 2015,0,1,Leave home 05:30am arrive at work 08:10 leave work 16:00 arrive home 19:05 there has to be more to life than commuting slowly...............
57,630393162847133697,Sun Aug 09 15:00:16 +0000 2015,0,0,New season renewed optimism!
58,628123694137765888,Mon Aug 03 08:42:13 +0000 2015,1,0,Look familiar @theshoes_barton ? https://t.co/jKB8ql5rfb
59,627962475690991616,Sun Aug 02 22:01:35 +0000 2015,94,0,"RT @peta2: RT if you wish more people knew this! 💔

#GoVeg🌱 http://t.co/7D5dbpjWWa"
60,627923071932977152,Sun Aug 02 19:25:01 +0000 2015,0,0,@BTraits smashing @ibizarocks tonight with no work on Monday morning wishing I could be part of the party @r1ibiza
61,627599069280608257,Sat Aug 01 21:57:33 +0000 2015,0,0,Gone Girl the film for every slightly unstable delusional psychotic murdering married couple #quietnightin
62,627202035184701440,Fri Jul 31 19:39:52 +0000 2015,2,0,Great result for @BartonUnited Vets tonight beating Rosliston 4-1 despite being a man short! @Staffordshirefa @StGeorgesPark #vetsfootball
63,626341321670828033,Wed Jul 29 10:39:42 +0000 2015,0,0,RIP #CecilTheLion
64,626285506956009472,Wed Jul 29 06:57:55 +0000 2015,76,0,"RT @mrjakehumphrey: Great #Cecil article @piersmorgan

These 'hunters' are so brave. Killing lions with their bare hands...wrapped around a…"
65,626127725821079556,Tue Jul 28 20:30:57 +0000 2015,0,0,Watching Maggie different take on the normal post apocalyptic zombie film who would have thought that they undead have feelings.........
66,625762547136860164,Mon Jul 27 20:19:52 +0000 2015,0,0,Good article in this months @menshealthuk leongabbidon dismissing the myths about vegan athletes… https://t.co/rb46B4ZHT0
67,625715652104486913,Mon Jul 27 17:13:31 +0000 2015,2,1,If any one fancies a game in the over 35's league on Friday at @StGeorgesPark for @BartonUnited please DM me your details #vetsfootball
68,625706621705027584,Mon Jul 27 16:37:38 +0000 2015,0,0,As Mondays go I have definitely had better ones .....
69,624442966699057152,Fri Jul 24 04:56:19 +0000 2015,0,1,Happy Anniversary to my wife 11 years ago today we had the most amazing day @comlongoncastle with friends &amp; family #lovegetssweetereveryday
70,623221801670344704,Mon Jul 20 20:03:51 +0000 2015,0,1,Took tonight's session outdoors with the @SKLZ recoil 360 and the @ViPR_fit simple but effective only bad thing battery dead on the @GoPro
71,622783934514995201,Sun Jul 19 15:03:55 +0000 2015,0,0,"Back up and running after a few years off the road, the brakes need some attention and the tyres… https://t.co/kSNHa3ULrz"
72,621969057508642816,Fri Jul 17 09:05:53 +0000 2015,0,0,Boom! Foo fighters tickets booked for Sept @FooFightersDave best wrap yourself in cotton wool to avoid another injury before then!
73,620699885667524608,Mon Jul 13 21:02:39 +0000 2015,0,0,I wanna dance by water neath Mexican sky drink margaritas by a string of blue lights listen to the mariachi play at midnight are u with me?
74,618887298537660417,Wed Jul 08 21:00:04 +0000 2015,1518,0,"RT @robboma3: Eleven years yesterday,#Greece won Euro 2004. 

Today, Greece would be happy with 2004 Euros."
75,618886945154928640,Wed Jul 08 20:58:40 +0000 2015,313,0,RT @aaronramsey: I'll announce the winner tomorrow morning 👍
76,618886919246774273,Wed Jul 08 20:58:34 +0000 2015,5266,0,"RT @aaronramsey: Enjoyed @ProDirect_LDN with @NBFootball today. Got a signed pair of Visaro boots to give away, RT for a chance to win http…"
77,618476497255444480,Tue Jul 07 17:47:42 +0000 2015,0,0,So proud of my little girl she has just completed her first aquathlon race aged 10 smashing both the swim &amp; run in great times! #prouddad
78,617093434097180674,Fri Jul 03 22:11:54 +0000 2015,0,0,Final night of our summer holiday #timeflies #valuablethinkingtime decisions made action to be taken rewards to be reaped #behappy
79,616729180009562112,Thu Jul 02 22:04:29 +0000 2015,0,0,My gorgeous wife #alvor2015 http://t.co/ygwaAoMnck
80,615111905737314304,Sun Jun 28 10:58:01 +0000 2015,0,0,Mi casa well for 1 week at least #summerholidays http://t.co/4eRZaKXYnc
81,614679807624892416,Sat Jun 27 06:21:00 +0000 2015,0,0,@SkyHelpTeam not available for 2 weeks and not prepared to pay for something I cannot use
82,614668609676296192,Sat Jun 27 05:36:31 +0000 2015,0,0,@SkyHelpTeam been through all this with the guy last night current one not suitable that's why a new 1 was sent but never arrived
83,614517922883608576,Fri Jun 26 19:37:44 +0000 2015,0,0,@SkyUK customer services a joke new fibre hub not arrived no broadband and i have to pay a termination fee for something I have never had?
84,613445499354513408,Tue Jun 23 20:36:18 +0000 2015,0,0,The most important thing is this: to be able at any moment to sacrifice what you are for what you will become #ericthomas #howbaddoyouwantit
85,612729330507083776,Sun Jun 21 21:10:31 +0000 2015,0,0,@HarryDukesJnr viva la revolution
86,612728844978626560,Sun Jun 21 21:08:35 +0000 2015,0,0,Feel like I am destined for more than this just not sure what? Will take my summer hols and reflect plan and take control #achievemore
87,611985237275475971,Fri Jun 19 19:53:45 +0000 2015,2,1,Unbeaten in 3 games for Barton Utd in the @Staffordshirefa vets league with a 1-0 win tonight against a tough Hatton side #topoftheleague
88,611633937845198848,Thu Jun 18 20:37:49 +0000 2015,0,0,Another good coaching session with my under 7's tonight starting to play like little footballers #minisoccer #futurefootballers #lovethegame
89,610871624460566528,Tue Jun 16 18:08:39 +0000 2015,0,0,Just completed 2nd run with my little girl very proud she has entered her schools Olympic duathlon happy to be her training partner!!
90,610007365732159489,Sun Jun 14 08:54:24 +0000 2015,0,1,5 summer fruits pancakes are enough for anyone on a Sunday morning! Off to little boys sports day then for a run with my girl #SundayFunday
91,608728809744011264,Wed Jun 10 20:13:52 +0000 2015,0,1,Wednesday = @TRXtraining session @E3Fitness best way to get over the hump! #TRX #fitness #motivation #workhardplayhard #HumpDay
92,607303017923256321,Sat Jun 06 21:48:17 +0000 2015,271,0,RT @SundayLeagueFC: Andrea Pirlo in tears. #UCLFinal  #FinoAllaFine http://t.co/5VHsC5Howl
93,607302958615797760,Sat Jun 06 21:48:03 +0000 2015,93,0,"RT @damien_omeara: I'll be honest, I've never wanted to console another man as much as I do @Pirlo_official #legend #UCLfinal http://t.co/c…"
94,607302865875533824,Sat Jun 06 21:47:41 +0000 2015,111,0,RT @IndyFootball: Juve playmaker Andrea Pirlo in tears after the #UCLfinal. He is now set to join New York City http://t.co/k0gBmzmqcR http…
95,607257338052005888,Sat Jun 06 18:46:46 +0000 2015,0,0,@BJFLeague new Barton Rovers U7's teams looking for friendlies/tournaments ready for 2015/16 season any interested teams please DM
96,607255585973784577,Sat Jun 06 18:39:48 +0000 2015,0,0,No Prirlo no party! #UCLfinal #JuveFCB
97,607254694088593408,Sat Jun 06 18:36:15 +0000 2015,0,0,craziesandweirdos UK support #eatwhatelephantseat #vegan #plantbasednutrition https://t.co/hM2PpPHn3x
98,606845898572718080,Fri Jun 05 15:31:51 +0000 2015,4,0,"RT @MrRacingTips: Epsom Tips:

2:00 DON’T BE
2:35 SENNOCKIAN STAR (NAP)
3:10 CUSTOM CUT
3:45 OBSIDIAN
4:30 LEGATISSIMO (NB)
5:15 MUBTAGHAA
…"
99,606844692916006912,Fri Jun 05 15:27:04 +0000 2015,1,0,"RT @bigbets4u: 🏇🏼 MASSIVE ENHANCEMENT on #EpsomDerby 

18/1 Jack Hobbs
or 
5/1 Golden Horn

Choose.. http://t.co/slhqthvmS1 

#Derby http:/…"
100,604554919325118464,Sat May 30 07:48:19 +0000 2015,32343,0,RT @elgalgojonas: Two things I learn from my illness how you can support a player (newcastle fans) and how you leAve a player alone (newcas…
101,603660376270622720,Wed May 27 20:33:43 +0000 2015,0,1,Mixed things up tonight with a shoulders &amp; legs PHA session used the @SKLZ 360 recoil for additional resistance #fitness #fitfam #training
102,603262716833341440,Tue May 26 18:13:34 +0000 2015,0,1,@LFC posted my little boys handmade birthday/leaving card for Stevie G today via Anfield hopefully he gets it??  #filledwithhope #YNWA #LFC
103,603260007312990208,Tue May 26 18:02:48 +0000 2015,0,1,Pretty much think I have walked further in the last week than I have done in the last 20 years! Not having a car has been quite refreshing!
104,602935286876766209,Mon May 25 20:32:29 +0000 2015,0,1,Tough push pull @TRXtraining session tonight working upper body &amp; core #suspensiontraining #chest #biceps #triceps #back #training #fitfam
105,601493184317882368,Thu May 21 21:02:05 +0000 2015,0,0,At any one time in the waters around cape town there could be up to 700 sharks sharing the ocean with the surfers! #sharkfact #nogozoneforme
106,601134281054892032,Wed May 20 21:15:55 +0000 2015,0,1,@BartonUnited no this is it now time to call it a day and give something back to the club coaching and managing
107,601131426055073792,Wed May 20 21:04:35 +0000 2015,1,0,War wounds from tonight's 90 min battle that sadly ended in defeat 3-2 not the ending I was hoping for @BartonUnited http://t.co/vCIPag3kNG
108,600986236719890432,Wed May 20 11:27:39 +0000 2015,1,2,The last time I will pull on this shirt for @BartonUnited in tonight's cup final lets hope it's as a winner!? http://t.co/7qeFuXmCdS
109,599610365090095104,Sat May 16 16:20:25 +0000 2015,0,0,Not sure I am going to get through the next couple of hours without shedding a tear! Simply the greatest of a generation #StevieG  #YNWA
110,598850670704390144,Thu May 14 14:01:40 +0000 2015,0,0,Just finished #bloodlines s1 very dark tense drama can't wait now for series 2 #FAMILYSECRETS
111,598791237588627457,Thu May 14 10:05:30 +0000 2015,0,0,Thanks @LazyDayFoodsLtd for my hamper that came this morning! I will enjoy a couple over a brew but where do start? http://t.co/gJ82yHiQT8
112,598598209871716352,Wed May 13 21:18:29 +0000 2015,58,0,RT @vegan: It has never been so easy to go vegan. Vegan food is better and more widely available than ever before.
113,598203597696929792,Tue May 12 19:10:26 +0000 2015,0,0,Feeling the soreness of last night's #GVT  session at @E3Fitness legs still feel like jelly #strength #fitness #fitfam #trainhardplayhard
114,596783198094372864,Fri May 08 21:06:16 +0000 2015,2,0,Great start to my player/manager career with @BartonUnited vets team beating the Swifts 4-0 in the @Staffordshirefa League #winningstart
115,596726609551466496,Fri May 08 17:21:25 +0000 2015,0,0,@HarryDukesJnr political fact of the day there are now more live pandas in Scotland than Labour MP's #GE2015 #pandafact
116,596406400164704256,Thu May 07 20:09:01 +0000 2015,0,1,"Lucky birthday boy today although the day has been really busy with work, coaching &amp; voting still found a small gap for the family #blessed"
117,596012062398091264,Wed May 06 18:02:03 +0000 2015,0,0,@tanya_d81 defo a grey area amongst my kind I am in the no camp soz
118,595329945603289088,Mon May 04 20:51:34 +0000 2015,1,0,RT @Lostfootballs: If you love goalposts (and who doesn't?) then give our sister account @goalpostphotos a follow or even better send them …
119,593881876831543297,Thu Apr 30 20:57:27 +0000 2015,0,0,Sad to hear that the young Belgian footballer Gregory Mertens has died football is just football life is so precious #RIPGregoryMertens
120,593848975788212224,Thu Apr 30 18:46:43 +0000 2015,0,1,1st session tonight as under 7's coach! No laps of the pitch or press up insight how training has changed since my early days as a player
121,593679755557363712,Thu Apr 30 07:34:18 +0000 2015,1,0,Great cup final result last night for @BartonUnited although my body is in bits today! @Burtonfa1
122,592341801610149890,Sun Apr 26 14:57:45 +0000 2015,3,2,Happy days level 1 coaching course passed in the sunshine @StGeorgesPark with @Staffordshirefa  Hardwork starts on Thursday 1st solo session
123,590606094608769024,Tue Apr 21 20:00:40 +0000 2015,0,1,"Nice 45 minute evening workout in the garden done, balance coordination and agility the focus using the @SKLZ recoil 360 #trainhowyouplay"
124,589873594785787906,Sun Apr 19 19:29:58 +0000 2015,0,1,@jennac_84  #jossiesgiants #grangehill #mrbenn
125,589864839960473600,Sun Apr 19 18:55:11 +0000 2015,0,1,@jennac_84 this could go on for a while #Eldorado #brookside #Savedbythebell #screech #malletsmallet
126,589859079662731265,Sun Apr 19 18:32:18 +0000 2015,0,1,@jennac_84 some us can remember further back #differentstrokes #ALF #90210 #Bullseye
127,589856596739497984,Sun Apr 19 18:22:26 +0000 2015,0,0,Great weekend doing the first part of my FA Level 1 course good group of people just need to brush up on my technique as it has been a while
128,589476994368274432,Sat Apr 18 17:14:02 +0000 2015,299,0,"RT @football_league: Congratulations to @burtonalbionfc, who have won promotion to @SkyBetLeague1! http://t.co/kAdZnJYikv"
129,589102042758676481,Fri Apr 17 16:24:06 +0000 2015,0,0,Level 1 FA Coaching course starts tonight at @StGeorgesPark looking forward to restarting my coaching career!
130,588817972212404224,Thu Apr 16 21:35:18 +0000 2015,0,0,2 down one more to go REC: Genesis #zombies #zombienight
131,588805390504218624,Thu Apr 16 20:45:19 +0000 2015,0,0,@genbabe55 its educational you need to know what to do/not a do in an outbreak #saveyourself
132,588804414045102080,Thu Apr 16 20:41:26 +0000 2015,0,0,@genbabe55 sounds good now let me get back to my zombies!
133,588803950964580352,Thu Apr 16 20:39:36 +0000 2015,0,0,@genbabe55 indeed I am how about you?
134,588803528627453952,Thu Apr 16 20:37:55 +0000 2015,0,0,@genbabe55 not for a while I don't think we need to catch up soon though lots to talk about
135,588802888375398402,Thu Apr 16 20:35:22 +0000 2015,0,1,@genbabe55 just those that follow a Wednesday and come before Friday
136,588801875174109184,Thu Apr 16 20:31:21 +0000 2015,0,0,@genbabe55 of course you are its a Thursday!
137,588801637419974656,Thu Apr 16 20:30:24 +0000 2015,0,0,@genbabe55 some scary shit this film!
138,588793825214263296,Thu Apr 16 19:59:21 +0000 2015,1,1,Time for REC 2 #zombieapocalypse
139,588266082705760257,Wed Apr 15 09:02:18 +0000 2015,0,0,"Yesterday was full of crazy golf, 2p slots, the fair &amp; games on the beach followed by chippy tea by the sea #skegness http://t.co/SxVqH2cgbL"
140,587973643835199489,Tue Apr 14 13:40:15 +0000 2015,0,0,Skegness for the day!
141,587746331336298496,Mon Apr 13 22:36:59 +0000 2015,0,0,Watching the first REC film seriously scary Spanish zombie movie not for the faint hearted! 2 more to go yet! #wehavetotapeeverythingpablo
142,587321343147913216,Sun Apr 12 18:28:14 +0000 2015,0,0,Birthday celebrations complete family gone home time to kick back relax and think about not going to work all week! #kidsparties #easterhols
143,586922452279758850,Sat Apr 11 16:03:11 +0000 2015,1,1,Thanks to @BurtonAlbionCT @scottdog89 for Harrison's 6th birthday party today oh and not forgetting Billy Brewers special appearance
144,586919767367352320,Sat Apr 11 15:52:31 +0000 2015,0,0,I spent hrs studying the form guide to choose my national horses and nothing! My little girl chooses the best name and wins! #GrandNational
145,586636029060325376,Fri Apr 10 21:05:03 +0000 2015,0,0,Cheers mate think we have 14 in attendance one or two maybe non footballers though
146,586635028756635650,Fri Apr 10 21:01:04 +0000 2015,0,0,@scottdog89 just checking you are still ok for tomorrow mate wife having a mad panic moment needs reassuring!
147,585859425551933440,Wed Apr 08 17:39:06 +0000 2015,0,0,@HarryDukesJnr ah yes good times let me know when you are around
148,585858405971206144,Wed Apr 08 17:35:03 +0000 2015,0,0,@HarryDukesJnr I had logged off therefore shift over but always nice to pass pleasantries with you!
149,585845869200723968,Wed Apr 08 16:45:14 +0000 2015,0,0,You know you have had a strange day when the only person you have spoken to and I mean physically spoken to not emailed is the IT fix it guy
150,585143243559587842,Mon Apr 06 18:13:15 +0000 2015,0,0,"Now that's how you do a BH weekend! Movies, football, family, friends, Easter egg hunts, musicals all topped off with a visit to the peaks!"
151,583915323067367425,Fri Apr 03 08:53:56 +0000 2015,0,1,@Kodaline just heard The One for the first time what a beautiful song &amp; video to match made my Good Friday a Great Friday!
152,582635123935485953,Mon Mar 30 20:06:53 +0000 2015,0,0,Tough session in the pool tonight like swimming in treacle still feeling the effects of Saturday's game I think? #trainhardplayhard
153,582110467012849664,Sun Mar 29 09:22:05 +0000 2015,0,0,Busy morning so far and its not even 10:30am on a positive no real aches and pains from yesterday's 120 min semi final victory!
154,581875959827173376,Sat Mar 28 17:50:14 +0000 2015,1,0,@BartonUnited reserves great result today real team effort from the first whistle and cracking pens to win it my first in a few seasons!
155,580129102469939200,Mon Mar 23 22:08:50 +0000 2015,0,0,Recovery session done although it actually turned into a full on sweatfest still upset with the weekend result train how you play #trainhard
156,580127152328314883,Mon Mar 23 22:01:06 +0000 2015,0,0,If you want to make one positive change to your life this week then buy @JamesBayMusic Chaos and the Calm trust me it's a game changer!
157,579697581565034496,Sun Mar 22 17:34:08 +0000 2015,0,0,Still waiting Mr plumber man............. Just about got my head above the water level.........
158,579650290636455937,Sun Mar 22 14:26:13 +0000 2015,0,0,Between 1-2pm the plumber said ....... whenever your ready mate it's not like we have nothing better to do!
159,579006376019652608,Fri Mar 20 19:47:32 +0000 2015,0,1,Friday night chores seen to be done a whole lot quicker with @MNEK and @RagNBoneManUK coming through the speakers!
160,578912981922230272,Fri Mar 20 13:36:25 +0000 2015,0,0,Treated my little lad to some new football trainers joma have served me well over the years although… https://t.co/9aiJmwG9tl
161,578840000353210368,Fri Mar 20 08:46:25 +0000 2015,0,0,@LondonMidland not according to national rail enquiries it was cancelled at stoke and the next service was 08:43 somewhere the info is wrong
162,578838465703485440,Fri Mar 20 08:40:19 +0000 2015,0,0,@LondonMidland Milton Keynes central
163,578838333352202240,Fri Mar 20 08:39:47 +0000 2015,0,0,@HarryDukesJnr I believe it is due to the alignment of the planet's
164,578837552741904384,Fri Mar 20 08:36:41 +0000 2015,0,0,@LondonMidland @richlindsay16 it was the 07:56 from Lichfield train fault I believe
165,578820345928486912,Fri Mar 20 07:28:19 +0000 2015,0,0,@LondonMidland the only day I decide to get the later train into work and you cancel it! #conspiracytheory
166,578246655994142721,Wed Mar 18 17:28:40 +0000 2015,0,0,Come on get motivated training later #lethargic #midweekslumber #HumpDay
167,577566287880171520,Mon Mar 16 20:25:08 +0000 2015,0,0,My little girl has not even been gone for 1 day and I am missing her already! I am sure she is having a great time #growinguptoofast
168,577374216699424768,Mon Mar 16 07:41:55 +0000 2015,2,0,RT @thecoplestones: @LondonMidland a timetable that encourages your passengers run at Northampton over stairs to  miss the connecting train…
169,576875002999529472,Sat Mar 14 22:38:13 +0000 2015,0,0,Going back to my childhood Saturday night's watching jaws (from behind the sofa) don't go in the water! Der da Der da Der da ...............
170,575051638991384576,Mon Mar 09 21:52:49 +0000 2015,0,0,Results are in from yesterdays aquathlon very chuffed with sub 10 min swim time and decent 5k run triathlon up next then #trainhard
171,574670611525537792,Sun Mar 08 20:38:45 +0000 2015,0,1,Busy weekend but the highlight by far was my little girls theatrics show she is so talented and confident on that stage amazing love her
172,574555460226977792,Sun Mar 08 13:01:11 +0000 2015,0,1,@theshoes_barton aquathlon not biathlon no skis required in burntwood today!
173,574551953948196864,Sun Mar 08 12:47:15 +0000 2015,1,0,RT @theshoes_barton: First out the pool but the younger man pipped me over all #burntwoodbiathlon http://t.co/kYURJtsSuH
174,574127496494497792,Sat Mar 07 08:40:36 +0000 2015,0,0,Light training session done early this morning before tomorrow's race now time to rest up eat &amp; clean ready to be in the pool to smash my PB
175,572863129790496769,Tue Mar 03 20:56:28 +0000 2015,0,0,#bringsallyup challenge managed 1:53 poor effort need to work on my upper body strength
176,572504514735030273,Mon Mar 02 21:11:27 +0000 2015,0,0,Another PB in the pool tonight followed by TRX core stability sesh feeling good for Sunday looking fwd to pushing my limits #hardworkpaysoff
177,572468539526922240,Mon Mar 02 18:48:30 +0000 2015,0,0,Last swim session before my race on Sunday not spent enough time in the pool will be happy to complete the distance and set down a marker
178,571661490639511552,Sat Feb 28 13:21:34 +0000 2015,0,0,Best of luck to @BartonUnited reserves in their cup game today gutted I am missing another one
179,571391337297260545,Fri Feb 27 19:28:05 +0000 2015,0,0,Purple rain by Prince has to be one of the greatest pieces of pop music ever although tbf he is still a little bit mental! #justsaying
180,569971301105983489,Mon Feb 23 21:25:22 +0000 2015,0,1,Another 90 seconds off my swim time tonight followed by intense core workout at @E3Fitness #trx #stability #abs #swimfit #fit #veganathlete
181,569118119966457856,Sat Feb 21 12:55:08 +0000 2015,0,0,@chris4watson isn't that obvious..... Youtube
182,569109472297283584,Sat Feb 21 12:20:46 +0000 2015,0,1,There can be no more pleasing sight to a parent as your son masters the maradona turn during a game #teartotheeye #tekkers
183,568019478476406784,Wed Feb 18 12:09:31 +0000 2015,0,1,@jennac_84 sat on my own having lunch in the canteen......... Are you welling up yet? #lonelyguyeatinglunch #saddo
184,567720517634113537,Tue Feb 17 16:21:33 +0000 2015,458,0,RT @TheLadBible: Gerrard's Instagram looking like the start of a porno... http://t.co/nuK0yYviQr
185,567666952710393856,Tue Feb 17 12:48:42 +0000 2015,0,3,@DeliciouslyElla first try from your book at lunch the quinoa taboulleh went down a treat boring sandwiches a thing of the past #eatclean
186,567437329372299265,Mon Feb 16 21:36:16 +0000 2015,0,0,Intense HIIT session tonight followed by strong leg workout need a sit down now!
187,566958774586707968,Sun Feb 15 13:54:40 +0000 2015,0,0,**Lane Rage** why in a pool that only has one lane dedicated to actual swimmers would you do slow ass backstroke so frustrating #swimfaster
188,566662813595471873,Sat Feb 14 18:18:37 +0000 2015,0,0,I thought shopping for women was supposed to be therapeutic? Come home is a worse mood then when she left? Don't get it?
189,566576308290080768,Sat Feb 14 12:34:53 +0000 2015,0,1,Best of luck to both @BartonUnited sides today I should be back for selection within the next couple of weeks #blackswans #BUFC
190,566523240907292672,Sat Feb 14 09:04:00 +0000 2015,0,0,Boyz 2 men evoking memories of failed teenage valentines! #valentinesmixtape
191,566513731317018624,Sat Feb 14 08:26:13 +0000 2015,0,0,Valentine's gifts from my amazing wife #alwayssupportive #Valentine http://t.co/D52jamjWMT
192,565937548628090881,Thu Feb 12 18:16:40 +0000 2015,0,0,"Our opportunity to shine in the game of life is fleeting the clock is ticking, so go the extra mile with a fresh sense of purpose &amp; passion"
193,565627790847127555,Wed Feb 11 21:45:48 +0000 2015,823,0,"RT @BoringMilner: Samir Nasri said Great goal, James. I said Thanks. Great cross, Samir. He said Thanks."
194,564899394542383106,Mon Feb 09 21:31:25 +0000 2015,0,0,Smashed my swim tonight knocking 2 mins off last week's time! Celebrated with a strength &amp; conditioning session #starttheweekstrong #swimfit
195,564137555286065152,Sat Feb 07 19:04:09 +0000 2015,0,0,Date night with the wife and what does she do...... Hook up with her work pals and disappear off smoking....... #whydoibother
196,564130949215322112,Sat Feb 07 18:37:53 +0000 2015,0,0,Arrived in Manchester for Phoenix Nights #canyouhearmenow
197,563790915169693696,Fri Feb 06 20:06:43 +0000 2015,0,0,What's this pantomime at Cardiff about? #getonwithit
198,563401405722284032,Thu Feb 05 18:18:57 +0000 2015,0,0,Not impressed with the standard of coaching tonight it's freezing keep them moving if it's fun they will learn along the way!
199,563311775454867456,Thu Feb 05 12:22:47 +0000 2015,0,0,Thursday treat! http://t.co/JtD106oDq5
