,id_str,created_at,retweet_count,favorite_count,text
0,666800383201775616,Wed Nov 18 02:09:34 +0000 2015,0,0,I liked a @YouTube video https://t.co/GUaeJtctQO Madonna - Bedtime Story (Video)
1,662510051811270656,Fri Nov 06 06:01:19 +0000 2015,0,0,"Here's the music video for ""Pines"" from the split with TV Favorites, ""Quiet TV""! https://t.co/1CqcAmQNMu"
2,662104646752817152,Thu Nov 05 03:10:23 +0000 2015,0,0,I liked a @YouTube video https://t.co/95fSTDoLX1 Jello Biafra on Portlandia
3,661734875192500224,Wed Nov 04 02:41:03 +0000 2015,0,0,"Ian Quiet has a show on 11/05/2015 at 06:00 PM @ artspace in Shreveport, LA https://t.co/XUulGDMJlm https://t.co/HFCaYqAFmc"
4,661734873435017216,Wed Nov 04 02:41:02 +0000 2015,0,0,"Ian Quiet has a show on 11/05/2015 at 06:00 PM @ artspace in Shreveport, LA https://t.co/XUulGDv7WM #concert"
5,661734865340080128,Wed Nov 04 02:41:00 +0000 2015,0,0,"Ian Quiet has a show on 11/05/2015 at 06:00 PM @ artspace in Shreveport, LA https://t.co/ftArUVXwPS https://t.co/bxGjRjh3XQ"
6,661734863632920576,Wed Nov 04 02:41:00 +0000 2015,0,0,"Ian Quiet has a show on 11/05/2015 at 06:00 PM @ artspace in Shreveport, LA https://t.co/ftArUWf7Hq #concert"
7,661734855865184256,Wed Nov 04 02:40:58 +0000 2015,0,0,"Ian Quiet has a show on 11/05/2015 at 06:00 PM @ artspace in Shreveport, LA https://t.co/aGyTlVDajo https://t.co/BdYzLwGidk"
8,661734854141186048,Wed Nov 04 02:40:58 +0000 2015,0,0,"Ian Quiet has a show on 11/05/2015 at 06:00 PM @ artspace in Shreveport, LA https://t.co/aGyTlVULaW #concert"
9,660969077456904192,Sun Nov 01 23:58:02 +0000 2015,0,0,"Posted a new song: ""Pines"" https://t.co/yyV61OZ5gL https://t.co/1NGVQQaVJD"
10,660969077259632640,Sun Nov 01 23:58:02 +0000 2015,0,0,"Posted a new song: ""Pines"" https://t.co/yyV61PgG8j #music"
11,657007309651095553,Thu Oct 22 01:35:23 +0000 2015,0,0,"Ian Quiet has a show on 10/23/2015 at 07:00 PM @ Trailer Space Records in Austin, TX... https://t.co/ebeOCFI71M"
12,657007309273468929,Thu Oct 22 01:35:23 +0000 2015,0,0,"Ian Quiet has a show on 10/23/2015 at 07:00 PM @ Trailer Space Records in Austin, TX https://t.co/W4l0jO9JJa #concert"
13,656982382856171520,Wed Oct 21 23:56:20 +0000 2015,0,0,"Ian Quiet has a show on 10/23/2015 at 07:00 PM @ Trailer Space Records in Austin, TX... https://t.co/gGSVGsx0WV"
14,656982380339527680,Wed Oct 21 23:56:20 +0000 2015,0,0,"Ian Quiet has a show on 10/23/2015 at 07:00 PM @ Trailer Space Records in Austin, TX https://t.co/2FzJ0ABmHI #concert"
15,656799468088487936,Wed Oct 21 11:49:30 +0000 2015,0,0,Dry Your Tears (HQ) by Ian Quiet: https://t.co/DqTs9Kp0ed
16,656229064739561472,Mon Oct 19 22:02:55 +0000 2015,0,0,I liked a @YouTube video https://t.co/yOTccOsJ8d Missing Persons - Words
17,653185931529297921,Sun Oct 11 12:30:36 +0000 2015,0,0,I liked a @YouTube video http://t.co/nASM5smpac Madonna - Give It 2 Me (ft. Pharrell) (Official Music Video)
18,652463305022406656,Fri Oct 09 12:39:08 +0000 2015,0,0,Ian Quiet - Pumpkin Patch (Official): http://t.co/wNeWSZS8pq
19,650751557948981248,Sun Oct 04 19:17:16 +0000 2015,0,0,"Posted a new photo: ""Craft. Fashion. Multi-disciplinary. Music."" http://t.co/PrP6S9G2EM http://t.co/r2658hsvDR"
20,650751556036333568,Sun Oct 04 19:17:15 +0000 2015,0,0,"Posted a new photo: ""Craft. Fashion. Multi-disciplinary. Music."" http://t.co/PrP6S9G2EM"
21,650750957479968768,Sun Oct 04 19:14:53 +0000 2015,0,0,Posted a new photo: http://t.co/dRGAWp4LyG http://t.co/mtF8N3D8SG
22,650750955386880000,Sun Oct 04 19:14:52 +0000 2015,0,0,Posted a new photo: http://t.co/dRGAWoNaa6
23,650750530323542016,Sun Oct 04 19:13:11 +0000 2015,0,0,Posted a new photo: http://t.co/RaePWmOqU7 http://t.co/81dCcK0bYy
24,650750529023295488,Sun Oct 04 19:13:11 +0000 2015,0,0,Posted a new photo: http://t.co/RaePWmOqU7
25,645798749512536064,Mon Sep 21 03:16:34 +0000 2015,0,0,"Ian Quiet has a show on 09/22/2015 at 08:00 PM @ hot shot's in Shreveport, LA http://t.co/j0moH11O55 http://t.co/MxOLohgQ6k"
26,645798745536225280,Mon Sep 21 03:16:33 +0000 2015,0,0,"Ian Quiet has a show on 09/22/2015 at 08:00 PM @ hot shot's in Shreveport, LA http://t.co/j0moH1joWD #concert"
27,645413821373411329,Sun Sep 20 01:47:00 +0000 2015,0,0,I liked a @YouTube video http://t.co/cVHQFVRc1S Selena - I Could Fall In Love
28,645006270110560256,Fri Sep 18 22:47:33 +0000 2015,0,0,I liked a @YouTube video http://t.co/o2pcYaJXIo Sonic Youth + I.C.P. + The Ex - VIII - In The Fishtank 9
29,643511425227444224,Mon Sep 14 19:47:34 +0000 2015,0,0,Follow me also @theianquietband @shaxoioioi
30,637434772390711296,Sat Aug 29 01:21:07 +0000 2015,0,0,I liked a @YouTube video http://t.co/0n5LNMoAPv tv favorites- Strawberry Heroin
31,634742392650776577,Fri Aug 21 15:02:34 +0000 2015,0,0,The first video from Quiet TV! http://t.co/q8ZTTz0G92
32,634406900713459712,Thu Aug 20 16:49:26 +0000 2015,0,0,Add a message to your video http://t.co/J6ywlZxKm2
33,634388393816924160,Thu Aug 20 15:35:54 +0000 2015,0,1,"Posted a new photo: ""ATTN: blood Single Cover"" http://t.co/hAAMfScKk0 http://t.co/tVDRWp2nHc"
34,634388392176840705,Thu Aug 20 15:35:53 +0000 2015,0,1,"Posted a new photo: ""ATTN: blood Single Cover"" http://t.co/hAAMfRV8Vq"
35,634376279131844608,Thu Aug 20 14:47:45 +0000 2015,0,1,"Posted a new song: ""ATTN: blood"" http://t.co/xBgQxyzS8e http://t.co/yKN8PJG6Fa"
36,634376277323984896,Thu Aug 20 14:47:45 +0000 2015,0,0,"Posted a new song: ""ATTN: blood"" http://t.co/xBgQxyRsZM #music"
37,631332961951088640,Wed Aug 12 05:14:42 +0000 2015,0,0,"Ian Quiet has a show on 08/13/2015 at 09:00 PM @ Sluggo's in Pensacola, FL http://t.co/XiIP0buz8I http://t.co/FCr8tJW1Xd"
38,631332960298364928,Wed Aug 12 05:14:41 +0000 2015,0,0,"Ian Quiet has a show on 08/13/2015 at 09:00 PM @ Sluggo's in Pensacola, FL http://t.co/XiIP0bcXK8 #concert"
39,621469092235624448,Wed Jul 15 23:59:12 +0000 2015,0,0,"Ian Quiet has a show on 07/17/2015 at 07:00 PM @ Trailer Space Records in Austin, TX... http://t.co/zMtlG6bzO1"
40,621469090901725184,Wed Jul 15 23:59:12 +0000 2015,0,0,"Ian Quiet has a show on 07/17/2015 at 07:00 PM @ Trailer Space Records in Austin, TX http://t.co/ZMwqcVz5v1 #concert"
41,619576161304227840,Fri Jul 10 18:37:22 +0000 2015,0,0,"Ian Quiet, live in concert on July 17th | ReverbNation http://t.co/jja0PK4ttM"
42,619576160653938689,Fri Jul 10 18:37:22 +0000 2015,0,0,http://t.co/fkF7sOaWOe
43,619344847850315776,Fri Jul 10 03:18:13 +0000 2015,0,0,"Ian Quiet has a show on 07/11/2015 at 08:00 PM @ New Orleans School for ... in New Orleans, LA... http://t.co/MHuKNdJWPx"
44,619344846042460161,Fri Jul 10 03:18:12 +0000 2015,0,0,"Ian Quiet has a show on 07/11/2015 at 08:00 PM @ New Orleans School for ... in New Orleans, LA http://t.co/bUgmHxtdFn #concert"
45,614759545273978880,Sat Jun 27 11:37:51 +0000 2015,0,0,New music video for a single from Quiet TV. Aug or Nov depending on if the song is the first or second single. Quiet TV drops this November.
46,610632792599339008,Tue Jun 16 02:19:37 +0000 2015,0,1,The Minivan Voyage Tour -Video Journal-(Austin TX…: http://t.co/QAZloNvxB9 The last time I went to Austin! LOL
47,610498050663030784,Mon Jun 15 17:24:12 +0000 2015,0,0,"Whale Rock (Live at Hangar 21, Sep. 20, 2014): http://t.co/sDk2XMGiPE @theianquietband"
48,610239208511401985,Mon Jun 15 00:15:39 +0000 2015,0,0,"""@Reshaud: @ianquiet @YouTube I've been on FB. My Twitter app is slow and something weird is up with Reverb app which is synced with em all"
49,610232630819352576,Sun Jun 14 23:49:31 +0000 2015,0,1,"""@Reshaud: @ianquiet @YouTube oh snap,..you're alive??"" LOL Yes! Did someone tell you otherwise? ;D"
50,610096443794178048,Sun Jun 14 14:48:21 +0000 2015,0,0,I liked a @YouTube video http://t.co/wnsdbOPGGT Marcos Dorante + - 5292015
51,603738153422290944,Thu May 28 01:42:47 +0000 2015,0,0,Working on a new song for my solo album for '16 and it needs a beat. Thought it would be fun to outsource the... http://t.co/8uoT9Q6sLa
52,603738152918847488,Thu May 28 01:42:47 +0000 2015,0,0,Working on a new song for my solo album for '16 and it needs a beat. Thought it would be fun to outsource the job. Interested? Msg me!
53,602606393493970945,Sun May 24 22:45:34 +0000 2015,0,0,"""@sprexinmyself: @ianquiet have you found anyone yet? I'll be in town.  Lemme know if I can help :D :D :D :D :D"" Need venue! Maybe winter &lt;3"
54,602605164818780160,Sun May 24 22:40:41 +0000 2015,0,0,"@sprexinmyself We're open to playing Houston in the winter, but we still need a venue!  &lt;3 &lt;3 &lt;3"
55,602527611517018112,Sun May 24 17:32:31 +0000 2015,0,0,"I liked a @YouTube video http://t.co/vDGsMCl8Dx Jimi Hendrix guitar burning, Monterey Pop 1967 (My final edit)"
56,601421896622731266,Thu May 21 16:18:48 +0000 2015,0,0,"New show announcement coming soon! Universe, are you doing what I think you're doing? ;) http://t.co/hiMNPoXTvO"
57,601421896022757376,Thu May 21 16:18:48 +0000 2015,0,0,"New show announcement coming soon! Universe, are you doing what I think you're doing? ;)"
58,601377751883452416,Thu May 21 13:23:23 +0000 2015,0,0,Madonna - Jump [Official Video]: http://t.co/jfse8Y8R4J
59,601377576158941184,Thu May 21 13:22:41 +0000 2015,0,0,I liked a @YouTube video http://t.co/h4NSD2qsOP Madonna - Jump [Official Video]
60,596297667203989505,Thu May 07 12:56:57 +0000 2015,0,0,I'm looking for someone to interact with some props for my first song on May 21 and to snap their fingers for the... http://t.co/aVqaRB2J9C
61,596297666151124992,Thu May 07 12:56:56 +0000 2015,0,0,I'm looking for someone to interact with some props for my first song on May 21 and to snap their fingers for the last song. Any volunteers?
62,594692711044616194,Sun May 03 02:39:25 +0000 2015,0,0,Add a message to your video http://t.co/Ui9rqtneb5
63,594692658922160128,Sun May 03 02:39:13 +0000 2015,0,0,Balloon Bass Promo https://t.co/HJ4zgxlHNZ via @YouTube
64,594347712016994304,Sat May 02 03:48:31 +0000 2015,0,0,"Ian Quiet has a show on 05/03/2015 at 07:00 PM @ TBD in New Orleans, LA http://t.co/DTBO78RSSZ http://t.co/f8vTq29l6O"
65,594347711555448832,Sat May 02 03:48:31 +0000 2015,0,0,"Ian Quiet has a show on 05/03/2015 at 07:00 PM @ TBD in New Orleans, LA http://t.co/DTBO799tKx #concert"
66,593078900340748288,Tue Apr 28 15:46:43 +0000 2015,0,0,BBC News - US states take aim at NSA over warrantless surveillance http://t.co/t0rYhhT1E7
67,593024968696279040,Tue Apr 28 12:12:25 +0000 2015,0,0,My set at NOizeFest in NOLA is just around the corner! I will be using a custom made instrument and a homemade one. It won't be too minimal!
68,590747241440276481,Wed Apr 22 05:21:32 +0000 2015,0,1,Just joined #musicforgood on @ReverbNation - now 1/2 of my song sales are donated to @beatmakinglab http://t.co/MGgCRenwyu
69,590573259986440192,Tue Apr 21 17:50:12 +0000 2015,0,0,My solo show in NOLA July 11 is still happening! I will create a new event page for it soon!
70,590573259835502592,Tue Apr 21 17:50:12 +0000 2015,0,0,My solo show in NOLA July 11 is still happening! I will create a new event page for it soon! http://t.co/MSnFxuRmCI
71,590147353585127424,Mon Apr 20 13:37:48 +0000 2015,0,0,I will be releasing a limited edition CD-R to coincide with my performance at NOizeFest! The material will not be made available online.
72,588210477911506944,Wed Apr 15 05:21:21 +0000 2015,0,0,Just joined #musicforgood on @ReverbNation - now 1/2 of my song sales are donated to @beatmakinglab http://t.co/MGgCReF7q2
73,586678553531539457,Fri Apr 10 23:54:01 +0000 2015,0,1,"Ian Quiet has a show on 04/12/2015 at 05:00 PM @ Big D's BBQ in Shreveport, LA http://t.co/NWbPTZOpyz http://t.co/XDgQnwZz33"
74,586678549450395648,Fri Apr 10 23:54:00 +0000 2015,0,0,"Ian Quiet has a show on 04/12/2015 at 05:00 PM @ Big D's BBQ in Shreveport, LA http://t.co/NWbPU060q7 #concert"
75,585673797006708738,Wed Apr 08 05:21:29 +0000 2015,0,0,Just joined #musicforgood on @ReverbNation - now 1/2 of my song sales are donated to @beatmakinglab http://t.co/MGgCRenwyu
76,584918406094315520,Mon Apr 06 03:19:49 +0000 2015,0,0,"Dear Universe, I want to perform at Veg Fest 2016 in NOLA! I mean, hellooo!! Can we say shoe-in!!!? http://t.co/m1BtYh6luy"
77,584918405200748544,Mon Apr 06 03:19:49 +0000 2015,0,0,"Dear Universe, I want to perform at Veg Fest 2016 in NOLA! I mean, hellooo!! Can we say shoe-in!!!?"
78,584354515891040256,Sat Apr 04 13:59:08 +0000 2015,0,0,Gas Station of Love and I are doing a mini tour 8.12 SHV 8.13 Pcola 8.14 NOLA. Looking for venues!
79,583136941136162816,Wed Apr 01 05:20:55 +0000 2015,0,0,Just joined #musicforgood on @ReverbNation - now 1/2 of my song sales are donated to @beatmakinglab http://t.co/JVH2y3oB1w
80,582018535909502976,Sun Mar 29 03:16:46 +0000 2015,0,1,Finished my half of the upcoming split with TV Favorites. Next step is mastering. It's called Quiet TV and will be released in November!
81,581441593724526592,Fri Mar 27 13:04:13 +0000 2015,0,1,"Upcoming solo performances: Noizefest, May 3, NOLA, Hot Shots Bar, May 21, Shreveport,  New Orleans School for... http://t.co/3KHglrboDP"
82,581441593003012097,Fri Mar 27 13:04:13 +0000 2015,0,0,"Upcoming solo performances: Noizefest, May 3, NOLA, Hot Shots Bar, May 21, Shreveport,  New Orleans School for Esoteric Arts, Jul 11"
83,580600383397072896,Wed Mar 25 05:21:33 +0000 2015,0,0,Just joined #musicforgood on @ReverbNation - now 1/2 of my song sales are donated to @beatmakinglab http://t.co/MGgCRenwyu
84,580368509961650176,Tue Mar 24 14:00:10 +0000 2015,0,0,Looks like the split with TV Favorites will be released after July... http://t.co/PtgdPZABT7
85,580368509282099200,Tue Mar 24 14:00:09 +0000 2015,0,0,Looks like the split with TV Favorites will be released after July...
86,578990931572994048,Fri Mar 20 18:46:09 +0000 2015,0,0,"Updated solo performances! 05.03 - Noizefest, NOLA, 05.21 - Hot Shots, SBC w/ Crunk Witch, Nate Treme, Ziel Zuster, 07.11 NOSEA, NOLA"
87,578745407825641472,Fri Mar 20 02:30:32 +0000 2015,0,0,"Forgot to post on Reverbnation and Twitter, but I'm looking for a venue in SBC May 21 for Crunk Witch and myself! http://t.co/LjVm7ghDC4"
88,578745407347388417,Fri Mar 20 02:30:32 +0000 2015,0,0,"Forgot to post on Reverbnation and Twitter, but I'm looking for a venue in SBC May 21 for Crunk Witch and myself!"
89,578063512091516928,Wed Mar 18 05:20:55 +0000 2015,0,0,Just joined #musicforgood on @ReverbNation - now 1/2 of my song sales are donated to @beatmakinglab http://t.co/JVH2y3oB1w
90,577252649759858688,Sun Mar 15 23:38:51 +0000 2015,0,0,@NaimiYahia Hi!
91,577252587436707840,Sun Mar 15 23:38:36 +0000 2015,0,1,@Reshaud That was March 7. :)
92,575826491914743808,Thu Mar 12 01:11:48 +0000 2015,0,0,@NaimiYahia Hi friend!
93,575780494001897472,Wed Mar 11 22:09:01 +0000 2015,0,0,Ian Quiet solo sets in NOLA! May 3 for NOIZEFEST and July 11 at  New Orleans School for Esoteric Arts. More details TBA
94,575526847666110464,Wed Mar 11 05:21:07 +0000 2015,0,0,Just joined #musicforgood on @ReverbNation - now 1/2 of my song sales are donated to @beatmakinglab http://t.co/MGgCRenwyu
95,573005177516503040,Wed Mar 04 06:20:54 +0000 2015,0,0,Just joined #musicforgood on @ReverbNation - now 1/2 of my song sales are donated to @beatmakinglab http://t.co/JVH2y3oB1w
96,570468510549336064,Wed Feb 25 06:21:06 +0000 2015,0,0,Just joined #musicforgood on @ReverbNation - now 1/2 of my song sales are donated to @beatmakinglab http://t.co/MGgCRenwyu
97,569977597238632448,Mon Feb 23 21:50:23 +0000 2015,0,0,I liked a @YouTube video http://t.co/M4g1TwN4mq hard Angels
98,569507724653826049,Sun Feb 22 14:43:17 +0000 2015,0,0,Add a message to your video http://t.co/EcedbGS8aM
99,569500090240409600,Sun Feb 22 14:12:56 +0000 2015,0,0,Add a message to your video http://t.co/Ac71cDWEax
100,569495122208907264,Sun Feb 22 13:53:12 +0000 2015,0,0,Add a message to your video http://t.co/Fchol8CkjN
101,569491001473019904,Sun Feb 22 13:36:50 +0000 2015,0,0,Add a message to your video http://t.co/TUrC6YE5yJ
102,569485061084418048,Sun Feb 22 13:13:13 +0000 2015,0,0,Add a message to your video http://t.co/t4GVB9i9FB
103,569478522768478208,Sun Feb 22 12:47:14 +0000 2015,0,0,Add a message to your video http://t.co/d3aVOyHr3c
104,569342543143546880,Sun Feb 22 03:46:54 +0000 2015,0,1,@Reshaud For real though!
105,569339573504909313,Sun Feb 22 03:35:06 +0000 2015,0,1,@Reshaud I had no idea you took my picture! LOL
106,569338605505814529,Sun Feb 22 03:31:16 +0000 2015,0,0,@waifu_irl What 2 colors would you like for @theianquietband tshirt?
107,569336128488099840,Sun Feb 22 03:21:25 +0000 2015,0,1,I liked a @YouTube video http://t.co/Jn4zwFehuV Dattola - Army Of Me (Björk Cover)
108,567931754754912256,Wed Feb 18 06:20:56 +0000 2015,0,0,Just joined #musicforgood on @ReverbNation - now 1/2 of my song sales are donated to @beatmakinglab http://t.co/JVH2y3oB1w
109,565733633793605632,Thu Feb 12 04:46:23 +0000 2015,0,0,I liked a @YouTube video http://t.co/Cc1fSSgINI Wire The 15th
110,565395189163106304,Wed Feb 11 06:21:32 +0000 2015,0,0,Just joined #musicforgood on @ReverbNation - now 1/2 of my song sales are donated to @beatmakinglab http://t.co/MGgCRenwyu
111,562858485684391936,Wed Feb 04 06:21:35 +0000 2015,1,0,Just joined #musicforgood on @ReverbNation - now 1/2 of my song sales are donated to @beatmakinglab http://t.co/MGgCRenwyu
112,562033873836851200,Sun Feb 01 23:44:52 +0000 2015,0,0,Why CDs May Actually Sound Better Than Vinyl  http://t.co/AIQDHPRPO8 via @laweekly
113,561532772456865792,Sat Jan 31 14:33:40 +0000 2015,0,0,I'm available for solo shows in NYC and/or Buffalo in August. http://t.co/hgMUnw7dZl
114,561532771646984192,Sat Jan 31 14:33:40 +0000 2015,0,0,I'm available for solo shows in NYC and/or Buffalo in August.
115,560682061384540162,Thu Jan 29 06:13:15 +0000 2015,0,0,I liked a @YouTube video http://t.co/uk7fJ0FLx2 BECK Get Real Paid
116,560680943438929920,Thu Jan 29 06:08:48 +0000 2015,0,0,I liked a @YouTube video http://t.co/OeUZnzMvcW Beck - Hollywood Freaks
117,560321609609658368,Wed Jan 28 06:20:56 +0000 2015,0,0,Just joined #musicforgood on @ReverbNation - now 1/2 of my song sales are donated to @beatmakinglab http://t.co/MCxmFU25Nt
118,558279650586009600,Thu Jan 22 15:06:55 +0000 2015,0,1,"I can't sit on this anymore! I will be performing a set of pure, raw noise in NOLA for Noizefest 2015. I will have a limited noise CDR too!"
119,557785040332283906,Wed Jan 21 06:21:31 +0000 2015,0,0,Just joined #musicforgood on @ReverbNation - now 1/2 of my song sales are donated to @beatmakinglab http://t.co/jqERpwynnw
120,557268905110941697,Mon Jan 19 20:10:35 +0000 2015,0,0,"I liked a @YouTube video http://t.co/DMkYEzdntt Stylophone S2 - ""Dr Who"" theme (audio only)"
121,556286738331488258,Sat Jan 17 03:07:48 +0000 2015,0,0,I liked a @YouTube video http://t.co/3VkHAupOCy Boy George The Crying Game - Copyright: Capitol Records (1992)
122,555959347952353280,Fri Jan 16 05:26:52 +0000 2015,0,0,I liked a @YouTube video http://t.co/aWssfWKuMs björk - oceania
123,555802383742033920,Thu Jan 15 19:03:09 +0000 2015,0,0,I liked a @YouTube video from @wyomafilms http://t.co/oirP9VXs0R The Hipster Games - Hunger Games Parody - Wyoma Films
124,555745276049514497,Thu Jan 15 15:16:13 +0000 2015,0,2,BBC News - Punk music archive to preserve Washington DC music history http://t.co/nmXxKmMxA1
125,555594225031868416,Thu Jan 15 05:16:00 +0000 2015,0,0,Whale Rock - Single © Independent Artist http://t.co/SI4ECZue73 via @amazon
126,555382923801554944,Wed Jan 14 15:16:22 +0000 2015,0,0,BBC News - BBC Pop Up: Behind the scenes - Tucson http://t.co/3aBKx6eFMT
127,555248164303675393,Wed Jan 14 06:20:53 +0000 2015,0,0,Just joined #musicforgood on @ReverbNation - now 1/2 of my song sales are donated to @beatmakinglab http://t.co/MCxmFU25Nt
128,555169780508815361,Wed Jan 14 01:09:24 +0000 2015,0,0,I liked a @YouTube video http://t.co/4L55rpZyuM The Flying Lizards - Money (Live)
129,554808543678038016,Tue Jan 13 01:13:59 +0000 2015,0,0,The typewriter! That's how we roll in The Ian Quite Band!! http://t.co/o8dsIo72pl
130,554422223713210370,Sun Jan 11 23:38:53 +0000 2015,0,0,I liked a @YouTube video http://t.co/ehl3bYl1gk The Beatles - Revolution 9 (2009 Stereo Remaster)
131,554318719724187648,Sun Jan 11 16:47:36 +0000 2015,0,0,I liked a @YouTube video http://t.co/sqJsGHDePc Electric Trombone- Funk Improvisation
132,554311768483561472,Sun Jan 11 16:19:58 +0000 2015,0,0,I'm looking for an electric trombonist to collaborate with on my next album! http://t.co/gGwf5arCzw
133,554311766818037763,Sun Jan 11 16:19:58 +0000 2015,0,0,I'm looking for an electric trombonist to collaborate with on my next album!
134,553190963368431616,Thu Jan 08 14:06:18 +0000 2015,0,0,"BBC News - Punk band find $250,000 stolen painting in New Orleans http://t.co/UWa30nlz8k"
135,553015518672998401,Thu Jan 08 02:29:08 +0000 2015,0,0,@joshylofty Germs logo!
136,552902829183365123,Wed Jan 07 19:01:21 +0000 2015,0,1,My first tattoo unveiled!!! http://t.co/Lp4felzFy2
137,552884620912787456,Wed Jan 07 17:49:00 +0000 2015,0,2,First tattoo! http://t.co/h5YZ1vuWI9
138,552711525459193858,Wed Jan 07 06:21:11 +0000 2015,1,1,Just joined #musicforgood on @ReverbNation - now 1/2 of my song sales are donated to @beatmakinglab http://t.co/MGgCReWIy6
139,552680145421484034,Wed Jan 07 04:16:29 +0000 2015,0,0,I liked a @YouTube video http://t.co/oN0xcxRe9m Germs - Lion's Share
140,552494754853048320,Tue Jan 06 15:59:49 +0000 2015,0,0,I liked a @YouTube video http://t.co/Mv7vkgxINt Elvira - Oak Ridge Boys
141,551205575619387392,Sat Jan 03 02:37:04 +0000 2015,0,0,I liked a @YouTube video http://t.co/LWKiH6sPCO Element A440 - Dance Dead
142,550735148539330561,Thu Jan 01 19:27:46 +0000 2015,0,0,I liked a @YouTube video http://t.co/99laPsm63c HOW TO PRODUCE AN ALBUM WITH STEVE ALBINI
143,550174820684795904,Wed Dec 31 06:21:13 +0000 2014,0,0,Just joined #musicforgood on @ReverbNation - now 1/2 of my song sales are donated to @beatmakinglab http://t.co/jqERpwynnw
144,549930052259835905,Tue Dec 30 14:08:36 +0000 2014,0,0,Dolphins '15 (Official Video): http://t.co/Vcuv2THb1F via @YouTube
145,549587785330335744,Mon Dec 29 15:28:33 +0000 2014,0,0,Oz du Jour (Official Video): http://t.co/mPc2wXyCH5 via @YouTube
146,548904201242152961,Sat Dec 27 18:12:14 +0000 2014,0,0,I liked a @YouTube video from @xnocorex http://t.co/ddlRO2Ckrp GUTTER: Girls of Noise
147,548850605062881280,Sat Dec 27 14:39:16 +0000 2014,0,0,"Dear NYC friends, I need field recordings of NYC for an upcoming project! If you could email them to... http://t.co/t1TdEESTp1"
148,548850604081041408,Sat Dec 27 14:39:15 +0000 2014,0,0,"Dear NYC friends, I need field recordings of NYC for an upcoming project! If you could email them to yogidancepunk@gmail.com Id b grateful!"
149,548720929325719553,Sat Dec 27 06:03:58 +0000 2014,0,2,Posted a new photo: http://t.co/uciedI5NoL http://t.co/T67SnouMWf
150,548720928306102273,Sat Dec 27 06:03:58 +0000 2014,0,0,Posted a new photo: http://t.co/2YFe6dV0d9
151,548671506402664448,Sat Dec 27 02:47:35 +0000 2014,0,0,I liked a @YouTube video http://t.co/d8xhflfRUw Liberace Typewriter Song
152,548640565647384576,Sat Dec 27 00:44:38 +0000 2014,0,1,"""The woods would be very silent if the only birds who sang were those who sang best."" -Henry David Thoreau"
153,548597218509602816,Fri Dec 26 21:52:23 +0000 2014,0,0,"Posted a new song: ""Dolphins '15"" http://t.co/GeGBpGYo1R http://t.co/OqvpPdKnxM"
154,548597214973411329,Fri Dec 26 21:52:23 +0000 2014,2,2,"Posted a new song: ""Dolphins '15"" http://t.co/yeXvzNuMK1 #music"
155,548589449593237505,Fri Dec 26 21:21:31 +0000 2014,1,1,Here's a collaboration I did with @chace_liotti released on the Haze label. #noise #freeimprovisation http://t.co/EoksvLiuj8
156,548527404696616960,Fri Dec 26 17:14:59 +0000 2014,0,0,I liked a @YouTube video http://t.co/qwsnYBvh0T 2 Unlimited - No Limit
157,547904250081050624,Wed Dec 24 23:58:47 +0000 2014,0,1,I liked a @YouTube video http://t.co/ApzGL6tIxF Asozial_ live @ AlbaGoesPunk (05/07/2014)
158,547638113489547264,Wed Dec 24 06:21:15 +0000 2014,0,0,Just joined #musicforgood on @ReverbNation - now 1/2 of my song sales are donated to @beatmakinglab http://t.co/MGgCReWIy6
159,547400000259387394,Tue Dec 23 14:35:04 +0000 2014,0,0,I liked a @YouTube video http://t.co/nopNb8l7V9 Nine Inch Nails - Head Like A Hole
160,547043389821046785,Mon Dec 22 14:58:02 +0000 2014,0,0,I am releasing a split with TV Favorites in 2015!
161,545804210311135232,Fri Dec 19 04:53:58 +0000 2014,0,0,I liked a @YouTube video from @tonypeestunes http://t.co/76WDMg5B7b America Fuck Yeah!
162,545672533874188289,Thu Dec 18 20:10:44 +0000 2014,0,0,I liked a @YouTube video http://t.co/27tUjafYn9 Diva Plavalaguna The Fifth Element FULL DANCE HD
163,545283505848983553,Wed Dec 17 18:24:53 +0000 2014,0,0,I liked a @YouTube video http://t.co/YDvLHkYoo5 The Prodigy - Phoenix
164,545280899680444416,Wed Dec 17 18:14:31 +0000 2014,0,0,I liked a @YouTube video http://t.co/POq6yS6Anc Nirvana - Love Buzz
165,545101392898060288,Wed Dec 17 06:21:14 +0000 2014,0,0,Just joined #musicforgood on @ReverbNation - now 1/2 of my song sales are donated to @beatmakinglab http://t.co/MGgCReWIy6
166,544238341642653696,Sun Dec 14 21:11:46 +0000 2014,0,1,I liked a @YouTube video http://t.co/obkNF4wFxC The Beatles - Christmas Record 1968
167,542564669030809601,Wed Dec 10 06:21:12 +0000 2014,0,1,Just joined #musicforgood on @ReverbNation - now 1/2 of my song sales are donated to @beatmakinglab http://t.co/MGgCReWIy6
168,541678689226727424,Sun Dec 07 19:40:38 +0000 2014,0,0,I liked a @YouTube video http://t.co/IFrWAeGlfy Onism: The Awareness of How Little of the World You'll Experience
169,540865752304459776,Fri Dec 05 13:50:18 +0000 2014,0,0,Tonight at Strange Brew! Doug Funnie! Ian Quiet with Nicole Liotti! Nathan Treme! Flex may be there too! $5. 9:30PM. http://t.co/WPYbe9BirD
170,540865751670747136,Fri Dec 05 13:50:18 +0000 2014,1,0,Tonight at Strange Brew! Doug Funnie! Ian Quiet with Nicole Liotti! Nathan Treme! Flex may be there too! $5. 9:30PM.
171,540232204966977536,Wed Dec 03 19:52:49 +0000 2014,0,0,I'm open to a one-person band of any genre to fill Alpha Riff's spot this Friday at Strange Brew. Contact me if... http://t.co/ziAWd8wobh
172,540232204203220992,Wed Dec 03 19:52:49 +0000 2014,0,0,I'm open to a one-person band of any genre to fill Alpha Riff's spot this Friday at Strange Brew. Contact me if you're interested! Thanks!!
173,540177853606666240,Wed Dec 03 16:16:50 +0000 2014,0,1,Unfortunately Alpha Riff had to drop for this Friday. I'm looking for someone to take over his spot. #nerdcore #alt dance #alt hip-hop #rap
174,540027962691579904,Wed Dec 03 06:21:14 +0000 2014,0,0,Just joined #musicforgood on @ReverbNation - now 1/2 of my song sales are donated to @beatmakinglab http://t.co/MGgCReWIy6
175,539771631640395777,Tue Dec 02 13:22:40 +0000 2014,0,0,Click here to stream the majority of my solo discography! http://t.co/yylBfmw0cd
176,539771630319190016,Tue Dec 02 13:22:39 +0000 2014,1,1,Click here to stream the majority of my solo discography!
177,538092365471162368,Thu Nov 27 22:09:51 +0000 2014,1,1,I liked a @YouTube video from @alphariff http://t.co/C2rt8kLjIr Atomic Pop Shop - Alpha Riff Set Part 1 of 3 - 11/23/2014
178,537971529233879040,Thu Nov 27 14:09:42 +0000 2014,0,0,Happy Thanksgiving!!! http://t.co/pPZ0iWStb5
179,537664519980716034,Wed Nov 26 17:49:45 +0000 2014,0,0,Whale Rock has passed the next hurdle in getting to iTunes and Amazon! Stay tuned!! http://t.co/CnA3hwIRy9
180,537664519791575041,Wed Nov 26 17:49:45 +0000 2014,0,1,Whale Rock has passed the next hurdle in getting to iTunes and Amazon! Stay tuned!!
181,537491256964694016,Wed Nov 26 06:21:16 +0000 2014,0,0,Just joined #musicforgood on @ReverbNation - now 1/2 of my song sales are donated to @beatmakinglab http://t.co/MGgCReWIy6
182,537264217595056128,Tue Nov 25 15:19:06 +0000 2014,0,0,Raw Vegan Wedding Cake (I Heart NY Remix) OFFICIA…: http://t.co/k9qwu3tnVJ
183,537248743918022657,Tue Nov 25 14:17:36 +0000 2014,0,1,I'm working on new material for next year. Singles and a split (more on that down the road).
184,536896753622994944,Mon Nov 24 14:58:55 +0000 2014,0,0,I'm pleased to share that I will Nicole Liotti will accompany me on bass during my December 5 set in Shreveport!
185,536320997733838848,Sun Nov 23 00:51:04 +0000 2014,0,0,Everything But Mayo (Official Video): http://t.co/72kLj9gXQk via @YouTube
186,536319552872022016,Sun Nov 23 00:45:20 +0000 2014,0,0,"Added a new video: ""Pumpkin Pie (Official Video)"" http://t.co/oQbmX5gR01 http://t.co/sWgrO4TgqB"
187,536319552368304128,Sun Nov 23 00:45:20 +0000 2014,0,0,"Added a new video: ""Pumpkin Pie (Official Video)"" http://t.co/dAvWoc7Zch #video"
188,536319533347536897,Sun Nov 23 00:45:15 +0000 2014,0,0,"Added a new video: ""Sun Salutation (Official Video)"" http://t.co/HAOyzISpSF http://t.co/rjw6I0LtlG"
189,536319532554387456,Sun Nov 23 00:45:15 +0000 2014,0,0,"Added a new video: ""Sun Salutation (Official Video)"" http://t.co/ZLIdfP8fDi #video"
190,536319516092145664,Sun Nov 23 00:45:11 +0000 2014,0,0,"Added a new video: ""Mmm Papa (Legba) OFFICIAL MUSIC VIDEO"" http://t.co/pI5Fy8egTW http://t.co/p6qeLDoAWk"
191,536319515248713728,Sun Nov 23 00:45:11 +0000 2014,0,0,"Added a new video: ""Mmm Papa (Legba) OFFICIAL MUSIC VIDEO"" http://t.co/XZDzo2hfSl #video"
192,536319494185312256,Sun Nov 23 00:45:06 +0000 2014,0,0,"Added a new video: ""Carry On Wayward Son (Kansas Cover) {Selfie Version} For Sara""... http://t.co/Higo8x9y2R"
193,536319493513826304,Sun Nov 23 00:45:06 +0000 2014,0,0,"Added a new video: ""Carry On Wayward Son (Kansas Cover) {Selfie Version} For Sara"" http://t.co/UMe1LmNRop #video"
194,535448701658214401,Thu Nov 20 15:04:53 +0000 2014,0,1,Saturday can't come quickly enough! http://t.co/ZigxRSRI5Y
195,535448700055601152,Thu Nov 20 15:04:52 +0000 2014,0,0,Saturday can't come quickly enough!
196,535098142224838656,Wed Nov 19 15:51:53 +0000 2014,0,0,The directors of my Whale Rock music video are submitting it to various ocean-related film and music video... http://t.co/QsksRgbvcT
197,535098138281771008,Wed Nov 19 15:51:52 +0000 2014,0,1,The directors of my Whale Rock music video are submitting it to various ocean-related film and music video festivals! &lt;3 &lt;3 &lt;3  :D
198,535092534855622656,Wed Nov 19 15:29:36 +0000 2014,0,0,http://t.co/oeEkrK5C4d
