,id_str,created_at,retweet_count,favorite_count,text
0,667339063821660160,Thu Nov 19 13:50:06 +0000 2015,0,1,One Life fully lived ambassador challenge#i3
1,664800017450844160,Thu Nov 12 13:40:50 +0000 2015,1,2,Had a terrific meeting with a Dr. surendar Ayer sir
2,659915369679708160,Fri Oct 30 02:10:59 +0000 2015,0,1,The 33 Trickiest Questions Apple Asks Its Job Applicants https://t.co/WGGO3xfaVI via @Inc
3,659913126679212032,Fri Oct 30 02:02:04 +0000 2015,0,0,If u loose one round in a game it doesn't mean that u got the defeat
4,659756705400516608,Thu Oct 29 15:40:30 +0000 2015,1058,0,RT @narendramodi: India-Africa partnership is natural. We want to make our ties more effective. India's engagement with Africa will remain …
5,659756527922753537,Thu Oct 29 15:39:48 +0000 2015,1098,0,RT @narendramodi: Top priority will be attached to trade &amp; investment. We seek to enhance defence &amp; security cooperation. Education is also…
6,659756248233984001,Thu Oct 29 15:38:41 +0000 2015,1033,0,RT @narendramodi: A historic Summit. We got the opportunity to listen to the whole of Africa. My gratitude to African leaders who joined us…
7,659756075248283648,Thu Oct 29 15:38:00 +0000 2015,1346,0,"RT @narendramodi: Congratulations to President-elect of Tanzania Dr John P Magufuli on his election victory today. Also, a very happy birth…"
8,659754241091698688,Thu Oct 29 15:30:43 +0000 2015,14,0,RT @LaLaRueFrench75: Why did #Twitter target me with THIS #survey? https://t.co/TlVmZNxjEx #CISA #BigData #Data #Tech #Targeting #FreeSpeec…
9,659729907744796672,Thu Oct 29 13:54:01 +0000 2015,0,1,@Basanagoudachou awesome
10,659412007355985921,Wed Oct 28 16:50:48 +0000 2015,0,0,If you are player then I am a game
11,659338878583615488,Wed Oct 28 12:00:13 +0000 2015,0,1,Elon Musk? This Billionaire Is Changing The World By Giving Away 99�0Of His Wealth https://t.co/MMBEsRny5o via @WonderfulEngr
12,659196244640690176,Wed Oct 28 02:33:26 +0000 2015,0,1,@Arihant2829 May this day be the beginning of  beautiful year for you.  loads of joy and infinite happiness. Wish you a very happy bdy
13,658615471478996992,Mon Oct 26 12:05:39 +0000 2015,3712,0,"RT @narendramodi: I have asked for an urgent assessment and we stand ready for assistance where required, including Afghanistan &amp; Pakistan."
14,658322367312105472,Sun Oct 25 16:40:58 +0000 2015,4,0,"RT @sujitlalwani: @HalElrod - Appreciate your book, spirit on stage, take on life &amp; above all the ability to inspire people to become achie…"
15,658151980137775105,Sun Oct 25 05:23:54 +0000 2015,1160,0,"RT @narendramodi: In a short while from now, #MannKiBaat commences. Join https://t.co/9c68ffNeUl or you can hear it on the Mobile App. http…"
16,658125719441018880,Sun Oct 25 03:39:33 +0000 2015,0,0,https://t.co/QWpc40bRZt
17,658125680203317248,Sun Oct 25 03:39:24 +0000 2015,0,2,https://t.co/houh7mfoP9
18,658125566688694272,Sun Oct 25 03:38:57 +0000 2015,0,0,https://t.co/OF6iqI3d7D
19,657785035064393728,Sat Oct 24 05:05:48 +0000 2015,0,0,https://t.co/Xvs8Wui4wZ
20,657784797406691328,Sat Oct 24 05:04:51 +0000 2015,0,0,Its amazing how few picture can bring back so many memories
21,657195090520051712,Thu Oct 22 14:01:34 +0000 2015,1609,0,RT @narendramodi: Laid foundation stone for Shri Venkateswara Mobile &amp; Electronics Manufacturing Hub. https://t.co/h2Hs1XL2V3
22,657193928710422528,Thu Oct 22 13:56:57 +0000 2015,1940,0,RT @narendramodi: New integrated terminal at Tirupati Airport will give impetus to religious tourism &amp; enable more pilgrims to visit. https…
23,657182957640118272,Thu Oct 22 13:13:21 +0000 2015,0,0,"If you never give anything to the world, how will anyone ever know you exist?"
24,657139941688737793,Thu Oct 22 10:22:25 +0000 2015,1607,0,RT @narendramodi: Congratulations to people &amp; Govt. of AP for today's historic programme. May Amaravati emerge as a people's capital &amp; worl…
25,657083729467170816,Thu Oct 22 06:39:03 +0000 2015,0,0,@sujitlalwani Sir can we get a video of your speech in Sacramento
26,657059594603130880,Thu Oct 22 05:03:09 +0000 2015,0,0,https://t.co/cabYQep1jv
27,656796062145867776,Wed Oct 21 11:35:58 +0000 2015,1,0,RT @sujitlalwani: Have we all not felt this? #truth http://t.co/HIJ47V4KJo
28,656795161289031680,Wed Oct 21 11:32:23 +0000 2015,0,0,"@sujitlalwani  Sir All the very Best 
Dream it ,plan it ,make it awesome sir"
29,656794870145650688,Wed Oct 21 11:31:14 +0000 2015,0,0,https://t.co/Pc9VULzUkZ
30,655630624829517824,Sun Oct 18 06:24:56 +0000 2015,0,0,If you want to fly with eagles stop swimming with ducks
31,655218111331733504,Sat Oct 17 03:05:45 +0000 2015,0,0,"As long as there is someone in the sky to protect me, there is no one on the earth who could break me."
32,655067237196296192,Fri Oct 16 17:06:14 +0000 2015,0,0,We need digital India http://t.co/qk2haRbfJy
33,655066701478756352,Fri Oct 16 17:04:06 +0000 2015,2,0,RT @pinthecreep: They are not models or part of any campaign. .this amazing group of women are scientists who are changing the world https:…
34,655066021175255040,Fri Oct 16 17:01:24 +0000 2015,50,0,RT @wef: 18 things successful people do in the first 10 minutes of the workday http://t.co/t7UuWfosBX #work #leadership http://t.co/5lfnNgi…
35,655065722725335041,Fri Oct 16 17:00:13 +0000 2015,0,1,"Don’t stop now! Continue to work on yourself and your dream. Don’t look for others to hold your heart, take your hand, or have your back."
36,654846796007497728,Fri Oct 16 02:30:17 +0000 2015,1502,0,"RT @narendramodi: On Naveen Patnaik ji's birthday, I extend my greetings &amp; pray for his long and healthy life."
37,653271399813935104,Sun Oct 11 18:10:13 +0000 2015,0,0,http://t.co/ZndaXzt0Nw
38,653256216924127233,Sun Oct 11 17:09:53 +0000 2015,0,1,http://t.co/vKjzCBIkp0
39,653255840040783872,Sun Oct 11 17:08:23 +0000 2015,0,0,http://t.co/ZZGnojZwh5
40,653019436987715584,Sun Oct 11 01:29:00 +0000 2015,1756,0,RT @narendramodi: I salute the venerable Loknayak Jayprakash Narayan on his birth anniversary. http://t.co/yWNsV1cSH2
41,652744178401603585,Sat Oct 10 07:15:14 +0000 2015,0,0,http://t.co/GJNVTqZy9G
42,651751932336275457,Wed Oct 07 13:32:24 +0000 2015,0,1,If you want your life to be meaningful go out and do something about it.
43,651751396715335680,Wed Oct 07 13:30:16 +0000 2015,0,0,Hard raining
44,651445581705928705,Tue Oct 06 17:15:04 +0000 2015,0,0,Make in India
45,650985408562499584,Mon Oct 05 10:46:30 +0000 2015,1,1,10 Steps to Becoming a Successful Entrepreneur by @LarryAlton3 http://t.co/tExFviFgWW via @Entrepreneur
46,649889979317903360,Fri Oct 02 10:13:40 +0000 2015,0,0,"Take the risk, it could lead to something beautiful."
47,648088090817376256,Sun Sep 27 10:53:36 +0000 2015,0,0,10 reasons why you don't need a college degree to succeed http://t.co/y6vyk2xI6L via @MONEY
48,647955051630096388,Sun Sep 27 02:04:57 +0000 2015,0,0,10 Movies Every Entrepreneur Needs to Watch by @johnrampton http://t.co/OmBg62F9TO via @Entrepreneur
49,645968135816790016,Mon Sep 21 14:29:39 +0000 2015,0,0,"Worried About Quality Of Engineers, AICTE To Cut 600,000 Seats! http://t.co/1LL6b797VH via @indiatimes"
50,645601430582136832,Sun Sep 20 14:12:30 +0000 2015,0,0,10 things not enough kids know before going to college http://t.co/wtFpUwrBP8 via @voxdotcom
51,645567895448084480,Sun Sep 20 11:59:15 +0000 2015,0,0,Warren Buffett says these 9 books will make you a millionaire. @Sales_Source http://t.co/0R3h5P9YmN via @Inc
52,645219311787773954,Sat Sep 19 12:54:06 +0000 2015,0,0,Do or do
53,645074691607040000,Sat Sep 19 03:19:26 +0000 2015,0,0,Success is 99% failure
54,645073940897894400,Sat Sep 19 03:16:27 +0000 2015,0,0,30 CEOs reveal the daily habits responsible for their success @salubriousdish http://t.co/e0yjfsLKwK via @Inc
55,645071770693668866,Sat Sep 19 03:07:49 +0000 2015,0,1,Do this for 30days and you will never be the same again #gratitudechallenge @tkspeaks http://t.co/75WxLfPPPX via @Inc
56,644916452428873728,Fri Sep 18 16:50:38 +0000 2015,0,0,"From A Delivery Boy To An Auto-Driver And Now A Pilot, Shrikant Pantawane's Inspirational Story http://t.co/avvGiUcEpl via @indiatimes"
57,644473476959481856,Thu Sep 17 11:30:25 +0000 2015,0,0,Count your blessings not your.troubles
58,644409269211631618,Thu Sep 17 07:15:16 +0000 2015,0,0,10 Behaviors of Unstoppable Entrepreneurs by @sujanpatel http://t.co/hOKqwoCVQj via @Entrepreneur
59,644046534342918145,Wed Sep 16 07:13:54 +0000 2015,0,2,Meaning Of Lord GANESHA G- Get A- Always N- New E- Energy S- Spirit &amp; H- Happiness A- At All Times! Happy Ganesh Chaturthi!
60,642911791140306944,Sun Sep 13 04:04:50 +0000 2015,0,0,Money is not everything but we need money for everything
61,640859696543346689,Mon Sep 07 12:10:32 +0000 2015,0,0,G http://t.co/pXA3pIP3Nw
62,640754086573305856,Mon Sep 07 05:10:53 +0000 2015,0,1,My Dreams are bigger than my fears
63,640749509924941824,Mon Sep 07 04:52:42 +0000 2015,1,1,If things dont happen by your wish make them happen by your will.
64,640746411055693824,Mon Sep 07 04:40:23 +0000 2015,0,1,If someone in your life makes you forget your past that someone is surely your future.
65,640496836558520321,Sun Sep 06 12:08:40 +0000 2015,0,0,5 Steps to Seriously Improve Your Networking Skills by @heyseankim http://t.co/p9sbQdSHpV via @Entrepreneur
66,640496366725128192,Sun Sep 06 12:06:48 +0000 2015,0,0,Feeling sick
67,640495951094743040,Sun Sep 06 12:05:09 +0000 2015,0,1,8 Hugel'y Successful People Who Didn't Graduate College by @ThomasSmale http://t.co/116jhNkx8E via @Entrepreneur
68,639987858451787777,Sat Sep 05 02:26:10 +0000 2015,0,0,@SujitlalwanI Thanks for being a true mentor of our hearts. Happy Teachers day
69,639985065208844288,Sat Sep 05 02:15:04 +0000 2015,0,0,@Sujit lalwani Thanks for being a true mentor of our hearts. Happy Teachers day
70,639277442356523008,Thu Sep 03 03:23:14 +0000 2015,4,0,RT @sujitlalwani: Surendra Ayer who once Walked in ordinary is an extra ordinary inspiration for masses today.. http://t.co/iv99Yyym3V
71,639276569043701760,Thu Sep 03 03:19:45 +0000 2015,1,0,Platform encourages.volunteerism and inspiring entrepreneurship http://t.co/RhyUuVE5UR
72,639276056914980864,Thu Sep 03 03:17:43 +0000 2015,0,1,Live your life for God and God will lead your life to a world full of love and true happiness.
73,639269163706421248,Thu Sep 03 02:50:20 +0000 2015,0,0,"If you keep your eyes, mind, and heart open ……. love, kindness and wisdom will enter."
74,639268683957665793,Thu Sep 03 02:48:25 +0000 2015,0,0,http://t.co/tCpPYhA4Q3
75,639107309306712064,Wed Sep 02 16:07:11 +0000 2015,0,2,Turn your vision into Action
76,639107107921334272,Wed Sep 02 16:06:23 +0000 2015,0,1,"One of my favourite sentences., 
""Care every one, because you never know which moment you spend with them will be the last"" :
Good night☺☺😊"
77,638949760582352896,Wed Sep 02 05:41:08 +0000 2015,0,0,Turn your promises into commitments
78,638949402879463424,Wed Sep 02 05:39:43 +0000 2015,0,0,Hope your birthday blossoms into lots of dreams come true! May today be filled with laughter and love. Happy Birthday Shruthi mam
79,638720476747927552,Tue Sep 01 14:30:03 +0000 2015,16,0,"RT @TimesNow: 251 recruit trainees from Army Service Corps (North) join the Ranks of Indian Army
(Source: Spokesperson MoD) http://t.co/b2L…"
80,638720216357203969,Tue Sep 01 14:29:01 +0000 2015,0,0,13 Habits of Exceptionally Likable People http://t.co/NYxuX3d9ZO via @Entrepreneur
81,638536220486688768,Tue Sep 01 02:17:53 +0000 2015,1,0,"RT @poojagalande4: Most Powerful Quotes of Dr. APJ Abdul Kalam. 
http://t.co/t0pt43JaPG.. #i3"
82,638534556782432256,Tue Sep 01 02:11:16 +0000 2015,0,0,A morning text doesn’t only mean Good morning. It also means I think about you when I wake up.
83,638534134730612736,Tue Sep 01 02:09:35 +0000 2015,0,0,http://t.co/fiBnTx7NvR
84,638410326719926272,Mon Aug 31 17:57:37 +0000 2015,0,1,"Live like you will die tomorrow, dream like you will live forever."
85,638409530527739904,Mon Aug 31 17:54:27 +0000 2015,0,1,"Think only of the best, Work only for the Best, and except only the Best"
86,638375031823687680,Mon Aug 31 15:37:22 +0000 2015,0,0,The 24-Minute Morning Routine That Will Make You an Entrepreneurial Rock Star by @matthewtoren http://t.co/sZcZbIvKoN via @Entrepreneur
87,638310130694516736,Mon Aug 31 11:19:29 +0000 2015,0,1,"Don’t let the world change your smile, let your smile change the world :)"
88,638309103119417344,Mon Aug 31 11:15:24 +0000 2015,0,0,What Yoga Can Teach You About Entrepreneurship by @YairTygiel via @Entrepreneur
89,638307729669423104,Mon Aug 31 11:09:56 +0000 2015,0,0,17 interview questions that are designed to trick you http://t.co/KA0LPyVQCY via @wef
90,638066357959917569,Sun Aug 30 19:10:49 +0000 2015,0,1,12 Things Successful People Do Before Breakfast by @Jenna_Goudreau http://t.co/KFXMQP9UWj via @Entrepreneur
91,637889106123485184,Sun Aug 30 07:26:28 +0000 2015,0,2,!!!heartly congratulations for Adventour  The excitement is unlimited as #adventor gets presented at #TheAugustFest in Hyderabad
92,630920227350405121,Tue Aug 11 01:54:38 +0000 2015,0,0,Spread love more than hate:-)
93,630013096417845249,Sat Aug 08 13:50:01 +0000 2015,0,0,Feeling blessed by all the lovely wishes
94,618032458575974400,Mon Jul 06 12:23:15 +0000 2015,0,0,http://t.co/rcrudgDdxK
95,615133625432944640,Sun Jun 28 12:24:19 +0000 2015,0,0,Amazing and inspiring story of kunal sir
96,615133066839785472,Sun Jun 28 12:22:06 +0000 2015,0,0,With kunal sir http://t.co/edAszjGUmP
97,612246183151439873,Sat Jun 20 13:10:39 +0000 2015,0,0,16 Powerful Celebrity Quotes On Success And Failure That Will Inspire You To No End http://t.co/HyxCQT2Pd0
98,608140105606258688,Tue Jun 09 05:14:34 +0000 2015,0,0,Exam fear
99,607475799193550848,Sun Jun 07 09:14:51 +0000 2015,0,0,MissSupernatural2014@ i3 conference
100,606020870666993664,Wed Jun 03 08:53:29 +0000 2015,0,0,i3 Season 3 Conference 3 http://t.co/5AiXqwQWFa
101,605747576269193216,Tue Jun 02 14:47:31 +0000 2015,0,0,http://t.co/6TxkBCCtmI project http://t.co/rhTQ6mu7gK
102,604974897211699201,Sun May 31 11:37:10 +0000 2015,0,0,Season 3 4th conference awesome
103,604584596471046146,Sat May 30 09:46:15 +0000 2015,0,0,@narendramodi Sir y can't u make Karnataka  as much as better than  Gujarath..???
104,604536520767242240,Sat May 30 06:35:12 +0000 2015,0,1,Happy happy
105,603728926121164800,Thu May 28 01:06:07 +0000 2015,0,0,"Gud morning,:-)"
106,603222262557220865,Tue May 26 15:32:49 +0000 2015,0,0,@narendramodi
107,602832217425850368,Mon May 25 13:42:55 +0000 2015,0,0,Ho...!!shut exams
108,602450826343239680,Sun May 24 12:27:24 +0000 2015,2,0,RT @htTweets: Iraqi forces regain ground from Islamic State east of Ramadi http://t.co/pKcFyJZnC6 http://t.co/uFqapUAd7K
109,602450410817724416,Sun May 24 12:25:45 +0000 2015,0,0,Season 3 3rd conference awesome
110,596755707141042176,Fri May 08 19:17:02 +0000 2015,0,0,@Samanthaprabhu2 hello
111,596755352894312448,Fri May 08 19:15:37 +0000 2015,0,0,Happy mothers day
112,596549593187233792,Fri May 08 05:38:01 +0000 2015,0,0,"This New Technology By IIT Delhi Students Can Convert Waste Cooking Oil Into Bio Diesel
 http://t.co/tmVP5CBiKK
Source:The Better India"
113,592308904119246849,Sun Apr 26 12:47:01 +0000 2015,0,0,@WorldMeritIndia @WorldMeritHQ
114,589287084772315136,Sat Apr 18 04:39:24 +0000 2015,3,0,"RT @sujitlalwani: i3's upcoming seasons will inspire many more youth towards leadership, entrepreneurship &amp; volunteerism #i3 http://t.co/Jn…"
