,id_str,created_at,retweet_count,favorite_count,text
0,668085579238666240,Sat Nov 21 15:16:29 +0000 2015,0,0,"""Your to thin"" Fuck off you bell end"
1,665311595308814336,Fri Nov 13 23:33:39 +0000 2015,0,0,"This world is fucked, Thoughts are with Paris"
2,665311456238243840,Fri Nov 13 23:33:06 +0000 2015,1,0,"RT @JamessDaless: I was in Paris like 2 months ago, crazy that this stuff happens"
3,664833201924390912,Thu Nov 12 15:52:41 +0000 2015,0,0,Some guy walking through uni with swag #WhereCanIGetAHatLikeThat… https://t.co/kFQ5nFcryJ
4,658591157086232576,Mon Oct 26 10:29:02 +0000 2015,0,1,@Breckon96 Heres a picture of James you might like https://t.co/8IDUXOh8Wj
5,658590883206549504,Mon Oct 26 10:27:57 +0000 2015,0,0,@JamessDaless Whos the muppet now https://t.co/sphJKOV6wv
6,658590559007830016,Mon Oct 26 10:26:39 +0000 2015,0,0,@JamessDaless And its on vibrate
7,658590400253435905,Mon Oct 26 10:26:02 +0000 2015,0,0,@JamessDaless Get off your phone
8,654729488199086080,Thu Oct 15 18:44:08 +0000 2015,0,1,Shroomy - DRAVEN ONLY: http://t.co/SwmcCVV3HZ
9,653619043929358337,Mon Oct 12 17:11:38 +0000 2015,0,0,Middlesbrough is going down the shitter with the steel works shutting #SSI
10,652887919703625728,Sat Oct 10 16:46:24 +0000 2015,0,0,Shroomy - DRAVEN ONLY: http://t.co/U3Mwsm4wQX
11,648466341528240128,Mon Sep 28 11:56:38 +0000 2015,462,0,RT @c9meteosego: yeah it's crazy how this is the first super blood moon in 33 years but I still saw it before I saw Santorin gank top
12,647087472325828608,Thu Sep 24 16:37:30 +0000 2015,0,0,"Why does every switch to Twitter when Facebook is down, Its just stupid. Oh wait......."
13,643888518322855937,Tue Sep 15 20:46:00 +0000 2015,2,0,RT @FatesLoL: New Patch.. No  fizz buffs for the least.. http://t.co/a73yBlywyR
14,633097229943898112,Mon Aug 17 02:05:16 +0000 2015,0,0,WHO EVEN HAS A BALL POOL IN THERE HOUSEE! Soooo Coooll https://t.co/CvLJpinGHT #myfavoritevlog
15,629097592387936256,Thu Aug 06 01:12:08 +0000 2015,0,0,"@LoLGeranimo @Nightbloo has been complaining about it on stream today, he keeps DC'ing"
16,628301160118644736,Mon Aug 03 20:27:24 +0000 2015,49,0,RT @FatesLoL: Im a be spreading the word Mr.Foley.... #freetrick @Trick2g
17,628300922964328448,Mon Aug 03 20:26:27 +0000 2015,0,0,༼ つ ◕_◕ ༽つ #FreeTrick ༼ つ ◕_◕ ༽つ @Trick2g
18,624951115260362752,Sat Jul 25 14:35:31 +0000 2015,0,0,Shroomy - DRAVEN ONLY: http://t.co/RGMvBWiOeG
19,623153854536896512,Mon Jul 20 15:33:51 +0000 2015,12340,0,RT @JeremyClarkson: We have got jobs at last. Here. As packers. http://t.co/93dkPuVRbu
20,618804895777456128,Wed Jul 08 15:32:38 +0000 2015,0,0,"Don't blame me, I voted Labour! #budget2015"
21,615350034205409281,Mon Jun 29 02:44:15 +0000 2015,56843,0,RT @JeremyClarkson: Many many thanks for all your support and encouragement over the years. So sad and sorry it's ended like this
22,608827163899506688,Thu Jun 11 02:44:41 +0000 2015,0,0,"@RF_Legendary Hey, just wanna say congrats on your win, hope to see team in the LCS soon, Grats man!"
23,607897369301139456,Mon Jun 08 13:10:01 +0000 2015,0,1,@heartnortheast 2001
24,607718780626698240,Mon Jun 08 01:20:22 +0000 2015,2656,0,RT @Dinglederper: KNIFE GIVEAWAY! ★ Gut Knife| Tiger Tooth (FN) - Winner picked on 6/10/2015 RT + Follow to enter. Good luck everyone! http…
25,593202338485161984,Tue Apr 28 23:57:13 +0000 2015,82,0,RT @lolGosu: Blade of the ruined king buff yay!!
26,589610934022332416,Sun Apr 19 02:06:15 +0000 2015,1,0,#flare #teesside https://t.co/opibLbfnx4
27,585235874285232128,Tue Apr 07 00:21:20 +0000 2015,0,0,"So a queen wasp decided to fly into my room, Fair to say I Shit myself."
28,583381493113819136,Wed Apr 01 21:32:41 +0000 2015,0,0,Red Buff Thug Life https://t.co/MqX7ICGWXJ #LeagueOfLegends
29,582569076075204608,Mon Mar 30 15:44:26 +0000 2015,0,1,"Heimerdinger Level 1 Dragon Solo - 5.6 Patch 

https://t.co/B6SgJ8Ucy8

#LeagueOfLegends"
30,582371864456073216,Mon Mar 30 02:40:47 +0000 2015,323,0,RT @lolGosu: Vayne sucks.
31,582370867537145856,Mon Mar 30 02:36:49 +0000 2015,0,0,Doublelift isnt exactly Gosu @lolgosu #LCS
32,582368813909442560,Mon Mar 30 02:28:39 +0000 2015,15,0,RT @lolGosu: the cash-in...
33,582363962395742208,Mon Mar 30 02:09:23 +0000 2015,0,0,This is gonna be a REALLY good game to watch #LCS
34,582363855432642560,Mon Mar 30 02:08:57 +0000 2015,46,0,RT @dscarra: Vaynemain
35,582363837174796290,Mon Mar 30 02:08:53 +0000 2015,32,0,RT @lolGosu: Whenever I see aphro's alistar I can only think of vayne being picked T_T
36,582171796948041728,Sun Mar 29 13:25:47 +0000 2015,0,0,FOOD TIME
37,581603538100465665,Fri Mar 27 23:47:43 +0000 2015,0,0,Looking forward to these 2 weeks off for ages
38,580770240004538368,Wed Mar 25 16:36:30 +0000 2015,61984,0,RT @RichardHammond: Gutted at such a sad end to an era. We're all three of us idiots in our different ways but it's been an incredible ride…
39,566691766267441152,Sat Feb 14 20:13:40 +0000 2015,0,0,"@lolesports Annie is Red, Ryze is Blue, When Tibbers Falls, I Miss you #LCS"
40,562038439949123585,Mon Feb 02 00:03:00 +0000 2015,46,0,"RT @LAGTVMB: $10RP giveaway! Just follow me on twitter and Retweet this! 
http://t.co/ofSX9I5yxH"
41,552957463700705281,Wed Jan 07 22:38:27 +0000 2015,16,0,"RT @Nightbloo: @RiotSupport Hey I just got banned on two accounts on stream, could you tell me why :D?"
42,552935866759647232,Wed Jan 07 21:12:38 +0000 2015,0,0,http://t.co/ZXt9zpP7np Streaming some Cardboard 5 Ranked!
43,552922368205926400,Wed Jan 07 20:19:00 +0000 2015,0,0,"Hey guys! Stream is up, Trying to climb some more carboard 6 ranked! http://t.co/ZXt9zpP7np"
44,527860954177232896,Thu Oct 30 16:33:53 +0000 2014,0,0,♫ Gaming Ryan Burnett http://t.co/sCrPbKsQcB #NowPlaying
45,509814426506371072,Wed Sep 10 21:23:25 +0000 2014,108,0,RT @LAGTVMB: http://t.co/ofSX9HNXpD  $10RP card giveaway! FOLLOW me on Twitter! Then Re-Tweet this!
46,509474850860052480,Tue Sep 09 22:54:04 +0000 2014,65,0,RT @LAGTVMB: $10RP Card giveaway! Re-tweet this and follow me on TWITTER! http://t.co/0doKZnEGHH
47,504066471639937024,Tue Aug 26 00:43:06 +0000 2014,0,0,swegswegswegsweg
48,498201603674243072,Sat Aug 09 20:18:13 +0000 2014,8620,0,RT @ProSyndicate: #TeamDianite
49,493264944788692992,Sun Jul 27 05:21:41 +0000 2014,0,0,To early... http://t.co/5xSdBp0l43
50,489139313305985024,Tue Jul 15 20:07:54 +0000 2014,3032,0,RT @ProSyndicate: #TeamDianite http://t.co/nZWJQFvLge
51,481466091143954432,Tue Jun 24 15:57:15 +0000 2014,0,0,Thank god my phone contract runs out in a month
52,480308093897949185,Sat Jun 21 11:15:47 +0000 2014,0,0,Love waking up to the smell of bacon sandwiches
53,478302791887486976,Sun Jun 15 22:27:26 +0000 2014,0,1,"http://t.co/drNqNLRJQL LIVE 5V5 TEAM LEAGUE OF LEGENDS, FORGED FORCE GAMING!"
54,478302706269179904,Sun Jun 15 22:27:06 +0000 2014,0,1,"@StreamerPromos http://t.co/drNqNLRJQL LIVE 5V5 TEAM LEAGUE OF LEGENDS, FORGED FORCE GAMING!"
55,478302666511380480,Sun Jun 15 22:26:56 +0000 2014,0,1,"@ShareyourTwitch http://t.co/drNqNLRJQL LIVE 5V5 TEAM LEAGUE OF LEGENDS, FORGED FORCE GAMING!"
56,473116040528789504,Sun Jun 01 14:57:08 +0000 2014,0,0,The wax has worked a treat! #shiny http://t.co/6xIkVx31zd
57,472880274855165953,Sat May 31 23:20:17 +0000 2014,0,0,Please say One direction are splitting up
58,465547917227749376,Sun May 11 17:44:07 +0000 2014,509,0,RT @HyperX: RT &amp; FOLLOW for a chance to WIN a @TeamSolomid or @Cloud9gg SIGNED #HyperX 3K SSD! Terms-&gt; http://t.co/FVGQtJq8i1 http://t.co/5…
59,465547820389646336,Sun May 11 17:43:44 +0000 2014,526,0,RT @LAGTVMB: http://t.co/VjNfiB0J9I you want a Pax Sivir skin then follow me on twitter and @Skinsforlolcom my sponsor. Then Re-Tweet this …
60,465180454879244288,Sat May 10 17:23:57 +0000 2014,0,0,@LAGTVMB @HyperX Bouse!
61,465180352567590912,Sat May 10 17:23:33 +0000 2014,276,0,RT @LAGTVMB: @HyperX Sponsor the me! Be a BOUSE
62,462736620702404608,Sat May 03 23:33:02 +0000 2014,0,0,#Smoggy http://t.co/vFm8ymOSsa
63,461658497470693376,Thu May 01 00:08:57 +0000 2014,65,0,RT @LAGTVMB: Getting coaching live follow ME and @ccigam twitter then retweet this tweet! http://t.co/ofSX9HwUnD
64,460437230633619456,Sun Apr 27 15:16:04 +0000 2014,0,0,I hate sundays
65,459317772556980225,Thu Apr 24 13:07:45 +0000 2014,0,0,Why do half the people in hairdressers not need there hair cutting?
66,458658420988841984,Tue Apr 22 17:27:43 +0000 2014,224,0,RT @LAGTVMB: If you want a EUW Riot Blitz Skin the follow me on twitter and @Skinsforlolcom then Retweet this!!! GL http://t.co/ofSX9HwUnD
67,457629672847990784,Sat Apr 19 21:19:51 +0000 2014,0,0,#TSMWIN
68,456845126435110912,Thu Apr 17 17:22:20 +0000 2014,360,0,RT @LAGTVMB: If you want Riot Blitz Skin then Re-tweet this and follow me on TWITTER! Live right now! http://t.co/ofSX9HwUnD
69,456414184125648896,Wed Apr 16 12:49:55 +0000 2014,0,0,My savings jar. #empty #iwishtheNigeriamillionsaireswerereal http://t.co/KFZwpIuJeE
70,455769447534694400,Mon Apr 14 18:07:58 +0000 2014,818,0,RT @LAGTVMB: If you want a Arctic OPS Varus skin then Follow me on twitter and Re-Tweet this tweet!! GLHF
71,455728248199344128,Mon Apr 14 15:24:16 +0000 2014,556,0,"RT @LAGTVMB: Craziest stream on twitch http://t.co/ofSX9HwUnD
RETWEET if you want a Roit Ward Skin!"
72,450211390255796224,Sun Mar 30 10:02:14 +0000 2014,0,0,"Nearly level 30, time to get ranked!"
73,449506786350206976,Fri Mar 28 11:22:23 +0000 2014,0,0,3 hours of HCI wtf
74,448883169925029891,Wed Mar 26 18:04:22 +0000 2014,0,0,Bring on level 30
75,448032544362336256,Mon Mar 24 09:44:17 +0000 2014,0,0,"College is shit, what else can I say"
76,446244966768328705,Wed Mar 19 11:21:05 +0000 2014,0,0,Need food asap
77,444911142293757952,Sat Mar 15 19:00:57 +0000 2014,0,0,Teach them how to speak properly @russellhoward
78,444910008044904448,Sat Mar 15 18:56:26 +0000 2014,0,0,Russell Howard! http://t.co/kNFO8lVPmB
79,442043707139710976,Fri Mar 07 21:06:47 +0000 2014,1,0,@lolstatus Latest picture of the EU West Server just came through http://t.co/aXxIl2kzrM
80,441553223091249152,Thu Mar 06 12:37:46 +0000 2014,0,0,@Yourstreamtweet http://t.co/FBe9tlDyKq LEAGUE OF LEGENDS - ASHE WITH NIFTYSCOTT
81,441553163125288960,Thu Mar 06 12:37:32 +0000 2014,0,0,@ShareyourTwitch http://t.co/FBe9tlDyKq LEAGUE OF LEGENDS - ASHE WITH NIFTYSCOTT
82,439735232963809280,Sat Mar 01 12:13:44 +0000 2014,0,0,New memory sticks in order I think http://t.co/EFXLYlFbib
83,438359625097048064,Tue Feb 25 17:07:33 +0000 2014,0,0,So good having my computer back
84,438102190323159040,Tue Feb 25 00:04:36 +0000 2014,0,0,"Need level 30 on league, my objective is set for the end of march"
85,437654992086769664,Sun Feb 23 18:27:36 +0000 2014,8,5,@lolstatus Picture of the EUW Server http://t.co/3fdxZmT7Ym
86,436446184946008064,Thu Feb 20 10:24:13 +0000 2014,0,0,Wish they would offer that to me... http://t.co/H0u2IUGHyN
87,436111639361105920,Wed Feb 19 12:14:52 +0000 2014,0,0,"If its working, don't try and fix it"
88,436103050307338241,Wed Feb 19 11:40:44 +0000 2014,0,2,#assam #tea http://t.co/vKXbpq0NTl
89,434770070464909312,Sat Feb 15 19:23:57 +0000 2014,0,2,Night on League I think #leagueoflegends http://t.co/IVNPs2HL7H
90,434090488837443584,Thu Feb 13 22:23:32 +0000 2014,0,0,These are amazing #lindt #truffles http://t.co/67XLaEPZ05
91,430785042378272768,Tue Feb 04 19:28:52 +0000 2014,0,0,mehhhhhh
92,430639852699533312,Tue Feb 04 09:51:56 +0000 2014,0,0,What a pile of shite college is
93,425286096365568000,Mon Jan 20 15:18:01 +0000 2014,0,0,"@JamessDaless wasn't me, its was michael, what a cock"
94,425268628037337088,Mon Jan 20 14:08:36 +0000 2014,0,0,@JamessDaless you are one sexy sexy boy
95,424720131609350144,Sun Jan 19 01:49:04 +0000 2014,1580,0,"RT @UberFacts: Caffeine helps increase your ability to learn, understand and remember."
96,424606223988957184,Sat Jan 18 18:16:27 +0000 2014,0,0,Look what came in a post today! http://t.co/eJ7nzoeKia
97,422470103947816960,Sun Jan 12 20:48:16 +0000 2014,0,0,"Sick of messages sending stupid links, does me tits in"
98,422445905712001024,Sun Jan 12 19:12:07 +0000 2014,0,0,"I hate sundays, the feeling of college next day ruins it"
99,421720305976229888,Fri Jan 10 19:08:50 +0000 2014,0,1,My night sorted! #theoffice http://t.co/6npYgTHBGw
100,421678574010400768,Fri Jan 10 16:23:01 +0000 2014,0,0,Impressive MPG! http://t.co/bSRzblfMXq
101,421312363095400448,Thu Jan 09 16:07:49 +0000 2014,0,0,Finally could be bothered to clean it 🚘 #clean #car http://t.co/wKHSgIiIKq
102,421247226091143168,Thu Jan 09 11:48:59 +0000 2014,0,0,Wish my day off was friday
103,419907324976070656,Sun Jan 05 19:04:42 +0000 2014,0,0,Its bloody freezing?
104,418173345063239680,Wed Jan 01 00:14:29 +0000 2014,0,0,Happy New Year fuckers!
105,417834820837072896,Tue Dec 31 01:49:18 +0000 2013,0,0,Better pass or its going up Kingston's arse #RAM http://t.co/gM4RthL9kg
106,416687303328030720,Fri Dec 27 21:49:29 +0000 2013,0,0,Just what the doctor ordered! http://t.co/1HO40f1GGS
107,416368524617986049,Fri Dec 27 00:42:46 +0000 2013,0,0,Its beginning to become a lot more windy! #UKStorm
108,415778923348504576,Wed Dec 25 09:39:54 +0000 2013,0,0,Its Alive! http://t.co/S1hMPxrbu0
109,415640714140471296,Wed Dec 25 00:30:43 +0000 2013,0,0,merry christmas guys!
110,415621635493085184,Tue Dec 24 23:14:54 +0000 2013,0,0,Think I may be winning... #monopoly http://t.co/yuvphs9zur
111,415487498237018112,Tue Dec 24 14:21:53 +0000 2013,11,0,RT @RedcarRNLI: NOTE - the organisers of the Redcar Boxing Day Dip have moved the start  time to 1pm because of safety concerns. Please spr…
112,415432645666152448,Tue Dec 24 10:43:55 +0000 2013,0,0,"Not being quiet when our mams in bed anymore, got the fucking hover out when im asleep 👍"
113,415270995856224256,Tue Dec 24 00:01:35 +0000 2013,0,0,Its Christmas Eve! http://t.co/xmzdb7KOOq
114,412373932805984257,Mon Dec 16 00:09:41 +0000 2013,0,0,@frankieboyle = GENUIS http://t.co/pFg8wXg8MZ
115,412373413085589505,Mon Dec 16 00:07:37 +0000 2013,0,0,"So much to do, so little time"
116,412372614259441664,Mon Dec 16 00:04:27 +0000 2013,307,0,"RT @frankieboyle: When giving a terminal diagnosis, I think doctors should make a wee ""Game Over"" noise like in a computer game"
117,411125942875348992,Thu Dec 12 13:30:37 +0000 2013,0,0,Passed my driving test! http://t.co/YxFNbJ4LBd
118,410365015456497664,Tue Dec 10 11:06:58 +0000 2013,0,0,"""ding ding ding ding"" says the slot machine"
119,409447982711324672,Sat Dec 07 22:23:00 +0000 2013,0,0,Win an ASUS GTX 780 DC2 grahpics card! https://t.co/O3TMd7Aj0y
120,408989073802817536,Fri Dec 06 15:59:28 +0000 2013,0,0,Home time!
121,408750456504979456,Fri Dec 06 00:11:17 +0000 2013,0,0,Nice to see you Friday!
122,408200121554579456,Wed Dec 04 11:44:27 +0000 2013,0,0,@JamessDaless what the fuck is wrong with blink182?
123,408199940176105472,Wed Dec 04 11:43:44 +0000 2013,0,0,@JamessDaless @MichaellStorey says hello! http://t.co/XQemYEH7nq
124,408199417263849473,Wed Dec 04 11:41:39 +0000 2013,0,0,@JamessDaless k.
125,408199155639918593,Wed Dec 04 11:40:37 +0000 2013,0,0,@JamessDaless They want the ball out of your car
126,408197392060940288,Wed Dec 04 11:33:36 +0000 2013,0,0,"@JamessDaless Get off your arse and get to college, lazy twat"
127,407889144619483138,Tue Dec 03 15:08:44 +0000 2013,0,0,Love early finishes
128,407259183994519552,Sun Dec 01 21:25:30 +0000 2013,0,0,"""I don't think I can council you while having a shit"" #imacelebrity"
129,407213340055060480,Sun Dec 01 18:23:20 +0000 2013,0,0,#christmas #tree http://t.co/urx89u89xD
130,406899157241446400,Sat Nov 30 21:34:53 +0000 2013,151,0,RT @MrJamesMay: I would happily swap Richard Hammond for an old cheese sandwich. @RaaqiaQazi
131,405850372557643776,Thu Nov 28 00:07:23 +0000 2013,0,0,Least I have a day off tomorrow #PraiseTheLord
132,405844314141368320,Wed Nov 27 23:43:19 +0000 2013,0,1,Awesome as fuck is awesome as fuck! #GreenDay
133,405748919071965184,Wed Nov 27 17:24:15 +0000 2013,0,0,Might send my CV into Man Vs Food
134,405494292560347137,Wed Nov 27 00:32:27 +0000 2013,594,0,RT @OfficialSanta: ☆☆☆ ONLY 670 HOURS TO CHRISTMAS ☆☆☆  #CountdownToChristmas 🎅🎁🎄⛄️
135,405123861026308097,Tue Nov 26 00:00:29 +0000 2013,0,0,@AMD R9 290x for a £10?
136,405123566271610880,Mon Nov 25 23:59:19 +0000 2013,0,0,The lightning connector inst lightning speeds #AppleProblems
137,405122129034612736,Mon Nov 25 23:53:37 +0000 2013,0,0,Wish @bfsrocks would do another UK tour
138,405120739793068032,Mon Nov 25 23:48:05 +0000 2013,0,0,iTunes is the worst program ever
139,404910863695740928,Mon Nov 25 09:54:07 +0000 2013,0,0,Mondays are shite
140,404711541347336192,Sun Nov 24 20:42:05 +0000 2013,0,0,"Hannah, fuck off"
141,404709387219906560,Sun Nov 24 20:33:31 +0000 2013,0,0,I thought Zayn was packing in the fags?
142,404707104939724801,Sun Nov 24 20:24:27 +0000 2013,0,0,I thought JLS were shit.
143,404706183908302848,Sun Nov 24 20:20:47 +0000 2013,0,0,@imacelebrity Amy in the shower
144,404705682412154880,Sun Nov 24 20:18:48 +0000 2013,0,0,"X Factor is full of shite tonight, JLS and One Direction are attempting to preform"
145,404705034124161024,Sun Nov 24 20:16:13 +0000 2013,43,0,RT @karlpilkingtonq: There's way too much weird stuff floating about in the sea.
146,404703547029061632,Sun Nov 24 20:10:19 +0000 2013,0,1,"JLS, do one, your shit"
147,404595198229237760,Sun Nov 24 12:59:46 +0000 2013,0,0,All kicking off in Redcar! http://t.co/sZnwNpYBYp
148,404351731997605889,Sat Nov 23 20:52:20 +0000 2013,0,0,Grandad with his 90th Birthday Cake :) http://t.co/eZDTjyefeL
149,403918633614585856,Fri Nov 22 16:11:21 +0000 2013,0,0,#buswanker http://t.co/nZmJRrN8g9
150,403807722325700608,Fri Nov 22 08:50:38 +0000 2013,0,1,Just can't be arsed
151,403675252213166080,Fri Nov 22 00:04:14 +0000 2013,0,1,Just so I don't forget #snowman #tshirt http://t.co/7twk8exwX5
152,403657396846743552,Thu Nov 21 22:53:17 +0000 2013,0,1,zzzzzzzzzzzzzzzzzzzzzzzzzzzzzz
153,403629510962073600,Thu Nov 21 21:02:29 +0000 2013,0,1,Isnt time for Amy to have a shower? #ImACelebrity
154,403554367137411072,Thu Nov 21 16:03:53 +0000 2013,0,1,@JamessDaless haha he shits himself at anything lmao
155,403545329921818624,Thu Nov 21 15:27:58 +0000 2013,0,1,@JamessDaless Why??
156,403534275351298048,Thu Nov 21 14:44:03 +0000 2013,0,1,"@JamessDaless John Learman, the weird one haa"
157,403515111501225984,Thu Nov 21 13:27:54 +0000 2013,0,1,One of those of trying to be productive and its just not happening
158,403483681274077184,Thu Nov 21 11:23:00 +0000 2013,0,2,As if its December next week! #Christmas
159,403317054654005248,Thu Nov 21 00:20:53 +0000 2013,0,1,"I give in, bed calls"
160,403307885167255552,Wed Nov 20 23:44:27 +0000 2013,0,1,"Falling asleep downstairs, goes to bed, wide awake #LifeProblems"
161,403074930059018240,Wed Nov 20 08:18:46 +0000 2013,0,1,Annoying as when theirs only one weetabix left the packet #LifeProblems
162,402415937640730624,Mon Nov 18 12:40:10 +0000 2013,0,1,Hurry up 4 o'clock
163,402415007654477824,Mon Nov 18 12:36:28 +0000 2013,1,0,RT @NiftyGaming: First Video should be going live tomorrow guys hope you all enjoy @NiftyGaming
164,401730955251286016,Sat Nov 16 15:18:18 +0000 2013,0,1,"Someone with software knowledge, how do you make a boot disk for windows 7?"
165,401501905098407936,Sat Nov 16 00:08:08 +0000 2013,2082,0,RT @SimonCowell: I just heard a very sad story about a brave girl called Georgina Anderson. You can buy her song on iTunes.
166,400311675582435328,Tue Nov 12 17:18:35 +0000 2013,0,1,Look what came today! #intel #i7 #4770k http://t.co/B6bc3KoJar
167,395952874146254848,Thu Oct 31 16:38:16 +0000 2013,0,1,Me tins nearly fun! #money http://t.co/7PBWELg3Ae
168,395702776736395264,Thu Oct 31 00:04:28 +0000 2013,0,1,Merry Fucking Halloween!
169,395497587627003904,Wed Oct 30 10:29:07 +0000 2013,0,1,Might be a bike kinda day!
170,392187726130581504,Mon Oct 21 07:16:55 +0000 2013,0,1,"Think that todays gonna be a good day, which is weird for a Monday..."
171,391876700474445824,Sun Oct 20 10:41:00 +0000 2013,0,1,Seems weird not being out on my bike in a sunday...
172,391489407272108032,Sat Oct 19 09:02:02 +0000 2013,0,1,Passed my Theory Test!
173,391301673299488768,Fri Oct 18 20:36:03 +0000 2013,20,0,RT @jaret2113: Ha! Best chant ever!!! @SoupBowlerChris  RT @CallumFosterr_: @jaret2113 sip sip sip sip
174,390626712360607745,Wed Oct 16 23:54:00 +0000 2013,0,1,"@jaret2113 SIP SIP, GULP GULP"
175,390374590457057280,Wed Oct 16 07:12:09 +0000 2013,0,2,Bowling for Soup tonight!!!!
176,389295434684170240,Sun Oct 13 07:43:59 +0000 2013,1146,0,RT @OfficialSanta: ☆☆☆ ONLY 73 SLEEPS TO CHRISTMAS ☆☆☆ #CountdownToChristmas  🎅🎁🎄⛄
177,389045196480323585,Sat Oct 12 15:09:37 +0000 2013,0,1,Hello Grangetown #middlesbrough http://t.co/L9K8K1vARy
178,388693348183068672,Fri Oct 11 15:51:30 +0000 2013,0,1,Assignment time yey i love fridays
179,388201195854397440,Thu Oct 10 07:15:52 +0000 2013,0,1,Its fucking freezing
180,386267834856509440,Fri Oct 04 23:13:23 +0000 2013,0,1,Falling asleep at 7 but wide away now #fuckoff
181,386231366234304513,Fri Oct 04 20:48:28 +0000 2013,0,1,my fridays are wild
182,386229397742948354,Fri Oct 04 20:40:38 +0000 2013,0,2,"@jaret2113 New album is awesome, see you at Newcastle!"
183,385436113843679233,Wed Oct 02 16:08:25 +0000 2013,0,1,FOOD TIME!
184,384947713437343744,Tue Oct 01 07:47:41 +0000 2013,0,1,"Quite happy octobers here's, winters coming!"
185,384938497641299968,Tue Oct 01 07:11:04 +0000 2013,0,1,If penguin jokes were funny I'd be disappointed
186,384767851850371072,Mon Sep 30 19:52:59 +0000 2013,0,1,Old motherboard out! http://t.co/1SEDmha264
187,384766821234409472,Mon Sep 30 19:48:53 +0000 2013,0,1,Upgrading motherboard... http://t.co/mGtmSXq9Zl
188,384594861430935552,Mon Sep 30 08:25:35 +0000 2013,0,1,"No lesson till one, bored morning... Again"
189,384578647107338240,Mon Sep 30 07:21:09 +0000 2013,0,1,G00D M0RNING
190,384460148141727744,Sun Sep 29 23:30:16 +0000 2013,0,1,"Need sleep, cant sleep 👌"
191,383893369627631617,Sat Sep 28 09:58:06 +0000 2013,0,1,Food food food food
192,383491674925973504,Fri Sep 27 07:21:54 +0000 2013,0,1,"Why do I have to finish at half 4 on a friday, fuck sake"
193,383333548737847296,Thu Sep 26 20:53:34 +0000 2013,1,1,what the fuck is she saying in educating yorkshire
194,382903952775577600,Wed Sep 25 16:26:31 +0000 2013,0,1,I JUST TOOK A SHIT
195,382634628907270144,Tue Sep 24 22:36:19 +0000 2013,0,1,FIFA14 free on the app store! #FIFA14 #AppStore
196,380372016479891456,Wed Sep 18 16:45:30 +0000 2013,0,1,Not long till IOS7!
