,id_str,created_at,retweet_count,favorite_count,text
0,668474528604012544,Sun Nov 22 17:02:01 +0000 2015,0,2,https://t.co/fSf8kYc0ue https://t.co/qx9Z6O6V4N
1,661460886008254464,Tue Nov 03 08:32:19 +0000 2015,1,0,If anyone can spare 2 mins to vote for Riverside School Swimming Pool (where I went to school) I'd be very grateful https://t.co/sreNEZtNvC
2,635094799398371329,Sat Aug 22 14:22:54 +0000 2015,0,2,Mmmm shiny http://t.co/fSf8kYc0ue http://t.co/5kh2gKOWuh
3,627742846976688128,Sun Aug 02 07:28:52 +0000 2015,0,0,"@kevski74 @dan_bentley1 hi mate, very nice motor - in fact I used to have one almost identical in black! Nice car but I'm not in the market."
4,626731743580700672,Thu Jul 30 12:31:06 +0000 2015,0,1,The @TfL congestion charging rules are a joke.  Website doesnt work properly and now I'm apparently going to be fined.  Takes the piss.
5,624935832164663296,Sat Jul 25 13:34:47 +0000 2015,1,5,Dog likes to hold hands 😂 http://t.co/fSf8kYc0ue http://t.co/xII2AZJonG
6,622876809747648514,Sun Jul 19 21:12:58 +0000 2015,0,1,New forest cycling today on the Electrolytes http://t.co/fSf8kYc0ue http://t.co/r519Aoz5sn
7,621965765814689793,Fri Jul 17 08:52:48 +0000 2015,0,0,@DanielWCoe yes live &amp; work nearby.
8,621625623014977536,Thu Jul 16 10:21:12 +0000 2015,0,1,Doing my garden at the moment so the beast is blocked in the garage by all the rubble. Can… http://t.co/fSf8kYc0ue http://t.co/6zeKHd9tUL
9,618329581490024448,Tue Jul 07 08:03:54 +0000 2015,1,11,Why is it as soon as there is even the tiniest bit of rain people's driving goes to shit. It takes twice as long to get everywhere!
10,616755548290183169,Thu Jul 02 23:49:16 +0000 2015,0,10,After a bit of late night polishing she’s ready for prom duty tomorrow :) http://t.co/fSf8kYc0ue http://t.co/mhUCToMqvS
11,613552225554690048,Wed Jun 24 03:40:24 +0000 2015,0,4,Out in the countryside discovering new pubs on a summer evening 😊 perfect. http://t.co/fSf8kYc0ue http://t.co/P2ZwYYpzIM
12,612690164998127617,Sun Jun 21 18:34:53 +0000 2015,0,5,These two don’t pose for pictures 😛😉 great weekend xx http://t.co/fSf8kYc0ue http://t.co/VKh6T2rAUk
13,607626132414951424,Sun Jun 07 19:12:13 +0000 2015,0,1,@kevski74 been doing a little tour of southern Spain mate. Today we went to Marbella &amp; Puerto Benus!
14,607595322395750400,Sun Jun 07 17:09:48 +0000 2015,1,8,You know I’m on holiday when I look like I live on the beach / am in that movie Castaway 😂… http://t.co/fSf8kYc0ue http://t.co/RwVZZql6s5
15,607276484563247104,Sat Jun 06 20:02:51 +0000 2015,0,4,Spain (at Playa de Torremolinos) http://t.co/fSf8kYc0ue http://t.co/EIfyFDPp1o
16,606779858706952192,Fri Jun 05 11:09:26 +0000 2015,0,0,@neilcrookes thanks mate see you next week
17,606776749800759296,Fri Jun 05 10:57:05 +0000 2015,0,8,This is what I am talking about (at Playa de Torremolinos) http://t.co/fSf8kYc0ue http://t.co/ePN1HDSWUx
18,604591884523044864,Sat May 30 10:15:12 +0000 2015,1,0,RT @kevski74: I'm fundraising for @dogstrust using @JustGiving. Check out my #JustGiving page http://t.co/HwxP6thjsf @RichB_
19,604591625906593792,Sat May 30 10:14:11 +0000 2015,2,2,@kevski74 @DogsTrust @JustGiving What a kind thing to do. It's nice to be reminded there are still good people out there! I've donated.
20,604266647822680064,Fri May 29 12:42:50 +0000 2015,0,0,"Just moved some of DNS zones into @awscloud Route 53.  Very impressed with the features for high availability, weighted routing &amp; failover."
21,602995621516173312,Tue May 26 00:32:13 +0000 2015,1,6,#highcliffe #beach #walk #sky #storm #sea (at Highcliffe Castle) http://t.co/fSf8kYc0ue http://t.co/ty5JsS5Vur
22,602062369204924417,Sat May 23 10:43:49 +0000 2015,0,4,Relaxed morning (at Lakeside Country Park) http://t.co/fSf8kYc0ue http://t.co/fEHCVBVzJF
23,601782744222400512,Fri May 22 16:12:41 +0000 2015,0,2,Robomaid ready to roll at casa del Richy B http://t.co/fSf8kYc0ue http://t.co/HqwXW1lBCZ
24,601348168207441920,Thu May 21 11:25:50 +0000 2015,1,3,She is pretty #jaguar #xkr http://t.co/fSf8kYc0ue http://t.co/NWps7u1S71
25,601344190358941696,Thu May 21 11:10:02 +0000 2015,0,2,She is pretty #jaguar #xkr https://t.co/gtUPqJVbDF
26,600287631486930946,Mon May 18 13:11:38 +0000 2015,0,1,@kevski74 not this time mate - decided to go incognito so took the little Benz!
27,600286441084694528,Mon May 18 13:06:54 +0000 2015,0,3,#latergram #london #uk #thames #londoneye #bigben #sunny #saturday (at The River Thames) http://t.co/fSf8kYc0ue http://t.co/LYBfpkXyWp
28,600286437930573824,Mon May 18 13:06:54 +0000 2015,2,3,#latergram radio bar London on a sunny Saturday afternoon (at Radio Rooftop Bar ME Hotel.) http://t.co/fSf8kYc0ue http://t.co/dKYL8plb0A
29,599624070892781568,Sat May 16 17:14:53 +0000 2015,0,2,Just took an @Uber cab. It's awesome. Sign up with my promo code please! richardb3494ue
30,598948507291123712,Thu May 14 20:30:26 +0000 2015,0,0,@O2 thanks you need to follow me first
31,598948086426251264,Thu May 14 20:28:46 +0000 2015,0,0,@O2 hi I have a chat transcript promising me the cancellation fee would be 'nullified' but it's been charged. I will DM you my number.
32,598946199052414977,Thu May 14 20:21:16 +0000 2015,0,1,"@Geraldine2903 @O2 I spoke to 3 different people when I questioned the bill they told me it would be ""nullified"". Incompetent!"
33,598944386366472195,Thu May 14 20:14:04 +0000 2015,0,0,@Bryncollieboy @O2 don't worry I have the transcript of the conversation I'll be getting it back!  Extremely poor service.
34,598943551578316801,Thu May 14 20:10:45 +0000 2015,2,1,"Despite promising me (in several calls &amp; live chats) that they wouldn't, @O2 have taken £172 'cancellation fee' from my bank. NOT HAPPY!!!!"
35,598077573311176705,Tue May 12 10:49:39 +0000 2015,0,0,"I'm going to ""Big Bash on the Beach""
 http://t.co/GdMqieQ57R via @Eventbrite"
36,597406354349916160,Sun May 10 14:22:28 +0000 2015,0,0,@HobsonRicky haha thankfully not - that would be unfortunate!
37,597118316168216576,Sat May 09 19:17:55 +0000 2015,0,7,Off for a night out with my mum (and sister) http://t.co/fSf8kYc0ue http://t.co/JlNKQwdq3s
38,596285569904312320,Thu May 07 12:08:52 +0000 2015,0,2,Sisters are so demanding lol http://t.co/fSf8kYc0ue http://t.co/zZJ4FUfGlA
39,596254916345204736,Thu May 07 10:07:04 +0000 2015,0,3,Make sure you vote today people #ElectionDay
40,592418936559431680,Sun Apr 26 20:04:15 +0000 2015,0,4,Enjoyed some (a lot) of champagne with the Lord Mayor. Great ambassador &amp; very nice bloke. http://t.co/VBxTMjVQIr
41,592417948066779136,Sun Apr 26 20:00:20 +0000 2015,1,10,#astonmartin #washday @astonmartin http://t.co/XC0LGp5wsi
42,591533989225193472,Fri Apr 24 09:27:47 +0000 2015,0,0,@danatello I know! Takes the piss doesn't it haha
43,591531538677833728,Fri Apr 24 09:18:03 +0000 2015,1,9,She’s back 😊 http://t.co/fSf8kYtBlM http://t.co/1IqnJDRxLh
44,590828936596164608,Wed Apr 22 10:46:10 +0000 2015,3,11,Don't know why UKIP keeps tweeting me. I don't give a shit about you or the short sighted vision you peddle to the ill-informed &amp; uneducated
45,590261951349051392,Mon Apr 20 21:13:10 +0000 2015,0,3,Paris last week #paris #france http://t.co/7BFYwW0qtz
46,590258793189134337,Mon Apr 20 21:00:37 +0000 2015,7,16,The last remaining parts for the beast arrive tomorrow so I will hopefully have her back soon! #astonmartin #vantage http://t.co/SYWhhOtMjH
47,589729182210465792,Sun Apr 19 09:56:08 +0000 2015,0,1,@AnthonyBaker11 yeah I love it there. Seeing the nice houses and stuff always leaves me feeling focussed &amp; re-motivated!
48,589718260939096064,Sun Apr 19 09:12:44 +0000 2015,3,10,#sandbanks #beach #Poole #Dorset #sun #sea #sand #sky (at Sandbanks Beach) http://t.co/fSf8kYc0ue http://t.co/FNuy3mbP7r
49,589708647548194816,Sun Apr 19 08:34:32 +0000 2015,0,2,Eaten clean the whole week &amp; now easing the gym back in at last. Feeling motivated!!
50,589130492068245504,Fri Apr 17 18:17:09 +0000 2015,0,10,Chillin at the Ritz (at The Ritz London) http://t.co/fSf8kYtBlM http://t.co/5x6jRsRgic
51,588775982926008321,Thu Apr 16 18:48:27 +0000 2015,0,1,@G12RDH nice! Hope to see you on the M27 again soon ;) lol
52,588775828307054592,Thu Apr 16 18:47:51 +0000 2015,0,0,@nick1275 does include a new Caliper to be fair. I got a deal on the discs too - 66% off buying from dealers eBay store rather than direct!
53,588774619450105856,Thu Apr 16 18:43:02 +0000 2015,0,1,@G12RDH oops! What went? Turbo?
54,588770434855874561,Thu Apr 16 18:26:25 +0000 2015,0,0,@G12RDH ouch! How'd you manage that? Glad she's back. Mine's still away til next week.
55,588767299756261376,Thu Apr 16 18:13:57 +0000 2015,0,5,Done £940 on brakes alone this week. Ouch #astonmartin #firstworldproblems
56,588766732791189505,Thu Apr 16 18:11:42 +0000 2015,0,1,Weekend starts now this week! Off to The Ritz tomorrow. Lovely jubbly.
57,586533765985468416,Fri Apr 10 14:18:41 +0000 2015,0,7,En route to Paris #paris #trance http://t.co/fSf8kYc0ue http://t.co/MsM6vm30ZZ
58,586271609264205824,Thu Apr 09 20:56:58 +0000 2015,1,1,"Ball so hard mf'ers wana fine me, what's £35 (if paid in 14 days) to a mfer like me? could you please remind me 😂 http://t.co/genZFmykdx"
59,585505721455894528,Tue Apr 07 18:13:36 +0000 2015,8,16,Whoa!! Photos like this are why I keep getting the urge to buy a Ferrari. http://t.co/Fy6CHxEDj7
60,585129503703306240,Mon Apr 06 17:18:39 +0000 2015,1,8,This is how bank holidays ought to be spent http://t.co/fSf8kYc0ue http://t.co/wOUxZrpUsm
61,583047140194328576,Tue Mar 31 23:24:05 +0000 2015,0,2,Afters spending nearly 3 hours fixing my fence this evening I hope there's not another storm tonight.
62,581407070269935618,Fri Mar 27 10:47:02 +0000 2015,0,2,Sick of my stupid phone running out of battery so ordered a new one. Finally my woes may be over!
63,580452529332420608,Tue Mar 24 19:34:01 +0000 2015,0,3,Not keen on this whole leaving the office at 19:30!!  Pizza reward for myself I think.
64,580115154223939584,Mon Mar 23 21:13:25 +0000 2015,0,3,Friday night #latergram #suit #tie #black #grey http://t.co/fSf8kYc0ue http://t.co/FaYU55AgAV
65,580100095644971008,Mon Mar 23 20:13:35 +0000 2015,0,2,Eine kalt bier mit meine deutsche freund http://t.co/fSf8kYc0ue http://t.co/viT79kzN2E
66,579431804945448960,Sat Mar 21 23:58:02 +0000 2015,0,4,Car park friend #BMW #i8 #astonmartin http://t.co/fSf8kYc0ue http://t.co/3UxRkQjfdk
67,578855251744280576,Fri Mar 20 09:47:01 +0000 2015,0,6,Check out my amazing view of the eclipse 😐 http://t.co/fSf8kYc0ue http://t.co/8wB7Ee2xXD
68,576315892331589632,Fri Mar 13 09:36:30 +0000 2015,0,1,Check out @GeorgianTearoom #ff #portsmouth #dockyard #georgian #tea #tearoom
69,576315450453266432,Fri Mar 13 09:34:45 +0000 2015,3,2,Great evening @brasserieblanc in Gunwharf Quays last night!
70,576311257764126720,Fri Mar 13 09:18:05 +0000 2015,0,0,@johngladman I know that feeling! Very nice too. Bet you can't wait for the good weather!
71,576296019119501313,Fri Mar 13 08:17:32 +0000 2015,0,0,"@johngladman Hi John, long time no see! Hope you &amp; your family are well. Any plans for another AM? I half expected you to see you in a V12S!"
72,575405432405098497,Tue Mar 10 21:18:40 +0000 2015,0,3,Stressed today. Time for it to be over I think - early bedtime.
73,575278827842244608,Tue Mar 10 12:55:35 +0000 2015,7,18,#topdown #weekend #latergram #astonmartin http://t.co/fSf8kYc0ue http://t.co/fu2uzGJLq7
74,575218606528688128,Tue Mar 10 08:56:17 +0000 2015,0,0,@theblackcatsays thanks I will check it out
75,574487188869672960,Sun Mar 08 08:29:53 +0000 2015,0,2,Drinks in Reading with the Holl(y/ie)’s http://t.co/fSf8kYc0ue http://t.co/6lmiCUPVt8
76,572073121706053633,Sun Mar 01 16:37:15 +0000 2015,1,14,Bournemouth beach #astonmartin #beach #sand #car http://t.co/fSf8kYc0ue http://t.co/UJTKX0jwcN
77,571709952055742464,Sat Feb 28 16:34:09 +0000 2015,0,7,Garage is finally tidy http://t.co/fSf8kYc0ue http://t.co/ECC1kl0gEZ
78,571313043126259712,Fri Feb 27 14:16:58 +0000 2015,0,0,@neilcrookes well done mate. Beer tonight!
79,571312958262923264,Fri Feb 27 14:16:38 +0000 2015,10,0,RT @neilcrookes: KONG has launched!!! http://t.co/TSJg8abcTS &lt;&lt; Awesome new SaaS eCommerce platform. Sign up for free 30 day trial. http://…
80,571225907802869760,Fri Feb 27 08:30:43 +0000 2015,0,1,@Geraldine2903 a sisha pipe with peach &amp; guava flavour in it. I'm not a smoker so it makes me cough but my friends enjoy it.
81,571092996516683777,Thu Feb 26 23:42:35 +0000 2015,0,3,#shisha http://t.co/fSf8kYc0ue http://t.co/IF7lLbxpIK
82,571028752190349314,Thu Feb 26 19:27:18 +0000 2015,0,3,Feeling the pressure face. Been a productive day today though! http://t.co/fSf8kYc0ue http://t.co/ioFszA93qx
83,570531258146684928,Wed Feb 25 10:30:26 +0000 2015,0,3,So today is the last ever 'Orange Wednesday' ... Doubt this is going to end well for the cinema biz. How can they justify £12 per ticket!?
84,570481650842398722,Wed Feb 25 07:13:19 +0000 2015,9,0,RT @MeridienModena: Thank you to Derek Jarman for the historic picture of our showroom. Here's the 'then &amp; now' picture! http://t.co/OoFdhg…
85,569839798594220033,Mon Feb 23 12:42:49 +0000 2015,0,1,Liftoff in the USA today!
86,569443057164271616,Sun Feb 22 10:26:19 +0000 2015,0,1,@theblackcatsays haha yes I have quite a few identical white shirts just cos they're crisp &amp; fit well - it's my go to item for smart days
87,569442247202217984,Sun Feb 22 10:23:06 +0000 2015,0,2,@theblackcatsays Ahh thanks haha. I got rid of some of the more mental ones buy kept the blues / blacks one red &amp; one pink ;)
88,569441718963200002,Sun Feb 22 10:21:00 +0000 2015,0,1,@theblackcatsays haha I went through a bit of a stripe obsession a couple of years back.
89,569438464363642880,Sun Feb 22 10:08:04 +0000 2015,1,2,Finally sorted out new wardrobes http://t.co/fSf8kYc0ue http://t.co/h7ZtrPTh9H
90,568551877505380352,Thu Feb 19 23:25:05 +0000 2015,0,6,Dinner with the mother http://t.co/fSf8kYc0ue http://t.co/kCOUfyqTV8
91,568369377613127680,Thu Feb 19 11:19:54 +0000 2015,0,0,@taylorotwell Thank you :)
92,568338969114640384,Thu Feb 19 09:19:04 +0000 2015,0,0,"@taylorotwell Hi Taylor, one of our sites managed on Forge has been stuck in 'deploying' status since yesterday. Any suggestions?"
93,566259068915187712,Fri Feb 13 15:34:17 +0000 2015,0,1,Friday football this afternoon then off to the boxing tonight! Decent Friday.
94,565307023215316992,Wed Feb 11 00:31:11 +0000 2015,0,0,@GeordieDave44 hi Dave thanks so much for your efforts anyway it's much appreciated. Have a great week!
95,565266466115977216,Tue Feb 10 21:50:02 +0000 2015,0,11,So my dad has ordered a new V8 Mustang &amp; is now encouraging me to do street racing lol #legend http://t.co/3rMkajVqRP
96,565110358533484544,Tue Feb 10 11:29:43 +0000 2015,0,0,"@GeordieDave44 either would be fantastic, thanks so much. If you have them (or any others of Jim) pls let me know and I'll gladly pay costs"
97,565107739450675201,Tue Feb 10 11:19:18 +0000 2015,0,0,@GeordieDave44 thank you :) I'm looking for team photos from 82-83 / 83-84 for a family friend James (Jim) Mckechnie when he played for NF
98,565105102974124032,Tue Feb 10 11:08:50 +0000 2015,0,0,@PVBeetlestone @GeordieDave44 thanks so much. I've sent you a follow request @GeordieDave44
99,565092196496707584,Tue Feb 10 10:17:33 +0000 2015,8,1,Can anybody put me in touch with a Nottingham Forest FC collector? I'm trying to source copies of some old team photos for a retired player.
100,564553323685359617,Sun Feb 08 22:36:15 +0000 2015,0,7,Fun day in the forest! This little one was brilliant fun. http://t.co/fSf8kYc0ue http://t.co/dTmjr1jq3k
101,563399835412611072,Thu Feb 05 18:12:42 +0000 2015,2,7,2 guys in a suped up car giving me dirty looks at lights. They wind down window to say something &amp; they got 'Aqua - Dr Jones' blaring 😂 lmao
102,560832370828648449,Thu Jan 29 16:10:31 +0000 2015,1,2,New toy #Sony #actioncam http://t.co/LuUrBZgRdm http://t.co/Nk4T6zgAGM
103,560008561506668545,Tue Jan 27 09:37:00 +0000 2015,0,8,Aaargh a really nice V12 Vantage in my perfect spec (all black everything!) has come up at a dealer at good price. Trying to resist ...!!!
104,558973662536429568,Sat Jan 24 13:04:41 +0000 2015,1,8,Pretty decent ‘Courtesy car’ from the car wash. Thanks Nick @clean_getaway 👍 http://t.co/LuUrBZgRdm http://t.co/n7OMv5ZCx5
105,558702156044566529,Fri Jan 23 19:05:48 +0000 2015,0,4,My remote control lighting obsession is getting crazy. Got remotes for my garage and house in the car too now 😂 #geek
106,556918155772448769,Sun Jan 18 20:56:50 +0000 2015,0,8,Finally got around to fixing my interior lights! http://t.co/LuUrBZgRdm http://t.co/uPnJX8wTuc
107,556486562691940352,Sat Jan 17 16:21:50 +0000 2015,2,10,Having remote control lights in the house seems like a great idea until you consider how much time I spend every day looking for the remote
108,556062749391060992,Fri Jan 16 12:17:45 +0000 2015,1,4,Working on some very cool stuff at the moment that's going to change the game &amp; send us to the stratosphere! Loving it #watchthis #bringiton
109,555992543692091392,Fri Jan 16 07:38:46 +0000 2015,0,5,Gym time #boxing #gym #samsons http://t.co/LuUrBZgRdm http://t.co/ZlLpFLQUrH
110,554722890957225984,Mon Jan 12 19:33:38 +0000 2015,0,0,FFS
111,554656606684995584,Mon Jan 12 15:10:14 +0000 2015,0,2,New Ford GT looks cool.  If it's anything like the last one it'll be a good buy - hold on to it and make some $$$.
112,552930397886353410,Wed Jan 07 20:50:54 +0000 2015,0,4,Gona have the UN knocking on my door if the explosions in my microwave get any bigger
113,552497967396315136,Tue Jan 06 16:12:35 +0000 2015,0,4,London bound 👍
114,551721667152871424,Sun Jan 04 12:47:50 +0000 2015,0,0,@AnthonyBaker11 it's an Epiphone Les Paul Custom Black Beauty - the one with three gold pickups.
115,551708647697707008,Sun Jan 04 11:56:06 +0000 2015,0,1,Let’s smash Uncle Richy’s house haha 😊😄 http://t.co/LuUrBZgRdm http://t.co/bgArEljqHS
116,551525253558845440,Sat Jan 03 23:47:21 +0000 2015,0,1,@Geraldine2903 yes fine thank you just silly rushing around and crashing into my own house haha. Happy new year!
117,551447259611951104,Sat Jan 03 18:37:26 +0000 2015,0,0,@Dinalli yeah wasn't massive so just clipped them back on. They have some kind of hinged safety mechanism for when this happens :)
118,551440242662981632,Sat Jan 03 18:09:33 +0000 2015,1,6,Have smashed both wing mirrors off my Mercedes today by bashing them on posts / guttering. Don't know what's wrong with me today #donkey
119,551164650491232256,Fri Jan 02 23:54:27 +0000 2015,0,3,Is it weird that often the 'kids' section is my first port of call on Netflix? 😂
120,550482700986249217,Thu Jan 01 02:44:38 +0000 2015,1,8,2015. Moving on 👍😐
121,550061303356981248,Tue Dec 30 22:50:09 +0000 2014,0,0,@astro_Liz haha not at all I think I've broken it somehow. Glad ur enjoying SA. The new hair looks great - u look very relaxed &amp; at home! X
122,550036324187914240,Tue Dec 30 21:10:53 +0000 2014,0,0,"@astro_Liz haha thanks Liz, xmas was good at home in the hood. Hope you had a good one! Will DM re the tweet! x"
123,550005950904819712,Tue Dec 30 19:10:11 +0000 2014,2,3,"To rise from the ashes, first you must burn #WinnersNeverQuit #LikeAPhoenix #WatchThis #Comeback #BiggerAndBetter"
124,549165073537966080,Sun Dec 28 11:28:51 +0000 2014,4,17,Frozen Aston! #frozen #cold #weather #winter http://t.co/LuUrBZgRdm http://t.co/dP11WmICUQ
125,548195070286249984,Thu Dec 25 19:14:24 +0000 2014,8,7,"The ultimate measure of a man is not where he stands in moments of comfort &amp; convenience, but at times of challenge &amp; controversy."
126,547768154513223683,Wed Dec 24 14:57:59 +0000 2014,0,6,Walkies around the village #puppy #essex #countryside http://t.co/LuUrBZgRdm http://t.co/QABLlUpYNZ
127,547401503557029888,Tue Dec 23 14:41:03 +0000 2014,0,1,@theblackcatsays ahh congratulations :)
128,547401097011548160,Tue Dec 23 14:39:26 +0000 2014,0,1,@theblackcatsays and you! X
129,547394756834521089,Tue Dec 23 14:14:14 +0000 2014,1,8,Home at last &amp; walking the dog http://t.co/LuUrBZgRdm http://t.co/FDSkgeRqKE
130,547368983985684481,Tue Dec 23 12:31:50 +0000 2014,3,5,Sat on the #M25 with my engine off #dartford #crossing #traffic http://t.co/LuUrBZgRdm http://t.co/3XjlFXO44V
131,546603773351964672,Sun Dec 21 09:51:09 +0000 2014,1,0,"@kevski74 haha no just went on a bit of a mad one in 2011, saw the shiny toy and decided it was a great way to lose lots of money haha"
132,546601762673942528,Sun Dec 21 09:43:10 +0000 2014,0,0,@kevski74 yeah still pretty surreal!!
133,546601329960165376,Sun Dec 21 09:41:27 +0000 2014,2,12,3 years ago today! http://t.co/7LTGaHmlut
134,545677808362852352,Thu Dec 18 20:31:42 +0000 2014,1,4,Sometimes I can't believe how times have changed. Experiences I could never have even dreamed of once upon a time. You make your own luck!
135,544958961322295297,Tue Dec 16 20:55:15 +0000 2014,1,12,Went Christmas shopping … Ended up in the pub. http://t.co/LuUrBZgRdm http://t.co/j1pMpji65B
136,544824100733321217,Tue Dec 16 11:59:22 +0000 2014,1,1,Oldskool #tune of the day ... not heard this for a while  https://t.co/FlQkbQgzMw #tupac #shakur #howdouwantit #2pac
137,544283452426964992,Mon Dec 15 00:11:02 +0000 2014,0,4,Got some strange looks at the pub tonight #Christmas #santa #hat http://t.co/LuUrBZgRdm http://t.co/VEtenSNJAB
138,543604727796498433,Sat Dec 13 03:14:01 +0000 2014,1,2,Scary but fun drive back from London tonight #icy #roads #dangerous http://t.co/LuUrBZgRdm http://t.co/UQ9NIrsu1y
139,542820432198791169,Wed Dec 10 23:17:30 +0000 2014,0,1,"Urgh, in some pretty major pain tonight.  A few rest days needed I think."
140,542687288535568384,Wed Dec 10 14:28:26 +0000 2014,2,2,Saw this today … when xmas decs go wrong! Poor Santa. http://t.co/LuUrBZgRdm http://t.co/tGnjp6upbE
141,542594883878658048,Wed Dec 10 08:21:15 +0000 2014,0,3,Enjoying boxing in the mornings at the moment #alwaysimproving http://t.co/LuUrBZgRdm http://t.co/rduSKedKMg
142,542454043323289601,Tue Dec 09 23:01:36 +0000 2014,1,3,Saw this in the flesh tonight. Pretty cool #astonmartin #dp100 http://t.co/fSf8kYLctQ http://t.co/tQ2knm0RqU
143,541167793979527168,Sat Dec 06 09:50:31 +0000 2014,1,2,Sister 1 aka @meganbarrett11 has won most organised sibling award. Thanks for the card. Hope St Lucia sunny! http://t.co/AKrlVkiK3w
144,541026515560189952,Sat Dec 06 00:29:07 +0000 2014,0,1,Back from town early so having a little drink &amp; Netflix! http://t.co/LuUrBZgRdm http://t.co/UnT0RDn1np
145,540509481407639552,Thu Dec 04 14:14:37 +0000 2014,1,9,London tonight. Can't decide whether to take a sensible car or unleash the beast ... http://t.co/g87PRpngwV
146,539485001046560768,Mon Dec 01 18:23:42 +0000 2014,0,4,"Today my MacBook Pro decided to throw a wobbly, die completely &amp; ruin my Monday. Woosa, wooosaaa ... #stressful #badboys"
147,539041502866198529,Sun Nov 30 13:01:23 +0000 2014,0,0,@sveetdrojan haha yeah took her for a little outing ;)
148,538839832077033473,Sat Nov 29 23:40:01 +0000 2014,0,3,Causing destruction in Soton with @happyhays http://t.co/LuUrBZgRdm http://t.co/nUoKHg4Ltc
149,538338491814674432,Fri Nov 28 14:27:52 +0000 2014,0,3,Going through pics &amp; found this. The best day of this year!  My mates wedding with all our friends and families. http://t.co/5xxccrXm4g
150,538018172629434368,Thu Nov 27 17:15:02 +0000 2014,1,4,Winter wax time #Collinite #476s http://t.co/LuUrBZgRdm http://t.co/girOrXC6no
151,537647050209624064,Wed Nov 26 16:40:20 +0000 2014,0,2,The new heavy bag has arrived in the office! Hopefully this one won’t get smashed off th... http://t.co/LuUrBZgRdm http://t.co/FiaFxq9HpF
152,537519337285095424,Wed Nov 26 08:12:51 +0000 2014,2,6,7am sparring this morning http://t.co/IS2gOhaIXv
153,536872009226268672,Mon Nov 24 13:20:36 +0000 2014,6,7,Beautiful prague http://t.co/LuUrBZgRdm http://t.co/l6dvLU4YkZ
154,536872004868407297,Mon Nov 24 13:20:35 +0000 2014,1,6,"Vodka martini, shaken not stirred! http://t.co/LuUrBZgRdm http://t.co/RPMGwpAMvE"
155,536872001773006848,Mon Nov 24 13:20:34 +0000 2014,3,6,Saturday morning in Prague http://t.co/LuUrBZgRdm http://t.co/MJIwgztBkZ
156,536871944579465216,Mon Nov 24 13:20:20 +0000 2014,1,1,Went here &amp; thought of you @LucyBater x http://t.co/YEsFfmFOmL
157,536870375045746688,Mon Nov 24 13:14:06 +0000 2014,0,3,Someone loves the little piggy @KeckersH xx http://t.co/BurPYxzA81
158,535365348045107200,Thu Nov 20 09:33:40 +0000 2014,0,2,@theblackcatsays I duno about Rocky ... I'm now nursing a cut lip and overstretched right elbow joint lol!
159,535356771674882048,Thu Nov 20 08:59:35 +0000 2014,1,4,Boxing lesson this morning. I need more practice! http://t.co/LuUrBZgRdm http://t.co/I41O3YdxrQ
160,534828868050620416,Tue Nov 18 22:01:53 +0000 2014,0,3,Not a huge Kanye West fan but some of his sampling is inspired. Check out the intro http://t.co/eo3m1OcWcf #kanye #mj #pyt #mindblown
161,534721930533040129,Tue Nov 18 14:56:57 +0000 2014,0,3,Just pushed the big red button for lift off in the USA. World domination here we come #bam #goingglobal
162,534301910631989248,Mon Nov 17 11:07:57 +0000 2014,1,9,Seriously @Fasthosts ??!  Sort out your DNS.  Monday is not a good day to be bringing down peoples eCommerce websites!!
163,533939693260660737,Sun Nov 16 11:08:37 +0000 2014,0,0,@theblackcatsays yep the new one! Love a bit of Bond
164,533778701570547712,Sun Nov 16 00:28:54 +0000 2014,0,1,"@theblackcatsays tough question. Can I choose 4? Casino Royale, Oceans 11, Shawshank Redemption, American Gangster."
165,533607344262115328,Sat Nov 15 13:07:59 +0000 2014,3,15,Naughty passenger making a mess on my seats! http://t.co/LuUrBZgRdm http://t.co/05irYS3Mmu
166,533320961865809920,Fri Nov 14 18:10:00 +0000 2014,8,11,400bhp coaster. How to do car maintenance like a gentleman lol #V8 http://t.co/LuUrBZgRdm http://t.co/GcTaUe27mC
167,532233960991248385,Tue Nov 11 18:10:39 +0000 2014,2,4,What are your top 3 all time favourite movies?
168,531406105147351040,Sun Nov 09 11:21:03 +0000 2014,34,37,Lest we forget http://t.co/yh7Q9kKltE
169,530069665549385728,Wed Nov 05 18:50:31 +0000 2014,7,0,"RT @neilcrookes: Experienced PHP devs get in touch. There's a perm, full time role going at the best tech company in Hampshire."
170,529718215891746816,Tue Nov 04 19:33:59 +0000 2014,0,1,@wendybaker14 I'll survive! haha
171,529717411562684418,Tue Nov 04 19:30:47 +0000 2014,0,1,"@wendybaker14 thank you!  She did well, but unfortunately now she's managed a higher average mark than me I'll never hear the last of it ;)"
172,529716080630300672,Tue Nov 04 19:25:29 +0000 2014,0,1,@wendybaker14 she studied Psychology and got a first class with honours. In fact she got the highest mark in her year! #CleverCloggs
173,529415996273340417,Mon Nov 03 23:33:04 +0000 2014,3,11,At my sisters graduation in Sheffield this summer http://t.co/pzYWMOhVRz http://t.co/DMo3b8pmWG
174,529015469022642177,Sun Nov 02 21:01:31 +0000 2014,2,8,Guy Martin - what a legend!
175,528661649402920960,Sat Nov 01 21:35:33 +0000 2014,4,17,In the new forest tonight by the fire pit! http://t.co/pzYWMOhVRz http://t.co/8sPzyRozUp
176,528544700744355840,Sat Nov 01 13:50:51 +0000 2014,1,10,Had a great night having dinner and drinks on board HMS Victory last night! Fascinating ... http://t.co/pzYWMOhVRz http://t.co/Uzgz7hwsCG
177,528512791754584065,Sat Nov 01 11:44:03 +0000 2014,0,1,@KeckersH haha just temporarily I think. Candy pie is home too this week! Xx
178,528459583258656768,Sat Nov 01 08:12:37 +0000 2014,0,2,@KeckersH we were surprisingly well behaved so not too bad this morning. Mum &amp; dad have moved into your bed - you're officially out! ;) xx
179,528381192828387328,Sat Nov 01 03:01:07 +0000 2014,1,3,Survived pickle night on the HMS Victory! @KeckersH missed you though miss! http://t.co/biGaim9RlI
180,528209844554448896,Fri Oct 31 15:40:15 +0000 2014,0,5,Managed to burn my stomach with an iron #genius
181,527199152749703170,Tue Oct 28 20:44:07 +0000 2014,0,7,Our company football team pushing hard. Think the rules are a little too stringent for our boys lol http://t.co/ydH2PYvpPm
182,526770741430480897,Mon Oct 27 16:21:46 +0000 2014,1,13,First day of operations from our new warehouse #busy #milestone http://t.co/pzYWMOhVRz http://t.co/xCRjXZAYt2
183,526397573486366721,Sun Oct 26 15:38:56 +0000 2014,1,4,"@GarethTrigell haha me too! If I put £1 per day in my LaFerrari piggy bank, I should be able to afford it by the time I am 2,766."
184,526392118009683968,Sun Oct 26 15:17:15 +0000 2014,0,1,@GarethTrigell yep!
185,526364866626715649,Sun Oct 26 13:28:58 +0000 2014,6,21,The Aston sitting pretty in the New Forest this morning http://t.co/pzYWMOhVRz http://t.co/LgjTimFddx
186,526357097911689216,Sun Oct 26 12:58:06 +0000 2014,12,20,Been to Ferrari this morning to have a look at the LaFerrari http://t.co/pzYWMOhVRz http://t.co/YmfW6Rel3F
187,526163374150021120,Sun Oct 26 00:08:18 +0000 2014,0,0,@AFender89 hey abbey lol xx
188,526090829988106240,Sat Oct 25 19:20:02 +0000 2014,0,0,@theblackcatsays yes much lol
189,526083717409021953,Sat Oct 25 18:51:47 +0000 2014,1,2,Glasses of whisky &amp; wine in hand. This song comes on... memories of some mad experiences from my less sensible days https://t.co/pcxH8XRO9S
190,526016584461328384,Sat Oct 25 14:25:01 +0000 2014,2,9,At @clean_getaway getting some tlc. Great job as always. http://t.co/pzYWMOhVRz http://t.co/heGvMRCIaE
191,525949634548875264,Sat Oct 25 09:58:59 +0000 2014,0,3,Laying in on a Saturday 👌
192,525641340177383424,Fri Oct 24 13:33:56 +0000 2014,2,9,TGIF
193,525212906196320256,Thu Oct 23 09:11:29 +0000 2014,4,5,BMW M3. Rapid! http://t.co/pzYWMOhVRz http://t.co/E9CATDL5yG
194,524905812016529409,Wed Oct 22 12:51:12 +0000 2014,0,2,@KeckersH yeah he was a good boy luckily! Xx
195,524837034419290112,Wed Oct 22 08:17:54 +0000 2014,5,22,Got a new recruit at the office today #scooby #puppy http://t.co/pzYWMOhVRz http://t.co/BzkMpRePnI
196,524312312887267330,Mon Oct 20 21:32:51 +0000 2014,1,13,My first Instagram post! #lespaul #blackbeauty #guitar http://t.co/WM9IoKz3c3
197,524277807430762496,Mon Oct 20 19:15:44 +0000 2014,0,4,Never been much of a fan of Ed Sheeran but just seen 'thinking out loud' on MTV. Beautiful song and video.
198,523578834206334976,Sat Oct 18 20:58:16 +0000 2014,2,20,Think I've got a new friend / foot warmer! #puppy #dog http://t.co/z0APort4qX
199,523475110888734720,Sat Oct 18 14:06:06 +0000 2014,0,9,Visiting the parents this weekend so taking their new dog Barney for a walk. So much energy! http://t.co/OI1hpLeocf
