,id_str,created_at,retweet_count,favorite_count,text
0,669345355503398912,Wed Nov 25 02:42:23 +0000 2015,1,0,RT @vivlucchese: Know What's Working on Social Media: 19 Free Social Media Analytics Tools https://t.co/kYXF4xjHTN via @buffer #LeadersGetS…
1,669345259957198848,Wed Nov 25 02:42:00 +0000 2015,6,0,"RT @nfont003: How much data is generated every minute? Each minute, Twitter users send almost 350,000 tweets. #LeadersGetSocial https://t.c…"
2,669345176272379904,Wed Nov 25 02:41:40 +0000 2015,1,0,"RT @JamesVieira_: #leadersgetsocial
https://t.co/7jLEsunUHy"
3,669345128805453825,Wed Nov 25 02:41:29 +0000 2015,1,0,RT @AmyPudsey: Great article! https://t.co/2RNgYwrBFv #LeadersGetSocial
4,669344729721643009,Wed Nov 25 02:39:54 +0000 2015,0,0,Thank you #HappyThanksgiving @Topher_Li: @NancyRichmond i like your hashtag #LeadersGetSocial its like lets progress together.
5,669331060690407426,Wed Nov 25 01:45:35 +0000 2015,2,0,"RT @AUrobot: #BigData is crucial, but did you know how much impact it can have on your social presence? #LeadersGetSocial https://t.co/YHZK…"
6,669330799959912449,Wed Nov 25 01:44:32 +0000 2015,2,0,RT @jocloo: 10 Laws of Social Media Marketing by @SusanGunelius #LeadersGetSocial https://t.co/2YgDN9vvya via @Entrepreneur
7,669330434740903936,Wed Nov 25 01:43:05 +0000 2015,1,0,RT @Alvz07: The Launch: Do You Know What Your Marketing Is Doing? https://t.co/tUfVFlGgNr via @YouTube #LeadersGetSocial #AdobeMarketingClo…
8,669266165290635264,Tue Nov 24 21:27:42 +0000 2015,8,16,Thankful for every special moment &amp; we take a special pause to remember Have an Awesome #Thanksgiving https://t.co/2BTmPlKrmr
9,669233709204291587,Tue Nov 24 19:18:44 +0000 2015,0,1,"Education, Technology &amp; Leadership News is out! https://t.co/tev8Ky0WGd Stories via @SocProf @ftherin @EVisconsi"
10,669196351792640000,Tue Nov 24 16:50:17 +0000 2015,5,14,5 Qualities of Authentic leaders: https://t.co/rm2ZI9a0tx via @Bill_George at @HarvardHBS https://t.co/PZKIPOsTfn
11,668998152020733953,Tue Nov 24 03:42:43 +0000 2015,1,0,RT @Zhofstatter: Follow @Fiusma and develop your social media skills!!!  #FIUGetSocial @andgarci1 @Wendyr_89 @NancyRichmond @canva https://…
12,668851608877457411,Mon Nov 23 18:00:24 +0000 2015,2,4,CEO Apology: Rapid apology reduces the level of negative sentiment on Twitter https://t.co/pgDYgrcZh9 #LeadersGetSocial #SMM #SMResearch
13,668811071453601792,Mon Nov 23 15:19:20 +0000 2015,16,33,When dealing with people remember you are not dealing with creatures of logic but creatures of emotion - D. Carnegie https://t.co/I37LBkJgSX
14,668473569295376385,Sun Nov 22 16:58:13 +0000 2015,8,8,The six types of Twitter conversations https://t.co/o2YEXDnQDj #LeadersGetSocial #SMM
15,668231401280569344,Sun Nov 22 00:55:55 +0000 2015,19,37,Don't pass judgment on an entire population based on the actions of a radical few #PrayForPeace #PrayForTheWorld https://t.co/dzDFjmLGcb
16,668174630088216576,Sat Nov 21 21:10:20 +0000 2015,7,9,"If we choose, we can live in a world of comforting illusion. - Noam Chomsky #MIT #quoteoftheday https://t.co/NyQopO2df9"
17,668135783191056384,Sat Nov 21 18:35:58 +0000 2015,35,49,"You only live once, but if you do it right once is enough. https://t.co/RyLbJMj36w"
18,668102411916062722,Sat Nov 21 16:23:22 +0000 2015,3,5,Why Twitter’s Emoji Response Tool Makes Sense – New Data on Emoji Use on the Platform https://t.co/mvytXqNZ3v ♡
19,668102117584936960,Sat Nov 21 16:22:12 +0000 2015,0,7,MRI Shows Where Happiness Happens in The Brain https://t.co/D2h4HiZtH1 #Zen #Happiness #Health
20,667835406105206784,Fri Nov 20 22:42:23 +0000 2015,117,0,"RT @AnthonyMiyazaki: ""The attention you give to people matters. Teaching people matters.""
~@DrAnnMaria YouTube http://t.co/2v47mWiSd0 http:…"
21,667818032572403712,Fri Nov 20 21:33:21 +0000 2015,10,20,Friday Illusion Yes or No?  #ThinkDifferent https://t.co/aZGah1tiUd
22,667762712227647488,Fri Nov 20 17:53:31 +0000 2015,57,46,Darkness cannot drive out darkness only light can do that. Hate cannot drive out hate only love can do that. #Mali https://t.co/Mj8hCwnkBy
23,667502356272148480,Fri Nov 20 00:38:57 +0000 2015,19,33,"Happiness is when what you think, what you say, and what you do are in harmony. - Mahatma Gandhi https://t.co/F5i3NakVdf"
24,667451597769830400,Thu Nov 19 21:17:16 +0000 2015,5,14,#TheGoodOfSocialMedia Social Media is effective in coordinating aid &amp; verifying people are safe #ParisAttacks
25,667448601765937156,Thu Nov 19 21:05:21 +0000 2015,115,0,"RT @business: Anonymous hackers declare ""war"" on ISIS, taking down 5,500+ social media accounts https://t.co/8CTSqisKeZ"
26,667447278886588416,Thu Nov 19 21:00:06 +0000 2015,14,0,"RT @IBTimes: LIVE UPDATES: #ParisAttacks mastermind killed, Parliament votes to block some social media and websites https://t.co/B9rBQxFIXI"
27,667049396438245376,Wed Nov 18 18:39:03 +0000 2015,4,0,RT @LadyOrtiz_: Last night's kayaking event with @Fiusma was awesome!! &amp; I conquered my fear of kayaking in the dark! #Fearless #FIU https:…
28,666840051725303808,Wed Nov 18 04:47:12 +0000 2015,20,37,"Feeling gratitude and not expressing it is like wrapping a present and not giving it. - 
William Arthur Ward #Quote https://t.co/bLAqW50ZF0"
29,666834377050103808,Wed Nov 18 04:24:39 +0000 2015,2,7,This Popular Emoji Was Named Oxford Dictionaries' Word Of The Year https://t.co/Qih063pQng
30,666825333354708993,Wed Nov 18 03:48:43 +0000 2015,10,0,"RT @AnnTran_: A8) Remember while you are selling in social, be sensitive to different religions and cultures. #InfluencerChat"
31,666825244284465153,Wed Nov 18 03:48:21 +0000 2015,9,0,"RT @adamsconsulting: A9) Social media and SEO are soulmates. Each works in tandem as organic, inbound drivers to increase share of voice / …"
32,666812422540419073,Wed Nov 18 02:57:24 +0000 2015,14,0,"RT @PamMktgNut: You can't let your peers determine your content marketing strategy. Write for your audience &amp; your biz, period!  #getrealch…"
33,666456595757449217,Tue Nov 17 03:23:29 +0000 2015,4,9,@NCMSocial You rock! Thank you for your words of wisdom on social media analytics &amp; research #LeadersGetSocial https://t.co/oxgSM4MbcA
34,666455705587707904,Tue Nov 17 03:19:57 +0000 2015,8,27,Never waste any amount of time doing anything important when there is a sunset outside you should be sitting under https://t.co/Bh3v60vb2c
35,666430641295134720,Tue Nov 17 01:40:21 +0000 2015,12,23,We only think when we are confronted with problems - John Dewey #AMAHigherEd #Chicago #QuoteofTheDay https://t.co/V4MjRV6uTY
36,666342524894748672,Mon Nov 16 19:50:12 +0000 2015,10,18,"""It doesn't matter how many likes you have on social media if your customers do not convert"" via @NCMSocial #LeadersGetSocial"
37,666268135545171968,Mon Nov 16 14:54:36 +0000 2015,4,0,"RT @aquino_franco: ""Social business often starts in marketing, then gets applied to other functions and processes."" https://t.co/AZOZB7QyVj…"
38,666267852593307649,Mon Nov 16 14:53:29 +0000 2015,2,0,RT @carla_degen: Know an organization’s key influencers to push content through the right channels. @SylvainNewton @RolandDeiser #LeadersGe…
39,665991346591801346,Sun Nov 15 20:34:45 +0000 2015,24,39,"Education is not the filling of a pail, but the lighting of a fire – William Butler Yeats #AMAHigherEd https://t.co/7pi08taGu9"
40,665991086771462145,Sun Nov 15 20:33:43 +0000 2015,9,0,"RT @GWjonlhussey: My recommendation for #AMAbooks (not a book) is @HarvardBiz's ""New Science of Customer Emotions"" https://t.co/Fmh0YBD7HQ …"
41,665972998529228800,Sun Nov 15 19:21:50 +0000 2015,6,8,"Despite disliking cellphone use in group settings, many use them during social gatherings via @pewinternet https://t.co/2rX3g3YVIp"
42,665967555702583297,Sun Nov 15 19:00:13 +0000 2015,10,9,How To Integrate Social and CRM Data to Improve Your Twitter and Facebook Ads https://t.co/YysEhATsMr via @ncmsocial #SMM
43,665683130595020800,Sun Nov 15 00:10:00 +0000 2015,20,27,We must widen our circle of compassion to embrace all living creatures &amp; the whole of nature in its beauty. https://t.co/r9cIbUT3UU
44,665347105712640000,Sat Nov 14 01:54:46 +0000 2015,87,140,"#BeStrongParis Nothing can take away the beauty, power &amp; resolve of the great city of Paris #PrayForParis https://t.co/0hSe8bQjdh"
45,665229177776418817,Fri Nov 13 18:06:09 +0000 2015,28,37,“We’re here to put a dent in the universe. Otherwise why else even be here?” - Steve Jobs https://t.co/kzbYcsG1iK
46,664948807554244608,Thu Nov 12 23:32:04 +0000 2015,28,44,You have to go outside to discover the mountain. Think and dream big. #Quoteoftheday https://t.co/LxhjOPU3yL
47,664943213946527744,Thu Nov 12 23:09:50 +0000 2015,8,0,RT @Lee_Schrager: Time flies!  Can't believe we'll celebrate 15 yrs of #SOBEWFF in Feb. - come cheers w/ us! https://t.co/skSlnm2g94 https:…
48,664607493457354753,Thu Nov 12 00:55:48 +0000 2015,2,10,"Awesome :) @rpemerch: @NancyRichmond I'm a Bostonian living in Boulder, CO! Great to meet you!"""
49,664491757250351104,Wed Nov 11 17:15:55 +0000 2015,24,38,The earth has music for those who listen. - George Santayana #Quoteoftheday https://t.co/0HXM2nZTzq
50,664242062791979008,Wed Nov 11 00:43:43 +0000 2015,7,13,NEW! Masters in Marketing @FIU Info Session: Nov. 12 6 -7:30 PM #FIUGetSocial #FIU @Fiusma JOIN US! https://t.co/GMuRJlDg0X
51,664201549753802752,Tue Nov 10 22:02:44 +0000 2015,5,7,"Enter for a chance to serve your gourmet burger @ the #SOBEWFF &amp; #win a $10,000 #scholarship https://t.co/wT1qScNz5v #FIU @Fiusma"
52,664160273918517249,Tue Nov 10 19:18:43 +0000 2015,6,7,"Education, Technology &amp; Leadership News is out! https://t.co/7AMBjtLVEO Stories via @drdavidwicks @EmilieMeck @ndandp"
53,663940623678894080,Tue Nov 10 04:45:54 +0000 2015,183,0,"RT @HumbertoLeeA: ""Going to bed at night saying we've done something wonderful, thats what matters to me"" #motivation #leadersgetsocial htt…"
54,663931198184423424,Tue Nov 10 04:08:27 +0000 2015,34,43,"Look deep into nature, and then you will understand everything better. - Albert Einstein https://t.co/seys6WlC4Q"
55,663431509701980161,Sun Nov 08 19:02:52 +0000 2015,9,16,These 4 Brands Are Embracing the Twitter Emoji Craze https://t.co/xSwzrjeAdx
56,663431171481710592,Sun Nov 08 19:01:31 +0000 2015,10,9,The Recent Twitter Changes You Need to Know About https://t.co/vD4cfmd7Fa #SMM
57,663396940445581312,Sun Nov 08 16:45:30 +0000 2015,9,26,The small things: Finding the Sunshine in Life https://t.co/y1K6DNPJc1
58,663060099838189572,Sat Nov 07 18:27:01 +0000 2015,96,0,RT @briansolis: The future is shaped by tech’s impact on society &amp; what's upset or inspired as a result https://t.co/xmyOCVJgRW https://t.c…
59,662635869380169728,Fri Nov 06 14:21:17 +0000 2015,17,41,Awesome talk by @BrianSolis Excited to read his new book X: The Experience When Business Meets Design https://t.co/1sQ9cx4yFh
60,662421816888160256,Fri Nov 06 00:10:43 +0000 2015,11,23,You have my attention aaaand it's gone - @briansolis #SMM #Miami https://t.co/bBMdwgqE13
61,662353849437528065,Thu Nov 05 19:40:38 +0000 2015,5,10,Finally we meet in person tonight @briansolis Looking forward to reading your new book :) https://t.co/5swV0loaun https://t.co/WKexHEjpx2
62,662330628013170688,Thu Nov 05 18:08:21 +0000 2015,35,69,"Energy is contagious,  positive and negative alike. Be mindful of what and who you allow into your space. https://t.co/01hWLTEz4Q"
63,662056791849738240,Thu Nov 05 00:00:14 +0000 2015,30,47,Change is in the air #DoGreatThings https://t.co/zDM20gZegn
64,662002276987465729,Wed Nov 04 20:23:36 +0000 2015,9,12,There is a solution to Twitter's identity crisis https://t.co/eon7ZdJTyF Is it hearts instead of stars?
65,661770823972347904,Wed Nov 04 05:03:54 +0000 2015,52,70,Never forget who you are #quoteoftheday https://t.co/tQXsfFPhW0
66,661670795681337344,Tue Nov 03 22:26:25 +0000 2015,3,12,Join the @FIUSMA Tonight! 7:30 PM Tues. Nov. 3rd GC 276 MMC Let's talk Social Media over Pizza! #FIU @FIU https://t.co/sz3Zl1RRdj
67,661666649494392832,Tue Nov 03 22:09:57 +0000 2015,7,0,RT @FIU: Thank you everyone. That's a wrap. #AskRosenberg -MBR https://t.co/PZs79B5QfH
68,661664131116892160,Tue Nov 03 21:59:56 +0000 2015,1,9,Our President at @FIU Tweets! How cool is that! Thank you from @Fiusma #FIUGetSocial #AskRosenberg https://t.co/u0Pz7I8NYa
69,661657650237689860,Tue Nov 03 21:34:11 +0000 2015,6,24,BIG Like from my Social Media Marketing class &amp; @FIUSMA to President Rosenberg #FIUGetSocial #AskRosenberg https://t.co/20wHh8x9Fh
70,661655499549577217,Tue Nov 03 21:25:38 +0000 2015,7,0,RT @FIU: President Rosenberg is here. Ask away. #AskRosenberg https://t.co/3BPQ6DtTzI
71,661655193864568833,Tue Nov 03 21:24:25 +0000 2015,3,10,President Rosenberg the @FIUSMA Social Media Association at #FIU is very excited to see you on Twitter! #FIUGetSocial #AskRosenberg @FIU
72,661654339077951488,Tue Nov 03 21:21:02 +0000 2015,1,0,"RT @FIU: Use #AskRosenberg to chat with our President. He's ready to hear from you with his laptop in hand from now until 5p.m. Let's talk,…"
73,661621666603249668,Tue Nov 03 19:11:12 +0000 2015,5,6,Twitter's 'favourite' stars change into 'like' hearts https://t.co/zE8lFaQnxk #SMM #SocialMedia
74,661619593467846656,Tue Nov 03 19:02:58 +0000 2015,10,0,"RT @SocialJaneGarc: ""Always be aware of what you can do and take risks."" -@DavidJVerjano #leadersgetsocial https://t.co/NXxZGbVcqX"
75,661619427465666560,Tue Nov 03 19:02:18 +0000 2015,9,25,Thank you @DavidJVerjano for being an awesome guest speaker on Social Media Research &amp; Analytics #FIU #FIUGetSocial https://t.co/GwwRvXnjno
76,661390290884935680,Tue Nov 03 03:51:48 +0000 2015,26,36,Give a man a fish and you feed him for a day; teach a man to fish and you feed him for a lifetime. https://t.co/1E5UNKANAI
77,661387396571914240,Tue Nov 03 03:40:17 +0000 2015,25,32,"#socialmediatips : Be a resource, not an advertiser https://t.co/sBcwM3YgFi #SMM #SocialMediaMarketing https://t.co/SXoHxAbd9A"
78,661311956662505472,Mon Nov 02 22:40:31 +0000 2015,3,0,"RT @AUrobot: Our amazing @NancyRichmond is providing pizza for tomorrow's @Fiusma meeting! Come by, join the team and have a slice! #YUM #F…"
79,661176301315874816,Mon Nov 02 13:41:28 +0000 2015,15,13,How to create awesome infographics https://t.co/AYd8f0tAMm #SMM #SocialMedia
80,660928825027600384,Sun Nov 01 21:18:06 +0000 2015,12,16,"Still round the corner there may wait, A new road or a secret gate. - J. R. R. Tolkien #Goodbye #Boston https://t.co/ONSZ8O8NP4"
81,660910759204028421,Sun Nov 01 20:06:18 +0000 2015,1,4,"Let your light shine. @ Boston, Massachusetts https://t.co/mPBftFSXmU"
82,660902509712703488,Sun Nov 01 19:33:31 +0000 2015,8,11,"Content Is Crap, and Other Rules for Marketers https://t.co/BPxtXw4YY5 #SMM via @HarvardBiz"
83,660552642490449925,Sat Oct 31 20:23:17 +0000 2015,5,8,Be Inspired to Do Great Things. @ Harvard University Campus https://t.co/7tlHK9Dg5g
84,660157710982373376,Fri Oct 30 18:13:58 +0000 2015,15,43,Autumn is when everything bursts with its last beauty as if nature had been saving up all year for the grand finale. https://t.co/P6v1vwOqwq
85,659800073044389888,Thu Oct 29 18:32:50 +0000 2015,13,29,Grading assignments in @Harvard Square at @cremacambridge https://t.co/An05HUqUnN
86,659723640355864576,Thu Oct 29 13:29:07 +0000 2015,5,0,RT @evankirstel: Are You Prepared For The Future Of Social Learning? https://t.co/ZTqflcq6P2 via https://t.co/7rQFBIISVU
87,659722645387259904,Thu Oct 29 13:25:10 +0000 2015,11,13,Nice tips @ERGoddessMD: What gives you the empathy &amp; resilience to come back for another shift? #ACEP15 https://t.co/SjPGUZqWMz
88,659722301362040832,Thu Oct 29 13:23:48 +0000 2015,3,6,Thank you @bedsidesono: Harnessing technology for MedEd at https://t.co/MBTGnr6rDm #ACEP15 #FOAMed
89,659511486755287040,Wed Oct 28 23:26:06 +0000 2015,20,39,"""The sun always shines above the clouds."" https://t.co/2gSkILQNA3"
90,659415790291189761,Wed Oct 28 17:05:50 +0000 2015,3,27,On my way to #Boston. Going back to my roots #BigSmile @DunkinDonuts ice coffee https://t.co/PgrAVy1r0Z
91,659409049444864000,Wed Oct 28 16:39:03 +0000 2015,10,0,RT @nate_elliott: Most marketers don't use Social Relationship Platforms https://t.co/GZGUOLfqKC (and that's bad news for everyone)
92,659408984990994433,Wed Oct 28 16:38:47 +0000 2015,10,0,RT @simplymeasured: Marketers should be really excited about #Twitter Moments. Here’s why:  https://t.co/ryrVVWqa8J
93,659189499163975680,Wed Oct 28 02:06:38 +0000 2015,62,62,#Education is the movement from darkness to light https://t.co/ccVxmOgCmr
94,658999424534892544,Tue Oct 27 13:31:21 +0000 2015,8,10,2015 Social Media adoption rates of users 76% college or graduate degrees 54% high school diploma or less https://t.co/c0z56vDcTB #highered
95,658845456118775808,Tue Oct 27 03:19:32 +0000 2015,14,20,Children are natural Zen masters; their world is brand new in each and every moment. - John Bradshaw https://t.co/IlWkzfUV6z
96,658797751120056321,Tue Oct 27 00:09:58 +0000 2015,21,22,"When the sun comes up, you better start running :) #quoteoftheday https://t.co/dRKDdvVpCU"
97,658768305675747328,Mon Oct 26 22:12:58 +0000 2015,2,0,RT @fineartawards: Vote today for your favorite exhibition &amp; every day thru Nov 1. Join us Nov 30 at the live award ceremony in Miami https…
98,658416777769127936,Sun Oct 25 22:56:07 +0000 2015,10,6,Is Instagram crushing Twitter ? https://t.co/Y0P9QUtcS3 #Twitter the time to do great things is now
99,658415743093067776,Sun Oct 25 22:52:00 +0000 2015,10,11,Twitter CEO Jack Dorsey gives back $200 million in stock to employees https://t.co/QWpFychjLd
100,658359510642335744,Sun Oct 25 19:08:33 +0000 2015,9,12,Art is your emotions flowing in a river of imagination. Check out @fineartawards 2015 Global Fine Art Awards https://t.co/Btfu2pf3ph
101,658311298887774208,Sun Oct 25 15:56:59 +0000 2015,2,4,Check out your favorite art exhibit from around the world https://t.co/Btfu2oXs0H VOTE TODAY at https://t.co/FafO1E6k1d
102,657948341288968192,Sat Oct 24 15:54:43 +0000 2015,6,19,After a storm comes the calm https://t.co/zcyeuHb5CN
103,657939165087141888,Sat Oct 24 15:18:15 +0000 2015,15,18,Strongest hurricane in history now a tropical storm #PrayForMexico worked #NoMoreHurricanePatricia That is amazing! https://t.co/GDjOZIrYGu
104,657933699716108290,Sat Oct 24 14:56:32 +0000 2015,2,14,Most popular costumes 2015 #Googletrends→  https://t.co/tPjQq6lcAS. Last year I was a pirate which made the list :) https://t.co/K9BVlv5SuT
105,657735438166327296,Sat Oct 24 01:48:43 +0000 2015,39,28,"The strongest hurricane ever recorded, makes landfall. Global warming is real. #PrayforMexico #HurricanePatricia https://t.co/LXlZ12bh8o"
106,657488939826216961,Fri Oct 23 09:29:13 +0000 2015,146,150,Education is learning what you didn't even know you didn't know #highered #edtech https://t.co/f39I1goHtR
107,656823070020259840,Wed Oct 21 13:23:17 +0000 2015,11,13,Where The Girls Are (And Aren't) - Discrimination starts early https://t.co/FsnsFwGVDs via @NPR @thejohnpoole #highered
108,656819631135563777,Wed Oct 21 13:09:37 +0000 2015,0,3,@palomareynoso_ @sensiblefolk  Yes Join us!
109,656802861913931776,Wed Oct 21 12:02:59 +0000 2015,33,36,"The self is not something ready-made, but something in continuous formation through choice of action. - John Dewey https://t.co/rR5EBc010P"
110,656570928424460289,Tue Oct 20 20:41:22 +0000 2015,2,5,NEW! Master of Science in Marketing at @FIUBusiness Info Session Oct 22 6 pm #Miami #FIUGetSocial Join us! https://t.co/tL6EqL507f
111,656497777611026432,Tue Oct 20 15:50:41 +0000 2015,2,0,RT @IamAdrianaSerna: Guest lecturing at FIU today on Social Media Marketibg. Very excited! #almamatter @CHTAfeeds @FIU @NancyRichmond https…
112,656092939836379136,Mon Oct 19 13:02:01 +0000 2015,42,38,"Life is like riding a bicycle. To keep your balance, you must keep moving. - Albert Einstein http://t.co/5TNNSO8Fww"
113,656088080546418688,Mon Oct 19 12:42:42 +0000 2015,2,5,What is Gen Z's Attitude Towards Their Future Careers? http://t.co/KqZnXmGPve
114,656087239420682240,Mon Oct 19 12:39:22 +0000 2015,4,3,Are You Over-Automating Your Marketing Campaigns? http://t.co/M0J7p4VixY
115,655555332849188864,Sun Oct 18 01:25:45 +0000 2015,8,18,{Video} Teacher asks students to write letters to their future selves &amp; mails letters to them 20 years later https://t.co/Jg0kfRvziL #ed
116,655181441727385600,Sat Oct 17 00:40:03 +0000 2015,26,45,"Study nature, love nature, stay close to nature. It will never fail you. - Frank Lloyd Wright http://t.co/2yXLC3iYi9"
117,655098212060151808,Fri Oct 16 19:09:19 +0000 2015,0,6,@Fiusma @SocialMediaSass We will do it again for sure.
118,655076441151901696,Fri Oct 16 17:42:48 +0000 2015,5,0,RT @Fiusma: @NancyRichmond @SocialMediaSass When is the next event? We are ready! #SocialMedia #FiuGetSocial #Fridayfeeling http://t.co/P9h…
119,654719343591198720,Thu Oct 15 18:03:50 +0000 2015,3,5,10 hidden tricks to make Snapchat infinitely better http://t.co/8Ch2efTaD1 via @mashable
120,654637097517744128,Thu Oct 15 12:37:01 +0000 2015,1,0,"RT @wokstar: Woot, thx! I won #iphoneography101 #class RT @SocialMediaSass: @wokstar you are the winner @MO_MIAMI :) #miamigetsocial"
121,654524218227470336,Thu Oct 15 05:08:28 +0000 2015,0,3,@scottcowley I used Keyhole to track the statistics.
122,654522478820237313,Thu Oct 15 05:01:34 +0000 2015,21,42,"#MiamiGetSocial you rocked Social Media with a reach of 409,249
users &amp; 2,161,786 impressions http://t.co/Mu6yCkJKRU"
123,654288523298775040,Wed Oct 14 13:31:54 +0000 2015,4,0,RT @Valesieg: I'm so happy and grateful for #miamigetsocial . I bet @NancyRichmond is already planning the next one http://t.co/awUijkL2ik
124,654138587945037826,Wed Oct 14 03:36:07 +0000 2015,3,15,Greatly enjoyed #MiamiGetSocial at @MO_MIAMI You all are amazing! Thanks for participating. Way to go @Fiusma :) http://t.co/nNXHGNCk7x
125,654136227592077312,Wed Oct 14 03:26:44 +0000 2015,2,0,RT @valentinaaa_9: @Mo_Miami #MiamiGetSocial #LeadersGetSocial http://t.co/JBJSgg77ty
126,654135964210720768,Wed Oct 14 03:25:41 +0000 2015,4,0,RT @IamAdrianaSerna: Do you boo. #Branding #MiamiGetSocial http://t.co/9Gqn5tb2JH http://t.co/9f1bGVm7kF
127,654135728025300992,Wed Oct 14 03:24:45 +0000 2015,1,0,RT @LadyOrtiz_: So excited to be at the SM Roundtable Networking event @MO_MIAMI #Miamigetsocial #Fiugetsocial #Socialmedia http://t.co/PqD…
128,654135625734561793,Wed Oct 14 03:24:21 +0000 2015,4,0,RT @CubanLawyer: Such a FUN group!!! Has anyone heard of https://t.co/IyLJyCTwhP?? @MO_Miami #MiamiGetSocial http://t.co/kBxtXdJwbL
129,654135369559093249,Wed Oct 14 03:23:20 +0000 2015,3,0,RT @nicolefer_: 3 seconds to get attention to get people to click on your video. @ncmsocial #miamigetsocial @MO_MIAMI http://t.co/0uY5bD0NcN
130,654135319118368769,Wed Oct 14 03:23:07 +0000 2015,1,0,RT @IamAdrianaSerna: #Branding #MiamiGetSocial http://t.co/hYt0JDrrOQ http://t.co/ntt5s8wFu8
131,654134882730409984,Wed Oct 14 03:21:23 +0000 2015,5,0,RT @IamAdrianaSerna: Let the social speed networking begin!! #Branding #MiamiGetSocial @daniellaveras http://t.co/mo4694ZnIO http://t.co/zq…
132,654134701070938112,Wed Oct 14 03:20:40 +0000 2015,3,0,RT @AUrobot: Main takeaway is to target our audience &amp; create visual content we can enjoy too! @Fiusma #MiamiGetSocial http://t.co/pdjrKQSj…
133,654134644250644481,Wed Oct 14 03:20:27 +0000 2015,6,0,RT @CubanLawyer: Learning so much from each other! Who is using @DailymotionUSA? @MO_MIAMI #MiamiGetSocial http://t.co/MiM5XiAlEy
134,654134114916954113,Wed Oct 14 03:18:20 +0000 2015,4,0,RT @HumbertoLeeA: Amazing insights on video marketing by @sensiblefolk during #MiamiGetSocial. Great tips on engaging @NancyRichmond http:/…
135,654134005026131968,Wed Oct 14 03:17:54 +0000 2015,5,0,RT @HumbertoLeeA: And the networking event continues at the #MiamiGetSocial event @ the @mo_mia. Superb presentations by our panelists http…
136,653998438326136832,Tue Oct 13 18:19:13 +0000 2015,3,9,"Education, Technology &amp; Leadership News is out! http://t.co/seP3oGaYTI Stories via @smccannon @nwjerseyliz"
137,653795939069632512,Tue Oct 13 04:54:33 +0000 2015,10,11,Oct 13th at Social Media Speed Networking use #miamigetsocial &amp; tag @MO_Miami on Instagram to win 2 tickets. http://t.co/ArR7mnfARR
138,653717521225359362,Mon Oct 12 23:42:57 +0000 2015,6,0,RT @DavidJVerjano: Looking forward to tomorrow's #MiamiGetSocial event at @mo_miami. Moderated by @SocialMedia305. http://t.co/8aqOqNT6iD
139,653717452770144256,Mon Oct 12 23:42:40 +0000 2015,2,0,RT @AUrobot: Tuesday is looking great! Can't wait for #MiamiGetSocial with my @FIUSMA team! http://t.co/VtakdtQrTm
140,653711287940202496,Mon Oct 12 23:18:11 +0000 2015,6,0,RT @SocialMediaSass: Tomorrow at Social Media Speed Networking use #miamigetsocial &amp; tag @MO_Miami to win 2 passes to iPhoneography class h…
141,653677411184308224,Mon Oct 12 21:03:34 +0000 2015,13,18,Tues night 6-9 pm! Social Media Speed Networking @Mo_Miami Beautiful venue #miamigetsocial http://t.co/pjqfRy82a0 http://t.co/Wr8zaBcJ1a
142,653240183396147200,Sun Oct 11 16:06:10 +0000 2015,21,34,I'm so glad I live in a world where there are Octobers. - L.M. Montgomery http://t.co/2nj3e2haUR
143,653238357477191680,Sun Oct 11 15:58:55 +0000 2015,4,3,5 Ways to Integrate Twitter Into Your Cross-Channel Marketing Campaigns http://t.co/4JyYTAHzsQ
144,653237636967071744,Sun Oct 11 15:56:03 +0000 2015,4,5,"Yes, Facebook is stalking you http://t.co/71HL6L83Z7 via @nypost"
145,652365499599351808,Fri Oct 09 06:10:30 +0000 2015,20,0,"RT @survive2thrive1: Start by doing what is necessary, then do what is possible; before you know it you are doing the impossible."
146,652276077889519616,Fri Oct 09 00:15:10 +0000 2015,3,8,Facebook Goes Beyond 'Like' With 6 New 'Reaction' Buttons http://t.co/eJayBo2qnO via @nbcnews
147,652052416867770368,Thu Oct 08 09:26:25 +0000 2015,26,35,Sometimes you just need to adjust your sails in life. #LifeIsGood #QuotesOfTheDay http://t.co/ChEhWwRhJL
148,652051232287248384,Thu Oct 08 09:21:42 +0000 2015,1,5,Woot @SocialMedia305 Great call w/ @DavidJVerjano prepping our #visualmarketing panel for #miamigetsocial @MO_MIAMI! http://t.co/dTS11ZkBsB
149,652050196478697472,Thu Oct 08 09:17:36 +0000 2015,2,4,@Fiusma getting ready to @periscopeco at #MiamiGetSocial with @SocialMediaSass http://t.co/j3tsAAU7df
150,651957524145549312,Thu Oct 08 03:09:21 +0000 2015,11,0,RT @jocloo: Hard work never goes unnoticed.  #LeadersGetSocial #FIU @NancyRichmond http://t.co/EI6jVZwpXI
151,651957446458638336,Thu Oct 08 03:09:02 +0000 2015,8,0,RT @snovo008: #LeadersGetSocial #Canva http://t.co/xesGoUeOnh
152,651556540240031745,Wed Oct 07 00:35:59 +0000 2015,5,7,LIVE on #Periscope: #FIU Social Media Association Getting Excited for Oct 13th #MiamiGetSocial https://t.co/ZATZJg2hcA
153,651522181361442817,Tue Oct 06 22:19:27 +0000 2015,20,33,My job is not to be easy of people. My job is to make them better. http://t.co/asogIA4Wvw
154,651521325522141188,Tue Oct 06 22:16:03 +0000 2015,10,16,7 social media mistakes job seekers must avoid http://t.co/WeG0P564p8 via @CIOonline
155,651520910743207937,Tue Oct 06 22:14:24 +0000 2015,4,5,Why some 13-year-olds check social media 100 times a day @CNN http://t.co/KWUpALjZg6
156,651520073723715584,Tue Oct 06 22:11:04 +0000 2015,9,0,RT @SirMarcelin: Too many times people sell their soul for a check &amp; end up doing something they hate. My advice is #leadersgetsocial http:…
157,651461911729586176,Tue Oct 06 18:19:57 +0000 2015,3,2,"Education, Technology &amp; Leadership News is out! http://t.co/0nfsaxXCqw Stories via @drdavidwicks @LyleWetsch @hlovins"
158,651426057048969216,Tue Oct 06 15:57:29 +0000 2015,8,0,RT @NicolasFIU: #BelieveAndAchieve #LeadersGetSocial http://t.co/LXAgOGTnnh
159,651425660586590208,Tue Oct 06 15:55:55 +0000 2015,2,0,RT @distrubell: Find yourself and make the best out of life... #PositiveVibes #LeadersGetSocial http://t.co/KEz6D0GDMo
160,651382271572885504,Tue Oct 06 13:03:30 +0000 2015,5,6,Facebook to beam free internet to Africa with satellites http://t.co/bAdRMz11F0
161,651220111353757697,Tue Oct 06 02:19:08 +0000 2015,5,0,RT @AUrobot: Here's some inspiration to start your week! #motivationalmonday #LeadersGetSocial #SMAatFIU http://t.co/kMr2faOvvE
162,651109107454341120,Mon Oct 05 18:58:02 +0000 2015,15,0,RT @pris_huhn: You only regret the things you didn't do. #LeadersGetSocial #MotivationMonday http://t.co/2NHcudC4FR
163,650843937100431360,Mon Oct 05 01:24:21 +0000 2015,40,54,"Follow your bliss and the universe will open doors where there were only walls.
Joseph Campbell http://t.co/l6HvWjHcED"
164,650836852090474496,Mon Oct 05 00:56:12 +0000 2015,6,6,"Teens, Technology and Romantic Relationships http://t.co/2dfbEc7VB2"
165,650474609473626112,Sun Oct 04 00:56:46 +0000 2015,18,19,Twitter Might Ditch The 140-Character Limit: What This Means For Marketers http://t.co/0LDn7VVT5r
166,650171270970126336,Sat Oct 03 04:51:25 +0000 2015,35,0,"RT @sensiblefolk: Florida just gave final approval for @FIU's Masters in Marketing!
Enroll for January 2016: http://t.co/R9XVUkzpj9 http://…"
167,650005668330610688,Fri Oct 02 17:53:22 +0000 2015,6,7,Awesome @LiFTdm @FloridaRunGirl is building (drawing) us a new stand for Zenith TV. @NancyRichmond http://t.co/811AQOHsLO
168,649939561066442753,Fri Oct 02 13:30:41 +0000 2015,8,0,"RT @snovo008: ""Share a comic or meme: Getting your customers to laugh with you is a great way to start building relationships."" #MiamiGetSo…"
169,649648774827122689,Thu Oct 01 18:15:12 +0000 2015,3,5,Thank you @SocialMediaSass: Big shoutout to the coolest professor at @FIU @NancyRichmond:) leading the way w/ #education &amp; digital rock on!
170,649592192676270080,Thu Oct 01 14:30:22 +0000 2015,73,83,Difference between a boss and a leader http://t.co/oKwgdJ3hxb
171,649408305006256128,Thu Oct 01 02:19:39 +0000 2015,5,8,"Awesome @Zhofstatter: @NancyRichmond I'm going to ""Social Media Speed Networking #MiamiGetSocial"".  See you there? http://t.co/WwGM6XZAQt"
172,649262919797075968,Wed Sep 30 16:41:57 +0000 2015,19,0,RT @SocialMediaSass: Come get social w/ some of Miami's top social media influencers #MiamiGetSocial #miami https://t.co/vpKkEIFGqZ http://…
173,649195112334032896,Wed Sep 30 12:12:30 +0000 2015,2,0,RT @DrSchoepp: @AnnTran_ @influencerchat I am totally using it at my next social media speed networking event #miamigetsocial #InfluencerCh…
174,649058704151703553,Wed Sep 30 03:10:28 +0000 2015,7,0,RT @Valesieg: We here @Fiusma #fiugetsocial http://t.co/oIa1ZhxIKy
175,649056616394948609,Wed Sep 30 03:02:10 +0000 2015,5,0,"RT @jocloo: ""Find your story"" 📖  Wise words from Eduardo, Dir. of Brand Communications and New Media @FIU @Fiusma #FIUgetsocial"
176,648986328823136257,Tue Sep 29 22:22:53 +0000 2015,5,0,RT @Fiusma: Come join us tonight!! We plan to learn all the secrets of FIU's social media strategies! #FIUgetsocial #FIU http://t.co/PwEkdi…
177,648929201924538368,Tue Sep 29 18:35:52 +0000 2015,13,11,12 Motivational Education Quotes to Inspire You http://t.co/lUeutpUgS3
178,648928842824970240,Tue Sep 29 18:34:27 +0000 2015,2,0,RT @KingSaulo: How to Get Your #Influencers to Share Your #Content by Pete_Schauer: http://t.co/1UHuQuophD http://t.co/dAUZve4bpl
179,648924887399178240,Tue Sep 29 18:18:44 +0000 2015,3,6,"Education, Technology &amp; Leadership News is out! http://t.co/AN2ybEkIAA Stories via @work_matters @ViliLe @CollegeTracks"
180,648916891776479232,Tue Sep 29 17:46:57 +0000 2015,2,0,RT @JeffZelaya: Join @oraclemktgcloud &amp; @triblio for the #MMMashup in #Miami http://t.co/rW2giQAoEX http://t.co/YeX0yspZKy
181,648916704572145664,Tue Sep 29 17:46:13 +0000 2015,0,2,@triblio any more vip passes left for #MMMashup in Miami?
182,648887477994917888,Tue Sep 29 15:50:05 +0000 2015,4,4,4 Everyday Words That Scare Your Coworkers (And What To Say Instead)  http://t.co/J18r9c27y1
183,648882529894797312,Tue Sep 29 15:30:25 +0000 2015,21,31,"When the student is ready, the teacher will appear. http://t.co/1ObicMEmIS"
184,648554838264029184,Mon Sep 28 17:48:17 +0000 2015,6,0,RT @ArminHoempler: 6 Brand Strategies Most CMOs Fail To Execute via @forbes http://t.co/o1RGGD8aeV #MiamiGetSocial @jupitercircle @FIUSMA
185,648543272659492864,Mon Sep 28 17:02:20 +0000 2015,29,40,"“The most important thing to do if you find yourself in a hole is to stop digging.”
― @WarrenBuffett http://t.co/y0Ft7IVvrj"
186,648525108441649152,Mon Sep 28 15:50:09 +0000 2015,5,7,50 Free Ways To Increase Your Instagram Followers - Forbes http://t.co/UTgzglVfWV
187,648521716508049408,Mon Sep 28 15:36:40 +0000 2015,23,36,We do not remember the days we remember the moments. http://t.co/LMSUEYUS3D
188,648482552211218432,Mon Sep 28 13:01:03 +0000 2015,18,0,RT @wordcampmiami: Proud to announce that WordCamp Miami 2016 is happening Feb. 19-21 with @ptahdunbar as lead coordinator! https://t.co/Ba…
189,648357226994868224,Mon Sep 28 04:43:03 +0000 2015,4,7,Pope Francis takes notice of his fellow citizens from Buenos Aires and their 194-day journey through 13 countries http://t.co/7uC6zDNC5Q
190,648265938631049216,Sun Sep 27 22:40:18 +0000 2015,3,2,Great photo! https://t.co/QDtaWMbRfV
191,648194619302387713,Sun Sep 27 17:56:54 +0000 2015,30,0,"RT @JWatson_Wx: ""More deaths from selfies than shark attacks last year."" - @ScottMonty #SocialFresh @SocialFresh"
192,648194572766552064,Sun Sep 27 17:56:43 +0000 2015,13,0,RT @bluelagooniesd: A reminder to #contentmarketing professionals. Don't waste your time! #SocialFresh http://t.co/f7p6eS1zYU
193,648168120738283520,Sun Sep 27 16:11:37 +0000 2015,38,41,Join Us! Tues. Oct. 13th 6-9 pm Social Media Speed Networking https://t.co/tzIhB4dceM #MiamiGetSocial http://t.co/rESttgu8LX
194,648164798811664384,Sun Sep 27 15:58:25 +0000 2015,1,1,:) https://t.co/fvvc2lNe16
195,648163997196394496,Sun Sep 27 15:55:13 +0000 2015,26,43,"You cannot have a positive life and a negative mind. -
Joyce Meyer http://t.co/lxHbl9rFwH"
196,647801590762598402,Sat Sep 26 15:55:09 +0000 2015,5,2,Why More and More Companies Are Ditching Performance Ratings http://t.co/lbGbNEdJPH via Harvard Business Review
197,647791346372186112,Sat Sep 26 15:14:27 +0000 2015,1,0,"RT @mike_roseman: @NancyRichmond @ScottMonty I'm a Bostonian in Naples, FL - we're everywhere! :)"
198,647767101038575616,Sat Sep 26 13:38:06 +0000 2015,1,0,RT @MsKristinaE: #LeadersGetSocial #FIUgetsSocial https://t.co/3FnJoI2xTQ via @nancyrichmond
199,647766715712016384,Sat Sep 26 13:36:34 +0000 2015,1,0,RT @ScottMonty: @NancyRichmond Bostonian in Miami - even better. :)
