,id_str,created_at,retweet_count,favorite_count,text
0,629784715176730625,Fri Aug 07 22:42:31 +0000 2015,1,0,RT @belle_lumiere18: @LeVellesCoffee Sending you wishes for a day filled with sunshine and magic! http://t.co/g7Ss6Bw6nd
1,615019117351809025,Sun Jun 28 04:49:18 +0000 2015,0,2,What are #you doing this #weekend? #Weekend #Saturday #weekendmemories #party!
2,614102058422001665,Thu Jun 25 16:05:14 +0000 2015,0,1,#thursdaytreat what are you sippin' on? #coffee #heat #froth
3,613083188429090816,Mon Jun 22 20:36:37 +0000 2015,0,1,Have a #productive #week! Don't confuse #weak with #week! #attitude #positivementalattitude
4,613082921952411649,Mon Jun 22 20:35:33 +0000 2015,0,1,#funny #FathersDay #photo of the day! Hope everyone had a #fantastic Father's Day! http://t.co/qRXvEAEIi6
5,612137927586418688,Sat Jun 20 06:00:29 +0000 2015,1,0,RT @InStyleImagery: @LeVellesCoffee Thanks for following our work! We love coffee too!! Can't edit with out it ;) #FloridaPhotographer  #ph…
6,612039843523137537,Fri Jun 19 23:30:44 +0000 2015,0,2,Who is ready for the weekend? #Friday #FridayFaves #fridayfeeling
7,612039699914293250,Fri Jun 19 23:30:10 +0000 2015,0,0,"#updates coming every few days, until our #big #launch! Who is excited as us!"
8,612039581832065025,Fri Jun 19 23:29:42 +0000 2015,0,0,We are moving closer &amp; closer to achieving our 2015 #goals this early in the year. Thank you for sticking by us through our big #transition!
9,611583144735604736,Thu Jun 18 17:15:59 +0000 2015,0,0,"Who is in it to win it this fine coffee-drinking, thirsty #Thursday?#thismorning #ThirstyThursday #coffee #coffeelovers #CoffeeBreak"
10,610460051073937408,Mon Jun 15 14:53:12 +0000 2015,0,0,It is already the middle of #June? Where did time go? Have an awesome #week! #MondayMotivation #MondayBlogs #MondayBlogs
11,609125526108639232,Thu Jun 11 22:30:17 +0000 2015,0,0,"Who has plans this #weekend? So this one time, I didn't #drink #coffee all weekend... and you want to know what happened ..?"
12,609074795032903680,Thu Jun 11 19:08:41 +0000 2015,0,2,Wow! Once again another #ThirstyThursday. What #coffee are you drinking? #iced #hot or #noneoftheabove
13,608678191901736960,Wed Jun 10 16:52:44 +0000 2015,0,0,#weddingwednesday #married to #coffee
14,608079748619603968,Tue Jun 09 01:14:44 +0000 2015,0,0,Happy #Monday! Enjoy your week!!! #MondayMotivation #MondayBlogs !
15,607038606104883200,Sat Jun 06 04:17:36 +0000 2015,0,2,Who is doing something #special tonight? Or with a special #someone? #FridayFeeling #FridayReads #FridayFaves
16,606594923547127808,Thu Jun 04 22:54:34 +0000 2015,1,1,#ThirstyThursday #coffee #cafe #latte Who has had a @rejuvenating #Thursday?
17,606179639132749824,Wed Jun 03 19:24:22 +0000 2015,0,2,How much #caffeine is in your #coffee? Bring back the #caffeine #test #strips #WednesdayWisdom
18,605840612970004480,Tue Jun 02 20:57:12 +0000 2015,1,3,Let's plan for this #weekend! Let's have a #coffee in the most #beautiful #place in the #world. Who is with #us? #joy http://t.co/i7Rjmiii9N
19,605840295389888514,Tue Jun 02 20:55:57 +0000 2015,0,1,"By cultivating the beautiful we scatter the seeds of heavenly flowers, as by doing good we cultivate those that belong to humanity -Heinlein"
20,605839730136084481,Tue Jun 02 20:53:42 +0000 2015,1,1,Thank you for your continued support &amp; sticking with us during this time of transition! Launching new brand in upcoming weeks! #thank #you!!
21,605839278757679105,Tue Jun 02 20:51:54 +0000 2015,0,1,"As you may know, last month we made the shift to California. Additionally, we created a sleek company-name change, &amp; more awesome #products!"
22,605839183089836032,Tue Jun 02 20:51:31 +0000 2015,0,3,"As we enter June, we are re-branding LeVelles and exploring new opportunities in these upcoming weeks! #coffee #rebranding #innovate #love"
23,605554672523304960,Tue Jun 02 02:00:59 +0000 2015,0,1,How are you bettering yourself this week? #new #month #June let's get it!
24,605063508795916288,Sun May 31 17:29:16 +0000 2015,0,0,Who is watching the #NBAFinals? Gotta love this time of year! @NBA @NBATV @NBAcom
25,605063068196806656,Sun May 31 17:27:31 +0000 2015,0,0,I hear the #coffee is #amazing at @elysium!
26,605062702369665025,Sun May 31 17:26:04 +0000 2015,0,0,Enjoy the rest of your #weekend! Let's get #caffeinated! #SundayFunday #Sunday #festive #beautiful #balance #energy
27,604755814709002241,Sat May 30 21:06:36 +0000 2015,0,1,Anyone doing anything #special this #weekend? #saturdaykitchen #cooking #Saturday #SaturdayFunday
28,604531594783645696,Sat May 30 06:15:38 +0000 2015,0,2,#FridayFeeling #FridayReads have a swell weekend!
29,604367508905185282,Fri May 29 19:23:37 +0000 2015,0,0,"Tip for the #ladies: When shopping for #perfume, take some #coffee with you &amp; sniff in between smelling each perfume to #refresh your #nose!"
30,604325603051888640,Fri May 29 16:37:06 +0000 2015,2,0,RT @arawakfarm: #FoodieFriday: S/O to our new followers @TastrzClub @PkgOptionsDirct @SCWinery @LeVellesCoffee @TheKitchenStore @ArianeSloa…
31,604306106983141376,Fri May 29 15:19:38 +0000 2015,0,2,Name that #movie! #trivia #HappyFriday http://t.co/lqcixbKHXd
32,604136924068986880,Fri May 29 04:07:21 +0000 2015,0,0,#ThirstyThursday #thereisnotomorrow
33,603380806598303744,Wed May 27 02:02:49 +0000 2015,0,1,#California and #Florida are our 2 favorite places! Beautiful sunsets and #beaches! Is it summer yet? #summerlovin
34,603377662107652097,Wed May 27 01:50:19 +0000 2015,0,2,"Short week, moving quickly! #caffeine making it move even quicker!"
35,602960533721980928,Mon May 25 22:12:48 +0000 2015,0,2,#America!! http://t.co/Om23Bib4BT
36,602397030267244544,Sun May 24 08:53:38 +0000 2015,0,0,#SaturdayNightOnline #SaturdayNightShenanigans - enjoy your #MemorialDay!
37,601812356901961728,Fri May 22 18:10:21 +0000 2015,1,3,"Anybody else feeling like #this, on this fine #Friday? #FridayFeeling #FridayReads #Fridate #excited http://t.co/9BgVJJlmAf"
38,601474811664211969,Thu May 21 19:49:04 +0000 2015,1,0,"RT @HunterNMichaels: #SanDiego Miss you!
 https://t.co/GNVJk3x1bW"
39,601445725126328320,Thu May 21 17:53:29 +0000 2015,1,2,@HunterNMichaels @SmallcakesOcala @HunterWindfm @barrymichaels @rednoseday so excited! Miss you guys! Big shout of from #SanDiego! &lt;3
40,601445553063362561,Thu May 21 17:52:48 +0000 2015,1,0,RT @HunterNMichaels: Out delivering @SmallcakesOcala and @LeVellesCoffee at Ferrell Gas! @HunterWindfm @barrymichaels @rednoseday http://t.…
41,601156553786273792,Wed May 20 22:44:26 +0000 2015,0,0,#iced coffee or #hot #coffee? That is the #question! What's your preference?
42,601116195857666048,Wed May 20 20:04:03 +0000 2015,0,0,#HumpDay #humpdayhappenings #HumpDayTreats happy Wednesday! Hope your #caffeinated and #pumped for Friday!
43,600417277939318784,Mon May 18 21:46:48 +0000 2015,1,0,RT @ShareALittleSun: @artbyeve @KristiJamm @robinpedrero @Reneepaints @MOCAjax @FractureMe @LeVellesCoffee @AuthenticFL Done!
44,600315249389101056,Mon May 18 15:01:23 +0000 2015,0,1,#MondayFunday
45,600315189557403648,Mon May 18 15:01:09 +0000 2015,0,1,Make this week your best one yet!
46,600135329979445248,Mon May 18 03:06:27 +0000 2015,0,0,#SundayFamilyDinner!
47,599705559588315137,Sat May 16 22:38:42 +0000 2015,1,0,RT @Reneepaints: Thanks RT @ShareALittleSun: @artbyeve @KristiJamm @robinpedrero @Reneepaints @MOCAjax @FractureMe @LeVellesCoffee @Authent…
48,599563791655919617,Sat May 16 13:15:21 +0000 2015,4,0,RT @artbyeve: Shine On! #LoveFl ;) @KristiJamm @robinpedrero @Reneepaints @ShareALittleSun @MOCAjax @FractureMe @LeVellesCoffee @AuthenticFL
49,599352419303235584,Fri May 15 23:15:26 +0000 2015,0,0,#FridayFeeling #Friday Making this Friday better than the last! #SippinOnSumLattes
50,599351776060518400,Fri May 15 23:12:53 +0000 2015,0,0,@MsRebeccaBlack it's Friday!
51,599257841384476672,Fri May 15 16:59:37 +0000 2015,0,0,Having a blast at the #Judicial Asst. Appreciation Luncheon. Big #shout out to the 8th Judicial Circuit #Judges! http://t.co/XdYqvlhyHt
52,599036967117008898,Fri May 15 02:21:57 +0000 2015,0,0,#FridayFeeling is in the air! Can you feel it?
53,598926416818737152,Thu May 14 19:02:39 +0000 2015,0,0,For #ThirstyThursday pour yourself a celebratory #cup of #coffee! How do you drink your coffee? #funny (appropriate) #responses #retweeted
54,598668626032394241,Thu May 14 01:58:17 +0000 2015,0,2,"#believe in #yourself before you believe in #others. A friendly, midweek reminder to trust yourself! Be the best you that you can be!"
55,598504168488185857,Wed May 13 15:04:48 +0000 2015,0,2,#HumpDay is arguably the best day of the week! It's the prime day to plan for your #weekend. Only 2 days until #Friday! #humpdayhappiness
56,598503183577534466,Wed May 13 15:00:53 +0000 2015,0,2,"Apparently #labtechs have minimum requirements to #perform well at their jobs... Oh wait, I have that problem too! http://t.co/2lAoUCnCj2"
57,598194362539843585,Tue May 12 18:33:44 +0000 2015,2,0,"When you're right, you're right! #touché #coffee #lifestyle #create #memories #whatsyourmoment? http://t.co/FzBMTMHsis"
58,598193736531578884,Tue May 12 18:31:15 +0000 2015,0,1,In the upcoming weeks we will be transitioning our brand and moving shop across country! #updates #coming #soon #excited #ecstatic #coffee
59,598193047030005760,Tue May 12 18:28:30 +0000 2015,1,0,"RT @cassidycwhitson: @LeVellesCoffee Percival P. Pug, Esquire"
60,597962753827995648,Tue May 12 03:13:24 +0000 2015,1,0,RT @wheresdito: @LeVellesCoffee Frank!
61,597960377062727681,Tue May 12 03:03:58 +0000 2015,0,3,Name this #pug. #dog #funny #trivia http://t.co/QoR6s2GYW5
62,597814657429020672,Mon May 11 17:24:55 +0000 2015,0,0,What are you going to do better this #Monday than the last? #create your #destiny
63,597464791330856960,Sun May 10 18:14:41 +0000 2015,0,0,#HappyMothersDay! http://t.co/Kw7eK5PNks
64,597419115066691584,Sun May 10 15:13:11 +0000 2015,1,0,RT @Beggin: @LeVellesCoffee Talk about the perfect pup dessert! Has he tried the new bacon and steak #begginpoppers?
65,597129756379779072,Sat May 09 20:03:22 +0000 2015,1,0,RT @Beggin: @LeVellesCoffee Success! #becausebacon
66,597129668848824321,Sat May 09 20:03:01 +0000 2015,0,0,“@Beggin: @LeVellesCoffee Success! #becausebacon” Saturday for dinner we #splurge on #BegginPoppers
67,597128972158140416,Sat May 09 20:00:15 +0000 2015,0,3,Our dogs reppin' our brand since day one... We'll make sure we give em @beggin strips for that remarkable pose! http://t.co/aVcp7OuZxs
68,596846059202023424,Sat May 09 01:16:04 +0000 2015,0,1,Let #politics bring us #together and not separate us! #United we stand
69,596832289897623552,Sat May 09 00:21:21 +0000 2015,0,1,That #moment you realize it's #Friday! Have the best #weekend you've had yet! #inspire #entertain #liveitup
70,596461448907231232,Thu May 07 23:47:45 +0000 2015,0,0,#ThirstyThursday is here! Have yourself a hot or cold cup of joe!
71,596032033878454273,Wed May 06 19:21:25 +0000 2015,0,1,"Who had an #awesome #CincoDeMayo? I hope you had a blast and had some tasty #tacos! Most importantly, that you were safe last night!"
72,595602139986071553,Tue May 05 14:53:10 +0000 2015,0,0,#Tuesday #CincoDeMayo be safe!
73,594247930996871168,Fri May 01 21:12:01 +0000 2015,0,0,"525,600 minutes, 525,000 moments so dear. 525,600 minutes - how do you measure,
measure a year? In daylights, in cups of coffee."
74,593793060682629124,Thu Apr 30 15:04:32 +0000 2015,0,0,Almost the #weekend! Mad props to those who work weekends! You #inspire!
75,593532058707755008,Wed Apr 29 21:47:24 +0000 2015,1,0,Who can spell #Supercalifragilisticexpialidocious?
76,593152325700558848,Tue Apr 28 20:38:29 +0000 2015,0,2,Exciting news up ahead! No spoiler alerts yet! Thank you for sticking with us friends!
77,592326556829233153,Sun Apr 26 13:57:10 +0000 2015,0,1,.@nfl @NFLCanada #Sundays aren't fun anymore now that #football season is over! Can't wait for summer training!
78,591604862510567425,Fri Apr 24 14:09:25 +0000 2015,0,0,We are hoping that this #weekend will top the last! Enjoy your beautiful weekend! #HappyFriday
79,591604502219907074,Fri Apr 24 14:07:59 +0000 2015,0,2,"The problem with writing a book in verse is, to be successful, it has to sound like you knocked it off on a rainy Friday afternoon -Dr Seuss"
80,590519475126071296,Tue Apr 21 14:16:28 +0000 2015,1,6,Thank you @luckysmarket for this incredible display! Arguably the best we've seen yet! Wonderful work! #coffee :) http://t.co/pgaFuFn6ke
81,590480981099941888,Tue Apr 21 11:43:31 +0000 2015,0,0,"#Patience is a #virtue. However, if you have a noble #idea you've been storing deep in your #mind, there's no better time to start than NOW!"
82,590182836474380288,Mon Apr 20 15:58:47 +0000 2015,0,2,"As cliche as it sounds, a friendly reminder that we sincerely appreciate our #followers! 2015 is our year, &amp; we love sharing it with you!"
83,590111067277283329,Mon Apr 20 11:13:36 +0000 2015,0,0,Wishing you an awesome and productive week! -From the @LeVellesCoffee crew
84,589475742200782848,Sat Apr 18 17:09:03 +0000 2015,0,1,Just 2 more hours at @WardsFoods for the annual food festival! Come join us!
85,588896928106209281,Fri Apr 17 02:49:03 +0000 2015,0,1,"@LeVellesCoffee: #word to the #wise. A famous rapper once said. ""Be #happy that you're #breathing"" #truth #Thursday #optimism #pass #it #on!"
86,587784343608762368,Tue Apr 14 01:08:02 +0000 2015,1,2,Let this #Monday be the #start of something #fresh! A new #week is a new #beginning. What are you doing to improve your week? #high #energy
87,587634483807027200,Mon Apr 13 15:12:33 +0000 2015,0,2,"For all of our @UF #students &amp; #Gainesville community, don't forget about the huge food festival at @WardsFoods this #Saturday morning, 8am!"
88,587633396303732736,Mon Apr 13 15:08:14 +0000 2015,0,2,"Make this #week better than the last! Happy #Monday! 

Live by the 4 ""P's""...
#productivity #perseverance #positivity #passion"
89,586892916976656384,Sat Apr 11 14:05:50 +0000 2015,0,2,At @WardsFoods from 10am-1pm today for #coffee and #creme! Hope to see you there! Enjoy your #weekend!!
90,586598539242909696,Fri Apr 10 18:36:04 +0000 2015,0,1,.@WardsFoods: thank you for being our favorite place in the world! Did I hear free coffee bar? Enjoy @LeVellesCoffee tomorrow from 10am-1pm!
91,586597628567232512,Fri Apr 10 18:32:27 +0000 2015,2,2,Who looks like this every Friday? @LeVellesCoffee does! Enjoy your #weekend everybody! http://t.co/JPFJmgNFYm
92,585966424012804096,Thu Apr 09 00:44:16 +0000 2015,0,2,Did you know @coffee is the second most popular drink in the world!
93,585833231565586433,Wed Apr 08 15:55:01 +0000 2015,0,0,"#HumpDay - Wednesday is a day to treat yourself to something nice! Whether it be a tasty lunch, or a nice stroll, get creative!"
94,585442333585465344,Tue Apr 07 14:01:43 +0000 2015,0,0,Failure will never overtake me if my determination to succeed is strong enough. #HardWork #motivation
95,585124316032937984,Mon Apr 06 16:58:02 +0000 2015,0,1,Have an exceptional week! #Monday's #coffee #caffeine #fix #healthyliving #inspire
96,584899268768636928,Mon Apr 06 02:03:47 +0000 2015,0,2,Hoping everyone celebrating had a great #EasterSunday!
97,584078810880028672,Fri Apr 03 19:43:34 +0000 2015,1,1,"How do you feel when there is no #coffee?

Depresso!"
98,584028018143813632,Fri Apr 03 16:21:44 +0000 2015,0,2,"Somewhere over the rainbow, #coffee is #free... Oh wait! Come to @WardsFoods tomorrow from 10am-1pm &amp; visit our booth for #coffee n' #creme!"
99,584011814507257857,Fri Apr 03 15:17:21 +0000 2015,0,0,Let's get energized! Celebrate #coffee #Friday with your favorite person! #friends #family #happiness #Togetherness
100,583778045464543232,Thu Apr 02 23:48:26 +0000 2015,0,2,"#smile #daily #exercise #believe in yourself... Don't be afraid to #shine &amp; be the best you, you can be! @LeVellesCoffee #positive #attitude"
101,583679213934350338,Thu Apr 02 17:15:43 +0000 2015,0,1,Will we see you at our @LeVellesCoffee #bar at @WardsFoods this Saturday from 10am-1pm? We sure hope so! #complimentary #excited #two #days!
102,583509356580331520,Thu Apr 02 06:00:46 +0000 2015,0,2,Life isn't about finding yourself. Life is about creating yourself. Discover your optimum level and create your own balance.
103,583446931390799872,Thu Apr 02 01:52:43 +0000 2015,0,2,@sarahwinesss awesome Sarah thank you!
104,583446847559225344,Thu Apr 02 01:52:23 +0000 2015,1,0,RT @sarahwinesss: Just heard about @LeVellesCoffee on the radio! ☕️😊
105,583234909021573120,Wed Apr 01 11:50:12 +0000 2015,0,1,"Attention Caffeinoisseurs: Light roast coffee has more #caffeine than dark roast coffee. The longer #coffee is #roasted, caffeine diminishes"
106,583232122242121728,Wed Apr 01 11:39:08 +0000 2015,0,2,Fun fact: The only places in North America where coffee is grown is in Hawaii and Puerto Rico.
107,582971391554805760,Tue Mar 31 18:23:05 +0000 2015,1,1,#LeVellescoffee http://t.co/iNNWFQel9U
108,582637733153210368,Mon Mar 30 20:17:15 +0000 2015,1,0,RT @Beggin: @LeVellesCoffee @Purina You don't have to do that. Just knowin we made Indy's tail wag is enough to make me smile floppy ear to…
109,582597070328037377,Mon Mar 30 17:35:40 +0000 2015,0,0,"@Purina feel free to PM us your address, we'll send some @LeVellesCoffee goodies your way! You guys always take great care of us! #cheers"
110,582596578076160000,Mon Mar 30 17:33:42 +0000 2015,1,0,RT @Purina: @LeVellesCoffee Happy to hear!
111,582574112201187328,Mon Mar 30 16:04:26 +0000 2015,1,0,RT @Beggin: @LeVellesCoffee @Purina Sounds like Indy really brings home the bacon in the office!
112,582574014171914240,Mon Mar 30 16:04:03 +0000 2015,0,0,@Beggin @Purina you're absolutely right! We love our Beggin' dog leash and poppers! PM us your address and we'll send coffee samples :) !
113,582563676403683328,Mon Mar 30 15:22:58 +0000 2015,0,0,"Drinking @LeVellesCoffee makes me feel like a cheetah. Dante, ""how do you know what it feels like to be a cheetah""? ...It's a metaphor Dante"
114,582465353202159616,Mon Mar 30 08:52:16 +0000 2015,0,2,.@Beggin @Purina thank you for sending our company dog Indy all those treats and goodies! @LeVellesCoffee will return the favor w. goodies!
115,582304032502472705,Sun Mar 29 22:11:14 +0000 2015,0,0,Big shoutout to our followers! Thank you for your continued support! Enjoy the rest of your weekend!
116,582143871376732160,Sun Mar 29 11:34:49 +0000 2015,0,0,The Mr. Bob Morning Show Road Show is back with cupcakes and @LeVellesCoffee! Click this link http://t.co/OJEpIgg2WT to win! @937_kcountry
117,581953122425286658,Sat Mar 28 22:56:51 +0000 2015,1,1,"#Cold night?
Drink some @LeVellesCoffee to warm up!"
118,581932717304094720,Sat Mar 28 21:35:46 +0000 2015,0,1,Has anybody ever tried #beet #sugar in their #coffee?
119,581821840731013120,Sat Mar 28 14:15:11 +0000 2015,0,0,Catch us at @WardsFoods this morning before it's too late! Cafe de @LeVellesCoffee is set up until 1pm! Don't miss out :) #free #cup of #joe
120,581507813962305536,Fri Mar 27 17:27:21 +0000 2015,1,1,".@WardsFoods, we're excited to see you &amp; honored to setup shop! Come grab some #complimentary #coffee tomorrow from 10am-1pm at @WardsFoods!"
121,581188826934165504,Thu Mar 26 20:19:48 +0000 2015,1,1,"""Well done is better than well said.""

-Benjamin Franklin"
122,580842447720333312,Wed Mar 25 21:23:25 +0000 2015,1,2,#Coffee makes the world go round!
123,580680931758981120,Wed Mar 25 10:41:37 +0000 2015,0,0,The early #bird catches the #worm!
124,580593895068815360,Wed Mar 25 04:55:46 +0000 2015,0,2,"""Start by doing what's necessary; then do what's possible; and suddenly you are doing the impossible."""
125,580178135456571392,Tue Mar 24 01:23:41 +0000 2015,0,1,Are you having a rough #Monday? Grab a nice cup of #LeVellesCoffee to make your night better!
126,579843656976236544,Mon Mar 23 03:14:35 +0000 2015,0,2,#family #Sunday #sleep #magical
127,579581261833854976,Sun Mar 22 09:51:55 +0000 2015,0,3,Big shoutout to everyone working on the weekend!
128,579555809836691456,Sun Mar 22 08:10:47 +0000 2015,0,1,Sunday Sunday baby!
129,579189868460318720,Sat Mar 21 07:56:40 +0000 2015,0,0,"It's the weekend, have a happy, healthy, rejuvenating next couple of days. #cheers #party #memories #toast #weekend"
130,579065240840732672,Fri Mar 20 23:41:26 +0000 2015,0,0,"Want to watch the #eclipse2015?
#LevellesCoffee will keep you up!"
131,578964534133583873,Fri Mar 20 17:01:16 +0000 2015,0,4,#coffeeoutside #coffeeshop #coffee #caffeine #lovers Friday is your day to shine! Enjoy your weekend! #celebrate #holiday #Madonna
132,578645496341794816,Thu Mar 19 19:53:31 +0000 2015,1,4,Follow @IntlBipolar! Amazing organization with an awesome cause! http://t.co/0TpjYTiy4p
133,578644928906948608,Thu Mar 19 19:51:16 +0000 2015,0,1,A big thank you to the @IntlBipolar for giving us a warm tour of their San Diego headquarters! Awesome experience and our new best #friends!
134,578225950770339840,Wed Mar 18 16:06:24 +0000 2015,0,0,#HumpDayShout
135,578108815016529920,Wed Mar 18 08:20:56 +0000 2015,0,0,"We were going to give you #green #coffee for #SaintPatricksDay, but then we decided to #roast your coffee. #jokes #laugh #celebrate #smile"
136,578065874302562305,Wed Mar 18 05:30:19 +0000 2015,0,2,Next time you are at @wardsgville pick up some @LeVellesCoffee
137,577593864078372864,Mon Mar 16 22:14:43 +0000 2015,1,0,RT @IndieTrailers: Check out what #filmmaker @blindhummingbrd has on the horizon! NOT A SPOILER - The Mountain from #GoT stars -  https://t…
138,577580064327524352,Mon Mar 16 21:19:52 +0000 2015,1,1,"Tired of studying?
Drink some @LeVellesCoffee tonight!
#coffee #collegelife"
139,577516395061067776,Mon Mar 16 17:06:52 +0000 2015,0,1,#republicans #democrats #libertarians #radicals #moderates all walks of life must come together and discover our similarities. #coffee #date
140,577509201003429888,Mon Mar 16 16:38:17 +0000 2015,0,2,Have a great week #coffee #drinkers of the #world! It's your week to #SHINE! #happy #healthy #Perseverance #believe #delicious #roasted :)
141,577495978745421824,Mon Mar 16 15:45:45 +0000 2015,1,1,You are #beautiful
142,577315033832648704,Mon Mar 16 03:46:44 +0000 2015,0,3,".@3M your newest #coffee #sponsor? @3MNewsroom @3MRacing @3M_UK @3M_Direct @3MAutoUSA 
@LeVellesCoffee loves #innovation! Who's in?"
143,577313954986344448,Mon Mar 16 03:42:27 +0000 2015,0,0,#candy #crush #saga Sunday
144,577258370219917312,Mon Mar 16 00:01:35 +0000 2015,2,0,RT @Solveigmusic: A good porch and a cup of this crowns the last hour of daylight this gorgeous TN day. http://t.co/FwQKKE0Z5C
145,577253731411980290,Sun Mar 15 23:43:09 +0000 2015,0,1,Having an #awesome #meeting with the @LeVellesCoffee crew! Hope everyone has a great #Sunday!
146,577002566657052672,Sun Mar 15 07:05:06 +0000 2015,0,2,comfortably admitting that I'm a #midnight #coffee #chugger... still the weekend folks!
147,576943875836768256,Sun Mar 15 03:11:53 +0000 2015,0,2,.@LeVellesCoffee I don't think any #coffee #company has a cuter #dog than ours! #pug #pekingese #peke-pug #animals http://t.co/VGqja6nNa0
148,576898009381863424,Sun Mar 15 00:09:38 +0000 2015,0,3,There are #single people at our #office but they have long term #relationships with @LeVellesCoffee. Can you blame them? #coffee #yum #smile
149,576843415071137792,Sat Mar 14 20:32:42 +0000 2015,0,5,".@LeVellesCoffee: Our #SocialMediaMarketing department is taking today off ... Wait, then who's posting this tweet?! #mystery #worker"
150,576438537807138817,Fri Mar 13 17:43:51 +0000 2015,0,0,T minus 4 days until #StPatricksDay! #green #roasted #coffee anyone?
151,576385913435136000,Fri Mar 13 14:14:45 +0000 2015,0,0,Hold up your #coffee #mug &amp; yell at the top of your lungs #CHEERS because it's #Friday!! #FridayThe13th #caffeine #healthyliving #Joy #Smile
152,576192472226775040,Fri Mar 13 01:26:05 +0000 2015,2,4,Support @beast_movie #film on #Kickstarter! Your 1st #movie!? @IndieTrailers @GameOfThrones #acting #actors #Iceland https://t.co/B4z05uLtS4
153,575852377959481344,Thu Mar 12 02:54:40 +0000 2015,0,3,“@DocHeather: @LeVellesCoffee @WardsFInterested in #food? Checkout the latest bestselling book #FixYourMoodWithFood awesome!
154,575848116148027394,Thu Mar 12 02:37:44 +0000 2015,0,0,.@WardsFoods thank you so much for your generous invite to your #Spring #Food #Fest on April 18th! We'll be there!! https://t.co/79ATeiVJvn
155,575637385347756032,Wed Mar 11 12:40:22 +0000 2015,0,3,Cheers to the morning!
156,575491053517570048,Wed Mar 11 02:58:53 +0000 2015,0,0,.@Lindt_Chocolate truffles are amazing! We our obsessed w/ dropping #chocolate #truffles in our @LeVellesCoffee. #delicious #sensational 143
157,575157746787557376,Tue Mar 10 04:54:27 +0000 2015,0,0,Midnight thought: The #coffee industry and the #massage industry need to be intertwined! #coffeetalk #coffeehumour #therapy #massagetherapy
158,574936914429669377,Mon Mar 09 14:16:56 +0000 2015,0,1,"@LeVellesCoffee wishes you a balanced, healthy and productive week! #MondayMotivation #caffeinate #wisely"
159,574742562096988161,Mon Mar 09 01:24:39 +0000 2015,9,0,"RT @blindhummingbrd: The official trailer for #Beastmovie is live!
Watch at http://t.co/k3gXehIuvR https://t.co/QOwS7KZhUn"
160,574742495374012416,Mon Mar 09 01:24:23 +0000 2015,2,6,Watch our best friend's official #trailer for #Beastmovie! Watch it at http://t.co/x5WLWXADMi! @LeVellesCoffee will keep them warm! :)
161,574588521362669568,Sun Mar 08 15:12:33 +0000 2015,0,2,"It's #Sunday, remember, it's a #blessing to be #alive and #breathing! Enjoy your day!"
162,574444561730269184,Sun Mar 08 05:40:30 +0000 2015,0,0,#Saturday's #friends #tired? #never!
163,574359135657029632,Sun Mar 08 00:01:03 +0000 2015,0,1,3rd week in a row at Ward's Supermarket was a HUGE success! Always a pleasure to serve your patrons &amp; your amazing staff! @WardsFoods
164,574233993937317888,Sat Mar 07 15:43:47 +0000 2015,0,0,".@WardsFoods once again we our honored to serve your #amazing #patrons @LeVellesCoffee hot, fresh #organic #coffee this morning! #Cheers!"
165,573945219424600064,Fri Mar 06 20:36:18 +0000 2015,0,2,We'll be unleashing our #free #coffee bar from 10am-1pm @ Ward's tomorrow! There will be 3 unique levels to sample :) http://t.co/i9sE5wAQVz
166,573944793585315840,Fri Mar 06 20:34:36 +0000 2015,1,1,Excited to be the #featured item at @WardsFoods for our 3rd Saturday in a row! What an honor! Thank you Ward's &amp; the #Gainesville community!
167,573857291830693889,Fri Mar 06 14:46:54 +0000 2015,1,0,RT @martybennett: #FF Thanks for the RTs this week! @EdUSAZim @LeVellesCoffee @BigBenOnCampus @ScholarHall @EdUSAZacatecas via @Crowdbooster
168,573649309540941824,Fri Mar 06 01:00:27 +0000 2015,0,0,"Snap, crackle and pop! Friday is almost here :) @LeVellesCoffee #TurnDownForThat"
169,573608861635997696,Thu Mar 05 22:19:44 +0000 2015,0,0,1 day until #Friday! Already have the #jitters!
170,573310753152757760,Thu Mar 05 02:35:09 +0000 2015,0,0,"#HumpDay is almost over, so I guess tomorrow it's over the #HumpDay?"
171,573310555504525313,Thu Mar 05 02:34:22 +0000 2015,135,0,RT @Zagat: The Funniest #FoodieBandNames: http://t.co/DLWEog8XUP http://t.co/G3HVMThABi
172,573310471064821760,Thu Mar 05 02:34:02 +0000 2015,1252,0,RT @annieshomegrown: Mac &amp; Yeezy #FoodieBandNames http://t.co/CShaoIxm6j
173,573310427871879168,Thu Mar 05 02:33:52 +0000 2015,28,0,RT @Yahoo: #FoodieBandNames takes the Web by storm http://t.co/DAj1ygNsVT @YahooFood http://t.co/np3QT89A6s
174,573310406736797697,Thu Mar 05 02:33:47 +0000 2015,123,0,RT @Zagat: Madonut #FoodieBandNames http://t.co/baBLMby2Mg
175,573142671843319809,Wed Mar 04 15:27:16 +0000 2015,1,0,RT @martybennett: Thanks #TopNewFollowers @course_field @LeVellesCoffee @aacreation @JulieRogersUC happy to connect :) (insight by http://t…
176,572938316435222528,Wed Mar 04 01:55:13 +0000 2015,0,2,#growing #organically trying to keep our #sanity... it's that busy time of year again but being busy is a #blessing
177,572930562899501056,Wed Mar 04 01:24:25 +0000 2015,0,2,"Our new packaging is here! Watch out #Florida, we're coming for you! We will post photos end of this week... #suspense #milestone #coffee!!!"
178,572788292585836544,Tue Mar 03 15:59:05 +0000 2015,0,0,.@girlscouts Our favorite season of the year! See you at the Women Who Make a Difference Luncheon in May! #levelles http://t.co/hlnubN0iUg
179,572752152403312640,Tue Mar 03 13:35:29 +0000 2015,0,1,"If @Drake can sing about Tuesdays, so can we! #Happy #Tuesday from your friends at @LeVellesCoffee

http://t.co/YKwe0VoOMl via @YouTube"
180,572741562922344448,Tue Mar 03 12:53:24 +0000 2015,0,0,.@windfm: hard to keep calm when the greats like @ledzeppelin and @SMBofficial are blasting! #deep #breaths http://t.co/9uBtX8NI08
181,572635515842916352,Tue Mar 03 05:52:00 +0000 2015,0,2,The only #candy #crush goin' on today is in my #coffee! No #video #games on the job!
182,572631125711065088,Tue Mar 03 05:34:33 +0000 2015,0,0,"Trying not to #dream about #work... Think happy thoughts, think #happy #thoughts!"
183,572602441536942080,Tue Mar 03 03:40:35 +0000 2015,0,0,#March #Madness
184,572480869342056449,Mon Mar 02 19:37:30 +0000 2015,1,2,Monday is a #100% #Caffeinated day! Rock on!
185,572450752540635137,Mon Mar 02 17:37:49 +0000 2015,0,0,@emersonepi thank you for thanking us! Have an awesome week!
186,572450674258157568,Mon Mar 02 17:37:31 +0000 2015,1,0,"RT @emersonepi: @LeVellesCoffee Thank you for the following,. We specialize in nursing leadership in higher ed. Check out our twitter pager!"
187,572250019480408064,Mon Mar 02 04:20:11 +0000 2015,1,0,Fun fact: in early 2014 we originally had 10 levels of #caffeine. Our drinkers said 10 levels were too much &amp; you all are certainly correct!
188,572074695454953472,Sun Mar 01 16:43:30 +0000 2015,0,2,#Chinese #food is #delicious!
189,572073782933786624,Sun Mar 01 16:39:53 +0000 2015,0,2,"Wishing our @UF Students who are on #springbreak, a happy and healthy vacation! #party #on #Florida"
190,572073596769579009,Sun Mar 01 16:39:08 +0000 2015,0,0,"Let #Sunday be a day for #family, #friends and #lovers! #Coffee or #NoCoffee,  have an incredible rest of your weekend!"
191,571950691452780544,Sun Mar 01 08:30:45 +0000 2015,0,2,#Sunday #Funday ... anyone else awake on their first #cup of #joe? (Social Media girl is back on #Twitter)! Enjoy your morning!
192,571949787861278720,Sun Mar 01 08:27:10 +0000 2015,0,0,".@Princeea: @LeVellesCoffee truly appreciates your inspiring messages, relatable depth in speech &amp; in choice of words, &amp; we implement that!"
193,571863884291842049,Sun Mar 01 02:45:49 +0000 2015,0,1,@artbyeve so much fun! Hope to see you soonest!
194,571863826402050048,Sun Mar 01 02:45:35 +0000 2015,1,0,"RT @artbyeve: My pleasure, @LeVellesCoffee! Just had 2c company at ground level. TY4 autographing my first bag of many! Priceless :)"
195,571807584790949888,Sat Feb 28 23:02:06 +0000 2015,0,0,Tomorrow is Sunday and no #football? #reality @nfl
196,571761017824415744,Sat Feb 28 19:57:04 +0000 2015,0,1,#Special #shoutout to @artbyeve for driving such a long distance just to meet us &amp; try our coffee! You are awesome &lt;3 http://t.co/bED04VNC0Z
197,571758785162829825,Sat Feb 28 19:48:11 +0000 2015,1,0,"RT @artbyeve: Funtastic meeting Jeff &amp; Mark of @LeVellesCoffee today! Delicious coffee, thx 4 the tour of levels! #coffee"
198,571685607942033409,Sat Feb 28 14:57:24 +0000 2015,0,0,"Pictures of our #coffee #demo soon to come today!! Enjoy our single-origin #Colombian, hot-brewed coffee!"
199,571685195503538176,Sat Feb 28 14:55:46 +0000 2015,0,1,.@WardsFoods we are so excited to be the #featured #coffee #brand this morning! If you #shop #Ward's get your hot cup of joe this morning!
