,id_str,created_at,retweet_count,favorite_count,text
0,669336267679748096,Wed Nov 25 02:06:16 +0000 2015,192,0,"RT @nerdinajock: What I love about twitter: Get to interact with a diverse group of individuals, from all walks of life &amp; trivial things ar…"
1,669336229075357696,Wed Nov 25 02:06:07 +0000 2015,39,0,"RT @iownjd: Sickening and disheartening, turns my stomach. https://t.co/uldyUbbKSB"
2,669336188239618048,Wed Nov 25 02:05:57 +0000 2015,738,0,"RT @nerdinajock: What I love about twitter is I get to interact with a diverse group of individuals, from all walks of life, and color is n…"
3,669336137245335552,Wed Nov 25 02:05:45 +0000 2015,140,0,"RT @2morrowknight: ""Seek to be worth knowing rather than be well known."" #SMWMumbai #mondaymotivation https://t.co/YWqRWZd1k5"
4,669336027316752384,Wed Nov 25 02:05:19 +0000 2015,307,0,RT @emitoms: Surround yourself with people who truly want the best for you.
5,669335984471977984,Wed Nov 25 02:05:09 +0000 2015,7,0,"RT @iownjd: The best, beautiful &amp; simply wonderful. | Louis Armstrong &amp; Velma Middleton - ""Baby, It's Cold Outside"" https://t.co/R8qmBraOhG…"
6,669335954675662848,Wed Nov 25 02:05:01 +0000 2015,20,0,"RT @iownjd: Is ""Cash Cab"" still on the air? If so, where and when?"
7,669335919481200640,Wed Nov 25 02:04:53 +0000 2015,47,0,"RT @iownjd: May, or may not, have checked out already, for the rest of the year."
8,669335857837535232,Wed Nov 25 02:04:38 +0000 2015,18,0,"RT @iownjd: Thank you @ABCNetwork, @ABC, and @Snoopy for this wonderful gift of ""Charlie Brown Thanksgiving"" tonight, I am thankful, day ma…"
9,669335832336142336,Wed Nov 25 02:04:32 +0000 2015,18,0,"RT @iownjd: Thank God I was naively doe-eyed and didn't know what mood disorders were when I was seven, forgot how depressed Good ol' Charl…"
10,636003555774627840,Tue Aug 25 02:33:58 +0000 2015,343,471,One day at a time... http://t.co/SvEoBhIN2M
11,635968789465530368,Tue Aug 25 00:15:49 +0000 2015,19,0,RT @levoleague: Which quote is getting you through the monday blues? Your #MondayMotivation Quote Challenge http://t.co/xGIedFfUQf http://t…
12,616697650176327680,Thu Jul 02 19:59:12 +0000 2015,408,537,Don’t allow nor give yourself a flawed sense of reality by tying your self-worth to everyone else’s opinions.
13,616697189109116928,Thu Jul 02 19:57:22 +0000 2015,293,381,"We could spend our whole lives worrying about what other people think of us, but it wouldn’t get us anywhere."
14,616697073077846018,Thu Jul 02 19:56:54 +0000 2015,51,117,What’s wrong with wanting others to like us? Why we do this.
15,616696975912669185,Thu Jul 02 19:56:31 +0000 2015,60,110,Most of us care about what others think.
16,600677704661377024,Tue May 19 15:01:39 +0000 2015,190,240,If nothing ever changed there would be no sunrise the next morning.
17,600677643634221056,Tue May 19 15:01:24 +0000 2015,193,259,"Only when you change, do you grow, and begin to see a world you never knew was possible."
18,600676313385467904,Tue May 19 14:56:07 +0000 2015,87,164,Most of us are comfortable where we are even though the whole universe is constantly changing around us.
19,600401712172568576,Mon May 18 20:44:57 +0000 2015,510,0,"RT @nerdinajock: Be kind and humble, even to those who are rude to you, not because they're nice, but because you are."
20,598350440036573184,Wed May 13 04:53:56 +0000 2015,412,0,RT @FoxNews: Officials in #Philadelphia are asking for prayers in the wake of the #Amtrak Train 188 derailment. http://t.co/CWaG1PzqGJ
21,598350143671259136,Wed May 13 04:52:45 +0000 2015,64,0,RT @unicefusa: UNICEF is taking action to help areas hit hardest by the 2nd #NepalEarthquake. Here's how you can help: http://t.co/lFSlETDp…
22,578981386209525761,Fri Mar 20 18:08:14 +0000 2015,536,533,"There are people who make things happen, people who watch what happens, and people who wonder what happened, you decide who you want to be."
23,578981118071816194,Fri Mar 20 18:07:10 +0000 2015,157,184,"Your deeds determine you, as much as you determine your deeds."
24,578980857362321408,Fri Mar 20 18:06:07 +0000 2015,214,267,There's a difference between being dumb and not educated.
25,575866848232734722,Thu Mar 12 03:52:10 +0000 2015,654,0,"RT @mashable: When a cheerleader with Down syndrome got bullied, these basketball players did something: http://t.co/yMlq4OWO6b http://t.co…"
26,573183053993926656,Wed Mar 04 18:07:43 +0000 2015,101,188,I like you just the way I am.
27,573182568339619841,Wed Mar 04 18:05:48 +0000 2015,203,205,You are confined only by the walls you build yourself.
28,573182480196321280,Wed Mar 04 18:05:27 +0000 2015,395,489,Correct Math - http://t.co/aYTJNuHw6P
29,563733848501284864,Fri Feb 06 16:19:57 +0000 2015,133,0,"RT @sevenly: ""Take time first thing to visualize an incredible day."" - Robin Howard"
30,563413339410546689,Thu Feb 05 19:06:22 +0000 2015,184,217,Crazy and chaotic world we live in.
31,563412457742270464,Thu Feb 05 19:02:52 +0000 2015,267,311,"The only way to raise yourself up is to raise others up, to raise your world up, to raise all of life just a little higher."
32,563028853225164800,Wed Feb 04 17:38:33 +0000 2015,284,0,RT @SU2C: Happening Now! #WorldCancerDay twitter chat. Use #FightWorldCancer to ask your questions. http://t.co/0oeVxS6PnU
33,558319957407051777,Thu Jan 22 17:47:05 +0000 2015,195,245,"Do what you love, better."
34,557248865720877056,Mon Jan 19 18:50:57 +0000 2015,284,253,"""Hatred paralyzes life; love releases it. Hatred confuses life; love harmonizes it. Hatred darkens life; love illuminates it."" - MLK"
35,556885949926625280,Sun Jan 18 18:48:51 +0000 2015,232,247,The easiest thing to be in life is yourself.
36,556885919496544256,Sun Jan 18 18:48:44 +0000 2015,109,132,"When you live your truth, nobody can use your truth."
37,548120317332586496,Thu Dec 25 14:17:21 +0000 2014,96,153,"I love the holidays, a much needed break."
38,548120178241073153,Thu Dec 25 14:16:48 +0000 2014,78,153,"Merry Christmas and Happy Holidays! Count your blessings, even in times of darkness believe and know you will always rise above it."
39,547905326184681473,Thu Dec 25 00:03:04 +0000 2014,7636,0,RT @ABC: Because teeny babies make the best stocking stuffers: http://t.co/8NTBELQ6Eb http://t.co/ujnXJ2DGZl
40,546827155809009665,Mon Dec 22 00:38:48 +0000 2014,6,15,The deals you waited for are here! Clearance &amp; rollbacks on the #BestGifts and top brands as #Samsung @Walmart . #ad http://t.co/2Vak40DxUN
41,546726221300908032,Sun Dec 21 17:57:43 +0000 2014,5936,0,"RT @SportsCenter: With the holiday season upon us, Devon Still set out to fulfill his daughter Leah's big Christmas wish. http://t.co/L2HmI…"
42,546339998757576704,Sat Dec 20 16:23:00 +0000 2014,173,0,RT @AmericanCancer: Do you know someone facing a cancer diagnosis or loss of a loved one? Remind them they're not alone. It will mean a lot…
43,546339905136513024,Sat Dec 20 16:22:38 +0000 2014,166,0,RT @KarenCivil: Patience is something we must continue to have while on this journey to living in purpose. #LiveCivilTour #LiveCivil http:/…
44,545667447727353856,Thu Dec 18 19:50:32 +0000 2014,102,111,"There are many roads to what’s right, follow your heart today."
45,539894346494259201,Tue Dec 02 21:30:17 +0000 2014,338,381,Intelligence is sexy.
46,538530051588116480,Sat Nov 29 03:09:04 +0000 2014,88,89,"I'm still fly, I'm sky high, and I dare anybody to try and cut my wings."
47,537693979706654720,Wed Nov 26 19:46:49 +0000 2014,67,72,"Love, it’s what makes the world go round, and also, all you need."
48,535835075368460288,Fri Nov 21 16:40:11 +0000 2014,154,0,RT @CharissaT: Call someone today that you normally just text. 📞 #JustBecause
49,535603280924409858,Fri Nov 21 01:19:07 +0000 2014,470,0,RT @jennihogan: Please re-tweet this tweet! #IntelAndroid and #DevFieldGuide will donate $1 per RT to @GirlsWhoCode thank you! Xo https://t…
50,534364485889564672,Mon Nov 17 15:16:36 +0000 2014,6,16,"Power up your devices with @Duracell Quantum, best #GameDayPower &amp; @NFL trusted, don't leave anything to chance. #ad http://t.co/OJS1GUeeN4"
51,532902118852919296,Thu Nov 13 14:25:40 +0000 2014,245,175,"I need a vacation, longer than a weekend."
52,532586327133667328,Wed Nov 12 17:30:50 +0000 2014,116,213,"In Nikki's London Blue voyage, things are not always what they seem: http://t.co/tD0UQF02uF http://t.co/2Y85u8zKzv http://t.co/a1ZYGiuhMZ"
53,532558549084545024,Wed Nov 12 15:40:27 +0000 2014,65,0,"RT @emitoms: How to make time for the things that really matter in life. http://t.co/b5INigmeVk http://t.co/IHiZWIpMnM

c/o: @pickcrew"
54,532558435637022720,Wed Nov 12 15:40:00 +0000 2014,54,0,RT @2morrowknight: Have a great Wednesday everyone! #Success is yours...think like it...and walk like it. #BringIt!
55,532343869858660352,Wed Nov 12 01:27:23 +0000 2014,79,84,"It gets dark way too early now, still haven't adapted to the time change."
56,532313429609316353,Tue Nov 11 23:26:26 +0000 2014,159,0,RT @iownjd: Thank you to the servicemen and women of the military for your service and sacrifices for the common good. God bless and Happy …
57,531967787661815810,Tue Nov 11 00:32:58 +0000 2014,144,0,"RT @stillmotion: Be uncomfortable, be uncertain, be willing to fail. If you don’t embrace the unknown, you can’t grow."
58,530403869399199745,Thu Nov 06 16:58:31 +0000 2014,8,14,"Win a trip for 4 to San Diego, NYC or city of your choice from Atlantic Luggage @travelprointl #AtlanticLuggage. #ad http://t.co/8KaELc1rEp"
59,529727422917509121,Tue Nov 04 20:10:34 +0000 2014,1015,945,Double standards - http://t.co/VOzIW966Zb
60,529720479532449794,Tue Nov 04 19:42:58 +0000 2014,118,0,"RT @2morrowknight: Some people will simply not like it when you are being yourself, don't let that pressure you to be someone other than yo…"
61,529720432937943042,Tue Nov 04 19:42:47 +0000 2014,374,0,"RT @nerdinajock: Passion is contagious, believe in yourself and in what you do, others will support and believe in you too; live what u lov…"
62,527131241783779329,Tue Oct 28 16:14:16 +0000 2014,168,137,You can make the best or the worst of it.
63,527129786439991296,Tue Oct 28 16:08:29 +0000 2014,213,167,The extent of your happiness depends on the quality of your thoughts.
64,527129660950597632,Tue Oct 28 16:07:59 +0000 2014,72,66,Perfect is what you define and make it.
65,518018203549962240,Fri Oct 03 12:42:18 +0000 2014,46,0,"RT @levoleague: ""Don't be in a rush to be who you're going to be. Just enjoy being who you are."" http://t.co/jrU6Ii8egi #20somethings #stop…"
66,510438663730499585,Fri Sep 12 14:43:55 +0000 2014,102560,0,RT @ProfKeefe: Every year on #911 I post this photo hoping 2 return 2 owner. Found at #groundzero #WTC in 2001. Pls RT http://t.co/mZ9LdQqE…
67,497138225342083072,Wed Aug 06 21:52:43 +0000 2014,267,276,"Smile, be you, do you, and just live, you deserve to."
68,497137422711660546,Wed Aug 06 21:49:32 +0000 2014,197,189,"The batteries don't work without the negatives, you can't please everyone."
69,496671537165258754,Tue Aug 05 14:58:16 +0000 2014,31,0,RT @GivingTues: #GivingTuesday is a day about showing how we care for each other and for the world. Join the movement! http://t.co/ZxnRUwHp…
70,496671514536980480,Tue Aug 05 14:58:11 +0000 2014,73,0,RT @nerdinajock: We all have the power to listen to voices that are seldom heard; we can usefully be catalysts of the voiceless or deterren…
71,494548310129397760,Wed Jul 30 18:21:20 +0000 2014,98,141,People can be categorized in one of two ways: those who love surprises and those who don't. I don't.
72,494548198804172800,Wed Jul 30 18:20:53 +0000 2014,247,244,"We're adults, when did that happen, and how do we make it stop?"
73,486176658580594688,Mon Jul 07 15:55:22 +0000 2014,230,284,"The world is full of magic, you just have to believe in it, so make your wish. Do you have it? Good. Now believe in it, with all your heart."
74,486176009994395649,Mon Jul 07 15:52:48 +0000 2014,143,190,"Never forget what you are, the rest of the world will not, wear it like armor, and it can never be used to hurt you."
75,486174340690747392,Mon Jul 07 15:46:10 +0000 2014,164,234,"I want a love that consumes me, I want passion and adventure, and even a little danger."
76,484696302354440193,Thu Jul 03 13:52:58 +0000 2014,8173,0,RT @JourneyJoshuas: Please RT &amp; help me raise awareness of #BrainTumorThursday &amp; send my smile all around the world 😊👍 http://t.co/Zl7oQ9af…
77,476412274584735745,Tue Jun 10 17:15:12 +0000 2014,235,245,Let loose and be a little silly.
78,476412273833951233,Tue Jun 10 17:15:12 +0000 2014,261,286,Sometimes you just need a good laugh to lift your spirits.
79,476412273108340738,Tue Jun 10 17:15:11 +0000 2014,393,334,"You don’t need a certain number of friends, just a number of friends you can be certain of."
80,473320173831979008,Mon Jun 02 04:28:17 +0000 2014,15,31,"The only thing better than Nike running shoes is a pair of customized Nike running shoes, the all whites NIKEiD #ad http://t.co/gPXyvs3Mhu"
81,472411497646546944,Fri May 30 16:17:32 +0000 2014,143,166,Simplicity is the ultimate sophistication.
82,472411415438192640,Fri May 30 16:17:13 +0000 2014,66,88,Trying to fit some idealistic mold of perfection is a fool’s game.
83,469922014493294592,Fri May 23 19:25:13 +0000 2014,223,186,"Don't wait for the perfect day or the perfect moment, take this day, this moment and lead it to perfection."
84,469922013708963840,Fri May 23 19:25:13 +0000 2014,152,102,Life is changing faster and faster with every passing day.
85,469167032391307265,Wed May 21 17:25:11 +0000 2014,241,199,"If it doesn’t challenge you, it won’t change you."
86,469165780949426176,Wed May 21 17:20:13 +0000 2014,146,119,"When you feel bored, it's time for a change, don’t ever let anyone turn your sky into a ceiling."
87,466985142104240128,Thu May 15 16:55:08 +0000 2014,109,95,You can make the best or the worst of it.
88,466985141269565440,Thu May 15 16:55:08 +0000 2014,86,80,"You're a capable individual, don't give up before you even try."
89,462671738317176832,Sat May 03 19:15:13 +0000 2014,86,101,Perfect is what you define and make it.
90,461949470456836097,Thu May 01 19:25:11 +0000 2014,149,169,"When you accept yourself just as you are, then you can change."
91,461224690623590400,Tue Apr 29 19:25:10 +0000 2014,78,97,"Do your best, and be a little better than you are."
92,460137526632529920,Sat Apr 26 19:25:09 +0000 2014,90,125,There is no excuse for being an amateur forever.
93,459412745826205696,Thu Apr 24 19:25:08 +0000 2014,162,203,"Our brain performs up to 30% better when we’re feeling happy, so get happy!"
94,459044276228222976,Wed Apr 23 19:00:58 +0000 2014,51,73,"Let others argue over small things, but not you."
95,456111009258680321,Tue Apr 15 16:45:13 +0000 2014,50,105,"I haven't been able to get you out of my head all summer, fall, winter, and now spring."
96,456111008377872384,Tue Apr 15 16:45:13 +0000 2014,48,81,"I was hoping when I saw you, I would know that we did the right thing, but I don't feel that way, I don't feel that way at all."
97,453238382668161024,Mon Apr 07 18:30:25 +0000 2014,88,76,Never been better.
98,453238381384708096,Mon Apr 07 18:30:25 +0000 2014,114,96,Summer? Sounds great. Finish up Spring.
99,450680221113397248,Mon Mar 31 17:05:12 +0000 2014,195,210,Everything we do is a choice.
100,449593070250512384,Fri Mar 28 17:05:15 +0000 2014,94,104,"The faster you rise, the harder you fall."
101,448868291230969856,Wed Mar 26 17:05:14 +0000 2014,276,334,You can't save a damsel if she loves her distress.
102,448152322745442304,Mon Mar 24 17:40:14 +0000 2014,121,113,Everyone knows you can't choose your family but you can choose you friends.
103,448149853365739520,Mon Mar 24 17:30:25 +0000 2014,77,67,You can't even help it. It's who you are. I just thought that maybe this time it would be different. I should have known I'd be wrong.
104,448147293649117184,Mon Mar 24 17:20:15 +0000 2014,96,95,I can't believe for one second I thought that it would be different this time.
105,448144782808735746,Mon Mar 24 17:10:17 +0000 2014,172,144,"Just because people do horrible things, it doesn't always mean they are horrible people."
106,444866911440863232,Sat Mar 15 16:05:11 +0000 2014,233,231,I found you for a reason.
107,444866910547476480,Sat Mar 15 16:05:11 +0000 2014,104,117,"We met under unfortunate circumstances, but I'm happy we did."
108,440912125767065600,Tue Mar 04 18:10:17 +0000 2014,68,61,I have a really good feeling.
109,440910866406326272,Tue Mar 04 18:05:16 +0000 2014,108,116,"If you say something wrong, then you apologize."
110,438078527565344768,Mon Feb 24 22:30:34 +0000 2014,62,89,"Sometimes when I say something it sounds vaguely dirty, but it's not."
111,438074731032375296,Mon Feb 24 22:15:29 +0000 2014,50,59,I like the way you think.
112,435838685657845761,Tue Feb 18 18:10:14 +0000 2014,38,53,You know you think you're charming...but enough with the ego.
113,435838684068192257,Tue Feb 18 18:10:14 +0000 2014,112,98,I get the joke. I just don't think it's funny.
114,435838681866194945,Tue Feb 18 18:10:13 +0000 2014,35,52,Glad to know you can keep a secret.
115,433656817944522752,Wed Feb 12 17:40:17 +0000 2014,149,110,"We all do things we regret, we set ourselves up for hurt, but pain isn't always a bad thing."
116,433286888858738688,Tue Feb 11 17:10:19 +0000 2014,64,61,"For most people I know, not knowing is the worst feeling in the world."
117,433286886543458304,Tue Feb 11 17:10:18 +0000 2014,135,112,"Whoever said, ""What you don't know, can't hurt you,"" was a complete and total moron."
118,432957201930387456,Mon Feb 10 19:20:15 +0000 2014,80,69,I look at you and I see myself.
119,432565846162931712,Sun Feb 09 17:25:09 +0000 2014,48,45,Somehow I never see anything coming that could help me.
120,432214804753678336,Sat Feb 08 18:10:14 +0000 2014,30,57,"If I can’t get any, I’m just happy cuddling."
121,431842496922931200,Fri Feb 07 17:30:49 +0000 2014,35,62,You're the only one who can change the conversation.
122,431488776938852352,Thu Feb 06 18:05:15 +0000 2014,44,75,Never stay too long at a pity party.
123,431154081814421505,Wed Feb 05 19:55:18 +0000 2014,71,57,"What you do is up to you, but don't let your ego get the best of you."
124,430707377046687745,Tue Feb 04 14:20:15 +0000 2014,72,61,Once upon a time we never found the right time. The end.
125,430706114284355584,Tue Feb 04 14:15:14 +0000 2014,37,40,I need to be able to trust you from this second forward.
126,430704854692937729,Tue Feb 04 14:10:14 +0000 2014,23,28,Do you feel fear? I struggle with it. I can identify it in others but I have a hard time experiencing it myself.
127,429361011070476289,Fri Jan 31 21:10:16 +0000 2014,54,42,I want you to be a part of my life.
128,427859859162157056,Mon Jan 27 17:45:14 +0000 2014,48,63,"I've  never thought it was possible to love someone too much, but maybe it  is."
129,427859858168107009,Mon Jan 27 17:45:14 +0000 2014,46,40,"Don't  worry, I can be a bitch enough for both of us."
130,427478611067555840,Sun Jan 26 16:30:17 +0000 2014,117,111,"It's not about the sex. It's not all about the sex. It's about that moment afterward when the world stops, no worries, feels safe, relaxing."
131,427477327526637568,Sun Jan 26 16:25:11 +0000 2014,11,19,It was a compliment. Sort of.
132,426733694259167232,Fri Jan 24 15:10:15 +0000 2014,139,72,Smile life could be worse.
133,426035441448394754,Wed Jan 22 16:55:39 +0000 2014,91,72,You are the architect of your own unhappiness.
134,426032924262010883,Wed Jan 22 16:45:39 +0000 2014,57,54,There is something fundamentally wrong with you.
135,425319804317089792,Mon Jan 20 17:31:58 +0000 2014,67,55,“I have decided to stick with love. Hate is too great a burden to bear.” #MLK #love #truth
136,425318957562613761,Mon Jan 20 17:28:36 +0000 2014,45,41,"If you're telling me that the price of seeing love, feeling loved, of having love in my life is my sanity that's a price I will happily pay."
137,425318189572960257,Mon Jan 20 17:25:33 +0000 2014,92,60,"When it comes to letting you go, I have no desire to ever make progress."
138,424935570377166848,Sun Jan 19 16:05:09 +0000 2014,62,31,"When I imagine things good again, you a part of it."
139,424934425025982464,Sun Jan 19 16:00:36 +0000 2014,49,37,"I know you think I just want to run away, but I don't. I don't want to forget you."
140,424572072946192385,Sat Jan 18 16:00:45 +0000 2014,128,64,I'm not huge on goodbyes.
141,424570660245889024,Sat Jan 18 15:55:08 +0000 2014,49,29,"For me, everything could go either way, so it's kind of hard to keep track or care anymore."
142,424210814728302593,Fri Jan 17 16:05:14 +0000 2014,85,62,"You think I'm interested in you, I'm not. Get over yourself."
143,424209771000893440,Fri Jan 17 16:01:05 +0000 2014,69,67,I'd risk my life for two things: Love and food.
144,423858491745267712,Thu Jan 16 16:45:14 +0000 2014,21,23,Not a day will go by that I won't go by that I won't think of you.
145,423854824736567296,Thu Jan 16 16:30:39 +0000 2014,7,14,"I keep making the mistake of thinking they're family, but they're not, you are."
146,423481009305169920,Wed Jan 15 15:45:15 +0000 2014,98,46,Trust kills faster than bullets.
147,423148818297651200,Tue Jan 14 17:45:14 +0000 2014,160,81,Fighting for something you love is never stupid.
148,422397692367478784,Sun Jan 12 16:00:32 +0000 2014,59,45,"Whenever you hate something, it hates you back, keep that in mind."
149,422031438637056001,Sat Jan 11 15:45:10 +0000 2014,103,80,"As kids we were so honest and straightforward until we were taught not to be, I miss it."
150,421672976971354113,Fri Jan 10 16:00:46 +0000 2014,23,25,Find and live with grace and happiness.
151,421306698863611904,Thu Jan 09 15:45:19 +0000 2014,36,30,"Sorry, I replaced you with a newer model."
152,420948288594919425,Wed Jan 08 16:01:07 +0000 2014,27,33,I hate when people say it's always the last place you look. Obviously!
153,420588191272292353,Tue Jan 07 16:10:13 +0000 2014,95,86,Can we maybe put the phones down and have an actual human conversation.
154,418805180713283584,Thu Jan 02 18:05:10 +0000 2014,43,36,"When someone says 'I look terrible' hoping that you to say 'no you don't,' but you stay silent."
155,418080406001287168,Tue Dec 31 18:05:11 +0000 2013,52,28,Time has moved way too fast.
156,416993235844603904,Sat Dec 28 18:05:09 +0000 2013,117,65,Every accomplishment starts with faith.
157,416268463280119810,Thu Dec 26 18:05:10 +0000 2013,133,81,"Older you get and the more people you meet, you realize that break ups in the past really weren't the end of the world."
158,415543688794628096,Tue Dec 24 18:05:10 +0000 2013,96,51,"I've come a long way, but I'm no where near close to where I should and need
to be."
159,415344467223117824,Tue Dec 24 04:53:32 +0000 2013,1012,0,RT @49ers: #49ers clinch playoff spot w/ exciting win over Falcons. READ our game story: http://t.co/MAGL4X9L0y
160,414456518067494912,Sat Dec 21 18:05:08 +0000 2013,74,41,Let the world live up to your expectations.
161,413731764910055424,Thu Dec 19 18:05:14 +0000 2013,151,76,"Pain is life's greatest teacher, if you let it teach you."
162,413006987434024960,Tue Dec 17 18:05:13 +0000 2013,57,43,There’s not a place that your love don’t affect me baby.
163,411919812424515584,Sat Dec 14 18:05:11 +0000 2013,88,43,"Use time as a tool, not as a crutch."
164,411195067362050048,Thu Dec 12 18:05:18 +0000 2013,81,49,Do something nice today.
165,410470334148521984,Tue Dec 10 18:05:28 +0000 2013,142,75,"A friend is one who knows you, but loves you anyway."
166,410145771955425281,Mon Dec 09 20:35:46 +0000 2013,34,0,RT @nprnews: Photo Essay: Cape Town Quietly Mourns Mandela http://t.co/j6rfYZLEsL via @nprpictureshow
167,409383095071039489,Sat Dec 07 18:05:10 +0000 2013,8,19,I need to get down South soon.
168,408658369990230016,Thu Dec 05 18:05:22 +0000 2013,53,35,Everything is personal when you're a person.
169,407933560146776064,Tue Dec 03 18:05:14 +0000 2013,60,35,"There's a difference between risking for yourself, and someone else."
170,406102747369324544,Thu Nov 28 16:50:14 +0000 2013,49,31,"Count your blessings, even in times of darkness. Happy Holidays!"
171,406101493868019713,Thu Nov 28 16:45:15 +0000 2013,12,11,"Thinking of you on this day of giving thanks, you are a blessing. Miss you terribly, Happy Thanksgiving!"
172,401741562620559361,Sat Nov 16 16:00:27 +0000 2013,61,36,"Little high on yourself, aren't you?"
173,401016850613403649,Thu Nov 14 16:00:42 +0000 2013,108,63,I'm pretty sure I don't need you at all.
174,400292093643337729,Tue Nov 12 16:00:46 +0000 2013,85,75,"What is it with you? You say you hate him, but the way you deal with him it's so clear, even when you hate him you still love him."
175,398842510694297600,Fri Nov 08 16:00:39 +0000 2013,162,55,Don't make promises you can't keep.
176,398480172648648704,Thu Nov 07 16:00:51 +0000 2013,35,30,"I've given up on giving up, it's an affliction."
177,397409304044519424,Mon Nov 04 17:05:36 +0000 2013,49,32,"Ironically, bad things usually happen, good things sometimes happen."
178,394965618610282496,Mon Oct 28 23:15:16 +0000 2013,57,31,It's like you touched my soul.
179,394841143973642240,Mon Oct 28 15:00:39 +0000 2013,55,22,You make everything look easy.
180,394161644114149376,Sat Oct 26 18:00:33 +0000 2013,131,52,I forgot to remember to forget.
181,393414188611039232,Thu Oct 24 16:30:26 +0000 2013,86,33,You should never be ashamed of your achievements.
182,393412870932676608,Thu Oct 24 16:25:12 +0000 2013,113,50,I want to marry you someday.
183,392373522309185536,Mon Oct 21 19:35:12 +0000 2013,37,25,I'm not good with being vulnerable.
184,392300020013473792,Mon Oct 21 14:43:08 +0000 2013,257,0,RT @HuffingtonPost: Facebook is broken for a lot of people right now http://t.co/0SMdkvNPQF
185,391214635321262081,Fri Oct 18 14:50:12 +0000 2013,35,22,"Finally, someone who understands me! I'm going to start coming to you with my problems now."
186,390861087903842304,Thu Oct 17 15:25:19 +0000 2013,62,22,You know you're jealous.
187,390488645464887296,Wed Oct 16 14:45:22 +0000 2013,115,47,You still make my heart race.
188,390487387513823232,Wed Oct 16 14:40:22 +0000 2013,64,37,"I don't hate you, I remember the first time I ever saw you; it was hard losing you, it was hard seeing you again and it's still really hard."
189,390126222530715648,Tue Oct 15 14:45:14 +0000 2013,75,23,Time flies when you get what you wish for.
190,389783969983496193,Mon Oct 14 16:05:14 +0000 2013,34,18,It's a little more complicated than that.
191,389401431725195266,Sun Oct 13 14:45:10 +0000 2013,68,24,I don't even know who you are right now.
192,389042937444577280,Sat Oct 12 15:00:39 +0000 2013,108,56,We all want to be loved...to be happy. So why aren't we? Maybe because we've become experts at sabotaging our own happiness.
193,388680571951407104,Fri Oct 11 15:00:44 +0000 2013,37,22,"Falling in love is the easiest thing you're ever gonna do, it's the most exciting thing, the most powerful thing."
194,388321837748215808,Thu Oct 10 15:15:15 +0000 2013,46,16,"Sometimes I feel like men are the new women, too many are sensitive and in their feelings."
195,387648664690118656,Tue Oct 08 18:40:18 +0000 2013,51,25,Sometimes our relationship seems so simple and easy...but lately it just seems like a mess.
196,387373571980668928,Tue Oct 08 00:27:11 +0000 2013,32,0,"RT @nytimes: On Baseball: It’s Showtime in L.A., at Dodger Stadium http://t.co/MsIJqeWRqn"
197,387229622665900034,Mon Oct 07 14:55:11 +0000 2013,48,24,"You know, you're not as popular as you think you are."
198,386888661310009344,Sun Oct 06 16:20:19 +0000 2013,70,16,"I'm not weird. OK? Ok, maybe just a little."
199,386133670890713089,Fri Oct 04 14:20:15 +0000 2013,35,8,"You've been an unexpected friend, I hope you get what you're looking for; no one deserves it more than you."
