,id_str,created_at,retweet_count,favorite_count,text
0,668545807172308992,Sun Nov 22 21:45:16 +0000 2015,3,1,Lou Latham has a show on 2015-11-29 at 20:00 @ Exeter Phoenix in Exeter https://t.co/xYVafBdQgw #concert
1,664191011204173824,Tue Nov 10 21:20:51 +0000 2015,0,1,#freestyling #new #material #singer #songwriter #fresh #today #gettingready #hopeyoulikeit… https://t.co/nrwWHzrc8t
2,663757697666256896,Mon Nov 09 16:39:01 +0000 2015,1,1,#freestyling #new #material #singer #songwriter #fresh #today #gettingready #hopeyoulikeit… https://t.co/nrwWHzrc8t
3,663432470482845696,Sun Nov 08 19:06:41 +0000 2015,0,1,Can everyone please follow @AtaxiaGeorge for support and raising awareness of this condition #strength #Friends #supportacause #love
4,659483886565634048,Wed Oct 28 21:36:25 +0000 2015,0,1,Gig in Calne Wiltshire 11th Dec The White Hart Coaching House
5,657144773195665408,Thu Oct 22 10:41:37 +0000 2015,1,2,"Lou Latham has a show on 2015-10-23 at 20:00 @ Old timers bar and restaurant  in Exeter, DEV https://t.co/G4BuCq5C0f #concert"
6,655385439176695808,Sat Oct 17 14:10:39 +0000 2015,4,8,@soundothesirens for number 1! @achrisevans   #TFI #female #musicians #real #talent #love @
7,655292331751534592,Sat Oct 17 08:00:41 +0000 2015,11,0,RT @vileelectrodes: We have our first ever BBC live session TONIGHT! We'll be performing 3 tracks live and doing a little interview... http…
8,655292317729992704,Sat Oct 17 08:00:37 +0000 2015,0,0,@vileelectrodes good luck lovelies! X
9,655292131700035584,Sat Oct 17 07:59:53 +0000 2015,1,0,RT @krowdster: Prohunting MPs want to remove the right of RSPCA to investigate &amp; prosecute animal cruelty Please sign this petition http://…
10,655292113316401152,Sat Oct 17 07:59:49 +0000 2015,0,0,@krowdster signed
11,655164670613950464,Fri Oct 16 23:33:24 +0000 2015,0,0,Lou Latham has a show on 2015-10-18 at 17:15 @ The Live Lounge in Plymouth http://t.co/E6J9UH3XS6 #concert
12,655164654843367424,Fri Oct 16 23:33:20 +0000 2015,0,0,LLDC has a show on 2015-10-18 at 17:15 @ The Live Lounge in Plymouth http://t.co/lFN8Od4aT1 #concert
13,654975749821063168,Fri Oct 16 11:02:42 +0000 2015,0,0,LLDC has a show on 2015-10-18 at 17:15 @ The Live Lounge in Plymouth http://t.co/Uz2a5lyMhX #concert
14,654975061322027008,Fri Oct 16 10:59:58 +0000 2015,0,1,"LLDC has a show on 2015-10-17 at 18:45 @ Artigiano expresso bar in Exeter, DEV http://t.co/Vo2yauUrfV #concert"
15,654419062810877952,Wed Oct 14 22:10:37 +0000 2015,1,0,RT @1UmbrellaMusic: @LouLatham8 open mic-ing it at the Ship in Exeter. http://t.co/kEx0wE3V1s
16,654049126305406976,Tue Oct 13 21:40:38 +0000 2015,471,0,RT @achrisevans: Tfi Firday 4 days EXACTLY from now. In between U2 &amp; Take That. How about an unsigned band ? Now that's rock n roll. 8pm C4…
17,653662490207850496,Mon Oct 12 20:04:16 +0000 2015,1,0,RT @Antitellytime: Lovely Lou Latham @loulatham8 came in today to perform for ATT and tell us all about OXJAM EXETER on October 17th. http:…
18,653542635890737152,Mon Oct 12 12:08:01 +0000 2015,3,2,Interview and singing live at 3pm today on @Antitellytime @phonicfm @ExeterOxjam #music
19,653240428905426944,Sun Oct 11 16:07:09 +0000 2015,1,3,"Posted a new song: ""ACTIONS"" http://t.co/EMYTqFu8Gc #music"
20,653156033158885377,Sun Oct 11 10:31:48 +0000 2015,1,0,RT @BBCIntroDevon: Our BIG #FirstPlay tonight comes from @LouLatham8 vs. Dubb Clown with 'Vampire'. #bbcintroducing
21,652905456239833089,Sat Oct 10 17:56:05 +0000 2015,0,1,@BBCIntroDevon thankyou for playing our track Vampire tonight!  #excited #gratitude
22,652904977376092160,Sat Oct 10 17:54:11 +0000 2015,0,0,"Check out ""VAMPIRE- Lou Latham vs Dubb Clown"" by Lou Latham - https://t.co/vrVEG7M2PM"
23,652876247962398720,Sat Oct 10 16:00:02 +0000 2015,0,1,New #Farm to Plate Project at YMCA Camp Seymour needs your support. Donate/RT. #Environmental #Education #Garden http://t.co/TpbuYYyN0a
24,651899642679029760,Wed Oct 07 23:19:21 +0000 2015,0,0,Urgent: Help Stop SeaWorld's Plans to Continue Keeping Orcas in Tanks! http://t.co/RUyw0bPPKC via @PETA URGENT SIGN NOW! SIGN NOW! SIGN NOW!
25,651477914878377984,Tue Oct 06 19:23:33 +0000 2015,0,1,@Growinglife all plants? Then yes! My thunderclap has finished now but of course I will support yours x
26,651423754548039680,Tue Oct 06 15:48:20 +0000 2015,0,1,@Growinglife hi. Yes I am happy to. Was just checking what I was supporting. I am vegan 😊 x
27,651305754813722625,Tue Oct 06 07:59:27 +0000 2015,0,2,"#endtheivorytrade #Exeter #marching we were heard! Thankyou for your support on #thunderclap social reach of 178,879 on Saturday! 😊"
28,651179507395657728,Mon Oct 05 23:37:47 +0000 2015,0,1,@Antitellytime thankyou. Yes! See you next week. profile updated
29,651171692060917761,Mon Oct 05 23:06:44 +0000 2015,0,0,Updated my profile @loulatham8 was formerly louvsdubb it's still me! 😊
30,651159619746709504,Mon Oct 05 22:18:45 +0000 2015,1,0,@ExeterOxjam Oct 17th #ticketsnow #charity #music #festival
31,650975413951426560,Mon Oct 05 10:06:47 +0000 2015,2,0,"RT @Antitellytime: Unfortunately @LouvsDubb is very ill today, we wish her a speedy recovery, lots of lemon &amp; Ginger. But  happy to see/hea…"
32,650686855990616064,Sun Oct 04 15:00:10 +0000 2015,0,1,"End wildlife trafficking of elephants, rhinos &amp; lions! Let's not lose these amazing species forever. You can help! http://t.co/goc9FEmnjb"
33,650580073255424000,Sun Oct 04 07:55:51 +0000 2015,0,1,"@TRISHAControl @ThunderclapIt thankyou.  Smashed the target of 250. It went live with a social reach of 178,879!"
34,650339626490707972,Sat Oct 03 16:00:24 +0000 2015,0,1,END THE IVORY TRADE NOW! http://t.co/oTXk9MVYDE
35,649996104973590528,Fri Oct 02 17:15:22 +0000 2015,0,1,@shanidaahmad @ThunderclapIt thankyou this is what everyone needs to do x
36,649996016188571648,Fri Oct 02 17:15:01 +0000 2015,1,0,RT @shanidaahmad: I just supported END THE IVORY TRADE NOW on @ThunderclapIt // @louvsdubb http://t.co/zqT6z70X2b
37,649962079470940160,Fri Oct 02 15:00:10 +0000 2015,0,0,Wanna save Elephants&amp;Rhinos from extinction?  Then let's make Boston THUNDER!  Oct 3rd @ Boston Common #EndIvoryTrade http://t.co/Aoihm7pLvx
38,649939582058938368,Fri Oct 02 13:30:46 +0000 2015,0,0,#Exeter #March #endtheivorytradenow #belmontpark 11am sat 3rd oct http://t.co/rqRdoy08bz
39,649910535245430784,Fri Oct 02 11:35:21 +0000 2015,0,0,"@ste_kenya @DSWT everyone PLEASE CLICK ON THE RED AND HIT SUPPORT.MSG NEEDS TO GO LIVE.NEED ANOTHER 119 SUPPORT
https://t.co/4LNgmGqwvn"
40,649893713318137857,Fri Oct 02 10:28:30 +0000 2015,0,0,@AnnaMikeLuna @ThunderclapIt 132 more support needed now. Thanks for yours
41,649887076503130114,Fri Oct 02 10:02:08 +0000 2015,0,0,@CazPavlou @ThunderclapIt thankyou!  This is what everyone needs to do x
42,649886998854041600,Fri Oct 02 10:01:49 +0000 2015,1,0,RT @CazPavlou: I+just+supported+END+THE+IVORY+TRADE+NOW+on+@ThunderclapIt+//+@louvsdubb http://t.co/DKUZQC5eOP
43,649886952951562240,Fri Oct 02 10:01:38 +0000 2015,0,0,@chloeslwilliam1 @ThunderclapIt thankyou! This is what everyone needs to do x
44,649886870671884288,Fri Oct 02 10:01:18 +0000 2015,0,0,@JaneProudman @ThunderclapIt thankyou! This is what everyone needs to do x
45,649886773389185026,Fri Oct 02 10:00:55 +0000 2015,1,0,RT @JaneProudman: I just supported END THE IVORY TRADE NOW on @ThunderclapIt // @louvsdubb http://t.co/SypaACh1JG
46,649886762186199040,Fri Oct 02 10:00:53 +0000 2015,1,0,RT @chloeslwilliam1: I just supported END THE IVORY TRADE NOW on @ThunderclapIt // @louvsdubb http://t.co/KfgpGtVY74
47,649817757194825728,Fri Oct 02 05:26:41 +0000 2015,0,1,"PLEASE CLICK ON THE RED.THEN CLICK SUPPORT. NEED ANOTHER 190 SO IT WORKS TOMOZ. Thankyou x @Greenpeace @rickygervais
https://t.co/4LNgmGqwvn"
48,649815901013938176,Fri Oct 02 05:19:18 +0000 2015,1,0,RT @AnnaMikeLuna: I just supported END THE IVORY TRADE NOW on @ThunderclapIt // @louvsdubb http://t.co/r9SlbwmvKk
49,649815648638513152,Fri Oct 02 05:18:18 +0000 2015,0,0,Please everyone click on the thunderclap link and then click support. I need 160 more for the msg to go live in24hrs https://t.co/8HaUaRIFuE
50,649727153597251584,Thu Oct 01 23:26:39 +0000 2015,0,0,@rickygervais please click on the link I have shared and support there so the global msg gets sent on Saturday.  Need another 165 people
51,649588105595498497,Thu Oct 01 14:14:07 +0000 2015,1,0,RT @FitBeso: I+just+supported+END+THE+IVORY+TRADE+NOW+on+@ThunderclapIt+//+@louvsdubb http://t.co/K0mDaG0wH8
52,649588082493276161,Thu Oct 01 14:14:02 +0000 2015,0,0,@busa1298wing @ThunderclapIt thankyou. This is what everyone needs to do x
53,649587991615303680,Thu Oct 01 14:13:40 +0000 2015,1,0,RT @busa1298wing: I just supported END THE IVORY TRADE NOW on @ThunderclapIt // @louvsdubb http://t.co/sBYytLsjao
54,649587929984180224,Thu Oct 01 14:13:25 +0000 2015,0,1,@paulapoppy1 @ThunderclapIt thankyou. That's what everyone needs to do  so the msg gets sent out Saturday 12pm x
55,649587785024802816,Thu Oct 01 14:12:51 +0000 2015,3,0,RT @paulapoppy1: I+just+supported+END+THE+IVORY+TRADE+NOW+on+@ThunderclapIt+//+@louvsdubb http://t.co/qrMtatF33Y
56,649485367096311808,Thu Oct 01 07:25:53 +0000 2015,0,0,@Grey409 @ThunderclapIt thankyou. This is what everyone needs to do. Need to reach 250. Click on the link people x
57,649485156517048320,Thu Oct 01 07:25:02 +0000 2015,1,0,RT @Grey409: I just supported END THE IVORY TRADE NOW on @ThunderclapIt // @louvsdubb http://t.co/B4ikcq3XwC
58,649353295505526784,Wed Sep 30 22:41:04 +0000 2015,0,0,@C0tt0n1 @ThunderclapIt thankyou
59,649352952319209472,Wed Sep 30 22:39:42 +0000 2015,0,0,@rickygervais haha I like this
60,649352106420387840,Wed Sep 30 22:36:21 +0000 2015,1,1,@SusanDuncanolp @ThunderclapIt thankyou c
61,649352004544950273,Wed Sep 30 22:35:56 +0000 2015,2,0,RT @Redandloud: I just supported END THE IVORY TRADE NOW on @ThunderclapIt // @louvsdubb http://t.co/BzVVJCoRsD
62,649352004544897024,Wed Sep 30 22:35:56 +0000 2015,0,1,@Redandloud @ThunderclapIt thankyou x
63,649325474708066305,Wed Sep 30 20:50:31 +0000 2015,1,0,RT @condofire: I just supported END THE IVORY TRADE NOW on @ThunderclapIt // @louvsdubb http://t.co/aEXc7QGoQp
64,649325387244273664,Wed Sep 30 20:50:10 +0000 2015,1,0,RT @SusanDuncanolp: I+just+supported+END+THE+IVORY+TRADE+NOW+on+@ThunderclapIt+//+@louvsdubb http://t.co/yaq9e25gvK
65,649251729482088448,Wed Sep 30 15:57:29 +0000 2015,0,0,@condofire @ThunderclapIt thankyou for supporting
66,649186380904562688,Wed Sep 30 11:37:49 +0000 2015,0,0,"@rickygervais #clickthislink #please #everyone #support #GMFER 
https://t.co/0KsMnzdlhF"
67,649180883858124800,Wed Sep 30 11:15:58 +0000 2015,1,0,RT @DANLADYBUG: I just supported END THE IVORY TRADE NOW on @ThunderclapIt // @louvsdubb http://t.co/CNAYjFceaR
68,649180749447458817,Wed Sep 30 11:15:26 +0000 2015,1,0,RT @C0tt0n1: I just supported END THE IVORY TRADE NOW on @ThunderclapIt // @louvsdubb http://t.co/5OCkQyl3Ru
69,649143775101632512,Wed Sep 30 08:48:31 +0000 2015,258,290,@rickygervais #saveelephants#saverhinos #endtheivorytradenow #support #share PLEASE https://t.co/0KsMnzdlhF
70,649143392174252032,Wed Sep 30 08:46:59 +0000 2015,0,1,@simonbrett @SynthWestUK @MariaKPeters #support #share PLEASE https://t.co/0KsMnzdlhF
71,649112276243492865,Wed Sep 30 06:43:21 +0000 2015,1,0,RT @TRISHAControl: I just supported END THE IVORY TRADE NOW on @ThunderclapIt // @louvsdubb http://t.co/OsgmggAXyE
72,649112230999552000,Wed Sep 30 06:43:10 +0000 2015,0,1,@TRISHAControl @ThunderclapIt thankyou for supporting this
73,648918717372465155,Tue Sep 29 17:54:13 +0000 2015,0,0,"Calling all animal lovers. #click #link #support #share #needs250support @rickygervais 
https://t.co/0KsMnzdlhF"
74,648813225031634944,Tue Sep 29 10:55:01 +0000 2015,0,0,"@rickygervais please help! #loveyourwork
https://t.co/0KsMnzdlhF"
75,648778488623820800,Tue Sep 29 08:37:00 +0000 2015,0,0,PLEASE SUPPORT #click #link #global #endtheivorytrade https://t.co/0KsMnzdlhF
76,648778115200778240,Tue Sep 29 08:35:31 +0000 2015,0,1,https://t.co/0KsMnzdlhF
77,648453276996927488,Mon Sep 28 11:04:43 +0000 2015,1,0,RT @krowdster: @LouvsDubb I just shared your Thunderclap to my 34900 followers! If you need a media outreach check out http://t.co/mph8PlhJ…
78,647092296807251968,Thu Sep 24 16:56:40 +0000 2015,0,0,#Donate #elephants #extinction #stopthisnow #funding https://t.co/hsHfkW0cD7
79,647064522583375872,Thu Sep 24 15:06:18 +0000 2015,2,2,Exeter March end the Ivory trade. 3rd Oct.11am Belmont Park to Princesshay.#GlobalMarch #EndTheIvoryTrade #SaveTheElephants #SaveTheRhinos
80,645506292543549440,Sun Sep 20 07:54:27 +0000 2015,1,3,LLDC confirmed for Oxjam Exeter!!! 7.15 at artigianos!!!!
81,642388549061492736,Fri Sep 11 17:25:39 +0000 2015,2,0,RT @WestEndCobra: #FF @chriswatts1965 @TributeLoudFvck @justamanda1 @vileelectrodes @shelterofficial @LouvsDubb @SynthWestUK Following All
82,641787365715931136,Thu Sep 10 01:36:46 +0000 2015,0,0,LLDC has a show on 2015-09-11 at 20:00 @ The Lighter Inn in Exeter http://t.co/hRKckKS5w0 #concert
83,641188061657718785,Tue Sep 08 09:55:21 +0000 2015,0,0,LLDC has a show on 2015-09-11 at 20:00 @ The Lighter Inn in Exeter http://t.co/N4CFUdrhVX #concert
84,641186851601027072,Tue Sep 08 09:50:32 +0000 2015,0,0,Lou Latham has a show on 2015-09-11 at 20:00 @ The Lighter Inn in Exeter http://t.co/QuRm0cvfaD #concert
85,641139519283048448,Tue Sep 08 06:42:27 +0000 2015,0,0,Posted a new photo: http://t.co/1qDvtx9ZnQ
86,639914723836850176,Fri Sep 04 21:35:33 +0000 2015,5,0,RT @ShelterMusicHQ: @SynthWestUK @ExpressandEcho @LouvsDubb @vileelectrodes See you Saturday 😀😀 http://t.co/g4rN47wC1f
87,639914665116626944,Fri Sep 04 21:35:19 +0000 2015,2,0,RT @talithawhite: @Radio_Exe @bayfmradio @RadioDevon #Exeter #gig 5th #Sept @exeter_phoenix #acts @LouvsDubb @ShelterMusicHQ @vileelectrode…
88,639914659286503424,Fri Sep 04 21:35:18 +0000 2015,3,0,RT @talithawhite: @Radio_Exe @bayfmradio @RadioDevon @SynthWestUK @ShelterMusicHQ @LouvsDubb 5th #september @exeter_phoenix #supportloclagi…
89,639914608875188225,Fri Sep 04 21:35:06 +0000 2015,2,0,RT @chriswatts1965: Less than 24 hours to @SynthWestUK at @exeter_phoenix - Looking forward to seeing @vileelectrodes @shelterofficial @Lou…
90,639626030588669952,Fri Sep 04 02:28:24 +0000 2015,0,0,LLDC has a show on 2015-09-05 at 20:00 @ Exeter Phoenix in Exeter http://t.co/naMVP7O537 #concert
91,639614988915621888,Fri Sep 04 01:44:31 +0000 2015,0,0,Lou Latham has a show on 2015-09-05 at 20:00 @ Exeter Phoenix in Exeter http://t.co/HfpGrHt4eP #concert
92,639212828512124928,Wed Sep 02 23:06:28 +0000 2015,1,1,@chriswatts1965 @NCCRradio @SynthWestUK @vileelectrodes @shelter official.        Thanks for having us on! See you Saturday
93,639212401683005440,Wed Sep 02 23:04:47 +0000 2015,2,0,RT @chriswatts1965: @NCCRradio #InTheMoog - Tonight 8pm UK!! https://t.co/Fn9ZtStWVE
94,639081183494672384,Wed Sep 02 14:23:22 +0000 2015,10,0,RT @chriswatts1965: #InTheMoog tonight @NCCRradio is Dedicated to @SynthWestUK event this Saturday: Interviewing @vileelectrodes @shelterof…
95,639081149466300417,Wed Sep 02 14:23:14 +0000 2015,2,0,RT @justamanda1: @vileelectrodes @chriswatts1965 @wil64stone @SynthWestUK @exeter_phoenix #inthemoog ! Your turn Jane &amp; Martin tonight yay!…
96,639081136656920576,Wed Sep 02 14:23:11 +0000 2015,4,0,RT @chriswatts1965: The @SynthWestUK event in Exeter is at @exeter_phoenix from 7pm this Saturday 5 Sept 2015: Info &amp; tix: http://t.co/OOn7…
97,639081127760801792,Wed Sep 02 14:23:09 +0000 2015,1,0,"RT @chriswatts1965: #Nowlistening to ""Beautiful"" by @shelterofficial - ft @AndyBell_info . Shelter appear at @SynthWestUK @exeter_phoenix t…"
98,639081072073011200,Wed Sep 02 14:22:55 +0000 2015,2,0,"RT @chriswatts1965: #Nowlistening to ""One Day"" by LLDC @LouvsDubb who are playing @SynthWestUK @exeter_phoenix this Saturday 5 Sept. @NCCRr…"
99,639081029064634368,Wed Sep 02 14:22:45 +0000 2015,1,0,RT @chriswatts1965: #InTheMoog @NCCRradio : Listen online live from 8pm UK via NCCR website : http://t.co/vItQkb7H2o or by App eg @tunein @…
100,638804867449028608,Tue Sep 01 20:05:23 +0000 2015,2,0,RT @ShelterMusicHQ: @Devon_Hour @SynthWestUK @exeter_phoenix @vileelectrodes @shelterofficial @LouvsDubb TY Devon Hour 👍🏻
101,638797667645169665,Tue Sep 01 19:36:46 +0000 2015,9,0,RT @LowTideTheory: Just a few days until @SynthWestUK at Exeter Phoenix. @vileelectrodes @ShelterMusicHQ @LouvsDubb . Tickets here: http://…
102,638797637928550400,Tue Sep 01 19:36:39 +0000 2015,1,0,RT @ShelterMusicHQ: @TheExeterDaily Pls support &amp; RT @SynthWestUK @exeter_phoenix @vileelectrodes @shelterofficial @LouvsDubb . Tickets: ht…
103,638316576530305024,Mon Aug 31 11:45:05 +0000 2015,0,1,"Added a new video: ""Destination "" http://t.co/QWDsnckFp1 #video"
104,637981668410806272,Sun Aug 30 13:34:17 +0000 2015,2,0,RT @ShelterMusicHQ: @talithawhite @justamanda1 @MattBarkerRadio @vileelectrodes @LouvsDubb @SynthWestUK Going to load it up on Shelter Offi…
105,637775068018245632,Sat Aug 29 23:53:20 +0000 2015,0,0,LLDC has a show on 2015-08-31 at 17:30 @ The Lighter Inn in Exeter http://t.co/TnEo9qzwFX #concert
106,637763459988361216,Sat Aug 29 23:07:12 +0000 2015,0,1,Lou Latham has a show on 2015-08-31 at 15:00 @ The Lighter Inn in Exeter http://t.co/H5iUt3VRAH #concert
107,637323382736953344,Fri Aug 28 17:58:29 +0000 2015,3,0,RT @TheRadioAlt: We are currently interviewing @LouvsDubb live on air through @Skype! Listen in to the interview right here: http://t.co/dv…
108,634641228143984640,Fri Aug 21 08:20:34 +0000 2015,1,2,"Thankyou @simonbrett @phonicfm for playing one of our tracks unusual whispers. Simon I permanently multitask, I'm a Gemini, it's in my dna"
109,634636123671818240,Fri Aug 21 08:00:17 +0000 2015,0,1,Enjoying @vileelectrodes track you're playing on @phonicfm . BTW its Lou busy on the bus @simonbrett
110,634631426307149824,Fri Aug 21 07:41:37 +0000 2015,1,0,Enjoying listening to your track @ShelterMusicHQ on @phonicfm
111,634631156093353984,Fri Aug 21 07:40:33 +0000 2015,1,3,Listening now @simonbrett @phonicfm. Listening to @ShelterMusicHQ as you pkaybit now. Good timing. Lead up to @SynthWestUK
112,634629183252074496,Fri Aug 21 07:32:42 +0000 2015,6,0,RT @NoCrowdsurfing: Next @phonicfm fundraiser! @vileelectrodes @shelterofficial &amp; @LouvsDubb at @exeter_phoenix Sept 5th. Playlist here: ht…
113,634628904435720192,Fri Aug 21 07:31:36 +0000 2015,0,1,@simonbrett @phonicfm I'm on the bus and was just about to log onto your show. Thankyou!  Play something else of ours if you like x haha
114,634628576109854720,Fri Aug 21 07:30:18 +0000 2015,1,0,RT @simonbrett: Just played @LouvsDubb and now playing Jean Michel Jarre - Zoolook on @phonicfm
115,633584175149395969,Tue Aug 18 10:20:13 +0000 2015,39,0,"RT @BBCIntroSouth: #BBCIntroducing Track of the Day is by #Hastings' @vileelectrodes.
Listen at 4.40pm on @BBCSussex &amp; @BBCSurrey  https://…"
116,633315759213682689,Mon Aug 17 16:33:38 +0000 2015,1,2,Next on the agenda were at @TopshamExeter at The Lighter Inn Monday 31st August 6:45pm
117,632845220544139264,Sun Aug 16 09:23:52 +0000 2015,10,0,RT @RevivalSynth: @justamanda1 @SynthWestUK @shelterofficial @twoknobs @phonicfm @vileelectrodes https://t.co/2Dr2WK9aTB
118,632534417819463680,Sat Aug 15 12:48:51 +0000 2015,1,1,Off to perform @LoveSummerFest x
119,632328623337422849,Fri Aug 14 23:11:06 +0000 2015,5,0,RT @STEVEL11361: @Momotempo @SynthWestUK @twoknobs @LouvsDubb @vileelectrodes @ShelterMusicHQ @phonicfm http://t.co/C6JpQPibop
120,632200839994703872,Fri Aug 14 14:43:20 +0000 2015,4,0,"RT @Momotempo: @twoknobs is back tonight with a @SynthWestUK special, featuring @LouvsDubb  @vileelectrodes and @ShelterMusicHQ on @phonicf…"
121,631917712005038080,Thu Aug 13 19:58:17 +0000 2015,2,0,RT @Audiosolar: @TxXxboy @Alien_Animal @paulcooper74 @ABlackArcade @Product_London @steventeaster @TjeerdF @RogueMobMusic @ShadowStepRec @L…
122,631664710450962432,Thu Aug 13 03:12:57 +0000 2015,0,0,Lou Latham has a show on 2015-08-14 at 20:00 @ LOVE SUMMER FESTIVAL in Devon http://t.co/idhxeVRVKg #concert
123,631658045005692928,Thu Aug 13 02:46:28 +0000 2015,0,0,"LLDC has a show on 2015-08-14 at 20:00 @ Love Summer festival  in Torbay, DEV http://t.co/DF4APNO8LV #concert"
124,631606128405815296,Wed Aug 12 23:20:10 +0000 2015,4,3,"On @twoknobs on Fri to talk about @SynthWestUK 
Looking forwards to meeting @ShelterMusicHQ @vileelectrodes on the 5th Sept"
125,631338275396059136,Wed Aug 12 05:35:49 +0000 2015,0,1,@cgnipp Big love. Thank you
126,631338206345170944,Wed Aug 12 05:35:32 +0000 2015,1,0,RT @cgnipp: Support #Independent artists 🎶 @LouvsDubb 🎶 Give #Indie music a chance. RT
127,631167132517187585,Tue Aug 11 18:15:45 +0000 2015,4,0,RT @than_naylor: @vileelectrodes @darkeststar73 @SynthWestUK @shelterofficial @LouvsDubb looking forward. Just listening to you on #soundcl…
128,630856851542908929,Mon Aug 10 21:42:48 +0000 2015,3,0,RT @vileelectrodes: @justamanda1 Can't wait to see you all :D @talithawhite @ShelterMusicHQ @LouvsDubb @SynthWestUK
129,630695117435891712,Mon Aug 10 11:00:08 +0000 2015,3,0,"RT @darkeststar73: @than_naylor @SynthWestUK @shelterofficial @LouvsDubb @vileelectrodes I'll be there, the viles are great, shelter where …"
130,630695092798529536,Mon Aug 10 11:00:02 +0000 2015,1,0,RT @talithawhite: @justamanda1 @vileelectrodes @ShelterMusicHQ @LouvsDubb @SynthWestUK it's gona be awesome!not long now! #electropop #synt…
131,630695086234406912,Mon Aug 10 11:00:00 +0000 2015,1,0,RT @justamanda1: @talithawhite @vileelectrodes @ShelterMusicHQ @LouvsDubb @SynthWestUK So so is !😊🎶🎹💕🎹🎶 #SynthWest #Exeter #livemusic
132,630694967288180736,Mon Aug 10 10:59:32 +0000 2015,9,0,RT @Audiosolar: @I_am_strobe @Cjiis @weatnu @josefkenny @TheJupiterR00M @KaterinaVaiou @En_Snares  @LouvsDubb @frantesorero @gabe_ohyeah @s…
133,630694956986929152,Mon Aug 10 10:59:30 +0000 2015,4,0,RT @se_noises: #FF @Audiosolar @I_am_strobe @Cjiis @weatnu @josefkenny @TheJupiterR00M @KaterinaVaiou @En_Snares @LouvsDubb @frantesorero @…
134,630471982073708544,Sun Aug 09 20:13:28 +0000 2015,2,0,RT @than_naylor: @darkeststar73 @SynthWestUK @shelterofficial @LouvsDubb @vileelectrodes ta for this. Have heard of #vileelectrodes Think I…
135,630471945981722624,Sun Aug 09 20:13:20 +0000 2015,2,0,"RT @darkeststar73: @than_naylor @SynthWestUK @shelterofficial @LouvsDubb @vileelectrodes #synthwest was amazing gig last year I can't wait,"
136,629353374232772609,Thu Aug 06 18:08:31 +0000 2015,2,0,"RT @talithawhite: @Radio_Exe Gig on 5th Sept in #Exeter #Phoenix @vileelectrodes @ShelterMusicHQ and @LouvsDubb, bringing the best electron…"
137,629053984364478465,Wed Aug 05 22:18:51 +0000 2015,10,0,RT @ShelterMusicHQ: @shelterofficial live in #Exeter @SynthWestUK for #electropop #celebration with @LouvsDubb &amp; @vileelectrodes http://t.c…
138,628902758431768576,Wed Aug 05 12:17:56 +0000 2015,6,0,RT @talithawhite: 1 month to go @SynthWestUK @vileelectrodes @ShelterMusicHQ @LouvsDubb #Exeter #Devon #gigs #whatanight
139,628902683928317952,Wed Aug 05 12:17:38 +0000 2015,4,0,RT @talithawhite: @SynthWestUK @LouvsDubb @ShelterMusicHQ @vileelectrodes that's me ready #gigs #Exeter http://t.co/9t90MRvagI
140,627252246204518400,Fri Jul 31 22:59:23 +0000 2015,2,0,RT @beautifulmecha1: @SynthWestUK @chriswatts1965 @wil64stone @vileelectrodes @NCCRradio @ShelterMusicHQ @LouvsDubb I'll pm you !
141,627252158262603776,Fri Jul 31 22:59:02 +0000 2015,2,0,"RT @talithawhite: @bayfmradio Gig on 5th Sept in #Exeter #Phoenix @vileelectrodes @ShelterMusicHQ and @LouvsDubb, bringing the best electro…"
142,627252024384573440,Fri Jul 31 22:58:31 +0000 2015,6,0,RT @twoknobs: Next show we talk to @vileelectrodes @shelterofficial &amp; @LouvsDubb ahead of September 5th  SynthWest II #ExeterHour http://t.…
143,627251925822644225,Fri Jul 31 22:58:07 +0000 2015,4,0,"RT @talithawhite: @ExpressandEcho Gig, 5th Sept  #Exeter #Phoenix @vileelectrodes @ShelterMusicHQ and @LouvsDubb, bringing the best electro…"
144,626649096430948352,Thu Jul 30 07:02:41 +0000 2015,4,0,RT @SynthWestUK: @chriswatts1965 @wil64stone @vileelectrodes @NCCRradio we have 2 other bands playing @sheltermusicHQ and @louvsdubb. It's …
145,626649082199678976,Thu Jul 30 07:02:38 +0000 2015,4,0,"RT @talithawhite: @Heartfm Gig on 5th Sept in #Exeter #Phoenix @vileelectrodes @ShelterMusicHQ and @LouvsDubb, bringing the best electronic…"
146,626649067955834880,Thu Jul 30 07:02:35 +0000 2015,6,0,RT @twoknobs: Next show we talk to @vileelectrodes @shelterofficial &amp; @LouvsDubb ahead of September 5th  SynthWest II #DevonHour http://t.c…
147,626649037807165440,Thu Jul 30 07:02:27 +0000 2015,1,0,RT @beautifulmecha1: @SynthWestUK @chriswatts1965 @wil64stone @vileelectrodes @NCCRradio @ShelterMusicHQ @LouvsDubb please think of us for …
148,626648998485577728,Thu Jul 30 07:02:18 +0000 2015,2,0,RT @SynthWestUK: @beautifulmecha1 @chriswatts1965 @wil64stone @vileelectrodes @NCCRradio @ShelterMusicHQ @LouvsDubb come join us on the 5th…
149,626488102400475136,Wed Jul 29 20:22:57 +0000 2015,4,0,RT @ShelterMusicHQ: @LouvsDubb @SynthWestUK @Devon_Hour @vileelectrodes Going to be a belter @shelterofficial 🔈🔉🔊😀😀
150,626488100160700416,Wed Jul 29 20:22:57 +0000 2015,2,0,"RT @SynthWestUK: @newtonabbothour we plan to have a SW act on every bill, this time its @LouvsDubb, please contact us if you are electronic…"
151,626487794551140352,Wed Jul 29 20:21:44 +0000 2015,4,0,"RT @SynthWestUK: @newtonabbothour Gig on 5th Sept in #Exeter @vileelectrodes @ShelterMusicHQ and @LouvsDubb, we aim to bring the best elect…"
152,626487779086761984,Wed Jul 29 20:21:40 +0000 2015,3,0,"RT @SynthWestUK: @CornwallHour Gig on 5th Sept in #Exeter @vileelectrodes @ShelterMusicHQ and @LouvsDubb, we aim to bring the best electron…"
153,626487712900587521,Wed Jul 29 20:21:24 +0000 2015,6,0,"RT @ShelterMusicHQ: @BBCDevon @SynthWestUK Gig on 5th Sept in #Exeter @vileelectrodes @ShelterMusicHQ @LouvsDubb, bringing the best electro…"
154,626487636937543680,Wed Jul 29 20:21:06 +0000 2015,0,4,@SynthWestUK @Devon_Hour @vileelectrodes @ShelterMusicHQ can't wait to see you all and sing some tuneage
155,626120678304022528,Tue Jul 28 20:02:57 +0000 2015,2,0,RT @SynthWestUK: Thanks to @phonicfm for this post about #SynthwestII http://t.co/DuqZedGdms.
156,626120658167177216,Tue Jul 28 20:02:52 +0000 2015,8,0,RT @vileelectrodes: Check out the @SynthWestUK trailer &amp;then get your mitts on some tickets for the show! #livemusic #exeter #electronic ht…
157,626120641356394498,Tue Jul 28 20:02:48 +0000 2015,1,0,RT @SynthWestUK: @vileelectrodes the ticket link for #synthwestII is http://t.co/UR6MewQOaV  #livemusic #Exeter #SouthWest #Devon #Cornwall…
158,625538203165040644,Mon Jul 27 05:28:24 +0000 2015,4,0,"RT @SynthWestUK: @Devon_Hour Gig on 5th Sept in #Exeter @vileelectrodes @ShelterMusicHQ and @LouvsDubb, we aim to bring the best electronic…"
159,625215069362757632,Sun Jul 26 08:04:23 +0000 2015,1,0,RT @talithawhite: https://t.co/otp6EgkFNd  #synthwest  #exeter @exeter_phoenix 5th September @LouvsDubb #gigs #Musicislife
160,621555188751581184,Thu Jul 16 05:41:19 +0000 2015,0,0,@TeenStarComp don't think we fit in the bracket of teens. Haha
161,621554840234233856,Thu Jul 16 05:39:56 +0000 2015,8,0,"RT @SynthWestUK: @Torbay_Hour Gig on 5th Sept in #Exeter @vileelectrodes @ShelterMusicHQ and @LouvsDubb, we aim to bring the best electroni…"
162,620838189813628928,Tue Jul 14 06:12:13 +0000 2015,0,0,Temporada 4x14 Peppa Pig   El Capitán Papá Dog Español Español#plikm## http://t.co/m6B1cYZuQs
163,620687544091549696,Mon Jul 13 20:13:36 +0000 2015,3,0,"RT @SynthWestUK: @Torbay_Hour  we plan to always have a SW act on the bill, this time its @LouvsDubb, please contact us if you are electron…"
164,616491161444859904,Thu Jul 02 06:18:41 +0000 2015,0,0,"Check out ""JUMP BACK - rehearsal"" by LLDC - http://t.co/QRybStO70Q @LouvsDubb"
165,616488661329117184,Thu Jul 02 06:08:45 +0000 2015,0,0,"Added a new video: ""JUMP BACK - rehearsal"" http://t.co/OSwkfMrjD2 #video"
166,616483081957036032,Thu Jul 02 05:46:35 +0000 2015,0,0,Watch this from last night...JUMP BACK - rehearsal: https://t.co/OjYhjXCCCz
167,615282605563351040,Sun Jun 28 22:16:19 +0000 2015,0,0,"Posted a new song: ""LLDC - Vampyre (SATPA Higher Pyre Mix)"" http://t.co/6inaFsQ1h4 #music"
168,615245306137939968,Sun Jun 28 19:48:06 +0000 2015,0,0,"Posted a new song: ""VAMPYRE- (SATPA higher pyre mix)"" http://t.co/iWPDEdCWzd #music"
169,615230748983992320,Sun Jun 28 18:50:15 +0000 2015,0,0,"Check out ""ACTIONS - LLDC"" by LLDC - FRESH NEW TRACK https://t.co/mGYnWaDU3c"
170,615221798616072192,Sun Jun 28 18:14:41 +0000 2015,0,1,"Check out ""ACTIONS - LLDC"" by LLDC  FRESH NEW TRACK - https://t.co/mGYnWaDU3c"
171,615220374276407296,Sun Jun 28 18:09:02 +0000 2015,0,0,"Posted a new song: ""VAMPYRE"" http://t.co/oUndyrUqWE #music"
172,615218921252073472,Sun Jun 28 18:03:15 +0000 2015,0,0,"Posted a new song: ""Unusual whispers"" http://t.co/GGR8HlTf4i #music"
173,614544786859503616,Fri Jun 26 21:24:29 +0000 2015,0,0,Posted a new photo: http://t.co/C0ZtsliFIK
174,614409762696855552,Fri Jun 26 12:27:57 +0000 2015,0,1,Posted a new photo: http://t.co/JQryIf8ObC
175,614406658681212928,Fri Jun 26 12:15:37 +0000 2015,0,1,"Added a new video: ""Take me away - rehearsals"" http://t.co/Za7X02kVFk #video"
176,610901336406659073,Tue Jun 16 20:06:43 +0000 2015,0,0,My new sounds: How It Feels https://t.co/YAOyL6EjMa on #SoundCloud
177,610893828195684352,Tue Jun 16 19:36:53 +0000 2015,0,0,My new sounds: Perfect Haze https://t.co/qlZYLl5ZS5 on #SoundCloud
178,610007952976556032,Sun Jun 14 08:56:44 +0000 2015,0,0,"Posted a new song: ""One day~mixed by Ali Wilson ""Full"""" http://t.co/gloXrB3bwX #music"
179,608404781263126528,Tue Jun 09 22:46:18 +0000 2015,0,0,"Posted a new song: ""Unusual Whispers~ mixed by Ali Wilson ""full"""" http://t.co/2OHwWTbZW6 #music"
180,608403871493431296,Tue Jun 09 22:42:41 +0000 2015,0,0,"Posted a new song: ""Unusual Whispers"" http://t.co/wNTyVMEbjP #music"
181,601164907778740224,Wed May 20 23:17:37 +0000 2015,1,0,"Lou Latham Vs Dubb Clown has a show on 2015-05-22 at 17:00 @ VOLKSFEST P... in Plymouth, DEVON http://t.co/R7y5ruXCZH #concert"
182,597145753816018945,Sat May 09 21:06:56 +0000 2015,3,0,RT @PhonicSD: @vileelectrodes @shelterofficial &amp; @LouvsDubb to play at @exeter_phoenix Voodoo lounge on September 5th raising funds for @ph…
183,596933955112271872,Sat May 09 07:05:20 +0000 2015,6,0,RT @simonbrett: @vileelectrodes @shelterofficial &amp; @LouvsDubb to play at @exeter_phoenix Voodoo lounge on September 5th raising funds for @…
184,596932478708916225,Sat May 09 06:59:28 +0000 2015,9,0,RT @SynthWestUK: As announced on @twoknobs the line up for #synthwestII - @vileelectrodes @ShelterMusicHQ and @LouvsDubb on the 5th Septemb…
185,588184670375780353,Wed Apr 15 03:38:48 +0000 2015,0,0,Lou Latham Vs Dubb Clown has a show on 2015-04-16 at 20:00 @ The Lighter Inn in Exeter http://t.co/LWjz6Jqlnd #concert
186,587325361475563520,Sun Apr 12 18:44:12 +0000 2015,0,0,Lou Latham Vs Dubb Clown has a show on 2015-04-16 at 20:00 @ The Lighter Inn in Exeter http://t.co/WM8I59cHFv #concert
187,583061130970406912,Wed Apr 01 00:19:41 +0000 2015,0,0,Lou Latham Vs Dubb Clown has a show on 2015-04-02 at 20:00 @ Ship Inn in Exeter http://t.co/AxpDUvvWQv #concert
188,582282695906095104,Sun Mar 29 20:46:27 +0000 2015,0,1,Absolutely stoked to be playing volksfest 5-6 on Friday Aztec stage #volksfest
189,581537594183385089,Fri Mar 27 19:25:41 +0000 2015,0,0,Dubb clown vs lou Latham playing volksfest!! Come down and party!!
190,581431064993787904,Fri Mar 27 12:22:23 +0000 2015,0,0,Were number 1 on the alternative and number nine on all genres! In the top 10! Haha have a listen to our latest track- ONE DAY
191,581207897654218752,Thu Mar 26 21:35:35 +0000 2015,0,0,Fat sounds in the studio tonight #organic #freerange #sounds
192,581204907912396800,Thu Mar 26 21:23:42 +0000 2015,0,0,Fat sounds going down in the studio tonight #organic#freerange#sound
193,580010884535189504,Mon Mar 23 14:19:05 +0000 2015,0,0,Posted a new photo: http://t.co/LJoHsXrgGU
194,578042005671968769,Wed Mar 18 03:55:28 +0000 2015,1,0,Lou Latham Vs Dubb Clown has a show on 2015-03-19 at 21:00 @ The Lighter Inn in Topsham http://t.co/s6Qdnaz3cL #concert
195,577966026299547648,Tue Mar 17 22:53:33 +0000 2015,0,0,"Check out our latest Track ""One Day"" Like Comment Share!!"
196,577963230384893952,Tue Mar 17 22:42:26 +0000 2015,0,1,"Posted a new song: ""One Day"" http://t.co/DDbTnUG3N9 #music"
197,577961153281691648,Tue Mar 17 22:34:11 +0000 2015,0,0,"Posted a new song: ""One Day"" http://t.co/UqLUM9qriu #music"
198,576294076095471616,Fri Mar 13 08:09:49 +0000 2015,0,0,Lou Latham Vs Dubb Clown has a show on 2015-03-19 at 21:00 @ The Lighter Inn in Topsham http://t.co/9rqcH9Xv6d #concert
199,572475178598326272,Mon Mar 02 19:14:53 +0000 2015,0,1,"Posted a new song: ""HOW IT FEELS"" http://t.co/2fQGq6XSqV #music"
