,id_str,created_at,retweet_count,favorite_count,text
0,668832719724527616,Mon Nov 23 16:45:21 +0000 2015,0,0,"MYDC will be closed on Nov. 26th &amp; 27th, in recognition of #Thanksgiving. Programs will resume on #Mon., Nov. 30th. https://t.co/xVrplaSZxg"
1,664149453352366080,Tue Nov 10 18:35:43 +0000 2015,1,1,"All MYDC programs will be closed on, tomorrow, November 11th, in recognition of #VeteransDay https://t.co/M3EN7Ngk22"
2,663771964914429952,Mon Nov 09 17:35:43 +0000 2015,0,0,"All MYDC programs will be closed on, Wednesday, November 11th, in recognition of #VeteransDay https://t.co/2Y6pN1D9D8"
3,661989435815428097,Wed Nov 04 19:32:35 +0000 2015,0,0,"All MYDC programs will be closed on, Wednesday, November 11th, in recognition of #VeteransDay https://t.co/2yZMmVo0a6"
4,661340840476991488,Tue Nov 03 00:35:18 +0000 2015,0,0,"Training Wheels and the After School Program will be closed tomorrow, November 3rd, for an Inservice Day. https://t.co/hSqd5aqXhl"
5,661227586530508800,Mon Nov 02 17:05:16 +0000 2015,0,0,"Training Wheels and the After School Program will be closed tomorrow, November 3rd, for an Inservice Day."
6,655050563655225344,Fri Oct 16 15:59:59 +0000 2015,1,0,RT @paytensvillage: @FS_AlleghenyCo @MPSWPA @MYDCPgh  please join us on 10-25 for this fulfilled event
7,651056920971841536,Mon Oct 05 15:30:40 +0000 2015,0,0,@handmchallenge  Cheryl Walker 412.322.0585
8,650094318057820160,Fri Oct 02 23:45:38 +0000 2015,0,0,"Join us for the #MYDC #SaturdayProgram #Registration - http://t.co/Yzu3XAtYtn - tomorrow #October 3rd, from 10am-2pm. http://t.co/G15OMJ6KUT"
9,650002541594472449,Fri Oct 02 17:40:57 +0000 2015,0,1,The #MYDC #AfterSchool Program - http://t.co/uxtNUq8FGB - is open. Program hours: 3:30pm - 6pm (M-F). For info visit http://t.co/LvRMGy6cDn.
10,649638818287603712,Thu Oct 01 17:35:38 +0000 2015,0,0,"MYDC is now on Twitter at @MYDCPgh. Follow us for #news, #pics, #parent #information and #upcomingevents. http://t.co/LvRMGy6cDn."
11,649592547057213441,Thu Oct 01 14:31:46 +0000 2015,0,0,"Join us for the #MYDC #Saturday #Program #Registration - http://t.co/7ZLfm4PC9B - Sat. October 3rd, from 10am-2pm. http://t.co/gkvLSYB7b4"
12,649343189032259584,Wed Sep 30 22:00:55 +0000 2015,0,0,"Join us for the #MYDC #Saturday #Program #Registration - http://t.co/62pJ5069mO - Sat. October 3rd, from 10am-2pm."
13,649296445665886208,Wed Sep 30 18:55:10 +0000 2015,0,0,"Join us for the #MYDC #Saturday #Program #Registration - http://t.co/L14EAdp9e1 - Sat. October 3rd, from 10am-2pm. http://t.co/FLVTNgz9bT"
14,648932992765820928,Tue Sep 29 18:50:56 +0000 2015,1,0,The #MYDC #AfterSchool Program - http://t.co/V1wOuNlxU2 - is open. Program hours: 3:30pm - 6pm (M-F). For info visit http://t.co/LvRMGy6cDn.
15,647924116964700160,Sun Sep 27 00:02:01 +0000 2015,0,0,The #MYDC #AfterSchool Program - http://t.co/hzH203SsoT - is open. Program hours: 3:30pm - 6pm (M-F). For info visit http://t.co/LvRMGy6cDn.
16,647872126389723136,Sat Sep 26 20:35:26 +0000 2015,0,0,"MYDC is now on Twitter at @MYDCPgh. Follow us for #news, #pics, #parent #information and #upcomingevents. http://t.co/LvRMGy6cDn."
17,647088820152848384,Thu Sep 24 16:42:51 +0000 2015,0,0,The #MYDC #AfterSchool Program - http://t.co/vKRkBuOUoi - is open. Program hours: 3:30pm - 6pm (M-F). For info visit http://t.co/LvRMGy6cDn.
18,646452781184884736,Tue Sep 22 22:35:28 +0000 2015,0,0,"MYDC is now on Twitter at @MYDCPgh. Follow us for #news, #pics, #parent #information and #upcomingevents. http://t.co/LvRMGy6cDn."
19,646016280194101248,Mon Sep 21 17:40:58 +0000 2015,0,0,The #MYDC #AfterSchool Program - http://t.co/DSjljwPO8k - is open. Program hours: 3:30pm - 6pm (M-F). For info visit http://t.co/LvRMGy6cDn.
20,644899030611398656,Fri Sep 18 15:41:25 +0000 2015,0,0,The #MYDC #AfterSchool Program - http://t.co/zh95Psez0K - is open. Program hours: 3:30pm - 6pm (M-F). For info visit http://t.co/LvRMGy6cDn.
21,644172837507436544,Wed Sep 16 15:35:47 +0000 2015,0,0,The #MYDC #AfterSchool Program - http://t.co/P69pUrOs2v - is open. Program hours: 3:30pm - 6pm (M-F). For info visit http://t.co/LvRMGy6cDn.
22,643128368049844225,Sun Sep 13 18:25:26 +0000 2015,0,0,Tomorrow the #MYDC #AfterSchool Program - http://t.co/dZ8KdBv6wX - starts. Hours: 3:30pm - 6pm (M-F). For info visit http://t.co/LvRMGy6cDn.
23,642798706404802560,Sat Sep 12 20:35:28 +0000 2015,0,0,Registration for the #MYDC After #School Program http://t.co/KrnOpGkbFe is now open. For info visit http://t.co/ojj387Xtzc.
24,642358377721516032,Fri Sep 11 15:25:46 +0000 2015,0,1,"The #MYDC #AfterSchool Program - http://t.co/dZ8KdBv6wX will start on #Monday, Sept. 14th. For info visit http://t.co/LvRMGy6cDn."
25,642119254389694465,Thu Sep 10 23:35:34 +0000 2015,0,0,Registration for the #MYDC After #School Program http://t.co/KrnOpGkbFe is now open. For info visit http://t.co/ojj387Xtzc.
26,641754329192484865,Wed Sep 09 23:25:29 +0000 2015,0,0,"The #MYDC #AfterSchool Program - http://t.co/dZ8KdBv6wX will start on #Monday, Sept. 14th. For info visit http://t.co/LvRMGy6cDn."
27,641027103673200640,Mon Sep 07 23:15:45 +0000 2015,0,0,Tomorrow is the #firstday for Training Wheels #Childcare Center - http://t.co/mwSanwvjPq
28,640926553879220224,Mon Sep 07 16:36:12 +0000 2015,0,0,Registration for the #MYDC After #School Program http://t.co/KrnOpGkbFe is now open. For info visit http://t.co/ojj387Xtzc.
29,640591664910856193,Sun Sep 06 18:25:29 +0000 2015,1,0,"The #MYDC #AfterSchool Program - http://t.co/dZ8KdBv6wX will start on #Monday, Sept. 14th. For info visit http://t.co/LvRMGy6cDn."
30,640291111672639488,Sat Sep 05 22:31:11 +0000 2015,0,0,The first day for Training Wheels #Childcare Center http://t.co/mwSanwvjPq is #Tuesday #September 8th 2015.
31,639960019442737152,Sat Sep 05 00:35:33 +0000 2015,0,0,"The #MYDC #AfterSchool Program - http://t.co/dZ8KdBv6wX will start on #Monday, Sept. 14th. For info visit http://t.co/LvRMGy6cDn."
32,639567416570347521,Thu Sep 03 22:35:29 +0000 2015,0,0,Registration for the #MYDC After #School Program http://t.co/KrnOpGkbFe is now open. For info visit http://t.co/ojj387Xtzc.
33,639473185050726401,Thu Sep 03 16:21:02 +0000 2015,0,0,The first day for Training Wheels #Childcare Center http://t.co/mwSanwvjPq is #Tuesday #September 8th 2015.
34,639083529113047040,Wed Sep 02 14:32:41 +0000 2015,0,0,"The #MYDC After #School Program http://t.co/dZ8KdBv6wX will start on #Monday, Sept. 14th. For info visit http://t.co/LvRMGy6cDn."
35,638766725069189120,Tue Sep 01 17:33:49 +0000 2015,1,0,"The #MYDC After #School Program http://t.co/dZ8KdBv6wX will start on #Monday, Sept. 14th. For info visit http://t.co/LvRMGy6cDn."
36,638491662508007424,Mon Aug 31 23:20:49 +0000 2015,0,0,The first day for Training Wheels #Childcare Center http://t.co/mwSanwvjPq is #Tuesday #September 8th 2015.
37,638072570407972864,Sun Aug 30 19:35:30 +0000 2015,1,1,Registration for the #MYDC After #School Program http://t.co/dVoqg4pBAG is now open.
38,637272352338911233,Fri Aug 28 14:35:43 +0000 2015,0,0,Registration for the #MYDC After #School Program http://t.co/M9O4M9d1Vz is now open.
39,636939366225571840,Thu Aug 27 16:32:33 +0000 2015,0,0,"The #MYDC After #School Program http://t.co/tGmjNn5R6p will start on #Monday, Sept. 14th."
40,636920175980376064,Thu Aug 27 15:16:18 +0000 2015,0,1,The first day for Training Wheels #Childcare Center http://t.co/mwSanwvjPq is #Tuesday #September 8th 2015.
41,636540141352448000,Wed Aug 26 14:06:10 +0000 2015,0,0,Registration for the #MYDC After #School Program http://t.co/KrnOpGkbFe is now open.
42,636321004319567872,Tue Aug 25 23:35:24 +0000 2015,0,0,Registration for the #MYDC After #School Program http://t.co/2QoaCDX6Hm will be available tomorrow Weds. August 26th.
43,636192919280582656,Tue Aug 25 15:06:26 +0000 2015,1,0,"RT @shelleemoye: @MYDCPgh Wordup, just seen it on FB-#cantwait!!!!!!!!"
44,635891892438323201,Mon Aug 24 19:10:16 +0000 2015,0,0,The first day for Training Wheels #Childcare Center http://t.co/mwSanwvjPq is #Tuesday #September 8th 2015.
45,635837165168119808,Mon Aug 24 15:32:48 +0000 2015,0,1,@shelleemoye Registration opens on Weds. August 26th.
46,635821908899049472,Mon Aug 24 14:32:10 +0000 2015,1,1,"The #MYDC After #School Program http://t.co/iaCS2kPiY2 will start on #Monday, Sept. 14th."
47,635533337860415488,Sun Aug 23 19:25:30 +0000 2015,0,0,Registration for the #MYDC After #School Program http://t.co/WXTX7MLx9U will be available on Weds. August 26th.
48,634780056833945600,Fri Aug 21 17:32:13 +0000 2015,0,0,"The #MYDC After #School Program http://t.co/r9hTGv4Wjo will start on #Monday, Sept. 14th."
49,634037381801345024,Wed Aug 19 16:21:06 +0000 2015,0,0,Registration for the #MYDC After #School Program http://t.co/MUpIZOvrxB will be available on Weds. August 26th.
50,633058391984861185,Sun Aug 16 23:30:56 +0000 2015,0,0,"The #MYDC After #School Program http://t.co/Jl4lDSmd2g will start on #Monday, Sept. 14th."
51,632617955428298753,Sat Aug 15 18:20:48 +0000 2015,0,0,Registration for the #MYDC After #School Program http://t.co/khi1PeTaNO will be available on Weds. August 26th.
52,631593810519306241,Wed Aug 12 22:31:13 +0000 2015,0,0,Registration for the #MYDC After #School Program http://t.co/CFvIliRk5N will be available on Weds. August 26th.
53,630778555388030978,Mon Aug 10 16:31:41 +0000 2015,0,0,"The #MYDC After #School Program http://t.co/lMA5houENJ will start on #Monday, Sept. 14th."
54,630127690276827137,Sat Aug 08 21:25:23 +0000 2015,0,1,"The #MYDC After #School Program http://t.co/ii38d8frKr will start on #Monday, Sept. 14th. http://t.co/9lMcHBxXxk"
55,629691701452500993,Fri Aug 07 16:32:55 +0000 2015,0,0,Registration for the #MYDC After #School Program http://t.co/dZ8KdBv6wX will be available on Weds. August 26th.
56,614152679774912513,Thu Jun 25 19:26:23 +0000 2015,2,2,#MYDC #Summer #Basketball is back! #fun #sports #kids #youth2015 #athletes http://t.co/hNZmrGogrk
57,605075211965345792,Sun May 31 18:15:46 +0000 2015,0,0,#TODAY is the last day to #save with our EARLY BIRD MYDC #Summer #Camp #Special. http://t.co/mdRNBPqoiN APPLY ONLINE TODAY!
58,603595522474115072,Wed May 27 16:16:01 +0000 2015,0,0,MAY 31st is the last day to #save with our EARLY BIRD MYDC #Summer #Camp #Special. http://t.co/BEgBPxk3wk APPLY ONLINE TODAY!
59,603238038874017797,Tue May 26 16:35:30 +0000 2015,0,0,"The last day for MYDC #AfterSchool #Program http://t.co/MKFXnJ9Nwc is this #Friday, May 29th. Visit http://t.co/LvRMGy6cDn for more info."
60,602160988180377601,Sat May 23 17:15:41 +0000 2015,0,0,MAY 31st is the last day to #save with our EARLY BIRD MYDC #Summer #Camp #Special. http://t.co/zw4Ur0DxhR APPLY ONLINE TODAY!
61,601437507830427649,Thu May 21 17:20:50 +0000 2015,0,0,"The last day for MYDC #AfterSchool #Program http://t.co/MKFXnJronK is #Friday, May 29th. Visit http://t.co/LvRMGxOBeN for more info."
62,600681249083170816,Tue May 19 15:15:44 +0000 2015,0,0,MAY 31st is the last day to #save with our EARLY BIRD MYDC #Summer #Camp #Special. http://t.co/kgbYGXy6Vv APPLY ONLINE TODAY!
63,600306336962863104,Mon May 18 14:25:58 +0000 2015,1,0,RT @MACS_Pgh: #Parents - May 29th is the last day for the @MYDCPgh http://t.co/TKgWu4dZzp After School Program.
64,599262048950874113,Fri May 15 17:16:20 +0000 2015,0,0,MAY 31st is the last day to #save with our EARLY BIRD MYDC #Summer #Camp #Special. http://t.co/a8juxAcr5t APPLY ONLINE TODAY!
65,598504436684738560,Wed May 13 15:05:52 +0000 2015,0,0,"The last day for MYDC #AfterSchool #Program http://t.co/MKFXnJ9Nwc is #Friday, May 29th. Visit http://t.co/LvRMGy6cDn for more info."
66,598203739145641984,Tue May 12 19:11:00 +0000 2015,0,1,"MYDC will be closed on Friday, May 22nd. http://t.co/fGxOqSn5Xv"
67,597790942586925056,Mon May 11 15:50:41 +0000 2015,0,0,MAY 31st is the last day to #save with our EARLY BIRD MYDC #Summer #Camp #Special. http://t.co/d9zqjjkIyy APPLY ONLINE TODAY!
68,597757756570005504,Mon May 11 13:38:49 +0000 2015,568,0,"RT @fithappyonline: 15 things successful people do on Monday: get up, work out, eat healthy! #MondayMotivation  #HappyMonday http://t.co/Vm…"
69,596752842318323712,Fri May 08 19:05:39 +0000 2015,1,2,"The last day for MYDC #AfterSchool #Program  is #Friday, May 29th. Visit http://t.co/LvRMGy6cDn for more info. http://t.co/vmO9Xh21Jf"
70,596472322892115968,Fri May 08 00:30:58 +0000 2015,1,0,MAY 31st is the last day to #save with our EARLY BIRD MYDC #Summer #Camp #Special. http://t.co/qC6KxE9Kgc APPLY ONLINE TODAY!
71,594962337305616384,Sun May 03 20:30:49 +0000 2015,0,0,MAY 31st is the last day to #save with our EARLY BIRD MYDC #Summer #Camp #Special. http://t.co/enFgoirc5C APPLY ONLINE TODAY!
72,594200212245237760,Fri May 01 18:02:24 +0000 2015,0,0,MAY 31st is the last day to #save with our EARLY BIRD MYDC #Summer #Camp #Special. http://t.co/0K5dRGeyTb APPLY ONLINE TODAY!
73,592727387990847491,Mon Apr 27 16:29:56 +0000 2015,1,0,RT @MACS_Pgh: MACS is now accepting #new #students. Visit http://t.co/ItHQHPphWd to apply. http://t.co/MfjlkrynOD
74,591096824502624256,Thu Apr 23 04:30:39 +0000 2015,0,0,"Due to an In-service, there will be no After School Program tomorrow. Parents please plan accordingly. http://t.co/djQRlRekYM"
75,590195844512612353,Mon Apr 20 16:50:29 +0000 2015,5,0,RT @NSideChronicle: @MACS_Pgh students cleaning up the surrounding Manchester neighborhood today for Earth Day. http://t.co/XsjD1U8lsV
76,590175996994838528,Mon Apr 20 15:31:37 +0000 2015,0,0,MAY 31st is the last day to #save with our EARLY BIRD MYDC #Summer #Camp #Special. http://t.co/fZb0VyDuw5 APPLY ONLINE TODAY!
77,589481266724110337,Sat Apr 18 17:31:00 +0000 2015,0,0,"Due to an In-service, there will be no After School Program on April 24th. Parents please plan accordingly. http://t.co/djQRlRekYM"
78,589099979605733381,Fri Apr 17 16:15:54 +0000 2015,0,0,MAY 31st is the last day to #save with our EARLY BIRD MYDC #Summer #Camp #Special. http://t.co/07yyt39QwX APPLY ONLINE TODAY!
79,587669375110483970,Mon Apr 13 17:31:12 +0000 2015,0,0,"Due to an In-service, there will be no After School Program on April 24th. Parents please plan accordingly. http://t.co/djQRlRekYM"
80,587623503354036224,Mon Apr 13 14:28:55 +0000 2015,0,0,Training Wheels enrollment is now open. Visit http://t.co/MouOx80tco  now to apply.
81,586740692493275137,Sat Apr 11 04:00:56 +0000 2015,0,1,MYDC #Summer #Camp APPLY ONLINE TODAY http://t.co/VWmNTXiyMw and save with our EARLY BIRD special!! http://t.co/fb59rX9yYv #kids #fun #learn
82,586585800105668609,Fri Apr 10 17:45:27 +0000 2015,0,1,MYDC #Summer #Camp APPLY ONLINE TODAY http://t.co/jQBqGdTwcD and save with our EARLY BIRD special!! http://t.co/fb59rWRY6X #kids #fun #learn
83,586536960216403968,Fri Apr 10 14:31:23 +0000 2015,1,0,"Due to an In-service, there will be no After School Program on April 24th. Parents please plan accordingly. http://t.co/R9FTxuqXBJ"
84,586190711885824000,Thu Apr 09 15:35:31 +0000 2015,0,0,Training Wheels enrollment is now open. Visit http://t.co/MouOx80tco now to apply.
85,585815793520267267,Wed Apr 08 14:45:43 +0000 2015,0,0,Training Wheels enrollment is now open. Visit http://t.co/xA9JD8yKig now to apply.
86,585226852408647681,Mon Apr 06 23:45:29 +0000 2015,0,0,Register for your child for the Camp CHOICE Summer Program now for our early bird special. Visit http://t.co/mKiq59EEkB for details.
87,585093429652258817,Mon Apr 06 14:55:18 +0000 2015,0,0,Register for your child for the Camp CHOICE Summer Program now for our early bird special. Visit http://t.co/t6zsjw6IIv for details.
88,584050309204414464,Fri Apr 03 17:50:19 +0000 2015,0,0,Training Wheels enrollment is now open. Visit http://t.co/fbtoIjgvN0 now to apply.
89,583793604210139136,Fri Apr 03 00:50:16 +0000 2015,0,0,Register for your child for the Camp CHOICE Summer Program now for our early bird special. Visit http://t.co/ujiZ6sTdAs for details.
90,583773537900634112,Thu Apr 02 23:30:32 +0000 2015,0,0,"Just a reminder: MYDC and Training Wheels returns from Spring Break on Monday, April 6th."
91,583324304764469248,Wed Apr 01 17:45:26 +0000 2015,0,0,"Just a reminder: MYDC and Training Wheels returns from Spring Break on Monday, April 6th."
92,583275495271301120,Wed Apr 01 14:31:29 +0000 2015,0,0,Training Wheels enrollment is now open. Visit http://t.co/xA9JD8yKig now to apply.
93,583053703353094144,Tue Mar 31 23:50:10 +0000 2015,0,0,Training Wheels enrollment re-opens on April 1st 2015. Visit http://t.co/RGiNsSKeqo to apply.
94,582916563017342976,Tue Mar 31 14:45:13 +0000 2015,0,0,Training Wheels enrollment re-opens on April 1st 2015. Visit http://t.co/9XLBgtpnDN to apply.
95,582690039152422912,Mon Mar 30 23:45:05 +0000 2015,0,0,Training Wheels enrollment re-opens on April 1st 2015. Visit http://t.co/5E3ppsTqWj to apply.
96,582671239199739904,Mon Mar 30 22:30:23 +0000 2015,0,0,Register for your child for the Camp CHOICE Summer Program now for our early bird special. Visit http://t.co/RBt38bdOdo for details.
97,582213400014524416,Sun Mar 29 16:11:06 +0000 2015,0,1,Just setting up our Twitter. #myfirstTweet Follow us at: @MYDCPgh
