,id_str,created_at,retweet_count,favorite_count,text
0,659112094948794368,Tue Oct 27 20:59:03 +0000 2015,0,3,Worst flaw of the signs https://t.co/Vi7iR1LYqM
1,659049929030156288,Tue Oct 27 16:52:02 +0000 2015,0,2,im such a pessimist https://t.co/SP5vSKS9XI
2,658749739945562113,Mon Oct 26 20:59:11 +0000 2015,0,0,im such a pessimist https://t.co/SP5vSKS9XI
3,658687638367576064,Mon Oct 26 16:52:25 +0000 2015,0,0,"if you piss me off, this happens. https://t.co/IvOXluuLir"
4,658478269780619264,Mon Oct 26 03:00:28 +0000 2015,0,0,most WHAT 😂 https://t.co/eOklk8JCtI
5,658387325567815680,Sun Oct 25 20:59:05 +0000 2015,0,1,Most beautiful https://t.co/ktjXUSwbbD
6,658325151705145346,Sun Oct 25 16:52:01 +0000 2015,0,0,true lmfao https://t.co/5YEtXoj966
7,658115870577815552,Sun Oct 25 03:00:25 +0000 2015,0,0,yep https://t.co/elKwjrD6LN
8,658024926973136896,Sat Oct 24 20:59:02 +0000 2015,1,0,okayyyy https://t.co/0SpUqKrzFY
9,657962781229121536,Sat Oct 24 16:52:06 +0000 2015,0,2,phone https://t.co/kif5VndLfN
10,657753464060125184,Sat Oct 24 03:00:20 +0000 2015,1,3,me https://t.co/S4ByKyxFdH
11,657662530769305600,Fri Oct 23 20:59:00 +0000 2015,0,1,okayyyy https://t.co/0SpUqKrzFY
12,657600369111994369,Fri Oct 23 16:52:00 +0000 2015,0,0,Adjectives for the signs https://t.co/1GjOb9zQjT
13,657391033630724097,Fri Oct 23 03:00:10 +0000 2015,1,1,The signs at while at school https://t.co/s3OAiwxPmt
14,657300171773116420,Thu Oct 22 20:59:07 +0000 2015,1,0,stressed af https://t.co/Tv0WfB8Zpt
15,657237995804868608,Thu Oct 22 16:52:03 +0000 2015,0,0,the bitches https://t.co/NkBKVN5vaQ
16,657028699418664960,Thu Oct 22 03:00:23 +0000 2015,14,30,the squad that starts shit https://t.co/6uAOs32Qe9
17,656937816644059136,Wed Oct 21 20:59:15 +0000 2015,0,1,tru af https://t.co/zCsj185dA3
18,656875669113171972,Wed Oct 21 16:52:18 +0000 2015,0,0,what the signs make... https://t.co/hckMjDrgVN
19,656666374278881281,Wed Oct 21 03:00:38 +0000 2015,25,36,your fears https://t.co/9uK6xdxhZY
20,656575420922535936,Tue Oct 20 20:59:13 +0000 2015,8,31,Why you should be friends with each sign https://t.co/eIYP4XOBQJ
21,656513223487787008,Tue Oct 20 16:52:04 +0000 2015,23,35,stop annoying me https://t.co/LAgujrtZhr
22,656303953781592064,Tue Oct 20 03:00:30 +0000 2015,12,28,if my phone broke rn... https://t.co/f48rf5WJ6h
23,656213044918374400,Mon Oct 19 20:59:16 +0000 2015,15,32,the bitches https://t.co/NkBKVN5vaQ
24,656150825618841604,Mon Oct 19 16:52:02 +0000 2015,11,38,Most beautiful http://t.co/ktjXUSwbbD
25,655788469831270405,Sun Oct 18 16:52:09 +0000 2015,25,45,omg yes http://t.co/NJqEtSX0jj
26,655579086316818432,Sun Oct 18 03:00:08 +0000 2015,16,33,single af http://t.co/qImpG8S7Yv
27,655488236140281856,Sat Oct 17 20:59:08 +0000 2015,16,20,if my phone broke rn... http://t.co/f48rf5WJ6h
28,655426077918175232,Sat Oct 17 16:52:08 +0000 2015,33,39,so damn true http://t.co/TaekBuY5ZA
29,655216769611730944,Sat Oct 17 03:00:25 +0000 2015,25,60,The cuddle squad! http://t.co/Hw53JaFprQ
30,655125875713798144,Fri Oct 16 20:59:15 +0000 2015,12,26,true http://t.co/dwVnQdqt8A
31,655063676001636352,Fri Oct 16 16:52:05 +0000 2015,35,57,tru http://t.co/oSlb4aMbPw
32,654854401270640640,Fri Oct 16 03:00:30 +0000 2015,21,35,http://t.co/cXQS43hSik
33,654763426883874817,Thu Oct 15 20:59:00 +0000 2015,14,31,Truth http://t.co/C5NPfdUdyV
34,654701309086461953,Thu Oct 15 16:52:10 +0000 2015,25,38,TRUEEEEE http://t.co/3U1JlewOLl
35,654491922342498304,Thu Oct 15 03:00:08 +0000 2015,26,54,your fears http://t.co/9uK6xdxhZY
36,654401101505110017,Wed Oct 14 20:59:15 +0000 2015,17,51,heartbroken vs heartbreakers http://t.co/OrMqaVEdRa
37,654338891403628544,Wed Oct 14 16:52:03 +0000 2015,19,39,tru af http://t.co/zCsj185dA3
38,654129553145786368,Wed Oct 14 03:00:13 +0000 2015,22,51,this http://t.co/AHyxeNK3Km
39,654038695155212289,Tue Oct 13 20:59:11 +0000 2015,27,59,Princess vs. Queen http://t.co/e2fE27Ikns
40,653976568642031616,Tue Oct 13 16:52:18 +0000 2015,19,33,yep http://t.co/elKwjrD6LN
41,653767231411781632,Tue Oct 13 03:00:29 +0000 2015,45,61,like my homework http://t.co/NzICLOrKjH
42,653676326398914560,Mon Oct 12 20:59:15 +0000 2015,15,36,im such a pessimist http://t.co/SP5vSKS9XI
43,653614159196725251,Mon Oct 12 16:52:13 +0000 2015,26,40,Worst flaw of the signs http://t.co/Vi7iR1LYqM
44,653404830002774016,Mon Oct 12 03:00:25 +0000 2015,37,36,moody af http://t.co/dI19JpYAeu
45,653313899811479552,Sun Oct 11 20:59:06 +0000 2015,10,40,DO IT I DARE YOU http://t.co/UhY51l8dJk
46,653251742755344384,Sun Oct 11 16:52:06 +0000 2015,27,43,what the signs make... http://t.co/hckMjDrgVN
47,653042387573448704,Sun Oct 11 03:00:12 +0000 2015,25,53,y r u insulting me http://t.co/PzRtpRHLpy
48,652951527234117632,Sat Oct 10 20:59:10 +0000 2015,18,37,This is true http://t.co/nMq9ACtYrg
49,652889369859198981,Sat Oct 10 16:52:10 +0000 2015,19,53,im flirty af http://t.co/pjRY9km4kR
50,652680018062143488,Sat Oct 10 03:00:17 +0000 2015,66,122,third wheeling all the time http://t.co/wtbHOhN8B6
51,652589113888108545,Fri Oct 09 20:59:03 +0000 2015,72,137,Why you should be friends with each sign http://t.co/eIYP4XOBQJ
52,652526979711959040,Fri Oct 09 16:52:09 +0000 2015,37,42,stressed af http://t.co/Tv0WfB8Zpt
53,652317631215763456,Fri Oct 09 03:00:17 +0000 2015,22,40,touch touch my damn food http://t.co/f5I7as6Yjw
54,652226720339202048,Thu Oct 08 20:59:02 +0000 2015,21,33,true lmfao http://t.co/5YEtXoj966
55,652164619117531136,Thu Oct 08 16:52:16 +0000 2015,33,47,okayyyy http://t.co/0SpUqKJaxw
56,651955265986777088,Thu Oct 08 03:00:22 +0000 2015,89,81,"if you piss me off, this happens. http://t.co/IvOXluuLir"
57,651864334734336000,Wed Oct 07 20:59:03 +0000 2015,39,43,phone http://t.co/kif5VndLfN
58,651802204207247360,Wed Oct 07 16:52:10 +0000 2015,26,39,stop annoying me http://t.co/LAgujrtZhr
59,651592818989879296,Wed Oct 07 03:00:08 +0000 2015,19,37,I want for this all day at school http://t.co/p24ajIbxa8
60,651501942477332480,Tue Oct 06 20:59:02 +0000 2015,11,56,The signs at while at school http://t.co/s3OAiwxPmt
61,651439808905089024,Tue Oct 06 16:52:08 +0000 2015,19,48,me rn http://t.co/libA7Zm67y
62,651230468390678532,Tue Oct 06 03:00:17 +0000 2015,30,46,Truth... http://t.co/12KDYWsFMW
63,651139630230695936,Mon Oct 05 20:59:20 +0000 2015,22,50,Guess i'm an asshole http://t.co/zlHGqbWcY2
64,651077403184381952,Mon Oct 05 16:52:04 +0000 2015,20,46,Adjectives for the signs http://t.co/1GjOb9zQjT
65,650868160254619648,Mon Oct 05 03:00:36 +0000 2015,29,62,Seriously http://t.co/wAxIEv5rT4
66,650777250254688256,Sun Oct 04 20:59:21 +0000 2015,7,34,BREAKFAST &gt;&gt;&gt; http://t.co/EhiKtGV6Lj
67,650715067135205377,Sun Oct 04 16:52:16 +0000 2015,54,66,that's me. http://t.co/HssXP6MpQ7
68,650505727157620737,Sun Oct 04 03:00:25 +0000 2015,18,46,me http://t.co/S4ByKyxFdH
69,650414822971023360,Sat Oct 03 20:59:12 +0000 2015,49,67,DONT BE MAD http://t.co/uis5lVXqe1
70,650352644263911424,Sat Oct 03 16:52:08 +0000 2015,26,51,i laugh at everything http://t.co/teif6LrstY
71,650143348917960704,Sat Oct 03 03:00:28 +0000 2015,16,44,Let me go back to sleep please http://t.co/NSIMh5nSai
72,650052384476012544,Fri Oct 02 20:59:00 +0000 2015,70,70,most WHAT 😂 http://t.co/eOklk8JCtI
73,649990305161326592,Fri Oct 02 16:52:19 +0000 2015,36,40,the squad that starts shit http://t.co/6uAOs32Qe9
74,649780942605840384,Fri Oct 02 03:00:23 +0000 2015,56,82,trust issues http://t.co/VIFEzbAmDM
75,649690009885392897,Thu Oct 01 20:59:03 +0000 2015,50,53,Most beautiful https://t.co/ktjXUSwbbD
76,649627846843990016,Thu Oct 01 16:52:02 +0000 2015,34,58,so tru http://t.co/4dnp6BanU5
77,649418570275921920,Thu Oct 01 03:00:27 +0000 2015,63,89,omg me af http://t.co/B3oIxgxohu
78,649327610653184000,Wed Sep 30 20:59:00 +0000 2015,55,60,yep I'm in there http://t.co/qgUeYf16eU
79,649265486295879681,Wed Sep 30 16:52:09 +0000 2015,41,49,so true http://t.co/sNd921vpmz
80,649056178945826816,Wed Sep 30 03:00:26 +0000 2015,34,68,how to attract me http://t.co/1m4IwlZTix
81,648965223924264960,Tue Sep 29 20:59:01 +0000 2015,25,40,the bitches http://t.co/NkBKVN5vaQ
82,648903088464625664,Tue Sep 29 16:52:06 +0000 2015,39,59,Who else loves these? http://t.co/mGZYsuTfPi
83,648693799938584576,Tue Sep 29 03:00:28 +0000 2015,30,41,i love chocolate http://t.co/Fvr9WbMMOF
84,648602841997778944,Mon Sep 28 20:59:02 +0000 2015,53,62,Nap all day or refuse to sleep? http://t.co/P8dF9VPvDW
85,646066178981527552,Mon Sep 21 20:59:15 +0000 2015,50,68,so damn true http://t.co/TaekBuY5ZA
86,646004021971537921,Mon Sep 21 16:52:15 +0000 2015,32,64,trust issues http://t.co/VIFEzbAmDM
87,645794705515659264,Mon Sep 21 03:00:30 +0000 2015,33,59,omg me af http://t.co/B3oIxgxohu
88,645703753245458432,Sun Sep 20 20:59:06 +0000 2015,24,46,Guess i'm an asshole http://t.co/zlHGqbWcY2
89,645641590153814016,Sun Sep 20 16:52:05 +0000 2015,37,55,okayyyy http://t.co/0SpUqKrzFY
90,645432320518918144,Sun Sep 20 03:00:31 +0000 2015,43,66,most WHAT 😂 http://t.co/eOklk8JCtI
91,645341343544381441,Sat Sep 19 20:59:00 +0000 2015,36,71,like my homework http://t.co/NzICLOrKjH
92,645279208202067968,Sat Sep 19 16:52:06 +0000 2015,28,54,Nap all day or refuse to sleep? http://t.co/P8dF9VxUfm
93,645069846527516672,Sat Sep 19 03:00:10 +0000 2015,38,63,Seriously http://t.co/wAxIEv5rT4
94,644978953636171776,Fri Sep 18 20:59:00 +0000 2015,48,76,your fears http://t.co/9uK6xdxhZY
95,644916843598233600,Fri Sep 18 16:52:12 +0000 2015,38,55,Princess vs. Queen http://t.co/e2fE27Ikns
96,644707477326594048,Fri Sep 18 03:00:15 +0000 2015,78,95,tru http://t.co/oSlb4aMbPw
97,644616575920799745,Thu Sep 17 20:59:02 +0000 2015,108,96,The cuddle squad! http://t.co/Hw53JaFprQ
98,644554453618675712,Thu Sep 17 16:52:11 +0000 2015,62,55,so true http://t.co/sNd921vpmz
99,644345108180115456,Thu Sep 17 03:00:19 +0000 2015,68,69,true http://t.co/dwVnQdqt8A
100,644254215381102592,Wed Sep 16 20:59:09 +0000 2015,74,50,the squad that starts shit http://t.co/6uAOs32Qe9
101,644192022446907392,Wed Sep 16 16:52:01 +0000 2015,63,61,im such a pessimist http://t.co/SP5vSKS9XI
102,643982804733304832,Wed Sep 16 03:00:39 +0000 2015,47,69,true lmfao http://t.co/5YEtXoj966
103,643891857995505664,Tue Sep 15 20:59:16 +0000 2015,76,92,so tru http://t.co/4dnp6BanU5
104,643829639052414976,Tue Sep 15 16:52:02 +0000 2015,68,77,Who else loves these? http://t.co/mGZYsuTfPi
105,643620363696521217,Tue Sep 15 03:00:27 +0000 2015,39,63,"if you piss me off, this happens. http://t.co/IvOXluuLir"
106,643529443932307464,Mon Sep 14 20:59:10 +0000 2015,38,69,Why you should be friends with each sign http://t.co/eIYP4XOBQJ
107,643467311559614464,Mon Sep 14 16:52:16 +0000 2015,29,54,if my phone broke rn... http://t.co/f48rf5WJ6h
108,643257907434418178,Mon Sep 14 03:00:10 +0000 2015,28,54,DO IT I DARE YOU http://t.co/UhY51l8dJk
109,643167031332859904,Sun Sep 13 20:59:04 +0000 2015,40,73,heartbroken vs heartbreakers http://t.co/OrMqaVEdRa
110,643104921634631680,Sun Sep 13 16:52:16 +0000 2015,49,53,yep I'm in there http://t.co/qgUeYf16eU
111,642895514745339909,Sun Sep 13 03:00:09 +0000 2015,61,64,that's me. http://t.co/HssXP6MpQ7
112,642804687717199872,Sat Sep 12 20:59:14 +0000 2015,41,62,stop annoying me http://t.co/LAgujrtZhr
113,642742505537191936,Sat Sep 12 16:52:09 +0000 2015,25,71,single af http://t.co/qImpG8S7Yv
114,642533090867417088,Sat Sep 12 03:00:01 +0000 2015,29,55,Adjectives for the signs http://t.co/1GjOb9zQjT
115,642442240309243904,Fri Sep 11 20:59:00 +0000 2015,32,48,touch touch my damn food http://t.co/f5I7as6Yjw
116,642380113053622272,Fri Sep 11 16:52:08 +0000 2015,14,45,Worst flaw of the signs http://t.co/Vi7iR1LYqM
117,642170841497751552,Fri Sep 11 03:00:34 +0000 2015,45,76,http://t.co/cXQS43hSik
118,642079863780810752,Thu Sep 10 20:59:03 +0000 2015,41,70,Most beautiful http://t.co/ktjXUSwbbD
119,642017722986065920,Thu Sep 10 16:52:07 +0000 2015,53,53,This is true http://t.co/nMq9ACtYrg
120,641808529083510784,Thu Sep 10 03:00:52 +0000 2015,40,53,The signs at while at school http://t.co/s3OAiwxPmt
121,641717464515092480,Wed Sep 09 20:59:00 +0000 2015,32,36,DONT BE MAD http://t.co/uis5lVXqe1
122,641655323196039168,Wed Sep 09 16:52:05 +0000 2015,53,68,this http://t.co/AHyxeNK3Km
123,641446010779213824,Wed Sep 09 03:00:21 +0000 2015,26,49,yep http://t.co/elKwjrD6LN
124,641355110858162177,Tue Sep 08 20:59:08 +0000 2015,18,42,BREAKFAST &gt;&gt;&gt; http://t.co/EhiKtGDvmJ
125,641292916296654848,Tue Sep 08 16:52:00 +0000 2015,131,108,y r u insulting me http://t.co/PzRtpRHLpy
126,641083681633800197,Tue Sep 08 03:00:35 +0000 2015,17,48,third wheeling all the time http://t.co/wtbHOhvxcw
127,640992706911715329,Mon Sep 07 20:59:05 +0000 2015,35,70,tru af http://t.co/zCsj185dA3
128,640930554800656384,Mon Sep 07 16:52:06 +0000 2015,27,51,i love chocolate http://t.co/Fvr9WbMMOF
129,640721242597801984,Mon Sep 07 03:00:22 +0000 2015,40,75,omg yes http://t.co/NJqEtSX0jj
130,640630334569205760,Sun Sep 06 20:59:08 +0000 2015,21,70,what the signs make... http://t.co/hckMjDrgVN
131,640568154452819968,Sun Sep 06 16:52:03 +0000 2015,32,64,me rn http://t.co/libA7Zm67y
132,640358795537969152,Sun Sep 06 03:00:08 +0000 2015,41,72,TRUEEEEE http://t.co/3U1JleOq9V
133,640267959185895424,Sat Sep 05 20:59:11 +0000 2015,30,59,me http://t.co/S4ByKyxFdH
134,640205814305828868,Sat Sep 05 16:52:15 +0000 2015,32,60,im flirty af http://t.co/pjRY9km4kR
135,639996429512101888,Sat Sep 05 03:00:14 +0000 2015,34,63,i laugh at everything http://t.co/teif6LrstY
136,639905541096120324,Fri Sep 04 20:59:04 +0000 2015,18,40,phone http://t.co/kif5VndLfN
137,639843363408216064,Fri Sep 04 16:52:00 +0000 2015,31,47,stressed af http://t.co/Tv0WfB8Zpt
138,639633988475334656,Fri Sep 04 03:00:01 +0000 2015,44,67,moody af http://t.co/dI19JpYAeu
139,639543247673630720,Thu Sep 03 20:59:27 +0000 2015,34,63,how to attract me http://t.co/1m4IwlZTix
140,639481042995384321,Thu Sep 03 16:52:16 +0000 2015,25,50,I want for this all day at school http://t.co/p24ajIbxa8
141,639271627809783809,Thu Sep 03 03:00:07 +0000 2015,27,60,Truth http://t.co/C5NPfdCCHn
142,639180834587713536,Wed Sep 02 20:59:21 +0000 2015,43,58,Let me go back to sleep please http://t.co/NSIMh5nSai
143,639118615124574208,Wed Sep 02 16:52:06 +0000 2015,28,59,Truth... http://t.co/12KDYWsFMW
144,638909284898734080,Wed Sep 02 03:00:18 +0000 2015,31,67,the bitches http://t.co/NkBKVN5vaQ
145,638184470156288000,Mon Aug 31 03:00:09 +0000 2015,31,53,DO IT I DARE YOU http://t.co/UhY51l8dJk
146,638093587293569024,Sun Aug 30 20:59:01 +0000 2015,18,58,heartbroken vs heartbreakers http://t.co/OrMqaVEdRa
147,638031426064093184,Sun Aug 30 16:52:00 +0000 2015,39,76,yep I'm in there http://t.co/qgUeYf16eU
148,637822104117886977,Sun Aug 30 03:00:14 +0000 2015,53,92,😢😢😢 http://t.co/hSwimHESf0
149,637731213101375489,Sat Aug 29 20:59:04 +0000 2015,52,74,that's me. 😁😁😁 http://t.co/HssXP6MpQ7
150,637669067118223360,Sat Aug 29 16:52:07 +0000 2015,26,54,stop annoying me http://t.co/LAgujrtZhr
151,637459811236495360,Sat Aug 29 03:00:37 +0000 2015,21,69,single af 😂😂😂 http://t.co/qImpG8S7Yv
152,637368818751434753,Fri Aug 28 20:59:02 +0000 2015,31,59,Adjectives for the signs http://t.co/1GjOb9zQjT
153,637306687519596544,Fri Aug 28 16:52:09 +0000 2015,21,47,touch touch my damn food http://t.co/f5I7as6Yjw
154,637097365955022848,Fri Aug 28 03:00:23 +0000 2015,30,66,Worst flaw of the signs 😩 http://t.co/Vi7iR1LYqM
155,637006448514478080,Thu Aug 27 20:59:06 +0000 2015,29,61,💕😘 http://t.co/cXQS43hSik
156,636944301033975809,Thu Aug 27 16:52:09 +0000 2015,36,69,Most beautiful http://t.co/ktjXUSwbbD
157,636734893356150785,Thu Aug 27 03:00:03 +0000 2015,45,67,This is true http://t.co/nMq9ACtYrg
158,636644045306130433,Wed Aug 26 20:59:03 +0000 2015,10,50,The signs at while at school http://t.co/s3OAiwxPmt
159,636581892343660544,Wed Aug 26 16:52:04 +0000 2015,15,42,I ❤️ DISNEY MOVIES http://t.co/YJgNqpk9iE
160,636372557940301824,Wed Aug 26 03:00:15 +0000 2015,48,73,me everyday srsly http://t.co/jGx3mlgvdM
161,636281683596152833,Tue Aug 25 20:59:09 +0000 2015,30,52,Strength 💪 http://t.co/XnJSz1mb7k
162,636219510022914048,Tue Aug 25 16:52:06 +0000 2015,40,46,DONT BE MAD 😁 http://t.co/uis5lVXqe1
163,636010163061850112,Tue Aug 25 03:00:14 +0000 2015,37,75,Queen bitch http://t.co/1n8rnd1al8
164,635919287815925761,Mon Aug 24 20:59:07 +0000 2015,34,52,❤️ http://t.co/AHyxeNK3Km
165,635857128163516416,Mon Aug 24 16:52:07 +0000 2015,17,33,yep http://t.co/elKwjrD6LN
166,635647788655710208,Mon Aug 24 03:00:17 +0000 2015,16,39,BREAKFAST &gt;&gt;&gt; http://t.co/EhiKtGV6Lj
167,635556880115453952,Sun Aug 23 20:59:02 +0000 2015,46,83,y r u insulting me http://t.co/PzRtpRHLpy
168,635494758614437888,Sun Aug 23 16:52:12 +0000 2015,13,60,so true lol http://t.co/tK06crfs1T
169,635285413683429378,Sun Aug 23 03:00:20 +0000 2015,25,50,third wheeling all the time http://t.co/wtbHOhN8B6
170,635194509538816000,Sat Aug 22 20:59:07 +0000 2015,24,58,sad bad rad. http://t.co/ZGVgNJjUk2
171,635132349718626304,Sat Aug 22 16:52:07 +0000 2015,29,71,Kisser or Seducer http://t.co/QGUd88bb47
172,634922965906362368,Sat Aug 22 03:00:06 +0000 2015,20,49,tru af http://t.co/zCsj185dA3
173,634832169454673921,Fri Aug 21 20:59:18 +0000 2015,41,80,bored http://t.co/9UbN3dOtYW
174,634769948506738688,Fri Aug 21 16:52:03 +0000 2015,17,51,i love dogs http://t.co/N9dlmHigGX
175,634560621045002240,Fri Aug 21 03:00:16 +0000 2015,57,89,crazy laugh club http://t.co/0UPBJh013c
176,634469720691974144,Thu Aug 20 20:59:03 +0000 2015,32,86,real af http://t.co/DMU7K3JUOg
177,634407593792905216,Thu Aug 20 16:52:11 +0000 2015,31,77,wow really http://t.co/7t1n1xCg6G
178,634198466676281344,Thu Aug 20 03:01:11 +0000 2015,22,75,fresh af http://t.co/m1jNjXxQfE
179,634107349037391873,Wed Aug 19 20:59:07 +0000 2015,24,60,OMG YES 😂😂😂 http://t.co/uvg3YUqRq2
180,634045235971141632,Wed Aug 19 16:52:18 +0000 2015,21,52,i would literally go wild http://t.co/XCeFpc0x9p
181,633835900745711616,Wed Aug 19 03:00:29 +0000 2015,52,98,me me me http://t.co/spi9BSk0oM
182,633744938883125248,Tue Aug 18 20:59:02 +0000 2015,21,50,Always late http://t.co/75rsuE9lru
183,633682769898569729,Tue Aug 18 16:52:00 +0000 2015,24,57,i need to sleep now http://t.co/Fgv5ZERYNz
184,633473491338153984,Tue Aug 18 03:00:24 +0000 2015,55,91,while listening to music 🎤🎶 http://t.co/HK4LfA1laQ
185,633382547184091136,Mon Aug 17 20:59:01 +0000 2015,26,53,who didn't like the titanic http://t.co/6RXs3H4Kv0
186,633320394859126784,Mon Aug 17 16:52:03 +0000 2015,37,75,✈️❤️👜📚 http://t.co/vD5k8R5eA6
187,633111055280021505,Mon Aug 17 03:00:12 +0000 2015,38,86,Sarcastic comment squad 💁 http://t.co/eDl3gjsnFe
188,633020233603805184,Sun Aug 16 20:59:19 +0000 2015,43,68,Things the signs say 🙈 http://t.co/FZHEz9L1Hg
189,632958058063376384,Sun Aug 16 16:52:15 +0000 2015,47,78,Types of texting! 📱 http://t.co/BKVqDWKL7Q
190,632748735383105536,Sun Aug 16 03:00:29 +0000 2015,35,75,cute promises... 😘 http://t.co/qhqJvCnEEU
191,632657790260113408,Sat Aug 15 20:59:06 +0000 2015,31,50,Play to WIN or play for FUN? http://t.co/IDQ1aeWaVD
192,632595629433298944,Sat Aug 15 16:52:05 +0000 2015,24,77,How the signs express love 😘 http://t.co/05hpD9FXOe
193,632386379033497600,Sat Aug 15 03:00:36 +0000 2015,25,61,Looking and cooking 😁 http://t.co/XWtjTQ1cmL
194,632295429099659264,Fri Aug 14 20:59:12 +0000 2015,50,68,No but really don't http://t.co/1bavJfNOAG
195,632233245665533952,Fri Aug 14 16:52:06 +0000 2015,33,66,i know too many of these http://t.co/sGvsdb6Mxo
196,632023886880743424,Fri Aug 14 03:00:11 +0000 2015,28,85,ayy lmfao http://t.co/4N7GObOjL9
197,631933046812471297,Thu Aug 13 20:59:13 +0000 2015,20,66,me when someone pisses me off. http://t.co/QPBQo6V6sh
198,631870887512420352,Thu Aug 13 16:52:13 +0000 2015,32,58,give me a break http://t.co/R9EJjmRW8B
199,631661545760669696,Thu Aug 13 03:00:22 +0000 2015,28,70,Rides in an amusement park 🎢 http://t.co/mlR4KZH4jr
