,id_str,created_at,retweet_count,favorite_count,text
0,669243334741860353,Tue Nov 24 19:56:59 +0000 2015,1,1,It's the 7 year anniversary of the release of Kanye West's 808s &amp; Heartbreak #KanyeWest #808sandheartbreak https://t.co/KUfFzAxdCj
1,669193447308423173,Tue Nov 24 16:38:45 +0000 2015,0,0,What #BlackFridayDeals do you have your eyes on? Any good ones I should know about? Tweet at me and let me know! https://t.co/nG3Nuru222
2,669185455183765505,Tue Nov 24 16:07:00 +0000 2015,0,0,I think the world would be positively served if everybody took a minute to listen to 'All You Need is Love' #peace https://t.co/zUJuqnQfGC
3,669172414371246080,Tue Nov 24 15:15:10 +0000 2015,0,4,I love $OPXA because I &lt;3 to make money! https://t.co/VdnkDtnZ8U
4,669157669626867712,Tue Nov 24 14:16:35 +0000 2015,12,0,RT @ProTrader_Mike: 11/25 Wed - Pre Thanksgiving Bash Open House MOJO Day Trade Room Come Gobble Up Some Profits https://t.co/XTCgemakaR ht…
5,669157592770457600,Tue Nov 24 14:16:17 +0000 2015,0,0,"The Beatles came on my iTunes this morning! One of my favorite bands, used to listen to them a lot as a kid! https://t.co/6Nig20dq7U"
6,668894426526257152,Mon Nov 23 20:50:33 +0000 2015,1,1,Drinks before dinner... Don't mind if I do! I am going to embrace and enjoy the Holiday spirit all week! #drinks https://t.co/Nk7dj58FGA
7,668855902175428608,Mon Nov 23 18:17:28 +0000 2015,0,0,#BlackFridayIn3Words My favorite day! https://t.co/WNROQ2JUxF
8,668855763083788288,Mon Nov 23 18:16:55 +0000 2015,2,1,#BlackFridayIn3Words Shopping all day https://t.co/PrkoLQ5nvt
9,668855636269137921,Mon Nov 23 18:16:25 +0000 2015,0,0,#BlackFridayIn3Words Steals and Deals https://t.co/skYtRV6pSt
10,668831043982635008,Mon Nov 23 16:38:41 +0000 2015,0,0,"Putting distance between myself and every doubter! I have no time for negativity in my life, only success! #success https://t.co/6RwHVL5Ggn"
11,668792760498040832,Mon Nov 23 14:06:34 +0000 2015,0,2,Happy Almost Thanksgiving Break! Only a few more days until I can relax and EAT with my family! #Thanksgiving https://t.co/53ZiqPbCG8
12,668448128190840832,Sun Nov 22 15:17:07 +0000 2015,0,0,"Justin Bieber is the man again, he's made quite a comeback! #JustinBieber #justinandselena https://t.co/5d08NWaZRT"
13,668418260321312768,Sun Nov 22 13:18:26 +0000 2015,0,1,Ouch! My head! https://t.co/H5Az5qlaVv
14,667769288246370305,Fri Nov 20 18:19:39 +0000 2015,0,2,TGIF! Who else is ready to party!?! #FridayFeeling https://t.co/7EXOKapmsH
15,667747247627632640,Fri Nov 20 16:52:04 +0000 2015,0,0,"Just wrapped up all my trades! Hit my goal, feeling quite accomplished! Time to get loosey goosey! #FridayFeeling https://t.co/Eizqk49A54"
16,667729796038860801,Fri Nov 20 15:42:43 +0000 2015,0,2,On my way to hitting all my weekly goals! Just a bit more profit and I'll wrap it up for the day! Almost the weekend https://t.co/NXAZJ2gOjz
17,667709371292491781,Fri Nov 20 14:21:34 +0000 2015,0,3,Fri Yay if the best day :-) https://t.co/qUDEiadgug
18,667444340705337344,Thu Nov 19 20:48:25 +0000 2015,0,0,Happy Hour on Thirsty Thursday is a must! #happyhour #ThirstyThursday https://t.co/qroNAZtVH0
19,667444123310366720,Thu Nov 19 20:47:34 +0000 2015,472,0,"RT @TODAYshow: .@JustinBieber just performed on the Citi Concert Series. Check out his other skills.

(Sponsored by @Citibank)
https://t.co…"
20,667409036640391168,Thu Nov 19 18:28:08 +0000 2015,1,3,#WhatINeedtoHearRightNow It's Happy Hour! https://t.co/b6nopEKVD7
21,667365927571312640,Thu Nov 19 15:36:50 +0000 2015,0,1,Buying a round for all my friends tonight at #ThirstyThursday thanks to the $KBIO and $UVXY calls @ProTrader_Mike https://t.co/rOcGHXpblI
22,667343664167976960,Thu Nov 19 14:08:22 +0000 2015,0,1,Best way to start the day! Orange Juice! https://t.co/DRKHE2C5GZ
23,667083159025156097,Wed Nov 18 20:53:13 +0000 2015,1,0,What social media platform do you prefer? $TWTR $FB #Twitter #Facebook #IStillFacebookBecause
24,667061985339678721,Wed Nov 18 19:29:05 +0000 2015,1,2,Day trading helped me realize there is more to life than being really really ridiculously good looking. #Zoolander2 https://t.co/D1BDH5g4Hg
25,667049742325710848,Wed Nov 18 18:40:26 +0000 2015,0,1,"#IStillFacebookBecause oh wait... No I don't because Twitter is way, way better! https://t.co/BkaOIWhrmH"
26,667027041871642624,Wed Nov 18 17:10:14 +0000 2015,0,0,Why wait for good things to happen? Get out there and start hustling! https://t.co/PfOqL9esBK
27,667006581544980480,Wed Nov 18 15:48:56 +0000 2015,0,0,Trading $NUAN over the past two mornings = 💰💸💵💴💶💸💰
28,666981930181726211,Wed Nov 18 14:10:58 +0000 2015,1,3,Smile! It's almost Friday! https://t.co/FPgyurApmZ
29,666713007540555776,Tue Nov 17 20:22:22 +0000 2015,0,0,"@pksagi of course, check out @ProTrader_Mike I learned to trade in his trading room!"
30,666712875696857092,Tue Nov 17 20:21:51 +0000 2015,1,0,RT @ProTrader_Mike: $UVXY sold there 33.29 from 32.90 amazing HULK Trade Play All Taught In MOJO University Stunned dont be come make $$ ht…
31,666683772423815172,Tue Nov 17 18:26:12 +0000 2015,0,1,#BadFirstDateActivities Getting black out drunk! Not a good look! https://t.co/XNOG54ry4e
32,666683508736311297,Tue Nov 17 18:25:09 +0000 2015,1,1,#BadFirstDateActivities Going to the movies or any activity that does not allow for conversation! https://t.co/WuvfoMJIhN
33,666646365687148544,Tue Nov 17 15:57:33 +0000 2015,0,0,Let's celebrate! That was a huge morning for my trading account! $JD $MITK and $UVXY combined to make me very happy! https://t.co/FSvQwlutAQ
34,666634653479079936,Tue Nov 17 15:11:01 +0000 2015,0,1,"Profitable morning so far for me, I've been in $JD $MITK and $UVXY! What are you guys trading? #Stockmarket"
35,666619981656932352,Tue Nov 17 14:12:43 +0000 2015,0,1,Let's all be awesome today :-) https://t.co/9zzaDxk6gW
36,666357459146170368,Mon Nov 16 20:49:33 +0000 2015,0,0,"Shocking news about Charlie Sheen, he is HIV Positive. Wish him the best: https://t.co/NNWspTBXsh #CharlieSheen https://t.co/oScNxg6M0w"
37,666321118257614848,Mon Nov 16 18:25:08 +0000 2015,0,0,"Yes, there is a reason they call Florida the Sunshine State and I am about to go enjoy it! #Sunshine #Florida #beach https://t.co/P1QuA0BJu4"
38,666300072276152320,Mon Nov 16 17:01:31 +0000 2015,0,0,"I've made the majority of my profits this morning on $UVXY but like I said, you better be quick and nimble! https://t.co/SQVdNIUa3U"
39,666266834056925184,Mon Nov 16 14:49:26 +0000 2015,0,1,"Fair warning, if you are trading $UVXY this morning, you better be very nimble! https://t.co/XtCKoVHs6f"
40,666256543499833344,Mon Nov 16 14:08:33 +0000 2015,0,0,My wish for your week: #mondaymotivation https://t.co/BevV4Atebk
41,665965521263853568,Sun Nov 15 18:52:07 +0000 2015,1,1,What's your hangover cure?  #hangoversunday https://t.co/TLbRW5Rkhu
42,665630392330907648,Sat Nov 14 20:40:27 +0000 2015,1,1,Just watched #Trainwreck it was pretty good https://t.co/yoYqglG3EY
43,665213309310910464,Fri Nov 13 17:03:06 +0000 2015,1,5,You don't get a body like mine by having burgers for lunch! Veggies are the way to go! #VeggieWorld #healthyliving https://t.co/4v2EgKRV5k
44,665206014212489217,Fri Nov 13 16:34:07 +0000 2015,2,6,I got that #FridayFeeling it's been one of my best weeks of trading yet! $JNUG and $UVXY have been oh so kind to me! https://t.co/xYMPZAMRoi
45,665169618202398720,Fri Nov 13 14:09:29 +0000 2015,2,3,"I got that Friday Feeling! Yeah, I got that Friday Feeling! Let's make some money then have some fun! #FridayFeeling https://t.co/STEGc51Ssu"
46,664903756350275584,Thu Nov 12 20:33:03 +0000 2015,0,1,Yeeeesss!!! Finally Thirsty Thursday and do I ever have something to celebrate tonight! #ThirstyThursday #Party https://t.co/mvL1mdpVXn
47,664881243964751873,Thu Nov 12 19:03:36 +0000 2015,1,0,Thank you for freeing me from working for the man!  https://t.co/4ifsu8ifEK
48,664880814010843136,Thu Nov 12 19:01:53 +0000 2015,1,1,It's not a holiday until we whip out the drinks! At least at my house! #ItsNotAHolidayUntil https://t.co/ftGsH6Heg6
49,664842639146110976,Thu Nov 12 16:30:12 +0000 2015,0,1,Feeling charged up! So pumped! Made over $300 on $EYEG and $JNUG! It's been such a good week! #chargedup #Drake https://t.co/hjhbnjiaLQ
50,664809186237222912,Thu Nov 12 14:17:16 +0000 2015,0,2,"Read to rock this day, whose with me? https://t.co/xstLFvqdZv"
51,664543236137054209,Wed Nov 11 20:40:28 +0000 2015,0,2,"Should I use some of my $JNUG profits to buy tickets to #PURPOSETOUR? Hmm, I think so! #JustinBieber https://t.co/uPcUKxFx15"
52,664517906697486336,Wed Nov 11 18:59:49 +0000 2015,1,1,"Everyday, you are writing a new chapter in your story. Make your own history! #Inspiration https://t.co/ljJTJBGyaT"
53,664489412756156416,Wed Nov 11 17:06:36 +0000 2015,0,0,Just solidified my profits for the day with that $JNUG run! #WhatAFeeling https://t.co/brglBKTQ0q
54,664480061089820672,Wed Nov 11 16:29:26 +0000 2015,0,1,"It isn't the most exciting day of trading, but I still made some money on $UVXY $JNUG and $ALRM!"
55,664444761193975808,Wed Nov 11 14:09:10 +0000 2015,5,7,Love + Thanks to our veterans! You are our heroes! #VeteransDay https://t.co/MXCRElEGrl
56,664152703887654915,Tue Nov 10 18:48:38 +0000 2015,4,10,"Life is so much easier when you just chill out, so that is exactly what I intend to do! #chillout https://t.co/x0ZgVSg5DJ"
57,664108927353778176,Tue Nov 10 15:54:41 +0000 2015,0,4,When you have a perfect entry and exit on $RAX there is only one possible reaction: OH YEAH! #profit #money #stocks https://t.co/ZL1rgBYDY5
58,664080910254514176,Tue Nov 10 14:03:21 +0000 2015,0,1,Ready to go! Is it 9:30 yet? #openingbell #Stockmarket https://t.co/o8cvO5tT6W
59,663808092505706500,Mon Nov 09 19:59:16 +0000 2015,2,4,#BeBraveIn4Words Always Believe In Yourself https://t.co/a7R04S5y8W
60,663782882029236224,Mon Nov 09 18:19:06 +0000 2015,0,3,"When it comes to trading, I am a work in progress but I know I am steadily improving day by day. #ImproveEveryday https://t.co/4zlH8MXdxz"
61,663720915977375744,Mon Nov 09 14:12:52 +0000 2015,1,2,"Yesterday is history, tomorrow is a mystery and today is a gift. #mondaymotivation https://t.co/zKnncPFEIJ"
62,663389196187512833,Sun Nov 08 16:14:44 +0000 2015,2,4,Beautiful Sunday Morning in the sun! https://t.co/wbsgtuGcKO
63,663388176627580928,Sun Nov 08 16:10:41 +0000 2015,94,0,RT @mtvmovies: The cast of @thehungergames is looking good on the red carpet of the world premiere in Berlin: https://t.co/DLSRo3MAbU
64,662729077443301376,Fri Nov 06 20:31:39 +0000 2015,0,3,"So so close to 7,000 followers! How exciting for the weekend! #FridayFeeling"
65,662713150827925504,Fri Nov 06 19:28:22 +0000 2015,1,1,"It is one my best friends birthdays tonight, so... we are going to have a lot of FUN! #FridayFun https://t.co/YkbuVTEa2e"
66,662685193795338240,Fri Nov 06 17:37:16 +0000 2015,0,2,#FridayFeelingIn3Words Time to PARTY!
67,662685075989856256,Fri Nov 06 17:36:48 +0000 2015,1,2,My friends and I always make Friday into a party! #FridayFeeling https://t.co/rdLkg1tBgc
68,662663393531158529,Fri Nov 06 16:10:39 +0000 2015,1,2,Great week :-) Dolla Dolla Bill Yall! Made bank on $WTW and $JNUG https://t.co/I6h090nOve
69,662630000760197120,Fri Nov 06 13:57:57 +0000 2015,2,4,"Yes, I've got that #FridayFeeling, but first I'll focus on getting paid in the market before starting the party! https://t.co/LDDcneUyFu"
70,662417989333987328,Thu Nov 05 23:55:30 +0000 2015,2,0,RT @ProTrader_Mike: 8:00pm TONIGHT - MANDATORY FOR ANY #TRADERS - How To Become A Millionaire Trader https://t.co/ZII8nMGW45 https://t.co/6…
71,662365375342874625,Thu Nov 05 20:26:26 +0000 2015,0,2,My man Luke Bryan went back to back at the Country Music Awards! #LukeBryan #CMAawards https://t.co/DCwXdfw4m6
72,662357629545504768,Thu Nov 05 19:55:39 +0000 2015,1,4,I am all about the luxurious lifestyle and lifestyle by design. Luxury is important to a lady! #Luxury https://t.co/OdHhH38ViP
73,662344309702828033,Thu Nov 05 19:02:43 +0000 2015,0,5,#YouWereSoHotUntil you asked to split the check!
74,662344256477097986,Thu Nov 05 19:02:31 +0000 2015,0,5,#YouWereSoHotUntil you told me you were unemployed!
75,662315152860164096,Thu Nov 05 17:06:52 +0000 2015,0,3,"It was a good morning for me, above average profits with $SUNE and $SLTD! #stocks"
76,662312282370666497,Thu Nov 05 16:55:27 +0000 2015,1,4,You don't have to be perfect to be wonderful. https://t.co/3juwcfFrOp
77,662268206220886016,Thu Nov 05 14:00:19 +0000 2015,2,2,Happy 5th of November! It's Guy Fawkes Day! https://t.co/VyZHHXpVzs #5thOfNovember #GuyFawkes https://t.co/MuyacR9c6n
78,661980226063233024,Wed Nov 04 18:55:59 +0000 2015,3,2,I never put a limit on my vision.  Why should I stop growing and improving my life? Every day you see me working! https://t.co/xftKlpb69V
79,661948141155938305,Wed Nov 04 16:48:29 +0000 2015,1,1,"Help me decide, what should I eat for lunch? #lunchtime #hungry https://t.co/k3M8aHv19T"
80,661936945681924097,Wed Nov 04 16:04:00 +0000 2015,3,4,"I've done well today, $SUNE $UGAZ and $APDN helped me wrap up a nice profit in a very timely manner! #Money https://t.co/BpskTwBKcA"
81,661910694107873280,Wed Nov 04 14:19:41 +0000 2015,2,2,"Wake up with gratitude, not attitude! #WednesdayWisdom https://t.co/GmblG4e2nk"
82,661744838027579396,Wed Nov 04 03:20:38 +0000 2015,5,0,RT @ProTrader_Mike: MOJO Webinar: How To Become A Millionaire Trader - Thursday Night 8:00pm | Register Here https://t.co/ZII8nMGW45 https:…
83,661619738435432448,Tue Nov 03 19:03:32 +0000 2015,0,1,Sooo happy that I stayed at my computer this afternoon! $XOMA is making this girl some money! #money #stocks
84,661616129337524224,Tue Nov 03 18:49:12 +0000 2015,1,3,Twitter has changed from a 'favorite' Star to a 'like' Heart... Which do you prefer? #HeartsVsStars #heartsontwitter https://t.co/Eo8IuXZPt5
85,661589629620068353,Tue Nov 03 17:03:54 +0000 2015,1,0,About to head out and grab a bite to eat! Meeting one of my girlfriends for an hour or so. #lunchtime https://t.co/IqMf53KvbR
86,661567594655186944,Tue Nov 03 15:36:20 +0000 2015,7,5,Give me a favorite or retweet if you made money on $MJNA $XOMA or $PBR!!! #daytrading #stocks #Money https://t.co/Nj4xZF5bsj
87,661549889948532736,Tue Nov 03 14:25:59 +0000 2015,0,1,"Will today be a repeat of yesterday success?  I think and hope so. I have that feeling, you know, when you wake up and just know! #happy"
88,661549720158932992,Tue Nov 03 14:25:18 +0000 2015,2,1,"Feeling good today, hope you are as well! https://t.co/RY2CLmce5B"
89,661249595465269248,Mon Nov 02 18:32:43 +0000 2015,3,2,The times I have been most successful in life are the times I was most confident. Repeat after me: Yes you can! https://t.co/DAPL9vp3Vi
90,661216670266994689,Mon Nov 02 16:21:53 +0000 2015,2,1,Hard not to feel like the next big thing in day trading after this morning! #MondayMotivation #nextbigthing https://t.co/X9GJzTLcUp
91,661214103503925250,Mon Nov 02 16:11:41 +0000 2015,1,2,Love is in the air! 😍😍 https://t.co/oy53V4Ok7U
92,661203495588990976,Mon Nov 02 15:29:32 +0000 2015,0,1,"I just have a feeling, this might be my best week as a day trader. I told you all last week; I'm the next big thing! #nextbigthing"
93,661203339963592704,Mon Nov 02 15:28:55 +0000 2015,0,1,Sold $UGAZ at $3.47 #Stockmarket
94,661202252871241728,Mon Nov 02 15:24:36 +0000 2015,0,1,You gotta love the feeling when you're in two stocks and they are $UGAZ and $TASR 😍🤑💰🏆
95,661191019606573056,Mon Nov 02 14:39:58 +0000 2015,0,1,Will hold about half of my $UGAZ and see if I can really make a score here! #stocks
96,661190881781780480,Mon Nov 02 14:39:25 +0000 2015,0,0,Hope you got in $UGAZ with me! Perfect timing in and out! 🤑🤑
97,661188801671376896,Mon Nov 02 14:31:09 +0000 2015,0,0,Bought a position in $UGAZ #stockmarket
98,661187744048087040,Mon Nov 02 14:26:57 +0000 2015,1,1,"You can say whatever you want about my personality, but you can't say I don't work hard. I have hard work and talent https://t.co/Roummb1Ouk"
99,661185368859873280,Mon Nov 02 14:17:30 +0000 2015,2,2,"It's Monday! Let's take over the world! One dollar at a time, I am on my way to the top! #MondayMotivation https://t.co/Ij1kvJ3qwN"
100,660971264392036352,Mon Nov 02 00:06:44 +0000 2015,0,0,Can't wait: https://t.co/J4QeWNfbGH #KUWTK #Kardashian #KimKardashian https://t.co/mRylI8A3J0
101,660595863023165440,Sat Oct 31 23:15:01 +0000 2015,0,2,It's Halloween! Can't wait to get dressed up and head out! Which costume do you think is the best? #costumes https://t.co/GJUcYyHxVw
102,660133083589414912,Fri Oct 30 16:36:06 +0000 2015,75,0,RT @MTVNews: .@JustinBieber Is Wearing Very Short Shorts For His Halloween Costume https://t.co/l7idDq8hsq
103,660077530565750786,Fri Oct 30 12:55:21 +0000 2015,1,2,Smile! It's the best day of the week! https://t.co/7cD0hR7Fb5
104,659886932063748097,Fri Oct 30 00:17:59 +0000 2015,0,0,Hey everyone! You better check this out! I got started myself on a Free Pass Friday! https://t.co/mMYh4datxx
105,659440188867801088,Wed Oct 28 18:42:47 +0000 2015,0,2,"I've been trying to eat more colorful foods lately! I love them, they always have such explosive tastes! https://t.co/hltsnGBEiG"
106,659394353723379712,Wed Oct 28 15:40:39 +0000 2015,1792,1220,Picked up some $OXYS is anybody else getting in on this with me? https://t.co/LnxDEe3lDN
107,659359160673263616,Wed Oct 28 13:20:48 +0000 2015,2,2,Who is the next big thing in day trading?  You are looking at her! #Stockmarket https://t.co/mW0KyYuwWP
108,659174104155590656,Wed Oct 28 01:05:27 +0000 2015,0,4,"#IWillOnlyDateYouIf you are tall, good looking and make a lot of money!"
109,659069268013641728,Tue Oct 27 18:08:53 +0000 2015,0,5,It may be #BlackCatDay but no amount of bad luck can stop me from achieving my dreams! https://t.co/Px4FCqxJPv
110,659035213909983233,Tue Oct 27 15:53:33 +0000 2015,2,1,My strategy for days like today: https://t.co/Q64Nw56Ipl
111,658996735352573952,Tue Oct 27 13:20:39 +0000 2015,0,0,Good morning :-) https://t.co/IvuQYjoqfd
112,658736875910266880,Mon Oct 26 20:08:04 +0000 2015,1,1,I love Apple as a company and buy their products but don't get #ApplePay ... Does anybody actually use it? https://t.co/kPH1NTn265
113,658726792677695488,Mon Oct 26 19:28:00 +0000 2015,0,0,Public service announcement: Most cute girls don't like it when you honk at them! It's creepy! #IHonkedAtYouBecause
114,658697869306687488,Mon Oct 26 17:33:04 +0000 2015,33,0,RT @MTVNews: Ellie Goulding’s New Hair Is Yellow And Orange And Very Bright: https://t.co/T9GH5F5aJW
115,658674900366921728,Mon Oct 26 16:01:48 +0000 2015,0,0,$SUNE seemed to be the only stock really working for me. Got some action with $PYPL and $TWTR as well but nothing major!
116,658658111520043009,Mon Oct 26 14:55:05 +0000 2015,0,0,"Just went flat on $SUNE! It's been an interesting start to the week, not that much action TBH! #stockmarket"
117,658633942527037441,Mon Oct 26 13:19:03 +0000 2015,0,1,It's Monday again! Hello everyone :-) https://t.co/WlhQv1toFs
118,658024879959187456,Sat Oct 24 20:58:51 +0000 2015,0,3,Bring on the night! https://t.co/02ICdymybX
119,657630133600264192,Fri Oct 23 18:50:16 +0000 2015,0,5,This is what me and my friends are like! https://t.co/ClRLhS6waK
120,657613868890390528,Fri Oct 23 17:45:38 +0000 2015,0,1,"Time for your vision test, what does this sign read? #TGIF https://t.co/l2XPjkKqAM"
121,657587130529525761,Fri Oct 23 15:59:23 +0000 2015,0,0,"I made my mark today with $SUNE $USO and $EBAY ~ it was one of the more quiet days of this very, very good week :-)"
122,657586998358601728,Fri Oct 23 15:58:52 +0000 2015,0,2,Have you got that #FridayFeeling ? It's tough not to when you made over $2000 trading this week! I feel great! https://t.co/1geGb3pd2o
123,657549454673903617,Fri Oct 23 13:29:41 +0000 2015,1,0,Friday! Going to rock the market then rock the bar! #Friday https://t.co/pemZflGVhM
124,657259037256380416,Thu Oct 22 18:15:40 +0000 2015,0,0,#IShouldntBragBut I very well may have to treat myself to a shopping spree after today! https://t.co/OY090su7FN
125,657255771361693696,Thu Oct 22 18:02:41 +0000 2015,0,0,"#IShouldntBragBut Today I was unstoppable, every trade worked out and I capitalized on every single opportunity &lt;3 Love it &lt;3"
126,657253139851010048,Thu Oct 22 17:52:14 +0000 2015,0,0,Can't wait! So exciting! #boomerang #Instagram  https://t.co/JbHXLy7WLZ
127,657220836764483585,Thu Oct 22 15:43:52 +0000 2015,0,5,#IShouldntBragBut I just made $391 trading $RACE $SUNE and $CANF https://t.co/whApBCE4qv
128,657210653891952641,Thu Oct 22 15:03:24 +0000 2015,0,0,Getting ready for $SUNE to pop! #stocks
129,657188615496208384,Thu Oct 22 13:35:50 +0000 2015,0,2,Why waste time on negativity?  When has been negative ever helped you trade better? It doesn't help me! https://t.co/ghEDBh7GtY
130,656910550253744128,Wed Oct 21 19:10:54 +0000 2015,0,2,"I've spent enough time online, heading to have some fun in the sun! https://t.co/uhPK7hBSqx"
131,656883538139025408,Wed Oct 21 17:23:34 +0000 2015,0,0,#IfIHadAHoverboard I would cruise to the beach in style! https://t.co/7qpFHAouU9
132,656839360248070144,Wed Oct 21 14:28:01 +0000 2015,0,1,What stocks do you guys have in your swing trade portfolio? I am about to pick up some more $SUNE https://t.co/MVFrSPk4bd
133,656819950544252928,Wed Oct 21 13:10:53 +0000 2015,1,3,"Today is a gift, so let's make the best of it! https://t.co/LUSiZb2rUM"
134,656590878706831360,Tue Oct 20 22:00:39 +0000 2015,1,0,Profit alert! Great trade! https://t.co/Om35xPVinv
135,656569215147642880,Tue Oct 20 20:34:34 +0000 2015,0,0,Kanye released new songs! #KanyeWest https://t.co/n0BMzfUIE9
136,656492080303247360,Tue Oct 20 15:28:03 +0000 2015,0,2,"I made $145 trading $SUNE and $ETSY! That's a pretty decent morning, if you ask me! #daytrading"
137,656456923097657345,Tue Oct 20 13:08:21 +0000 2015,1,3,Today will be top notch! https://t.co/Cp2pd7UR4B
138,656199586864742400,Mon Oct 19 20:05:47 +0000 2015,34,0,RT @MTVNews: Britney Spears’ Bodysuit Popped Open During A Performance — But That Didn’t Stop Her https://t.co/Xoq9lOsZLy
139,656163673296121856,Mon Oct 19 17:43:05 +0000 2015,0,4,"#MyResumeDoesntMention that I make it on my own, so I don't need to apply for any jobs! http://t.co/6c1Aof9GdT"
140,656109114943283200,Mon Oct 19 14:06:17 +0000 2015,0,1,"On this day we become legendary! What a start to my week, $WTW was a gift for us all! #daytrading http://t.co/IWKKvS4dj2"
141,656098327021268992,Mon Oct 19 13:23:25 +0000 2015,1,1,"My #mondaymotivation is making more money than I did last week! I am trying to constantly grow, grow, grow! http://t.co/oaH6noTnon"
142,655852965564035072,Sun Oct 18 21:08:26 +0000 2015,0,1,http://t.co/SzJpMxX04w
143,655805470180024320,Sun Oct 18 17:59:43 +0000 2015,268,0,RT @MTVNews: Are you voting for @ZaynMalik for #MTVHomecoming?? Voting ends tomorrow: http://t.co/vVGUbR5wj9 http://t.co/xIDb6YLVtN
144,655570216039006209,Sun Oct 18 02:24:54 +0000 2015,0,3,Staying home tonight! I have plans for tomorrow afternoon and don't want to be tired! http://t.co/2AJVcbUj3K
145,655431895598178304,Sat Oct 17 17:15:15 +0000 2015,0,3,"Shhh! It's the weekend, I need my beauty sleep! Sleeping in today! http://t.co/H82TFZpreK"
146,655089104019943424,Fri Oct 16 18:33:08 +0000 2015,1,0,RT @ProTrader_Mike: @SarahTrades911 see that MOJO has now figured out a major new move combo - just thing of beauty- enjoy the weekend
147,655069919957110785,Fri Oct 16 17:16:54 +0000 2015,1,0,Dusted the market with that $DUST pick! Makes the weekend that much sweeter!  https://t.co/JBbNOmUrux
148,655041274483900416,Fri Oct 16 15:23:04 +0000 2015,0,1,"My fortune was correct, today was a great day! http://t.co/kmjKPHdAiZ"
149,655017235992305664,Fri Oct 16 13:47:33 +0000 2015,0,0,I got love for all of man kind especially $MNKD !!! #daytrading
150,655014872372019200,Fri Oct 16 13:38:09 +0000 2015,0,0,"Hang in there! It's almost the weekend! Just a few more hours of trading, then party party party! http://t.co/jJVoJERK5t"
151,654728407700234240,Thu Oct 15 18:39:51 +0000 2015,0,1,I have been trying to learn more about swing trading and this newsletter is really helping me! #profits  https://t.co/SvRmq3bSKE
152,654680991114506241,Thu Oct 15 15:31:26 +0000 2015,1,5,"To keep balance, you must keep moving forward. Make progress every day, even if it is small, you must be moving!!! http://t.co/XQ7pedsbDF"
153,654663345946017793,Thu Oct 15 14:21:19 +0000 2015,0,0,"Much better action in the market today, it was a snooze fest earlier in the week!"
154,654644716764577792,Thu Oct 15 13:07:17 +0000 2015,0,1,Nothing can stand between me and my coffee on a day when the market is open! I need it to focus! #coffee #stocks http://t.co/u54a2SVRkO
155,654378000373288960,Wed Oct 14 19:27:27 +0000 2015,0,0,My mindset summed up very nicely by the great Coco Chanel! http://t.co/J52a8SkO8W
156,654311755321991168,Wed Oct 14 15:04:13 +0000 2015,0,4,If you are going to beat the #stockmarket long term then you better have an unstoppable spirit! http://t.co/ghM3y3uxgG
157,654299954538614784,Wed Oct 14 14:17:20 +0000 2015,0,0,Will $EBAY pop back!?
158,654282094399504384,Wed Oct 14 13:06:21 +0000 2015,1,0,"Today will be a great day, I feel it already! http://t.co/yZ35QOC0lK"
159,654022097946042368,Tue Oct 13 19:53:13 +0000 2015,0,0,What type of shoes do you like your lady to wear? #shoes http://t.co/3wk9ayVXxh
160,654004196132319232,Tue Oct 13 18:42:05 +0000 2015,0,0,Sad to see what has become of Flavor Flav! https://t.co/aAcgY32UQR
161,653964547972202496,Tue Oct 13 16:04:32 +0000 2015,0,1,"I am motivated on a daily basis, if you are not please move along cause my team only has room for winners! #winning http://t.co/dlCvbHHJHA"
162,653937348414078976,Tue Oct 13 14:16:28 +0000 2015,0,2,The feeling when you traded $SUNE $GPRO and $USO all for profit! Cash money ya'll! http://t.co/WNk7ng17YO
163,653922687358636032,Tue Oct 13 13:18:12 +0000 2015,0,3,"Some people say it seems like I am never working, I am, but I am productive not busy! http://t.co/0HlBzZvvsW"
164,653671266738569216,Mon Oct 12 20:39:09 +0000 2015,0,0,ProTrader Alan is so inspiring! Exactly what I want for myself :-)  https://t.co/cgZhV4ek9V
165,653658253071486976,Mon Oct 12 19:47:26 +0000 2015,0,0,"Sharing the love with 6,000 of my best friends! XO http://t.co/XEJvc7pr8g"
166,653601875384647680,Mon Oct 12 16:03:25 +0000 2015,0,1,"Time for lunch! I am so hungry! Don't  bother me until I eat, or I will get cranky! http://t.co/FSgOOUJKaB"
167,653583696503533568,Mon Oct 12 14:51:10 +0000 2015,0,2,Proud to be over 6000 Twitter Followers! XOXOXO to all my followers! http://t.co/Dw9nhrFjoY
168,653558832195440641,Mon Oct 12 13:12:22 +0000 2015,0,1,If you wake up on Monday morning with anything other than the grind on your mind then go back to bed! Let's get it! http://t.co/K0JPNnBmE0
169,653335248126787584,Sun Oct 11 22:23:56 +0000 2015,0,0,Kanye keeps making funny headlines! http://t.co/B9RQwNbc1e http://t.co/KrYzZafMcD
170,653312655319564289,Sun Oct 11 20:54:09 +0000 2015,105,0,RT @MTVNews: Justin Bieber And Kourtney Kardashian Are The Cutest Halloween BFFs http://t.co/nZwqpO7LsC
171,653272783246491648,Sun Oct 11 18:15:43 +0000 2015,0,1,Famous Jameis is doing great today! I like him :-) http://t.co/A3s6ZO7MJO
172,652970633224155137,Sat Oct 10 22:15:05 +0000 2015,0,0,LOL! President Obama comments of Kanye West as President! http://t.co/yIZ0r3wZwz http://t.co/SG6TMyWR9d
173,652940570520780800,Sat Oct 10 20:15:37 +0000 2015,0,0,Meeting my girls at the Tiki Bar tonight! First round of tequila shots on me ;-) http://t.co/MIw6vSaRoB
174,652859086527180800,Sat Oct 10 14:51:50 +0000 2015,0,1,Really loving making money now - must remain humble and not too overconfident - hey #girls if I can do it so can you http://t.co/422fBbsJfY
175,652558257370738688,Fri Oct 09 18:56:27 +0000 2015,0,0,"Keep calm it's almost Friday Happy Hour, the happiest happy hour of the whole week! #FridayFeeling #HappyHour http://t.co/owvh4ULzbT"
176,652517251262771200,Fri Oct 09 16:13:30 +0000 2015,0,3,"Oh hello Sushi lunch! Made my $200 trading the first 45 minutes of the market, now I am onto my weekend! #sushi http://t.co/kaG8XL1Ft5"
177,652508069427974144,Fri Oct 09 15:37:01 +0000 2015,0,0,What I imagine my weekend looking like: http://t.co/8AjJRkKBCd
178,652493797171924992,Fri Oct 09 14:40:18 +0000 2015,0,3,When you make your money and it's not even 11am you have that #FridayFeeling what a morning! http://t.co/fTEWBs2HAa
179,652480754929258497,Fri Oct 09 13:48:29 +0000 2015,0,0,Fast start Friday!!
180,652468529237639168,Fri Oct 09 12:59:54 +0000 2015,0,0,"My coach @ProTrader_Mike is hosting a free tour of his trading room today, come join us! #daytrading  https://t.co/zztb9S6GK5"
181,652467924817436672,Fri Oct 09 12:57:30 +0000 2015,1,1,My girl @ddlovato looking hot in this picture!  https://t.co/lnqPc134bH
182,652202115838820353,Thu Oct 08 19:21:16 +0000 2015,0,2,Just a daily reminder that we are all living the good life! Day trading for a living is a powerful gift! #TheGoodLife http://t.co/qflU5juZKV
183,652190190279127040,Thu Oct 08 18:33:53 +0000 2015,0,1,Totally weird! Can't wait to see how people react to this! #Facebook  https://t.co/kdYqYxFTWZ
184,652182723998584832,Thu Oct 08 18:04:13 +0000 2015,0,1,Poetry is so powerful! #NationalPoetryDay  https://t.co/Zoiiz75nzA
185,652139752741691392,Thu Oct 08 15:13:27 +0000 2015,0,2,I think about the time I started making more trading stocks than I did at my day job! http://t.co/w6mY7aYoMs
186,652111926344859648,Thu Oct 08 13:22:53 +0000 2015,0,2,#ScareMeIn3Words Theres no coffee! http://t.co/oMAjRPBlpV
187,651816102050185216,Wed Oct 07 17:47:23 +0000 2015,1,1,Can't mess with my zest! http://t.co/CiGvcXFKMy
188,651785175991455744,Wed Oct 07 15:44:30 +0000 2015,0,1,My lifestyle is amazing because I am always trying new and exciting things. It adds spice and variety to life! http://t.co/ibSGQAryZP
189,651746033798508544,Wed Oct 07 13:08:57 +0000 2015,0,2,Learn from Diddy! There is no ego in getting money! Trade with an ego and watch your account read $0.00! #stocks  https://t.co/INM7qrD9wr
190,651456937058430977,Tue Oct 06 18:00:11 +0000 2015,2,2,I spend my mornings chasing the dream and my afternoon reaping the rewards! #Lifeofadaytrader http://t.co/MY0QK8NOtY
191,651395651092115456,Tue Oct 06 13:56:40 +0000 2015,1,8,"I want to spend my life pursuing my interests, like day trading. I am making this a career and will never go back to low paying job! #free"
192,651395510863925248,Tue Oct 06 13:56:06 +0000 2015,2,6,"I still have work to do to get to where I really want to be, but to me being rich is having enough where you never are forced to take a job"
193,651389423376969728,Tue Oct 06 13:31:55 +0000 2015,1,0,"Market is officially open and I am ready for action, already made a $GE trade, get on my level! #stocks http://t.co/Tm2l6wkhKS"
194,651230773119287296,Tue Oct 06 03:01:30 +0000 2015,4,4,One last glass! http://t.co/wqUY0gug6K
195,651083048805531649,Mon Oct 05 17:14:30 +0000 2015,5,5,Everybody in my social circle lives in the moment and that is why we get along so well! http://t.co/NaymHrCuB2
196,651065438181425152,Mon Oct 05 16:04:31 +0000 2015,0,0,On Twitter posting about trading $TWTR welcome to the first world! #firstworldproblems
197,651063070177886212,Mon Oct 05 15:55:06 +0000 2015,0,3,I went to get some ice cream with my girls last night! I've got to eat healthy this week now! http://t.co/eAcx1zvVQt
198,651051731762044928,Mon Oct 05 15:10:03 +0000 2015,0,1,"Be aware of this, your patterns and habits in life embody your personality! http://t.co/TLJcjDx9wG"
199,651024183267213312,Mon Oct 05 13:20:35 +0000 2015,0,1,What's new? What's going on? If you are still sleeping you must not have a very exciting life I am up and ready! http://t.co/h4XCkTab7J
