,id_str,created_at,retweet_count,favorite_count,text
0,663310172924862464,Sun Nov 08 11:00:43 +0000 2015,5,10,Actions are remembered long after words are forgotten. - John Maxwell #quote
1,663264841222737921,Sun Nov 08 08:00:35 +0000 2015,4,4,The bad news: nothing is permanent. The good news: nothing is permanent. - Lolly Daskal #quote
2,663219860130947072,Sun Nov 08 05:01:51 +0000 2015,4,7,"You may never know what results come of your actions, but if you do nothing, there will be no results. - Gandhi #quote"
3,663174280650366976,Sun Nov 08 02:00:44 +0000 2015,2,3,"Our greatest glory is, not in never falling, but in rising every time we fall.
 Ancient Proverb #failure  #succeed"
4,663129000240414722,Sat Nov 07 23:00:48 +0000 2015,0,2,"If you're beat up, don't GIVE up: REST up, then GET up. - Tristan Bishop #quote"
5,663083989188648961,Sat Nov 07 20:01:57 +0000 2015,1,2,It's what you learn after you know it all that counts. - John Wooden #quote
6,663038424249737216,Sat Nov 07 17:00:53 +0000 2015,1,1,Change is automatic. Progress is not. - Tony Robbins #quote
7,662993059882401792,Sat Nov 07 14:00:37 +0000 2015,0,2,"Your friends will believe in your potential, your enemies will make you live up to it. - Tim Fargo #quote"
8,662947776976830464,Sat Nov 07 11:00:41 +0000 2015,0,1,"Success is the result of good judgement, which is the result of experience, experience is often the result of bad judgement. - Tony Robbins"
9,662902428057083904,Sat Nov 07 08:00:29 +0000 2015,0,0,"I have found that if you love life, life will love you back. - Arthur Rubinstein #quote"
10,662857545674063872,Sat Nov 07 05:02:08 +0000 2015,4,4,People lose their way when they lose their why.- Michael Hyatt #quote
11,662811853328932864,Sat Nov 07 02:00:34 +0000 2015,0,1,Life doesn't get easier or more forgiving; we get stronger and more resilient. - Steve Maraboli #quote
12,662766623028330496,Fri Nov 06 23:00:51 +0000 2015,0,1,You never know what worse luck your bad luck has saved you from. - Cormac McCarthy #quote
13,662721667395813376,Fri Nov 06 20:02:12 +0000 2015,0,0,Everything from your past does not belong in your present. - Lolly Daskal #quote
14,662676011159576576,Fri Nov 06 17:00:47 +0000 2015,0,2,Intelligence is knowing the right answer. Wisdom is knowing when to say it. - Tim Fargo #quote
15,662630663347113984,Fri Nov 06 14:00:35 +0000 2015,0,1,Everything ultimately comes down to trust.- Marcus Sheridan #quote #socialmedia
16,662585378868719617,Fri Nov 06 11:00:39 +0000 2015,2,3,Don't wait. The time will never be just right. -Napoleon Hill #quote
17,662540035267420160,Fri Nov 06 08:00:28 +0000 2015,1,4,"We are all born ignorant, but one must work hard to remain stupid. - Benjamin Franklin #quote"
18,662495174266888192,Fri Nov 06 05:02:12 +0000 2015,1,3,Happiness is a choice. Optimism is a choice. Kindness is a choice. Giving is a choice. Respect is a choice. Choose wisely.- Vala Afshar
19,662449466490929152,Fri Nov 06 02:00:35 +0000 2015,0,0,Freedom begins with owning your flaws and disowning your fears. - Umair Hague #quote
20,662404200081551361,Thu Nov 05 23:00:42 +0000 2015,1,3,Success is normally found in a pile of mistakes. - Tim Fargo #quote
21,662359244935708677,Thu Nov 05 20:02:04 +0000 2015,2,2,Don't exercise your freedom of speech until you have exercised your freedom of thought. - Tim Fargo #quote
22,662313685222862848,Thu Nov 05 17:01:02 +0000 2015,0,1,You'll do more GOOD if you aim to SERVE more than you aim to PLEASE. - Chris Edmonds #quote #leadership
23,662268264068677636,Thu Nov 05 14:00:33 +0000 2015,0,1,You don't have to be big. You have to be remarkable. - Joe Pulizzi #quote
24,662222965518528512,Thu Nov 05 11:00:33 +0000 2015,0,1,"Your friends will believe in your potential, your enemies will make you live up to it. - Tim Fargo #quote"
25,662177684936597504,Thu Nov 05 08:00:37 +0000 2015,0,0,Don't ask God to guide your footsteps if you're not willing to move your feet. - Unknown #quote
26,662132707309264896,Thu Nov 05 05:01:53 +0000 2015,0,1,Let your creative juices flow and don't be afraid to take chances! - Joel Comm  #quote
27,662087099936595968,Thu Nov 05 02:00:40 +0000 2015,0,2,"Don't give up what you want most, for what you want now. - Zig Ziglar #quote"
28,662041829047705601,Wed Nov 04 23:00:46 +0000 2015,0,2,"Find your spirit, and no challenge will keep you from achieving your goals. - Christopher Penn #quote"
29,661996815403847680,Wed Nov 04 20:01:54 +0000 2015,1,0,Discipline is just choosing between what you want now and what you want most. - Unknown #quote
30,661951271037964288,Wed Nov 04 17:00:56 +0000 2015,0,0,"Love all, trust a few, do wrong to none. - Shakespeare #quote"
31,661905887750135809,Wed Nov 04 14:00:35 +0000 2015,0,1,Fight against something and we focus on the thing we hate. Fight for something and we focus on the thing we love. - Simon Sinek
32,661860657801900032,Wed Nov 04 11:00:52 +0000 2015,1,2,A person who never made a mistake never tried anything new. – Albert Einstein #quote
33,661815275558469632,Wed Nov 04 08:00:32 +0000 2015,0,3,There are some people who listen to you when you talk and there's other people who just wait for their turn.- Bryan Kramer #quote
34,661770385499824128,Wed Nov 04 05:02:09 +0000 2015,0,1,"If you're beat up, don't GIVE up: REST up, then GET up. - Tristan Bishop #quote"
35,661724728793673728,Wed Nov 04 02:00:44 +0000 2015,0,1,You have to risk going too far to discover just how far you can really go. -Jim Rohn #quote
36,661679441593151488,Tue Nov 03 23:00:46 +0000 2015,0,1,"Don't envy what people have, emulate what they did to have it. - Tim Fargo #quote"
37,661634348345630721,Tue Nov 03 20:01:35 +0000 2015,0,1,The big question: what are we going to do for humanity? Serving others is the essence of leading at a higher level. - Ken Blanchard
38,661588866441347073,Tue Nov 03 17:00:52 +0000 2015,0,1,A wealth of information creates a poverty of attention. - Herbert A. Simon #quote
39,661543513255972865,Tue Nov 03 14:00:39 +0000 2015,0,0,Attitude is a little thing that makes a big difference. - Winston Churchill #quote
40,661498255361056768,Tue Nov 03 11:00:48 +0000 2015,1,1,"Look up to the sky 
You'll never find rainbows 
If you're looking down.
- Charlie Chaplin #quote"
41,661452912091074560,Tue Nov 03 08:00:38 +0000 2015,1,1,"I have found that if you love life, life will love you back. - Arthur Rubinstein #quote"
42,661407987861430273,Tue Nov 03 05:02:07 +0000 2015,2,1,You are the one who teaches other people how to treat you. What do you teach? - Chalene Johnson #quote
43,661362354127548416,Tue Nov 03 02:00:47 +0000 2015,1,1,"Focus on where you want to go, not on what you fear. - Anthony Robbins #quote"
44,661317071565926400,Mon Nov 02 23:00:51 +0000 2015,0,0,"To affect the quality of the day, that is the highest of arts. - Henry David Thoreau #quote"
45,661272090969022464,Mon Nov 02 20:02:06 +0000 2015,2,0,"Analyze your mistakes. You've already paid the tuition, you might as well get the lesson. - Tim Fargo #quote"
46,661226474997985281,Mon Nov 02 17:00:51 +0000 2015,1,1,The secret of being a bore is to tell everything. - Voltaire #quote
47,661181166649778176,Mon Nov 02 14:00:48 +0000 2015,2,3,Your life will never improve unless you start making daily improvements. - Lewis Howes #quote
48,661135874114088960,Mon Nov 02 11:00:50 +0000 2015,1,2,For every minute you are angry you lose sixty seconds of happiness. - Ralph Waldo Emerson #quote
49,661090493300740097,Mon Nov 02 08:00:30 +0000 2015,1,2,You have one job. And that is to live an extraordinary life. - Umair Hague #wisdom
50,661045635781627904,Mon Nov 02 05:02:15 +0000 2015,1,0,The secret to success is doing the stuff other people won't do &amp; doing it for a really long time. - John Jantsch #quote
51,661030135622197248,Mon Nov 02 04:00:40 +0000 2015,1,1,"Art is not what you see, but what you make others see. - Edgar Degas #quote"
52,660984819543838720,Mon Nov 02 01:00:36 +0000 2015,0,0,Never assume the obvious is true. - William Safire | #quote
53,660939584692486144,Sun Nov 01 22:00:51 +0000 2015,0,1,Life doesn't get easier or more forgiving; we get stronger and more resilient. - Steve Maraboli #quote
54,660894515302150147,Sun Nov 01 19:01:45 +0000 2015,1,4,Practice doesn't make perfect if you're doing it wrong. - Frank Sonnenberg #quote
55,660848969719947264,Sun Nov 01 16:00:47 +0000 2015,2,3,I will prepare and some day my chance will come. - Abraham Lincoln #quote
56,660803646293168128,Sun Nov 01 13:00:41 +0000 2015,0,0,The path to wisdom is paved with humility. - Tim Fargo #quote
57,660758391283953664,Sun Nov 01 10:00:51 +0000 2015,0,2,"Success is the result of good judgement, which is the result of experience, experience is often the result of bad judgement. - Tony Robbins"
58,660169714283520000,Fri Oct 30 19:01:39 +0000 2015,0,1,Your value doesn't decrease based on someone's inability to see your worth. - Ted Rubin #quote
59,659716593195290624,Thu Oct 29 13:01:07 +0000 2015,0,1,"Until you cross the bridge of your insecurities, you can't begin to explore your possibilities. - Tim Fargo #quote"
60,656409743444082688,Tue Oct 20 10:00:52 +0000 2015,0,0,It's always more important to be kind than to be right. - Rich Simmonds #quote
61,656364349318168576,Tue Oct 20 07:00:30 +0000 2015,0,0,Success is normally found in a pile of mistakes. - Tim Fargo #quote
62,656228532767559680,Mon Oct 19 22:00:49 +0000 2015,0,0,Your fear is 100% dependent on you for its survival. - Steve Maraboli #quote
63,655096272815312896,Fri Oct 16 19:01:37 +0000 2015,0,0,Every exit is an entry somewhere. - Tom Stoppard #quote
64,654960166098632705,Fri Oct 16 10:00:46 +0000 2015,0,0,Indifference is expensive. Hostility is unaffordable. Trust is priceless. It's all about Relationships. - Ted Rubin #quote
65,654914822119804928,Fri Oct 16 07:00:35 +0000 2015,0,0,Watch your mouth: The language we use creates the reality we experience.-Michael Hyatt #quote
66,654235399989161984,Wed Oct 14 10:00:49 +0000 2015,0,0,Sometimes life takes an unexpected wrong turn in the right direction. - Unknown #quote
67,654145089237819392,Wed Oct 14 04:01:57 +0000 2015,0,0,"If you think you can win, you can win. Faith is necessary to victory. - William Hazlitt #quote"
68,654054216256868352,Tue Oct 13 22:00:51 +0000 2015,0,0,You can often change your circumstances by changing your attitude. - Eleanor Roosevelt #quote
69,654009066478567424,Tue Oct 13 19:01:27 +0000 2015,0,0,"Listening, not imitation, may be the sincerest form of flattery. - Dr. Joyce Brothers #quote"
70,653963645211267074,Tue Oct 13 16:00:57 +0000 2015,0,0,"It is our choices, that show what we truly are, far more than our abilities. - J.K. Rowling #quote"
71,653918285147320320,Tue Oct 13 13:00:43 +0000 2015,0,0,Your life is short. You have no clue when this ride will end. Stay present and live fearlessly. - Brenden Dilley #quote
72,653782754732167168,Tue Oct 13 04:02:10 +0000 2015,0,0,"It is not how much we have, but how much we enjoy, that makes happiness. - Charles Spurgeon #quote"
73,653782471448895488,Tue Oct 13 04:01:02 +0000 2015,0,0,@YULONGECO @ExordiumBC ★ Thank you for following! ★
74,653676712224555008,Mon Oct 12 21:00:47 +0000 2015,0,0,@moneymioCo ★ Thanks for following! ★
75,653676711121453056,Mon Oct 12 21:00:47 +0000 2015,0,2,@Marisha_Bervig @exclaim_it @Real_Estate_Tor @ABeautytree @JENinaNYminute @Camillejazz @jprignet ★ Thx for following. You ROCK! ★
76,653631446243016704,Mon Oct 12 18:00:55 +0000 2015,0,0,@sujayrjadhav @LetsDeals_co_uk @departmentofina @romangerb74 @AH_Builder ★ Thanks for following! ★
77,653631445106356224,Mon Oct 12 18:00:55 +0000 2015,0,1,@dottotech @RoyalCroTours @esther_table @getgoingnow2015 @OD_CareerDev @wordsbyM @AndrewHolmes82 ★ Thx for following. You ROCK! ★
78,653601168363515904,Mon Oct 12 16:00:36 +0000 2015,0,0,The old mantra of ‘be everywhere’ will quickly be replaced with ‘be where it matters to our business'. - Mike Stelzner #quote
79,653586145830420480,Mon Oct 12 15:00:54 +0000 2015,0,0,@StrongLadyN @AtlasCorpdotco @Grid_Masters ★ Thanks for following! ★
80,653586144832135168,Mon Oct 12 15:00:54 +0000 2015,0,0,@bbecka123 @JonAndreAuthor @nurulaman @_MarieHunt @InvestInLAtech @archipreneur @thermomix_recet ★ Thx for following. You ROCK! ★
81,653540925558362112,Mon Oct 12 12:01:13 +0000 2015,0,0,@Square_Up_Media @stanfieldkuze @iSurgeon_ru @LodiPlanting @Dana_Blonda33 @Jacqui_WallHR @gingiles ★ Thanks for following! ★
82,653540924606316544,Mon Oct 12 12:01:13 +0000 2015,0,0,@mrhomebiz @DC_Forecast @MayaCob @scheduit @yasintrobiz @elgharniti @LoanInstallment @wearescreach ★ Thx for following. You ROCK! ★
83,653510615164694528,Mon Oct 12 10:00:46 +0000 2015,0,0,Success will not lower its standard to us. We must raise our standard to success. - John DiJulius #quote
84,653480559302340608,Mon Oct 12 08:01:21 +0000 2015,0,0,@youngjac @evdokiyamisuro1 ★ Happy to connect with you on Twitter! ★
85,653480558757048320,Mon Oct 12 08:01:20 +0000 2015,0,0,@rykiqunosuj @zysakywakocy @mytoqatemal @vifuhuwexana @tetahybewyc @MeiMeiFox @fowaxynupuvy @kinwolfe ★ Thanks for following! ★
86,653480556878012416,Mon Oct 12 08:01:20 +0000 2015,0,0,@chilliflakes17 @Rent_Delite @zepufepydyg @xxkexrhex @leriretowava @japetemetoko @lixovywysav ★ Thx for following. You ROCK! ★
87,653465260498808832,Mon Oct 12 07:00:33 +0000 2015,0,0,"Beauty starts in your head, not in your mirror. - Joubert Botha #quote"
88,653420095843246080,Mon Oct 12 04:01:05 +0000 2015,0,0,@TheStartupLions @justmyview @clientcarecube ★ Happy to connect with you. ★
89,653420090742972416,Mon Oct 12 04:01:04 +0000 2015,0,0,@hytusuluhuzi @gufideregyso @vucocakulyx @mmmichaelkohler @SkyTheBook15 @recetiwujere @cobitinowypa ★ Thx for following. You ROCK! ★
90,653374678636077057,Mon Oct 12 01:00:37 +0000 2015,0,0,I'd rather live with a good question than a bad answer.- Aryeh Frimer #quote
91,653314324283400192,Sun Oct 11 21:00:47 +0000 2015,0,0,@Socmediainterns @X_telligent @ChristopheVL @EllenJBarrier @WeEmpowerChamps @CollinsAtl ★ Thx for following. You ROCK! ★
92,653102885526466560,Sun Oct 11 07:00:36 +0000 2015,0,0,"If you aren't having fun creating content, you're doing it wrong.- Ann Handley #quote"
93,653012296818683904,Sun Oct 11 01:00:38 +0000 2015,0,0,"To invent, you need a good imagination and a pile of junk. - Thomas Edison"
94,652951937386721280,Sat Oct 10 21:00:47 +0000 2015,0,0,@romain_yvrard @martindegarmo23 @stevekrohn @TheWorldplayers ★ Thanks for following! ★
95,652951936619126788,Sat Oct 10 21:00:47 +0000 2015,0,0,@AlfredoFM @Gita_Natal @camwel2 @westofmay @KarenGentry99 @yourmodernfam @adbccro @MatthewSabia ★ Thx for following. You ROCK! ★
96,652921912776130561,Sat Oct 10 19:01:29 +0000 2015,0,0,It's what I wish for you...a life with no regrets. - Katharine Hepburn #quote
97,652906669542932480,Sat Oct 10 18:00:55 +0000 2015,0,0,@Endthehype101 @elizolivalive @K_Silion ★ Thanks for following! ★
98,652876452011094016,Sat Oct 10 16:00:50 +0000 2015,0,0,Surviving is important. Thriving is elegant. - Maya Angelou #quote
99,652816152297664512,Sat Oct 10 12:01:14 +0000 2015,0,0,@fapurepuvec @MasterSparky13 ★ Thank you for following! ★
100,652785852024758272,Sat Oct 10 10:00:49 +0000 2015,0,0,"When you find yourself in a hole, quit digging. - Will Rogers #quote"
101,652740484855648260,Sat Oct 10 07:00:33 +0000 2015,0,0,The path to wisdom is paved with humility. - Tim Fargo #quote
102,652695329888968704,Sat Oct 10 04:01:07 +0000 2015,0,0,@natajymamek @tutylezukih @tysehezaxage @mufogywidomu @aimhightoday343 @fenumefupyzu @tekocidupab ★ Thanks for following! ★
103,652695327837962240,Sat Oct 10 04:01:07 +0000 2015,0,0,@mehyvypatufe @mebyqumopum @JamesAShirley @dysisijehoka @nyrubezykyp @vuwomusovegi @NearMeCo ★ Thx for following. You ROCK! ★
104,652649921238159360,Sat Oct 10 01:00:41 +0000 2015,0,0,"Gratitude is the first sign of a thinking, rational creature. - Solanus Casey #quote"
105,652589556143927297,Fri Oct 09 21:00:49 +0000 2015,0,0,@xyqecizican @GreenBellTV @LeBonRegard @tweetinghome @xusalokahuf ★ Thanks for following! ★
106,652544288597934080,Fri Oct 09 18:00:56 +0000 2015,0,0,@PARDONMYHASHTAG @AndreaK3lly @juliantremaud @SaraAnderson233 @economy_sharing @leila_quinn ★ Thx for following. You ROCK! ★
107,652498990496370688,Fri Oct 09 15:00:56 +0000 2015,0,0,@Kareergo @WLehmkuhler @FIBdelivery @Monolithpartner @MJGottlieb @aijacob @siyusaiko @girltripping ★ Thx for following. You ROCK! ★
108,652453767825227776,Fri Oct 09 12:01:14 +0000 2015,0,0,@Leticia3_Smith @equitydirectory @bysoqowihit @Sarfraz38415629 @vishalgchopra @DrDPendergrass @_bennyfranklin ★ Thanks for following! ★
109,652453766491471872,Fri Oct 09 12:01:14 +0000 2015,0,0,@macheriex @AKribii @FishPooI_SMM @sharmamehak0071 @mkdixon5 @suzejigedov @AltFiFunding @vuputedudin ★ Thx for following. You ROCK! ★
110,652423448501858304,Fri Oct 09 10:00:46 +0000 2015,0,0,Your mind is your prison when you focus on your fear. - Tim Fargo #quote
111,652333078166286336,Fri Oct 09 04:01:40 +0000 2015,0,0,Success is normally found in a pile of mistakes. - Tim Fargo #quote
112,652332919344730112,Fri Oct 09 04:01:02 +0000 2015,0,0,@xojedusacek @vtyurina_mega @Brittanysontwit @ruwicuwyqyd @RominaConstant @gimonowa2015 @fanyduqazuz ★ Thx for following. You ROCK! ★
113,652287480864055297,Fri Oct 09 01:00:29 +0000 2015,0,0,Inspiration doesn't respond to meeting requests. You can’t schedule greatness - Jay Baer #quote
114,652227166550269952,Thu Oct 08 21:00:48 +0000 2015,0,0,@jirka_gio @WCG_BP ★ Thanks for following! ★
115,652197213523832832,Thu Oct 08 19:01:47 +0000 2015,0,0,"Don’t try to be original, just try to be good. — Paul Rand #quote #startup"
116,652181901810270208,Thu Oct 08 18:00:57 +0000 2015,0,0,@SilviaRuford ★ Thanks for following! ★
117,652151713311264768,Thu Oct 08 16:00:59 +0000 2015,0,0,Your fear is 100% dependent on you for its survival. - Steve Maraboli #quote
118,652136601460473857,Thu Oct 08 15:00:56 +0000 2015,0,0,@MdRomanKhan18 ★ Happy to connect with you on Twitter! ★
119,652136599006740480,Thu Oct 08 15:00:55 +0000 2015,0,0,@JasonSquiresSM @GiutrunG @Julie_Roobinson @Alex00Smith @ArtsMediaJobs @kavitskiyd2 @KnsThaEngineer ★ Thanks for following! ★
120,652136598075629568,Thu Oct 08 15:00:55 +0000 2015,0,2,@jonathan_boston @MakerInvestors @TopCrowdfnding @VeHaPhoto @itspmb @mark_torr @mitchpbl1 ★ Thx for following. You ROCK! ★
121,652106341163601920,Thu Oct 08 13:00:41 +0000 2015,0,0,"What we obtain too cheap, we esteem too lightly. - Thomas Paine #quote"
122,652091385202495488,Thu Oct 08 12:01:16 +0000 2015,0,0,@rekhadndr @DevinACave94 @cigibubemewu @pborkichev2 @lukudifavyp ★ Thank you for following! ★
123,651970528257929216,Thu Oct 08 04:01:01 +0000 2015,0,0,@SamSmithStudios @TracyM_CP @KillerNashville @WhiteBellTV @AlexanderLDN7 ★ Thank you for following! ★
124,651970527184179200,Thu Oct 08 04:01:01 +0000 2015,0,0,@wumysurahux @walmart_samples @LindaAnnStewart @Pilyasova1974 @Erica_D_House @harley_author @AQUIS_ ★ Thanks for following! ★
125,651864781826183170,Wed Oct 07 21:00:49 +0000 2015,0,0,@KeithDouglasjr @SkyTheBook15 ★ Thx for following. You ROCK! ★
126,651819509796466688,Wed Oct 07 18:00:56 +0000 2015,0,1,@ShanmugalingV @1arimoney @HfSResearch @GastonPhomphit1 @AMTECHNOLOGIES2 @ryancsmith2222 @dorlandini ★ Thx for following. You ROCK! ★
127,651774217587924992,Wed Oct 07 15:00:57 +0000 2015,0,0,@techgrouptweets @nfcnews01 ★ Happy to connect with you on Twitter! ★
128,651743933643538432,Wed Oct 07 13:00:37 +0000 2015,0,0,In the midst of change we often discover wings we never knew we had. -Ekaterina Walter #quote
129,651729009819164674,Wed Oct 07 12:01:19 +0000 2015,0,0,@BalleneCynthia @breanne_shirley @cosykyxujat @DeboContarQ @cureconyhym @silyrazyxeta @iHopxyz @rinchikov2 ★ Thank you for following! ★
130,651729009303265280,Wed Oct 07 12:01:19 +0000 2015,0,0,@LlSchenher14 @ML_LCS @MadisonSidler07 @VVazhina @cartwright_nn01 @husepehamuhu @lvre4sale ★ Happy to connect with you on Twitter! ★
131,651698698787885056,Wed Oct 07 10:00:52 +0000 2015,0,0,"Did you ever stop to think, and forget to start again? - A. A. Milne #quote"
132,651608140371357696,Wed Oct 07 04:01:01 +0000 2015,0,0,@noexcuses4ME @samples_walmart @davidlongoria7 @stephencoach700 @JuliaCrane2 @sromkey @RascalSocial ★ Thanks for following! ★
133,651517461880246273,Tue Oct 06 22:00:42 +0000 2015,0,0,Did you make someone smile today? You've still got time. - Melissa Stewart #quote
134,651502396523302912,Tue Oct 06 21:00:50 +0000 2015,0,0,@BRomeroAuthor @LIFTtherapy ★ Thanks for following! ★
135,651457133184184321,Tue Oct 06 18:00:58 +0000 2015,0,0,@Sarah_Answer4u @CambCoffeeCo @liberatedself ★ Thanks for following! ★
136,651306258499284993,Tue Oct 06 08:01:27 +0000 2015,0,0,@charming_anusha @justg87 @ForexFalcon_com @Grace_Mitchell1 @DanielaKwintera @swangmo502 @eB2B_Cloud ★ Thanks for following! ★
137,651246037504552961,Tue Oct 06 04:02:09 +0000 2015,0,0,Better to fight for something than live for nothing.- General Patton #quote
138,651245760432967680,Tue Oct 06 04:01:03 +0000 2015,0,0,@ePatientjodi @chaserick123 @bevynijobusy @wuwifawufam @jay_soriano @nafupepatuti @ChurchillRick ★ Thx for following. You ROCK! ★
139,651140006556250112,Mon Oct 05 21:00:49 +0000 2015,0,0,@Miryem0M @LeedsWorkingMum @SalmanStrange @LauraPavlides @DimaL_number9 @h9852041154 @CodyPitchford ★ Thanks for following! ★
140,651109987687731200,Mon Oct 05 19:01:32 +0000 2015,0,0,Attitudes are contagious. Is yours worth catching? - Bruce Van Horn #quote
141,651094756529938432,Mon Oct 05 18:01:01 +0000 2015,0,0,@UNM_Mentoring ★ Happy to connect with you on Twitter! ★
142,651094755242287104,Mon Oct 05 18:01:01 +0000 2015,0,0,@31DayFacelift @Choose_Donking @simplesam_usa @beefluent @or_vardi @mrsawyers @KTurnerPM1 @PattWiller ★ Thanks for following! ★
143,651049489726373888,Mon Oct 05 15:01:08 +0000 2015,0,0,@happyhead02 @AlbertoSarAng @drkl90 @SecretPara @EliteBookTours @nynofozuxesa @MountainRealm ★ Thx for following. You ROCK! ★
144,651004225045012481,Mon Oct 05 12:01:16 +0000 2015,0,0,@ErickDone @christianbranth @FreesiaMagazine @IolaGoulton @JablonskiAgency ★ Happy to connect with you on Twitter! ★
145,651004223824465920,Mon Oct 05 12:01:16 +0000 2015,0,0,@id_tokobatik @_anniepaquette @glenbrimi @ClassGuitarist @RedWigwamJobs @wakotypewuni @rentivo ★ Thx for following. You ROCK! ★
146,650943942985404416,Mon Oct 05 08:01:44 +0000 2015,0,0,@ldzepp78 @matawijewuc @cusodukywoha ★ Happy to connect with you on Twitter! ★
147,650943942473707520,Mon Oct 05 08:01:44 +0000 2015,0,0,@jan_wansink @zihabuzyhyq @jeanpaultoonen @eb2b_design @Gorgeousstrandz @leonidabovina2 @hibykezesyr ★ Thanks for following! ★
148,650943939508338688,Mon Oct 05 08:01:43 +0000 2015,0,0,@MaxineHarley @Sydney_Locci @BlueBellCA @PlushDesigns @onesoulnow @qyhefiripybo @Mensworkco ★ Thx for following. You ROCK! ★
149,650883378347155456,Mon Oct 05 04:01:04 +0000 2015,0,0,@TrayFord32 @catytytinaq @DougHerbert @1HelpYourBiz @Drsheywood @kodagazegaku @irishmikeh @creativ99 ★ Thanks for following! ★
150,650883377676091392,Mon Oct 05 04:01:04 +0000 2015,0,0,@labumylizup @Tommy_Reed @ClosingYourBook @givycyqegel @1988_varnashov @gzhvakin @DrSteveStahl ★ Thx for following. You ROCK! ★
151,650792703991644160,Sun Oct 04 22:00:46 +0000 2015,0,0,"Against all odds and despite all the obstacles, we are going to make it. - Marilyn Monroe #quote"
152,650777615607971840,Sun Oct 04 21:00:49 +0000 2015,0,0,@TheRealJeffMac @Bizpreneurs @charleseventus @spiffykerms @seminary ★ Thx for following. You ROCK! ★
153,650581471657357312,Sun Oct 04 08:01:24 +0000 2015,0,0,@TSM_ContMark @mjdwarner @eB2B_Health @TheResearchProf @NickBoltonFit @frank_onyi @LittleCrunchy ★ Thx for following. You ROCK! ★
154,650520986140475392,Sun Oct 04 04:01:03 +0000 2015,0,0,@SANTATIZING ★ Happy to connect with you on Twitter! ★
155,650520984458539008,Sun Oct 04 04:01:03 +0000 2015,0,0,@MonsterTreeHC @AcesEbooks @NathanBenaich @momblogsociety @JamesAVena @healthcoachbryn @CynDog39 ★ Thx for following. You ROCK! ★
156,650324666180063232,Sat Oct 03 15:00:57 +0000 2015,0,0,@markgordon78 ★ Thanks for following! ★
157,650279450530185216,Sat Oct 03 12:01:17 +0000 2015,0,0,@tomlawr91 ★ Thanks for following! ★
158,650279449880068096,Sat Oct 03 12:01:17 +0000 2015,0,0,@docokzo @Castlnsight @MarketingGurus2 @CGHussey @WomenHealth2020 @allgirlsflowers @ellieballantyn2 ★ Thx for following. You ROCK! ★
159,650249123292147713,Sat Oct 03 10:00:46 +0000 2015,0,0,Let us never negotiate out of fear. But let us never fear to negotiate. - John F. Kennedy #quote
160,650203769146376192,Sat Oct 03 07:00:33 +0000 2015,0,0,"Your life does not get better by chance, it gets better by change. - Jim Rohn #quote"
161,650158601655439360,Sat Oct 03 04:01:04 +0000 2015,0,0,@VisionBoardMax ★ Happy to connect with you. ★
162,650158599080148993,Sat Oct 03 04:01:04 +0000 2015,0,0,@Chyna_Cymone @jytytocahipu @dyremivicale @legalinfo4less @seanlahman @xyqedepowon @tanyafeke @fuxiwexovesi ★ Thanks for following! ★
163,650158597108797440,Sat Oct 03 04:01:03 +0000 2015,0,0,@ShiftnStilettos @guzyhojuzyn @xecodobybow @hardwarementors @sifufafuwero @SafeKidsPro @cexolowifuwy ★ Thx for following. You ROCK! ★
164,650113190089637893,Sat Oct 03 01:00:37 +0000 2015,0,0,"Do what you can, with what you have, where you are. - Theodore Roosevelt #quote"
165,650067924099710976,Fri Oct 02 22:00:45 +0000 2015,0,0,Setting goals is the first step in turning the invisible into the visible. - Tony Robbins #quote
166,650052848168902656,Fri Oct 02 21:00:51 +0000 2015,0,0,@alpmic @jibrin_yaro @MCRealty5 @mondayagain00 @JanaleeBarnes @BrunoFakaj @Insightpool @MarshaFuller17 ★ Thanks for following! ★
167,650052847493582848,Fri Oct 02 21:00:50 +0000 2015,0,0,@JoeMarino1 @RealDealzPcast @BHMHealthcare @thegiftchrist @TheKidTriple @SinghLions @brianhazelgren ★ Thx for following. You ROCK! ★
168,650007584989167616,Fri Oct 02 18:00:59 +0000 2015,0,0,@Pubabook1 @compostability_ @PotentialEvery1 @townscript @Rockys2v @fndraising @TheSteveLawson ★ Thanks for following! ★
169,649962300741414912,Fri Oct 02 15:01:02 +0000 2015,0,0,@myoddballs @agence69s @avopdocuments @thinkngetrich @andy_phillipsUK @TxLocalSEM @sajidupload1 ★ Thanks for following! ★
170,649962299302801408,Fri Oct 02 15:01:02 +0000 2015,0,0,@RolandJWHITE @Carolina_Snchz @AlendronLLC @InnotechLive @Onez_zn @keepinglifesane @TotalPkgGirl ★ Thx for following. You ROCK! ★
171,649917085032837120,Fri Oct 02 12:01:22 +0000 2015,0,0,@WestonLaura @MHCondos ★ Thanks for following! ★
172,649917084382687233,Fri Oct 02 12:01:22 +0000 2015,0,0,@Kiforce @NoraPhillip @FacialBeautyMD @qoveqamehono @GloverMark2 @geercom @HamelinSocial @tacycimatyfy ★ Thx for following. You ROCK! ★
173,649856693363429376,Fri Oct 02 08:01:24 +0000 2015,0,0,@StringerRicardo @hynomurybybi @richlewis01 @LNPServices ★ Thanks for following! ★
174,649841401673420800,Fri Oct 02 07:00:38 +0000 2015,0,0,Actions are remembered long after words are forgotten. - John Maxwell #quote
175,649796218588151808,Fri Oct 02 04:01:05 +0000 2015,0,0,@HealthyLifeFX @DylanSaccoccio @rebeccaolkowski @brock_darrel @HenryLynn8 @LegallyMine ★ Happy to connect with you on Twitter! ★
176,649690460311711744,Thu Oct 01 21:00:51 +0000 2015,0,0,@marywilliams_0 @ArtiPHL @Realeflow ★ Thanks for following! ★
177,649554688384364544,Thu Oct 01 12:01:20 +0000 2015,0,0,@EniLoving @olabisitreasure @GaryHortonJr @Roxie4tp @loveistheanswer @villadedino @Pearliegv8 ★ Thank you for following! ★
178,649524369425891328,Thu Oct 01 10:00:51 +0000 2015,0,0,You'll do more GOOD if you aim to SERVE more than you aim to PLEASE. - Chris Edmonds #quote #leadership
179,649433822422036480,Thu Oct 01 04:01:03 +0000 2015,0,0,@TheJimMathers @9thTemplar @Rhisan @Rita1oi @Charlenetbz ★ Thank you for following! ★
180,649433820056428544,Thu Oct 01 04:01:03 +0000 2015,0,0,@T_stoneOps @niteshmishra_ @retawrv63 @socialcentschat @nibuxemenep @vymaniluxymo @Accept_Then_Act ★ Thx for following. You ROCK! ★
181,649388432276496384,Thu Oct 01 01:00:41 +0000 2015,0,0,You have one job. And that is to live an extraordinary life. - Umair Hague #wisdom
182,649328063260557314,Wed Sep 30 21:00:48 +0000 2015,0,0,@WhitleyCooke6 @BonesofJack @LeadStartBook ★ Happy to connect with you on Twitter! ★
183,649328062639816705,Wed Sep 30 21:00:48 +0000 2015,0,0,@Rsquaredvisuals @FlipSchreurs @mackeyfineart @vasnate @FaresMasharawi @giveawayninja @GarnerIris1 ★ Thanks for following! ★
184,649298061949276160,Wed Sep 30 19:01:36 +0000 2015,0,0,Enjoy life by limiting your emotional baggage to a small carry on. - Tim Fargo #quote
185,649207229200113664,Wed Sep 30 13:00:39 +0000 2015,0,0,There is no such thing as a minor lapse of integrity. - Tom Peters #quote
186,649192293065465856,Wed Sep 30 12:01:18 +0000 2015,0,0,@Hwd12 @herfloor1 @eb2b_career @ShelbyJanna @Grasswire ★ Thanks for following! ★
187,649131936976343040,Wed Sep 30 08:01:28 +0000 2015,0,0,@moladatasyb @YogaArmy ★ Happy to connect with you on Twitter! ★
188,649071467305508866,Wed Sep 30 04:01:11 +0000 2015,0,0,@_absolutecomedy @bfriended_ @candymaiura @Cristin_Sintia @George_Barna ★ Thank you for following! ★
189,649071465321656322,Wed Sep 30 04:01:11 +0000 2015,0,0,@potuvuziliz @rilkestoriesgod @qypivosudeza @cilixian @eternalenerchi @Mae9cw @revtrev @robertjmoore @Ginaa7o ★ Thanks for following! ★
190,649071458484908032,Wed Sep 30 04:01:09 +0000 2015,0,0,@worexacimyku @felymahipim @bucarewimyx @Concetta96h @Marguerite8ym @Celia1g2 @pureWOD @hyxulagasuj ★ Thx for following. You ROCK! ★
191,648980766085484544,Tue Sep 29 22:00:46 +0000 2015,0,0,"A goal should scare you a little, and excite you a lot. - Joe Vitale #quote"
192,648965679266308100,Tue Sep 29 21:00:49 +0000 2015,0,0,@Gracielaqx6 ★ Happy to connect with you on Twitter! ★
193,648965678104453120,Tue Sep 29 21:00:49 +0000 2015,0,0,@Ramonaqh0 @PerfectMindBody @PLACEmaking_uk @Johanna5qz @RuwaidBhat @VibianaEvents @teresascreative ★ Thanks for following! ★
194,648965676590366720,Tue Sep 29 21:00:49 +0000 2015,0,0,@Sabrinackz @RuanGodSonR @Mary_Freitag @AuthorSnackBox @GardenJournal2 @Spruke @1AUVentures @Deena2kt ★ Thx for following. You ROCK! ★
195,648935685198626816,Tue Sep 29 19:01:38 +0000 2015,0,0,"To affect the quality of the day, that is the highest of arts. - Henry David Thoreau #quote"
196,648890177423847425,Tue Sep 29 16:00:48 +0000 2015,0,0,I'd rather live with a good question than a bad answer.- Aryeh Frimer #quote
197,648875121214640128,Tue Sep 29 15:00:59 +0000 2015,0,0,@pash30 @AssafMarcus ★ Happy to connect with you on Twitter! ★
198,648875119167819777,Tue Sep 29 15:00:58 +0000 2015,0,0,@adaptivesoldb @leducixiseja @BreakThroughMin @Sarah4qh @VishnuKulchaniy @SowingMLMSeeds ★ Thx for following. You ROCK! ★
199,648829921528295424,Tue Sep 29 12:01:22 +0000 2015,0,0,@IPatenting @AidanRHeron @theshineagency @steven_debaere @LearnFac @Ellen6oh @gkoncz77 @leqesajypak ★ Thanks for following! ★
