,id_str,created_at,retweet_count,favorite_count,text
0,358686733744873473,Sat Jul 20 20:35:56 +0000 2013,0,0,"111,111,111 x 111,111,111 = 12,345,678,987,654,321"
1,353186943875563521,Fri Jul 05 16:21:43 +0000 2013,0,0,"Added a new video: ""4th Kind "" http://t.co/ys7XArnP1P #video"
2,319666744656543744,Thu Apr 04 04:24:25 +0000 2013,0,0,"Wall Of Fiction has a show on 04/05/2013 at 10:00 PM @ Treff's Bar &amp; G... in Waco, TX http://t.co/fRmYLLM9Fx #concert"
3,278319173166317568,Tue Dec 11 02:03:56 +0000 2012,0,0,"Posted a new song: ""Rise in Arms"" http://t.co/ZP19PF6j #music"
4,278318447589466113,Tue Dec 11 02:01:03 +0000 2012,0,0,"Posted a new song: ""Something in the night"" http://t.co/oqAPlKnw #music"
5,278317485911056384,Tue Dec 11 01:57:14 +0000 2012,0,0,"Posted a new song: ""Until Then"" http://t.co/KaRbdnfL #music"
6,278316656609095680,Tue Dec 11 01:53:56 +0000 2012,0,0,"Posted a new song: ""On Fire"" http://t.co/eUUS7yBx #music"
7,278316070551568384,Tue Dec 11 01:51:36 +0000 2012,0,0,"Posted a new song: ""Walk the world alone"" http://t.co/qu4Cg1LL #music"
8,278315234962337792,Tue Dec 11 01:48:17 +0000 2012,0,0,"Posted a new song: ""Indecision"" http://t.co/w8Y03duQ #music"
9,278314418243239937,Tue Dec 11 01:45:02 +0000 2012,0,0,"Posted a new song: ""4th kind"" http://t.co/HaBnJBvA #music"
10,276895254521737216,Fri Dec 07 03:45:47 +0000 2012,0,0,"Wall Of Fiction has a show on 12/08/2012 at 10:00 PM @ Treff's Bar &amp; G... in Waco, TX http://t.co/wBdhsScL #concert"
11,274053486503669761,Thu Nov 29 07:33:37 +0000 2012,0,0,"Wall Of Fiction has a show on 11/30/2012 at 10:00 PM @ Treff's Bar &amp; G... in Waco, TX http://t.co/FiFyIZub #concert"
12,266713721836015616,Fri Nov 09 01:28:01 +0000 2012,0,0,"Wall Of Fiction has a show on 11/10/2012 at 06:00 PM @ Waco Civic Theatre in Waco, TX http://t.co/1eYomeAw #concert"
13,261746580422533121,Fri Oct 26 08:30:22 +0000 2012,0,0,"Wall Of Fiction has a show on 10/27/2012 at 10:00 PM @ Treff's Bar &amp; G... in Waco, TX http://t.co/37ui3Aq8 #concert"
14,257250714328371201,Sat Oct 13 22:45:24 +0000 2012,1,0,New songs that will be on the upcoming WOF C.D. titled Limbic System.  I hope you like
15,257250152241307648,Sat Oct 13 22:43:10 +0000 2012,0,0,"Posted a new song: ""No Change"" http://t.co/nNVHvWFh #music"
16,257248257300905985,Sat Oct 13 22:35:38 +0000 2012,0,0,"Posted a new song: ""NV"" http://t.co/nzBCHYGH #music"
17,255812635881242624,Tue Oct 09 23:30:59 +0000 2012,0,0,"Every time I see the Papa Johns, Jerry Jones rap commercial, I die a little bit inside..."
18,255665391186087936,Tue Oct 09 13:45:53 +0000 2012,0,0,"Real friends don't get offended when you insult them.
They smile and call you something even more offensive."
19,254644792619847681,Sat Oct 06 18:10:24 +0000 2012,0,0,"I said... 
Brr! 
It's cold in here 
I said there must be some Toros 
In the atmosphere"
20,251174283873759233,Thu Sep 27 04:19:50 +0000 2012,0,0,"Wall Of Fiction has a show on 09/28/2012 at 10:00 PM @ Treff's Bar &amp; G... in Waco, TX http://t.co/ZCXOZadh #concert"
21,250936886095396865,Wed Sep 26 12:36:30 +0000 2012,0,0,"Where is my mind
Where is my mind
Where is my mind"
22,249556665777664001,Sat Sep 22 17:12:00 +0000 2012,0,0,"Well, I checked out the new WOF album and I think y'all will like it. Its got some  big sexy hooks I think
you're really gonna dig...."
23,245728611737419777,Wed Sep 12 03:40:41 +0000 2012,1,1,"They all think I'm crazy, but I know better. It is not I who are crazy. It is I who am *mad*! Can't you hear them? Didn't you see the crowd?"
24,244656209142104065,Sun Sep 09 04:39:20 +0000 2012,0,0,"Wall Of Fiction has a show on 09/15/2012 at 08:00 PM @ The Spur, Waco, TX in Waco, TX http://t.co/THzfpUme #concert"
25,244655858364084224,Sun Sep 09 04:37:56 +0000 2012,0,0,"Wall Of Fiction has a show on 09/15/2012 at 08:00 PM @ The Spur, Waco, TX in Waco, TX http://t.co/d7qkIqNo #concert"
26,244281102007685120,Sat Sep 08 03:48:47 +0000 2012,0,0,It is rumored the new WOF album was inspired from Area 51 scientist reverse engineering Roswell wreckage...
27,242063187594330112,Sun Sep 02 00:55:35 +0000 2012,0,0,"nobody wished me a happy birthday today... :-(
which isn't surprising really, since it isn't my birthday..."
28,241217594076585984,Thu Aug 30 16:55:30 +0000 2012,0,0,Some ancient astronaut theorists believe that ________...
29,239526541036511233,Sun Aug 26 00:55:52 +0000 2012,0,0,Tonight at Treff's
30,238834620844605440,Fri Aug 24 03:06:25 +0000 2012,0,0,"Wall Of Fiction has a show on 08/25/2012 at 09:00 PM @ Treff's Bar &amp; G... in Waco, TX http://t.co/HpmgwqdD #concert"
31,238488451828301824,Thu Aug 23 04:10:52 +0000 2012,0,0,"Wall Of Fiction has a show on 08/24/2012 at 10:00 PM @ Treff's Bar &amp; G... in Waco, TX http://t.co/tahRxmVN #concert"
32,236279910136705024,Fri Aug 17 01:54:55 +0000 2012,0,0,"I need to wash myself again to hide all the dirt and pain
'Cause I'd be scared that there's nothing underneath"
33,235214998144696321,Tue Aug 14 03:23:20 +0000 2012,0,0,http://t.co/5hKwGgzD
34,235010511606005760,Mon Aug 13 13:50:46 +0000 2012,1,0,Anyone can play guitar
35,234308074511425537,Sat Aug 11 15:19:32 +0000 2012,0,0,"I want to be in a band
When I get to heaven"
36,234139824863469569,Sat Aug 11 04:10:59 +0000 2012,0,0,@walloffiction
37,233748091893870593,Fri Aug 10 02:14:22 +0000 2012,1,0,Some ancient astronaut theorists believe that the story of Wall of Fiction is an historical account of extraterrestrials visiting Earth...
38,233048414806487040,Wed Aug 08 03:54:06 +0000 2012,0,0,Are you a Baconator or the Son of Baconator???
39,232981663498526721,Tue Aug 07 23:28:51 +0000 2012,0,0,"Destination Truth
I want to join Josh Gates and travel the world in search for the truth behind the world's urban legends and paranormal"
40,232893733362864128,Tue Aug 07 17:39:27 +0000 2012,0,0,"If you don't have time to do it right, when will you have time to do it over???"
41,231862000282636288,Sat Aug 04 21:19:43 +0000 2012,4,0,Everything happens for a reason. But sometimes that reason is you're stupid and you make bad decisions...
42,230843391963975681,Thu Aug 02 01:52:08 +0000 2012,1,0,Nowadays common sense is like having a super power!!!
43,230806191645786113,Wed Aug 01 23:24:18 +0000 2012,0,0,Next to all the commemorative fast food chain glasses and cups I've accumulated over the past 62 years
44,230725615903461376,Wed Aug 01 18:04:08 +0000 2012,0,0,"Destiny, destiny protect me from the world...
Destiny, hold my hand, protect me from the world..."
45,230485812150681601,Wed Aug 01 02:11:14 +0000 2012,0,0,"Total Recall (2012) 
I was like, ""what? Damn you Hollywood!"" 
Then I saw it has Kate Beckinsale and Jessica Biel!
So I'm like, ""oh yeah!"""
46,229971866490646528,Mon Jul 30 16:09:00 +0000 2012,0,0,"@heatherjordan8 the dumb and dumber, which is the silence of the lambs reference... So I guess it's both..."
47,229810475301490689,Mon Jul 30 05:27:41 +0000 2012,57,0,"RT @CHRlSWISDOM: ""Hey"" , ""Hey"" , ""How are u?"" , "" Good u?"" , ""Good"", ""What are u doing?"", ""nothing u?"" , ""nothing"", Retweet if you hate  ..."
48,229810128910708737,Mon Jul 30 05:26:19 +0000 2012,0,0,I'd like to eat her liver with some fava beans and a nice bottle of Chianti.
49,229789303838998529,Mon Jul 30 04:03:33 +0000 2012,1,0,"I expected the Rocky Mountains to be a little rockier than this. 

I was thinking the same thing. That John Denver's full of shit, man."
50,225941367304638464,Thu Jul 19 13:13:14 +0000 2012,0,0,Words like weapons sharper then knives
51,223818231956258818,Fri Jul 13 16:36:39 +0000 2012,0,0,"TONIGHT!!!
Friday the 13th!!!
Treff's Bar n Grill, Waco, TX
Camp Crystal Lake Tribute!!!"
52,223604543466909696,Fri Jul 13 02:27:32 +0000 2012,0,0,Friday the 13th. We will play a show at Treff's to commemorate the occasion that a hockey masked psychopath killed campers at Crystal Lake!
53,223298486769156098,Thu Jul 12 06:11:22 +0000 2012,0,0,"Wall Of Fiction has a show on 07/13/2012 at 09:00 PM @ Treff's Bar &amp; G... in Waco, TX http://t.co/vf9xtdAm #concert"
54,221457248797462528,Sat Jul 07 04:14:57 +0000 2012,0,0,Day 1 in the studio complete!!!
55,220500093080576000,Wed Jul 04 12:51:33 +0000 2012,0,0,"Operation Rock Ressurection is going strong, the planning phase is almost complete.   We will then move to execution phase....mmuuuaahhhhh"
56,216511401932488704,Sat Jun 23 12:41:55 +0000 2012,0,0,Tonight at Beatniks
57,214426104268730368,Sun Jun 17 18:35:41 +0000 2012,1,0,Happy Babies Daddy Day!!!
58,213613627587051521,Fri Jun 15 12:47:12 +0000 2012,0,0,Dr. Henrik Von übergeschnappt
59,211645459440222208,Sun Jun 10 02:26:24 +0000 2012,0,0,"Each time I try to turn around, it's the past that follows me..."
60,211168128120528896,Fri Jun 08 18:49:39 +0000 2012,0,0,"Hey, wait, I got a new complaint!!!"
61,209041280557260800,Sat Jun 02 21:58:19 +0000 2012,0,0,WOF is the art of producing a desired effect presumably assure human control of supernatural agencies or the forces of nature.
62,208547923099791361,Fri Jun 01 13:17:54 +0000 2012,0,0,"Tonight WOF and Moniker!!!
Treff's, Waco
Sledgehammers and Flamethowers Tour reunion show, it will be 
Supercalifragilisticexpialidocious!!!"
63,207816572583153664,Wed May 30 12:51:46 +0000 2012,0,0,"I wish the zombie apocalypse would hurry up and get here, I got zombie hunting gear gathering dust..."
64,204236101743947776,Sun May 20 15:44:15 +0000 2012,0,0,Like disco lemonade!!!
65,204045077637640192,Sun May 20 03:05:12 +0000 2012,0,0,"Remember if you don't rate, just over compensate... People do it all the time..."
66,203866950605086720,Sat May 19 15:17:23 +0000 2012,1,0,Life... It's sexually transmitted and always fatal...
67,203686040450502656,Sat May 19 03:18:31 +0000 2012,3,0,"Smells Like Teen Spirit

#1 on VH1 Greatest Songs of the 90's...
Like we didn't know this anyways!!!"
68,201654878551019521,Sun May 13 12:47:24 +0000 2012,0,0,Happy Baby Mama's Day!!!
69,201415026362433537,Sat May 12 20:54:19 +0000 2012,2,1,"Thank God, 4 allowing man to create XM radio and iPods, I can't take all the corporate mainstream music this radio station force feeds us!!!"
70,200400846603825152,Thu May 10 01:44:19 +0000 2012,0,0,I'm tired of sleeping these insane hours!!!
71,200037848542494720,Wed May 09 01:41:54 +0000 2012,0,0,"We've run with wolves
We've climbed K2 even stopped a moving train
We've traveled through space and time my friends to rock this house again"
72,199558218203140096,Mon May 07 17:56:01 +0000 2012,0,0,"Si alguien le ofrece la oferta ua vida de los dulces y no es sólo una pieza, no lo coma: Probablemente es veneno."
73,198949812299759617,Sun May 06 01:38:26 +0000 2012,0,0,"Hay música que nunca se escuchará, a menos que usted juega."
74,198932717516242944,Sun May 06 00:30:30 +0000 2012,0,0,Once. Exactamente. Uno más fuerte.
75,198793233646616576,Sat May 05 15:16:14 +0000 2012,1,0,"Were we too loud last night???
I can still only here the thoughts in my head... But hey, it's rock n roll!!!"
76,198773483503755264,Sat May 05 13:57:46 +0000 2012,0,0,"Ella llora que su vida es como Algunas películas en blanco y negro Actores muertos fingiendo líneas, una y otra y otra vez llora"
77,198279195699314688,Fri May 04 05:13:38 +0000 2012,0,0,"She cries her life is like 
Some movie in black and white 
Dead actors faking lines, over and over and over again she cries"
78,197143272228003840,Tue May 01 01:59:53 +0000 2012,0,0,"Wall Of Fiction has a show on 05/04/2012 at 10:00 PM @ Treff's Bar &amp; G... in Waco, TX http://t.co/JbOHnVpj #concert"
79,197056096421163008,Mon Apr 30 20:13:29 +0000 2012,0,0,Elevn. Exactly. One louder!!!
80,196244705212764161,Sat Apr 28 14:29:18 +0000 2012,0,0,"@ksym901 KSYM
Science of Sound 
Thank You San Antonio College students and staff!!!
We had a great time yesterday at the studio!!!"
81,196243610361004032,Sat Apr 28 14:24:57 +0000 2012,1,0,"@ksymEmpire WOF subliminal propaganda campaign.... Click link below...

http://t.co/1aKYLiwe"
82,196243455318560769,Sat Apr 28 14:24:20 +0000 2012,0,0,"@ksym901 WOF subliminal propaganda campaign.... Click link below...

http://t.co/1aKYLiwe"
83,196243185385734145,Sat Apr 28 14:23:16 +0000 2012,0,0,"@thewaveksym WOF subliminal propaganda campaign.... Click link below...

http://t.co/1aKYLiwe"
84,196051502312329216,Sat Apr 28 01:41:35 +0000 2012,0,0,"@KazzyStallwood I would hope everyone loves ""Mad World""!!!"
85,196050490134499328,Sat Apr 28 01:37:33 +0000 2012,0,0,"All around me are familiar faces
Worn out places, worn out faces
Bright and early for their daily races
Going nowhere, going nowhere"
86,196034074446528512,Sat Apr 28 00:32:20 +0000 2012,0,0,"Science of Sound 
KSYM
Thank You San Antonio College students and staff and Tank!!!
We had a great time today at the studio!!!"
87,195970182701789184,Fri Apr 27 20:18:27 +0000 2012,2,0,"Wall Of Fiction has a show on 04/29/2012 at 01:00 PM @ Hog Creek Icehouse in Waco, TX http://t.co/BrwdzxqL #concert"
88,195706295502913536,Fri Apr 27 02:49:51 +0000 2012,2,0,"Don't chase your dreams, catch your dreams!!!"
89,195598013475983363,Thu Apr 26 19:39:35 +0000 2012,0,0,"Jenny I got your number 
I need to make you mine 
Jenny don't change your number 
867-5309"
90,195371941912264704,Thu Apr 26 04:41:15 +0000 2012,0,0,"Now I lay me down to sleep,
I pray the Lord my soul to keep.
If I should die before I wake,
I pray the Lord my soul to take."
91,195233134860697600,Wed Apr 25 19:29:41 +0000 2012,1,0,"Wall Of Fiction has a show on 04/27/2012 at 12:00 PM @ San Anto... in San Antonio, TX http://t.co/ZyzmHD7U #concert"
92,195008535715790848,Wed Apr 25 04:37:12 +0000 2012,0,0,Don't act like your not impressed by my Tom foolery!!!
93,194967993472659457,Wed Apr 25 01:56:06 +0000 2012,0,0,"WOF subliminal propaganda campaign.... Click link below...

http://t.co/1aKYLiwe"
94,194899264378384384,Tue Apr 24 21:23:00 +0000 2012,0,0,I'm living so far beyond my income that we may almost be said to be living apart...
95,194885640263966720,Tue Apr 24 20:28:52 +0000 2012,0,0,A lie gets halfway around the world before the truth has a chance to get its pants on...
96,194856601629372417,Tue Apr 24 18:33:28 +0000 2012,0,0,"Only two things are infinite, the universe and human stupidity, and I'm not sure about the former..."
97,194824344931803138,Tue Apr 24 16:25:18 +0000 2012,0,0,"You can avoid reality, but you cannot avoid the consequences of avoiding reality..."
98,194773156211326976,Tue Apr 24 13:01:53 +0000 2012,0,0,The fundamental cause of trouble in the world is that the stupid are cocksure while the intelligent are full of doubt...
99,194642098287427585,Tue Apr 24 04:21:07 +0000 2012,1,0,Our EP Salvation is now available on iTunes for your enjoyment!!!
100,194609225111052290,Tue Apr 24 02:10:29 +0000 2012,0,0,"I was going to write the best post ever, but unfortunately I forgot it before I got this far... Maybe next time..."
101,194560688100872193,Mon Apr 23 22:57:37 +0000 2012,0,0,Pepperoni pizza pie!!!!
102,194535098341785600,Mon Apr 23 21:15:56 +0000 2012,0,0,"I wish the zombie apocalypse would hurry up and get here, I got zombie hunting gear gathering dust..."
103,194431846409445376,Mon Apr 23 14:25:39 +0000 2012,1,0,Monday's and coffee go together like steroids and baseball players...
104,194412471191224320,Mon Apr 23 13:08:39 +0000 2012,0,0,"Captain's Log, Stardate 201204.23:
Today we beamed down to a planet in the B'Tran Cluster..."
105,194207543919263744,Sun Apr 22 23:34:21 +0000 2012,0,0,"Advertising has us chasing cars and clothes, working jobs we hate so we can buy stuff we don't need..."
106,194116175616155648,Sun Apr 22 17:31:17 +0000 2012,0,0,@AshleySWright3 thank you!!!
107,194114205253767168,Sun Apr 22 17:23:27 +0000 2012,0,0,"Some YouTube of WOF live...

http://t.co/UMaAkDKe"
108,194098533782126592,Sun Apr 22 16:21:11 +0000 2012,0,0,"Added a new video: ""Wall of Fiction-Erosion2010.mpg"" http://t.co/w0eyZTQ1 #video"
109,194098520280662016,Sun Apr 22 16:21:08 +0000 2012,0,0,"Added a new video: ""Wall of Fiction-Indecisionbob.mpg"" http://t.co/aFhzkMax #video"
110,194098505663520768,Sun Apr 22 16:21:04 +0000 2012,0,0,"Added a new video: ""Wall of Fiction- My Purgatory"" http://t.co/pPcjqdzM #video"
111,194098492052996096,Sun Apr 22 16:21:01 +0000 2012,0,0,"Added a new video: ""Wall of Fiction- After Midnight"" http://t.co/jOpHc1B5 #video"
112,194096996909461507,Sun Apr 22 16:15:04 +0000 2012,0,0,"Added a new video: ""Wall of Fiction- My Purgatory"" http://t.co/IBuDFFcY #video"
113,194092737300140032,Sun Apr 22 15:58:09 +0000 2012,0,0,Today is my lazy day...
114,194074972203913216,Sun Apr 22 14:47:33 +0000 2012,1,0,"This is your life, and it's ending one minute at a time..."
115,193910172421324801,Sun Apr 22 03:52:42 +0000 2012,0,0,Some people are like fast food... They never look as good in real life as they do on TV...
116,193875875484274688,Sun Apr 22 01:36:25 +0000 2012,0,0,@govatos LOL!!! This is Barnum!!! I can never resist the TD ref...
117,193866626221867008,Sun Apr 22 00:59:40 +0000 2012,0,0,@MensHumor
118,193866043649835009,Sun Apr 22 00:57:21 +0000 2012,0,0,"@Karaoklee
Lee Lee Lee Lee Lee Lee Lee Lee Lee, 
We're talkin' fuckin' Lee. 
I had a friend named Lee, 
He cast a spell a spell on me."
119,193865941325590529,Sun Apr 22 00:56:56 +0000 2012,0,0,"@govatos 
Lee Lee Lee Lee Lee Lee Lee Lee Lee, 
We're talkin' fuckin' Lee. 
I had a friend named Lee, 
He cast a spell a spell on me."
120,193865712777965568,Sun Apr 22 00:56:02 +0000 2012,0,0,@govatos @karaoklee
121,193843331892133890,Sat Apr 21 23:27:06 +0000 2012,0,0,You don't keep throwing your net where there aren't any fish...
122,193777882819067904,Sat Apr 21 19:07:02 +0000 2012,0,0,"If we never did anything, we would never be anybody..."
123,193695875820826627,Sat Apr 21 13:41:10 +0000 2012,1,0,"The further you run from your sins, the more exhausted you are when they catch up to you."
124,193538312508674049,Sat Apr 21 03:15:04 +0000 2012,0,0,@AshleySWright3 but even Nirvana played a Zep cover...
125,193538110913642496,Sat Apr 21 03:14:16 +0000 2012,0,0,"@AshleySWright3 I will agree, I love Nirvana!!! 
Jason-GTR"
126,193506986229366784,Sat Apr 21 01:10:35 +0000 2012,0,0,"@AshleySWright3 you don't like nirvana, or we're not their equal???"
127,193488052331618304,Fri Apr 20 23:55:21 +0000 2012,0,0,@AshleySWright3 Umm No???
128,193473987525869571,Fri Apr 20 22:59:27 +0000 2012,0,0,"I like to think of WOF's music as a Led Zeppelin, U2, Nirvana goulash of sorts, seasoned with our mojo and swagger..."
129,193459206626623489,Fri Apr 20 22:00:43 +0000 2012,1,0,"Domestic gorilla warfare 101:
 buying cheap toilet paper in bulk, really makes your significant other angry!!!"
130,193451999998656513,Fri Apr 20 21:32:05 +0000 2012,0,0,"If its a lesson in Love watch out, I suffer from a very sexy learning disability... It's called sex-lexia!!!"
131,193444294298828800,Fri Apr 20 21:01:28 +0000 2012,0,0,"@nicsameva LOL Maybe so, Maybe so..."
132,193441948726607872,Fri Apr 20 20:52:09 +0000 2012,0,0,"It's fate, you know. Nobody can stop fate, nobody can..."
133,193386049295220736,Fri Apr 20 17:10:01 +0000 2012,0,0,"New Haircut Day!!!
Starting a old/new trend!!!"
134,193352991913426944,Fri Apr 20 14:58:40 +0000 2012,0,0,"@Fender All the stars and planets were aligned so that the world could experience the Stratocaster !!!
Thank you!!!"
135,193351769659670528,Fri Apr 20 14:53:48 +0000 2012,0,0,@EHX deluxe memory man = heaven in a box on earth!!! Thanks EH!!!
136,193351271313448960,Fri Apr 20 14:51:50 +0000 2012,0,0,"@VOXamps Vox AC 30!!! The tastiest amp I own!!! 
Thank you Vox!!!"
137,193350506704404481,Fri Apr 20 14:48:47 +0000 2012,0,0,"@WrenandCuff We love the big muffs!!!
Thanks for making tasty fuzz pedals!!!"
138,193349813562114048,Fri Apr 20 14:46:02 +0000 2012,1,0,"I'm pretty sure there's more to life than being really, really ridiculously good looking, and I plan on finding out what that is."
139,193347304810487808,Fri Apr 20 14:36:04 +0000 2012,0,0,"Tonight the stars and planets have aligned so that you may experience Wall of Fiction at Treff's  in beautiful down town Waco, TX..."
140,193339571092725760,Fri Apr 20 14:05:20 +0000 2012,1,0,We're going to play our music like we're telling the best story in the whole world...
141,193332819018256385,Fri Apr 20 13:38:30 +0000 2012,0,0,Human identity is no longer defined by what one does but rather by what one owns...
142,193283877211615232,Fri Apr 20 10:24:02 +0000 2012,0,0,"I hate being up b4 the sun is, I should be going to bed, not get out of it..."
143,193179952638730240,Fri Apr 20 03:31:04 +0000 2012,0,0,One often meets his destiny on the road he takes to avoid it...
144,193174524907364352,Fri Apr 20 03:09:30 +0000 2012,1,0,"I have a bucket list, but my fucket list is way longer..."
145,193151355077140480,Fri Apr 20 01:37:26 +0000 2012,0,0,What we do in life echoes in eternity...
146,193148626992775168,Fri Apr 20 01:26:35 +0000 2012,0,0,"I'm watching ""The Horde"" on Netflix, read the description that it had zombies, but it's in French??? with subtitles???"
147,193115339402395648,Thu Apr 19 23:14:19 +0000 2012,1,0,We're designed to be hunters and we're in a society of shopping...
148,193093321747472384,Thu Apr 19 21:46:50 +0000 2012,2,0,Fiction reveals truths that reality obscures...
149,193085270667694080,Thu Apr 19 21:14:50 +0000 2012,0,0,"@nicsameva Pretty little girl with the red dress on,
Poor Otis dead and gone"
150,193083261923233792,Thu Apr 19 21:06:51 +0000 2012,1,0,Imagination and fiction make up more than three quarters of our real life...
151,193080767864254464,Thu Apr 19 20:56:56 +0000 2012,0,0,"@nicsameva ""When all else fails, we can whip the horses' eyes
and make them sleep and cry."""
152,193079354362834945,Thu Apr 19 20:51:19 +0000 2012,0,0,"@sir_fadiee thanks, we are trying!!!"
153,193073316028891136,Thu Apr 19 20:27:20 +0000 2012,0,0,@kacange @privatepaperbnd we shall check it out
154,193072454472704000,Thu Apr 19 20:23:54 +0000 2012,0,0,"Can you find me soft asylum?
I can't make it anymore; the man is at the door..."
155,193037084754329600,Thu Apr 19 18:03:22 +0000 2012,0,0,@Subexpuesta thanks!!!
156,193036790276431873,Thu Apr 19 18:02:11 +0000 2012,2,0,"There is music you will never hear, unless play it yourself..."
157,193036550857162754,Thu Apr 19 18:01:14 +0000 2012,0,0,@kacange thanks!!! Appreciate it!!!
158,192993709992853506,Thu Apr 19 15:11:00 +0000 2012,0,0,What is this true twit validation people keep sending us??? Is it spam or something we should do???
159,192991819276095488,Thu Apr 19 15:03:29 +0000 2012,0,0,"There's what people want to hear, then there's what people want to believe, there's everything else, then there's truth"
160,192945115038351360,Thu Apr 19 11:57:54 +0000 2012,0,0,Every show's your last show.  That's my philosophy...
161,192926770016690177,Thu Apr 19 10:45:01 +0000 2012,2,0,Principles only mean something when you stick to them when it’s inconvenient...
162,192831098919727104,Thu Apr 19 04:24:51 +0000 2012,0,0,Anyone else looking forward to Alien Tornado on SyFy this Saturday???
163,192827139886809090,Thu Apr 19 04:09:07 +0000 2012,0,0,"@ReverbNation 
I almost exclusively update my bands Twitter page while pooping..."
164,192825265532051456,Thu Apr 19 04:01:40 +0000 2012,0,1,"If somebody offers u a lifetime supply of candy and there is just one piece, don't eat it: It's probably poison..."
165,192812799976685568,Thu Apr 19 03:12:08 +0000 2012,0,0,"Don't miss Fridays Show at Treff's!!!
 
Cuz you never know when we might die in a freak gasoline fight accident!!!"
166,192811901900689409,Thu Apr 19 03:08:34 +0000 2012,634,0,"RT @The90sLife: ""I'm a creep, I'm a weirdo, What the hell am I doin' here? I don't belong here…"" #best90ssong"
167,192811221769125888,Thu Apr 19 03:05:52 +0000 2012,0,0,But what does it all mean???
168,192810887743160320,Thu Apr 19 03:04:32 +0000 2012,4,0,"RT @DrInHiding: Kids in back seats cause accidents, accidents in back seats cause kids"
169,192809053305581570,Thu Apr 19 02:57:15 +0000 2012,0,0,"I think, I now may, possibly, know how to tweet!!!  Ah, technology, welcome to the future!!!"
170,192807629876240385,Thu Apr 19 02:51:35 +0000 2012,0,0,@MrRudencio hey thanks for listening!!!
171,192807505083109376,Thu Apr 19 02:51:06 +0000 2012,0,0,@alakonarska thanks for listening!!!
172,192807350187466752,Thu Apr 19 02:50:29 +0000 2012,0,0,@Nati_Cifuentes thank you for listening!!!
173,192788954465042432,Thu Apr 19 01:37:23 +0000 2012,0,0,Anyone know of a awesome chorus pedal??? I finally broke my EH Small Clone... I think the TC Electronic chorus maybe my next...
174,192740936369979392,Wed Apr 18 22:26:34 +0000 2012,0,0,"Click on the link below...
It will teleport you to a parallel universe, where everything will appear as it is... 

http://t.co/1aKYLiwe"
175,192728936168431616,Wed Apr 18 21:38:53 +0000 2012,0,0,"@SyntaxError_717 
Link 2 our music, thanks!!!
http://t.co/1aKYLiwe"
176,192721482412064768,Wed Apr 18 21:09:16 +0000 2012,0,0,"Here is a link to our music:
http://t.co/1aKYLiwe"
177,192710728698957826,Wed Apr 18 20:26:32 +0000 2012,0,0,@alakonarska thanks!!!
178,192709478758625283,Wed Apr 18 20:21:34 +0000 2012,0,0,"@SyntaxError_717 
http://t.co/1aKYLiwe"
179,192707657654734849,Wed Apr 18 20:14:20 +0000 2012,0,0,@taayzorzette hello!!!
180,192707486548107264,Wed Apr 18 20:13:39 +0000 2012,0,1,@jelztah I guess we need to look into it!!!
181,192707079230853121,Wed Apr 18 20:12:02 +0000 2012,0,0,@Nati_Cifuentes thanks!!!
182,192704024263401472,Wed Apr 18 19:59:54 +0000 2012,0,0,@MikeCobain16 thanks!!!
183,192639388889518080,Wed Apr 18 15:43:04 +0000 2012,0,0,"Don't miss Fridays Show at Treff's!!!
 
Cuz you never know when we might die in a freak gasoline fight accident!!!"
184,192597351985188867,Wed Apr 18 12:56:01 +0000 2012,0,0,"COMMON SENSE
It's so rare, it's kinda like a superpower..."
185,192481757600284673,Wed Apr 18 05:16:41 +0000 2012,0,0,"5 Scientific Reasons a Zombie Apocalypse Could Actually Happen

Brain Parasites
Neurotoxins
The Real Rage Virus
Neurogenesis
Nano bots"
186,192432988783513601,Wed Apr 18 02:02:54 +0000 2012,0,0,I know karate and ninja stuff!!!
187,192260788000522240,Tue Apr 17 14:38:38 +0000 2012,2,1,"I strongly feel that we should banned people...
Because Guns don't kill people,
People kill people!!!"
188,192236084720185344,Tue Apr 17 13:00:28 +0000 2012,1,0,"Sometimes I make outlandish claims like, I invented duct tape!!! 
Duct tape is sticky..."
189,192107040766832640,Tue Apr 17 04:27:42 +0000 2012,0,0,"I was going to post something inspirational, but everyone else has already done that... So, good night... That is all..."
190,192088426240151553,Tue Apr 17 03:13:44 +0000 2012,0,0,Det er lenge siden sist vi møttes!
191,191995084219228160,Mon Apr 16 21:02:49 +0000 2012,0,0,Big thanks to James Durben!!! \m/
192,191876758235136000,Mon Apr 16 13:12:38 +0000 2012,0,0,"ALL GLORY TO THE HYPNOTOAD!!!

http://t.co/uyRUeotX"
193,191742655326195712,Mon Apr 16 04:19:46 +0000 2012,0,0,Luftputefartøyet mitt er fullt av ål
194,191647501097512961,Sun Apr 15 22:01:39 +0000 2012,0,0,"In the words of Pat Benatar,
Stop using sex as a weapon ..."
195,191617583177404416,Sun Apr 15 20:02:46 +0000 2012,0,0,WOF BBQ and watching Norwegian film Troll Hunter or something like that!!!
196,191565323961499649,Sun Apr 15 16:35:07 +0000 2012,0,0,"My twin 6 year old sons are listening to AC/DC, they found it all on their own, I think they are way cooler then I was at 6!!!"
197,191559157072142336,Sun Apr 15 16:10:36 +0000 2012,0,0,"Ok, my subliminal propaganda campaign is finished for today, i think its called marketing or something???"
198,191556947563134976,Sun Apr 15 16:01:49 +0000 2012,1,0,"(---subliminal message---)
Subscribe to the WOF YouTube!!!
Link below:

http://t.co/BWOE3xsZ"
