,id_str,created_at,retweet_count,favorite_count,text
0,667065506898288642,Wed Nov 18 19:43:04 +0000 2015,0,2,"How I did on Twitter this week: 4 New Followers, 3 Mentions, 3 Retweets. How'd your week go? via https://t.co/1mFurmsPRF"
1,665941236549705728,Sun Nov 15 17:15:38 +0000 2015,0,1,@LatifaSaeedM yah okay lmao - dear grow up #growup #hater
2,665940499887341569,Sun Nov 15 17:12:42 +0000 2015,0,1,@LatifaSaeedM now ur starting to sound really stupid- pulling the race card doesn't work with me- #idiotsliveon
3,665939160667058176,Sun Nov 15 17:07:23 +0000 2015,0,1,@LatifaSaeedM clearly its easier for u to shift blame. Typical #IgnoranceMustFall
4,665802128225513472,Sun Nov 15 08:02:52 +0000 2015,26,0,"RT @PepperTheDog: #Adopt #Dog #WA ADOPTION EVENT! REBER RANCH: ADOPTION EVENT! REBER RANCH's Story:

        ... https://t.co/sbr0wNk15u Pl…"
5,665802088689995776,Sun Nov 15 08:02:42 +0000 2015,26,0,"RT @PepperTheDog: #Adopt #Dog #AL Ruthann: Ruthann's Story:

    Ruthann is 4 ... https://t.co/uxIIV1M1YL Plz RT 2 Help"
6,665601328152907776,Sat Nov 14 18:44:57 +0000 2015,193,0,RT @BreakingNews: Paris prosecutor says 3 teams of terrorists from the Islamic State likely to have coordinated attacks - @FRANCE24 https:/…
7,665600255484817408,Sat Nov 14 18:40:41 +0000 2015,476,0,"RT @ABC7: #BREAKINGNEWS Cal State Long Beach student, 20, killed in Paris terror attacks
https://t.co/ZSPSSzc8Gb"
8,665600020461154306,Sat Nov 14 18:39:45 +0000 2015,388,0,RT @FoxNews: #Paris prosecutor: 129 dead and around 350 wounded; 99 of the wounded are critical. #ParisAttacks https://t.co/CJKXCIERaa
9,665585968276049920,Sat Nov 14 17:43:55 +0000 2015,739,0,"RT @cnnbrk: Authorities in Belgium make number of arrests during raids in connection to Paris attacks, Belgian official says. https://t.co/…"
10,665562020226273281,Sat Nov 14 16:08:45 +0000 2015,1,2,@NiallersEgg @WaterfallHS @QueenRonaldo @QueenRonaIdo fatty you sound like a nut job yourself -
11,665501962444496898,Sat Nov 14 12:10:06 +0000 2015,0,1,"@NewDay Y report ""attackers"" really/they r terrorist/&amp; terrorized innocent people/call it what it is! #ParisAttacks  https://t.co/wxqx43KjwR"
12,665499529836302336,Sat Nov 14 12:00:26 +0000 2015,0,0,@uzeynepe it's the Muslim extremist sickos   #prayforparis   https://t.co/ExvWpke1TW
13,665496410016518145,Sat Nov 14 11:48:03 +0000 2015,0,0,@NiallersEgg @WaterfallHS @QueenRonaldo -Most terrorists are Muslim -fact check -  https://t.co/yQ0sBqxliL
14,665495809731899392,Sat Nov 14 11:45:40 +0000 2015,0,1,@LatifaSaeedM  that's the dumbest thing I've heard all night - carry on #idiot  https://t.co/PE5MIda4dL
15,665495313461805056,Sat Nov 14 11:43:41 +0000 2015,0,0,@WaterfallHS  yes but most terrorists are Muslims -let's not sugar coat it - #ParisAttacks  https://t.co/ujtzSRGGAV
16,665493975902498816,Sat Nov 14 11:38:22 +0000 2015,412,0,RT @Svarta_: Monuments around the world light up in colours of the French flag. #ParisAttacks https://t.co/DDHE5qcovN
17,665492856870596608,Sat Nov 14 11:33:55 +0000 2015,573,0,RT @iamdamienwilde: Just amazing that this man's phone stopped a bullet and saved his life. #ParisAttacks https://t.co/ZP95ui5kW0
18,665492671406870528,Sat Nov 14 11:33:11 +0000 2015,1,2,@jay_psych bless you - ur leaders in the Muslim world need to start speaking out - #prayforparis  https://t.co/rYBpzRHi0M
19,665491489615548416,Sat Nov 14 11:28:30 +0000 2015,174,0,RT @SkyNews: Running For Their Lives From Concert Attackers https://t.co/elzjZojTyt
20,665489966303043584,Sat Nov 14 11:22:26 +0000 2015,1108,0,RT @dailytelegraph: Sydney Opera House lights up in support of Paris #ParisAttacks #PrayforParis https://t.co/X2iFRUqYgx https://t.co/VgZ2t…
21,665488939285778432,Sat Nov 14 11:18:21 +0000 2015,0,1,@JasonManford much of what you wrote on Facebook is what many r thinking -
22,665294948707635201,Fri Nov 13 22:27:31 +0000 2015,760,0,RT @cnni: #Paris attackers reportedly used AK-47 automatic weapons: https://t.co/XPeam8JkcI
23,665294779442331648,Fri Nov 13 22:26:50 +0000 2015,1,1,@itvnews  so very sad!!! #praying  https://t.co/tqHgXsR1up
24,664542484786229248,Wed Nov 11 20:37:29 +0000 2015,0,0,"How I did on Twitter this week: 2 New Followers, 1 Mentions, 4 Retweets, 844 Retweet Reach. How'd your week go? via https://t.co/1mFurmsPRF"
25,662875528697790464,Sat Nov 07 06:13:36 +0000 2015,1,0,RT @danigirl949: @DavidMuir love your news - but you need a new hair style - for real- @NBCNewsWorld #fire ur hair stylist #badhair
26,662015931535794176,Wed Nov 04 21:17:52 +0000 2015,0,1,"How I did on Twitter this week: 2 Mentions, 742 Mention Reach, 2 Retweets. How'd your week go? via https://t.co/1mFurmsPRF"
27,661980734635180032,Wed Nov 04 18:58:00 +0000 2015,0,1,@MARTA51SARGENT thanks for the follow - hope you have a great day today -
28,661980018008981504,Wed Nov 04 18:55:09 +0000 2015,0,1,"@rohrrr  I bet, such a great time of the year for you - enjoy the day ;)  https://t.co/Xi3oyUtVN4"
29,661923934346936320,Wed Nov 04 15:12:18 +0000 2015,1,2,Question of the day
30,661923558377959424,Wed Nov 04 15:10:48 +0000 2015,1,1,Question of the day #question #poll
31,661923395458609154,Wed Nov 04 15:10:10 +0000 2015,1,1,Question of the day #poll which one ?
32,661923042969317376,Wed Nov 04 15:08:46 +0000 2015,0,1,@rohrrr thank you for the follow - have a beautiful day
33,661698520705994752,Wed Nov 04 00:16:35 +0000 2015,0,0,Are you a ... #pollofthenight
34,661680512713408512,Tue Nov 03 23:05:02 +0000 2015,4,0,RT @GayWeHoDogs4U: #Save me! Adult female #Chihuahua.  #nkla #dogs #love https://t.co/HECSpvZR2d https://t.co/OAYMWSLyom
35,661680462583042048,Tue Nov 03 23:04:50 +0000 2015,4,0,RT @GayWeHoDogs4U: #Rescue me! Young female #MiniaturePinscher mix.  #nkla #dogs #love https://t.co/WVSpQW1cQK https://t.co/KL7dhFJvH4
36,661635959159558144,Tue Nov 03 20:07:59 +0000 2015,1,1,#Question of the day
37,661634880376209408,Tue Nov 03 20:03:42 +0000 2015,1,0,RT @danigirl949: What is your preference  #poll of the day
38,661634867508084736,Tue Nov 03 20:03:39 +0000 2015,3,0,RT @danigirl949: #Poll of the day / retweet to friends @1psykdr @bernsv @alexsandra8888 @imsilviamanning
39,661634850940567552,Tue Nov 03 20:03:35 +0000 2015,1,0,RT @danigirl949: Your dream vacation
40,660469732747776000,Sat Oct 31 14:53:49 +0000 2015,1,2,Today's thought #smile #positive #life https://t.co/MHnVIcAOVu
41,660299806707838976,Sat Oct 31 03:38:36 +0000 2015,0,1,@SealBeachPolice ps - stay safe out there ( forgot to say that )
42,660299685022691328,Sat Oct 31 03:38:07 +0000 2015,0,0,@SIEDAHGARRETT thank you for the follow - have a wonderful and safe weekend
43,660299509054898176,Sat Oct 31 03:37:25 +0000 2015,0,1,@SealBeachPolice thanks for the follow - love your city - one of the last real beach towns!
44,660299343828615168,Sat Oct 31 03:36:45 +0000 2015,0,1,@NatashaABC7 thanks for the follow - love what you do! #yougogirl
45,660099097722941441,Fri Oct 30 14:21:03 +0000 2015,1,0,RT @danigirl949: Have a fun and save holloween every1 #meow #Holloween #catslife https://t.co/FfsZK5zZKS
46,659456679843614721,Wed Oct 28 19:48:19 +0000 2015,0,1,"How I did on Twitter this week: 7 New Followers, 2 Mentions, 1 Retweets. How'd your week go? via https://t.co/1mFurmsPRF"
47,659456345997901824,Wed Oct 28 19:46:59 +0000 2015,0,1,@OCSD amazing - that's brutal training -  https://t.co/pPGvFypJYW
48,659455290731958272,Wed Oct 28 19:42:48 +0000 2015,0,1,My daily lunch/healthy eating #peanutbutter #veggies #cheese #carrots #lunch #healthy #boring lol https://t.co/osE7iDl61P
49,659072864084070400,Tue Oct 27 18:23:10 +0000 2015,0,2,@1psykdr @bernsv You 2 will love this!!!!! https://t.co/dFZmNMT1Du
50,658845025439100928,Tue Oct 27 03:17:49 +0000 2015,0,0,@askjillian I agree - it's sick!!!! https://t.co/oddWxlQT3J
51,658844466262872064,Tue Oct 27 03:15:36 +0000 2015,0,1,@Serabbi  this is so disturbing I don't even understand #shesucks  https://t.co/PJhTxPg4VH
52,658843108101087234,Tue Oct 27 03:10:12 +0000 2015,0,1,@Serabbi  that makes me sick - who is this person  https://t.co/UNGJEiBNwE
53,658842774905597952,Tue Oct 27 03:08:52 +0000 2015,0,0,@BravoWWHL  can't believe I am saying this - team Tamra  https://t.co/rJ73SGrgw7
54,658842326962339840,Tue Oct 27 03:07:06 +0000 2015,0,0,@Migogos thanks for the follow - have a blessed week
55,658841988385533952,Tue Oct 27 03:05:45 +0000 2015,1,4,GRATITUDE is the KEY to Happiness- @DuccioManfredi @1psykdr @imsilviamanning @itsmichalla
56,658831768238166021,Tue Oct 27 02:25:08 +0000 2015,0,0,@PerezHilton seriously what a disappointment!!    https://t.co/BKdHORSOjk
57,658831213046558720,Tue Oct 27 02:22:56 +0000 2015,0,1,@TraceeEllisRoss so beautiful - I want that dress #amazing  https://t.co/jhWVwA3IMB
58,658830247974973441,Tue Oct 27 02:19:06 +0000 2015,0,0,@billcarroll640  he's on fire!!! All that hard work is paying off u &amp; sylvie have to b so proud  https://t.co/SwrlaX4DPp
59,658829727268888576,Tue Oct 27 02:17:02 +0000 2015,0,0,Whenever I am tired I speak with English accent #tired #sleepy
60,658827776825266176,Tue Oct 27 02:09:17 +0000 2015,11,0,RT @3GuysWithCamera: A sushi wedding cake? These #wedding #cakes are so bad you have to see them&gt;&gt;   #food http://t.co/aRYtE5znTk
61,658827001633988608,Tue Oct 27 02:06:12 +0000 2015,0,1,@DuccioManfredi thanks for the follow - have a wonderful week
62,658826754358796288,Tue Oct 27 02:05:13 +0000 2015,0,1,@PerezHilton this is so so sad!!! I hate seeing stuff like this  https://t.co/aMLHnUVySS
63,658825939258769408,Tue Oct 27 02:01:58 +0000 2015,0,1,"@VERlFlED_Users thanks for the ""favorite"" I love favorites ;)"
64,658825279004016641,Tue Oct 27 01:59:21 +0000 2015,0,0,@soapfanfiction thanks for the retweet - I love retweets!
65,656929612094685184,Wed Oct 21 20:26:39 +0000 2015,0,0,"How I did on Twitter this week: 2 New Followers, 2 Mentions, 4 Retweets. How'd your week go? via https://t.co/1mFurmsPRF"
66,656310197292412928,Tue Oct 20 03:25:19 +0000 2015,34,0,"RT @factlifee0: Being in a relationship is not about kissing, dates, taking pictures or showing off. It's about being with the person who m…"
67,656310034909937664,Tue Oct 20 03:24:40 +0000 2015,0,0,https://t.co/fPGWqGcU39 @PerezHilton  #kindness
68,656309891322109952,Tue Oct 20 03:24:06 +0000 2015,0,0,https://t.co/fPGWqGcU39 @Kimzolciak
69,656309810321686528,Tue Oct 20 03:23:47 +0000 2015,0,0,https://t.co/fPGWqGcU39 @AmiriKing
70,656309617421455361,Tue Oct 20 03:23:01 +0000 2015,0,0,Hey twitter bugs. Let see how many of u can show kindness 2 a family in need https://t.co/fPGWqGcU39
71,655548772949225473,Sun Oct 18 00:59:41 +0000 2015,1,2,#dogslife Oso just finished eating the cushions - ugh http://t.co/PuNHLBsT3j
72,655547648506662912,Sun Oct 18 00:55:13 +0000 2015,0,0,What a jack hole!!! @cnn  https://t.co/4ar0THvONy
73,655390135727484928,Sat Oct 17 14:29:19 +0000 2015,0,0,"Breaking ""break"" ?@brookeburke  https://t.co/wK6goLOzuz"
74,655389073566142464,Sat Oct 17 14:25:06 +0000 2015,1,1,The protector! #dogslife http://t.co/xvpqjchvXX
75,655384172316356608,Sat Oct 17 14:05:37 +0000 2015,0,1,Because half the time you need to sprint to your connecting  flight @cnni  https://t.co/0ljpVT1lcY
76,655383706325008384,Sat Oct 17 14:03:46 +0000 2015,0,1,@LucindaDenali thanks for the follow beautiful profile picture
77,655377498893520896,Sat Oct 17 13:39:06 +0000 2015,1,0,Good morning twitters bugs. Go out and smile at a stranger today -  you never know someone's struggles #kindnessmatters
78,655375951371460609,Sat Oct 17 13:32:57 +0000 2015,0,0,@wynkoopcpa thank you for the follow. Have a great sat🙋
79,654668911451860992,Thu Oct 15 14:43:26 +0000 2015,0,0,"Kindness- I'm supporting this fundraiser, please look: '---The Carlito's Family ---' https://t.co/fPGWqGcU39 please share with 5 friends"
80,654668675845263362,Thu Oct 15 14:42:30 +0000 2015,0,0,@MoodofLiving thanks for the follow ;)
81,654380254606327808,Wed Oct 14 19:36:25 +0000 2015,0,1,"How I did on Twitter this week: 6 New Followers, 2 Favorited. How'd your week go? via http://t.co/1mFurmsPRF"
82,654368410785071104,Wed Oct 14 18:49:21 +0000 2015,0,0,trim AD34B233 ADB6 49DC 962D 44515571849D @1psykdr @gingercsnapprod @mollyannwymer  lol  http://t.co/X980ZfBf20
83,653954735859302401,Tue Oct 13 15:25:33 +0000 2015,1,4,Another random thought @1psykdr @PerezHilton @gingercsnapprod @Caitlyn_Jenner @madisonbatts @itsmichalla http://t.co/4TtqPHQuuL
84,653954490920386560,Tue Oct 13 15:24:35 +0000 2015,1,2,My random thought of the day @1psykdr @madisonbatts @itsmichalla @gingercsnapprod  @imsilviamanning @PhaedraParks http://t.co/y272dZjewP
85,653951667595964416,Tue Oct 13 15:13:22 +0000 2015,0,0,@PankajKesharw15 thanks for the follow. Have a wonderful  day 2day! 🙋
86,653951433763524608,Tue Oct 13 15:12:26 +0000 2015,0,0,@LaskoToure thank you for the follow have a great day today!!!
87,653769179846213632,Tue Oct 13 03:08:13 +0000 2015,0,0,@PerezHilton what's happening - ugh  https://t.co/8EmXy878V3
88,651847431043317760,Wed Oct 07 19:51:52 +0000 2015,0,2,"How I did on Twitter this week: 2 New Followers, 2 Favorited. How'd your week go? via http://t.co/1mFurmsPRF"
89,650690065685843969,Sun Oct 04 15:12:55 +0000 2015,45,0,RT @ELLEmagazine: 11 pairs of rainboots you won't feel embarrassed to wear: http://t.co/WJIjqIP32V http://t.co/1kEhPT9Dmu
90,650689047707299840,Sun Oct 04 15:08:52 +0000 2015,0,1,Good morning twitter bugs. Hope everyone has a great day today!!!! 🙋
91,650688700297285633,Sun Oct 04 15:07:30 +0000 2015,0,0,@vgunvalson  isn't it raining ?  https://t.co/hjLps0s2R2
92,650688423720652800,Sun Oct 04 15:06:24 +0000 2015,10,0,RT @hoobeeapp: Twenty-nine percent of Americans have had sex on the first date. #dating #relationships
93,650688263116623872,Sun Oct 04 15:05:45 +0000 2015,24,0,RT @ABC7: #TRAFFICALERT Big rig crash on 55 N at 91 Freeway; all lanes shut down http://t.co/7xAGa6EMwV
94,649677407134220288,Thu Oct 01 20:08:58 +0000 2015,0,1,@NewportBeachPD  great advice - lock your doors #goodadvice #nbpd  https://t.co/WGK2WLkGIH
95,649307716792504320,Wed Sep 30 19:39:57 +0000 2015,0,0,"How I did on Twitter this week: 5 New Followers, 1 Favorited. How'd your week go? via http://t.co/1mFurmsPRF"
96,649043613704282112,Wed Sep 30 02:10:30 +0000 2015,33,0,RT @ELLEmagazine: Spotlight: The Best Shoes From Milan Fashion Week http://t.co/Scnr2QHdgq http://t.co/e2HvNcnN5E
97,649042825640677376,Wed Sep 30 02:07:22 +0000 2015,162,0,"RT @nytimes: NYT film review: ""The Walk"" captures high-wire bravado at World Trade Center http://t.co/2jol0RHUJ4 http://t.co/cps0Cju33s"
98,649017300452950016,Wed Sep 30 00:25:57 +0000 2015,8,0,RT @TonyNBCLA: #Riverside man with a broken leg crawls for days before being rescued.. His story of survival on #NBC4 @5 @NBCLA #IE http://…
99,648670313534783488,Tue Sep 29 01:27:09 +0000 2015,0,0,@BookZINY thank you for the follow - hope you had a great day ! http://t.co/3u0xsBSrlz
100,648669916363489280,Tue Sep 29 01:25:34 +0000 2015,0,0,@i_tweetlovely thank you for the follow have a beautiful day ! http://t.co/ZyGmp8rzdC
101,648521974864461824,Mon Sep 28 15:37:42 +0000 2015,0,1,#Romance and #pretty - happy Monday #books #diaryofdating #dgelizabeth http://t.co/tAIcOYogVK
102,647774307242782720,Sat Sep 26 14:06:44 +0000 2015,0,0,"Good morning every1 - have a beautiful day - also, thanks for all the new followers - 🙋"
103,646766898395410433,Wed Sep 23 19:23:39 +0000 2015,0,0,"How I did on Twitter this week: 14 New Followers, 3 Mentions, 2 Retweets. How'd your week go? via http://t.co/1mFurmsPRF"
104,645274983816531969,Sat Sep 19 16:35:19 +0000 2015,0,0,@TMZ  she is beautiful  https://t.co/QwlV9aWIwQ
105,645274448317120512,Sat Sep 19 16:33:11 +0000 2015,1,1,@MattDavisSounds you are so welcome! Reach for the moon land on the stars! ⭐️ https://t.co/4mxZWYB8gj
106,645274265709772800,Sat Sep 19 16:32:28 +0000 2015,120,0,RT @FoxNews: Seven things every man needs to know before marriage  http://t.co/tEKdNYCxSp via @MrJoshuaRogers @fxnopinion http://t.co/SYC9d…
107,645274059517788160,Sat Sep 19 16:31:39 +0000 2015,0,1,@MattDavisSounds  you sound great!!!  https://t.co/YbHrM28d9f
108,645273498466652160,Sat Sep 19 16:29:25 +0000 2015,0,1,@MattDavisSounds happy sat! Thanks for the follow 🙋
109,645112567052955649,Sat Sep 19 05:49:56 +0000 2015,0,0,@EileenHHNJ  I think you should keep him - sounds like u have a great loving home 4 him  https://t.co/YBsTXG5CVU
110,645112173908201472,Sat Sep 19 05:48:22 +0000 2015,0,0,@EileenHHNJ  ;)  https://t.co/MRmb0y2X4W
111,644923131887353858,Fri Sep 18 17:17:11 +0000 2015,0,1,@EileenHHNJ  did you check to see if the cat is micro chipped?  https://t.co/QWPgE2s9F3
112,644922522811523072,Fri Sep 18 17:14:46 +0000 2015,0,0,Friday fun day #diaryofdating #dgelizabeth http://t.co/FINsJV13XH
113,644922356998123520,Fri Sep 18 17:14:06 +0000 2015,0,0,"It's Friday, so u know what that means - #get2knowme #diaryofdating on amazon now http://t.co/gql3LVnOiX"
114,644921938268155905,Fri Sep 18 17:12:26 +0000 2015,0,0,"@10NewsParry thanks for the follow - stay cool this weekend, wait or is it going to rain? #crazyweather"
115,644921649834229760,Fri Sep 18 17:11:18 +0000 2015,0,0,@sharihembree thanks for the follow doll-have a fantastic day today!!!'🙋
116,644852720491343873,Fri Sep 18 12:37:24 +0000 2015,0,1,@georgesamuel52 thanks for the follow - have a fantastic day -
117,644677252156788738,Fri Sep 18 01:00:09 +0000 2015,0,0,@bravotv love Lisa @lisarinna  https://t.co/RDqtO5thdx
118,644640394794307584,Thu Sep 17 22:33:41 +0000 2015,0,1,Man arrested in animal shelter break-in where four dogs died  http://t.co/QkUA7V4Dqj - Great job @rso @RSA1943
119,644626992973807616,Thu Sep 17 21:40:26 +0000 2015,0,1,New video lol @1psykdr  https://t.co/e2lTxCy8x5
120,644601064000487424,Thu Sep 17 19:57:24 +0000 2015,0,0,"Rainbow flag 2 fly, over Santa Ana City Hall http://t.co/rmPYUt61qc  This is so silly.  The US Flag is representative of all AMERICANS!"
121,644488534443757568,Thu Sep 17 12:30:15 +0000 2015,0,1,@DeeTheDateCoach hope you're having a great start this Thursday!!
122,644360920148279296,Thu Sep 17 04:03:09 +0000 2015,1,3,@NewportBeachPD @CostaMesaPD @HBPD_PIO @beverlyhillspd @LAPDHQ @LongBeachPD_CA  Thanks for all you do &amp; keeping us safe!!! #thankyou
123,644347567812145154,Thu Sep 17 03:10:06 +0000 2015,0,0,@OCSD  when is this coming ? Time/date ? Tonight? Tomorrow?  https://t.co/wFz2FgBHuE
124,644346284782956544,Thu Sep 17 03:05:00 +0000 2015,0,0,@DiamondandSilk @realDonaldTrump  Trump &amp; Rubio - Rubio is the youngest and would get the swing vote - ps - love you girls - so funny h
125,644345975297871872,Thu Sep 17 03:03:46 +0000 2015,0,0,@DiamondandSilk Trump &amp; Rubio - Rubio is the youngest and would get the swing vote - ps - love you girls - so funny https://t.co/keV1rxYJrO
126,644344822766006272,Thu Sep 17 02:59:11 +0000 2015,0,0,@DiamondandSilk  Trump &amp; Rubio because he's the youngest and would get a swing vote  https://t.co/wdVF3BQF34
127,644344452950048769,Thu Sep 17 02:57:43 +0000 2015,0,0,#CNN Trump and Rubio would be a great team @realDonaldTrump  https://t.co/4pjBJd7VlD
128,644344043380477952,Thu Sep 17 02:56:05 +0000 2015,0,0,#cnndebate. TRUMP &amp; RUBIO  #wouldbeagreatteam @realDonaldTrump
129,644343401819693056,Thu Sep 17 02:53:32 +0000 2015,3,0,RT @PatGKelly: I can't wait for the backdrop of the 2036 #CNNDebate to be Trump Force One at the Trump Presidential Library. #GOPDebate
130,644306625818324992,Thu Sep 17 00:27:24 +0000 2015,0,0,@NewportBeachLG what's going on off 15th street right now? I see the police helicopter
131,644291402843602945,Wed Sep 16 23:26:55 +0000 2015,0,0,@WatchBravo thanks for the follow - love all your juice updates news on ur twitter page - 🙋
132,644291103311572996,Wed Sep 16 23:25:44 +0000 2015,0,1,@DiamondandSilk  &lt;&lt;&lt;--- look who I found on twitter our 2 favorite gals @1psykdr
133,644288543666274304,Wed Sep 16 23:15:33 +0000 2015,0,0,"@realDonaldTrump I know u have other things on ur mind right now, Arnold is not a great replacement. #mytwocents  https://t.co/gRkI1sqtg5"
134,644276222181007360,Wed Sep 16 22:26:36 +0000 2015,0,0,@RealBenCarson   Good Luck Dr. Carson  https://t.co/AhkOWPdGUx
135,644275928781066240,Wed Sep 16 22:25:26 +0000 2015,3,0,RT @DylanByers: Pre-game http://t.co/6KY04AzI1n
136,644274347939500034,Wed Sep 16 22:19:09 +0000 2015,0,0,"@hollybdc CNN starting an hour easy, that's CNN for ya. talk about miking it  #ughCNN  #debate"
137,644220601654202368,Wed Sep 16 18:45:35 +0000 2015,0,1,"How I did on Twitter this week: 11 New Followers, 1 Mentions, 22K Mention Reach. How'd your week go? via http://t.co/1mFurmsPRF"
138,644210075226079232,Wed Sep 16 18:03:45 +0000 2015,0,0,Surgeon Who Operated on Kanye West's Ma Blames Her Death http://t.co/MN2A4oEDWj  @InsideEdition Annoying that your videos stop half way in
139,644133752575148033,Wed Sep 16 13:00:28 +0000 2015,0,0,@klgandhoda walked in2 a friends house and there you are - so I had to take a photo of u. http://t.co/TlBZTHx0lX http://t.co/oeCTBPVk4C
140,644132796294762496,Wed Sep 16 12:56:40 +0000 2015,0,0,@KathieLGifford walked in2 a friends house and there you are - so I had to take a photo of u. http://t.co/TlBZTHx0lX
141,644132315388493825,Wed Sep 16 12:54:46 +0000 2015,2,0,RT @scienceofno: Thanks for your RT! :) @HDebreceni @kandinsky99 @SoccerMomof4 @BeautifulWreck2 @KathleenAnnMor2 @Dgelizabeth1 @CarbonellDe…
142,643775028123668481,Tue Sep 15 13:15:02 +0000 2015,0,0,@DerekTVShow so sorry- I am sure your dog was blessed beyond years  https://t.co/Nmt6d128CY
143,643774251137236992,Tue Sep 15 13:11:56 +0000 2015,0,0,Those in southern CA- don't you love the rain- it's cleansing #rain #loveit ☔️
144,643767489222995968,Tue Sep 15 12:45:04 +0000 2015,0,1,@KTLA love the morning weather man - he is so funny!!!! #weatherman
145,643607943443689473,Tue Sep 15 02:11:06 +0000 2015,0,0,"@sujith99892971 love is never gone, loving ourself is the biggest gift of all."
146,643607641869185025,Tue Sep 15 02:09:54 +0000 2015,0,0,@Tabitha_Feaster thank you for the follow ;)
147,643607391272050688,Tue Sep 15 02:08:54 +0000 2015,0,1,@KathieLGifford just purchased 6 cases of Gifft #gifftwine for a celebration party - 🍷
148,643121823761076225,Sun Sep 13 17:59:26 +0000 2015,0,0,@MeghanKEdmonds I have the BRCA2 gene - and had double mass - amazing Dr's @ hoag!!!  As I am in the OC
149,643100544752467968,Sun Sep 13 16:34:52 +0000 2015,0,0,Talk about a hottie! #hottie #diaryofdating #hottopics http://t.co/moHasdeD12
150,643099700992716800,Sun Sep 13 16:31:31 +0000 2015,0,0,Great Girlfriends make life so much better #myhappyplace
151,643098988162342912,Sun Sep 13 16:28:41 +0000 2015,0,0,@DrDubrow have you ever done a slight nose job w/out some1 under Anastasia (sp)?  https://t.co/MA31uFHoqz
152,643098366134517760,Sun Sep 13 16:26:13 +0000 2015,0,0,"@TonyaTko great reply on FB- she is attractive, but no KK- however I agree with you -  https://t.co/VgncqMx0HK"
153,643096384862683136,Sun Sep 13 16:18:20 +0000 2015,0,0,"When your BFF is in the doghouse, you're by their side! #doghouse http://t.co/DGyxiJt4fc"
154,643095365147725824,Sun Sep 13 16:14:17 +0000 2015,0,0,@notlrealty thanks for the follow have a great Sunday fun day! 🙋
155,643095205680316416,Sun Sep 13 16:13:39 +0000 2015,0,1,@starlightlife thank you for the follow - have a wonderful Sunday!!! 🙋
156,642457431360933888,Fri Sep 11 21:59:22 +0000 2015,0,0,#diaryofdating #beautyinterviews http://t.co/6zcZCOOdGN
157,642456698146320385,Fri Sep 11 21:56:27 +0000 2015,0,0,"Woman Had Her Body Photoshopped In 18 Countries VERY INTERESTING., http://t.co/6H81ktaN9g via @timetobreaknow"
158,642409159720198144,Fri Sep 11 18:47:33 +0000 2015,0,0,@1MonthFacelift 🙋thanks for the follow - have a beautiful weekend!!!'
159,642409034604085248,Fri Sep 11 18:47:03 +0000 2015,0,0,@LightandJoy thank you for the follow have a wonderful Friday even better weekend. 🙋
160,642376818637467648,Fri Sep 11 16:39:03 +0000 2015,0,1,@DeeTheDateCoach thank you for the follow - I hope you have a wonderful day!!!
161,642355819699269632,Fri Sep 11 15:15:36 +0000 2015,0,0,@BishopLily thank you for the follow - have a beautiful day🙋
162,642340458555817984,Fri Sep 11 14:14:34 +0000 2015,0,0,#diaryofdating http://t.co/ftIhVGISrp
163,642339881604124672,Fri Sep 11 14:12:16 +0000 2015,0,2,When he started talking to me tiny spitballs landed in my hair- #NEXT #diaryofdating
164,642339633418801153,Fri Sep 11 14:11:17 +0000 2015,0,0,"He drank so much on our first date, he started crawling on the floor of the bar #NEXT #diaryofdating"
165,642338229316808708,Fri Sep 11 14:05:42 +0000 2015,0,0,#911Anniversary  We salute those HEROS and will never forget!   https://t.co/9AoztPOfN1
166,642337614637367298,Fri Sep 11 14:03:16 +0000 2015,0,0,#911Anniversary http://t.co/zaLYuUeVNr
167,642189116935827458,Fri Sep 11 04:13:11 +0000 2015,105,0,"RT @ABC7: #CHASE: Suspect believed to be inside restaurant, unknown how many people are inside http://t.co/u5lTveiQy0 http://t.co/eCg7VnizsU"
168,642096000513933312,Thu Sep 10 22:03:10 +0000 2015,0,1,"Photos: Orange County as you have never seen it - from above, looking straight down http://t.co/QJG1S4n3m0"
169,641847165287972866,Thu Sep 10 05:34:23 +0000 2015,0,1,Good night twitter bugs! Sweet dreams #dgelizabeth #diaryofdating http://t.co/HjgfnhnylZ
170,641846572217569280,Thu Sep 10 05:32:02 +0000 2015,0,1,#dgelizabeth #diaryofdating  #me  now at amazon and fun read - http://t.co/tW2OAL6AHi
171,641845931285983232,Thu Sep 10 05:29:29 +0000 2015,0,2,"If we don't stand for something, we will fall for anything #life #diaryofdating http://t.co/7ThexiwCjP"
172,641845508873457666,Thu Sep 10 05:27:48 +0000 2015,0,2,One of my beautiful readers #diaryofdating http://t.co/7wRCENoAsa
173,641844901794050050,Thu Sep 10 05:25:24 +0000 2015,0,2,A smile is your best accessory #smile #diaryofdating
174,641842528312954880,Thu Sep 10 05:15:58 +0000 2015,0,1,Felicia is always going places #byefelicia http://t.co/uGHigfrDgI
175,641841711400947712,Thu Sep 10 05:12:43 +0000 2015,2,0,RT @UCAANORG: Enter 4 ur chance 2win 4Magic Castle  Passes or a 5day/4night cruise for2. $10 donation/entry (no limit) #Cancer http://t.co/…
176,641790440019103744,Thu Sep 10 01:48:59 +0000 2015,1,0,RT @NancyCamp15: Whatever you believe about yourself on the inside is what you will manifest on the outside. -Unknown ~ http://t.co/XppVZdi…
177,641790103740780544,Thu Sep 10 01:47:39 +0000 2015,0,0,@datehackme thanks for the follow - have a fantastic night!!!' 💕
178,641785381462016001,Thu Sep 10 01:28:53 +0000 2015,3,0,RT @UCAANORG: 28 days till #UCAANBuyMeLove #GlitznGlamour1950sHollywoodTheme Sunday 9/27 6-10pm #AgouraCalabasasCommunityCenter #Chefs #Far…
179,641785351569190913,Thu Sep 10 01:28:46 +0000 2015,1,2,Calling all daters- an amazing event if ur in the LA area! #dating #la  https://t.co/M2hBGlG0pa
180,641771719120814080,Thu Sep 10 00:34:36 +0000 2015,0,1,"How I did on Twitter this week: 2 Mentions, 2 Favorited. How'd your week go? via http://t.co/1mFurmsPRF"
181,641698841075408896,Wed Sep 09 19:45:00 +0000 2015,0,0,DG EIizabeth - author of Diary of Dating - on amazon now! http://t.co/S7QtpgJu5v
182,641671810451267584,Wed Sep 09 17:57:35 +0000 2015,0,0,@PerezHilton  that is terrible- why on earth would any1 do that?  https://t.co/U0FwTncBZQ
183,641446674087346176,Wed Sep 09 03:02:59 +0000 2015,61,0,RT @ABC7: Serena Williams beats Venus at US Open to extend Slam bid http://t.co/EZQR3qLhXj http://t.co/LnvvakuCFe
184,641432165889130496,Wed Sep 09 02:05:20 +0000 2015,0,1,"@GovMikeHuckabee u support K Davis, because of her strong Christian values yet she's been married 3 times #joke #smh"
185,641423411361660928,Wed Sep 09 01:30:32 +0000 2015,0,0,@DatingMiracle is it?  https://t.co/yCNIdkJsrx
186,641422662263156736,Wed Sep 09 01:27:34 +0000 2015,1,0,"RT @whosmydate1: Dont look for someone who will solve your problems, look for someone who wont let you face them alone. #dating"
187,641422516481732608,Wed Sep 09 01:26:59 +0000 2015,0,0,@ELLEmagazine Women are too uplift each other https://t.co/1nwWn99Nc9
188,641422319626252288,Wed Sep 09 01:26:12 +0000 2015,0,0,@HeatherDubrow do you need any Guinea pigs? Lol  https://t.co/Ea7NYpMDRG
189,641422164382474240,Wed Sep 09 01:25:35 +0000 2015,0,0,@ConwayShow gross!  https://t.co/qOHiuWX3IJ
190,641421970454675456,Wed Sep 09 01:24:49 +0000 2015,4,0,"RT @scienceofno: Bad news is:You can't make everyone like, accept,&amp; love you.Good news is:It doesn't matter. http://t.co/GpT1f2wmkC http://…"
191,641421836459180032,Wed Sep 09 01:24:17 +0000 2015,1,0,RT @Indira474: Best Honeymoon Destinations You Should Not Miss http://t.co/jSG1tAl7bK
192,641421500910694401,Wed Sep 09 01:22:57 +0000 2015,0,0,@GretchenRossi - great cause!!! ❤️#love https://t.co/bkOYGrYy1l
193,641421104125358080,Wed Sep 09 01:21:22 +0000 2015,1,0,@KellyOsbourne Your sister  Aimee is beautiful and so Talented!!!! http://t.co/TyMRUrtQCp - #family - who knew
194,641419282581073920,Wed Sep 09 01:14:08 +0000 2015,1,1,@KFIAM640  what a way to lose business - https://t.co/Vm5s14s9az
195,641385702379225088,Tue Sep 08 23:00:42 +0000 2015,0,1,To drink or not to drink on the 1st date? https://t.co/om7W1E0J1d
196,641340516815081472,Tue Sep 08 20:01:09 +0000 2015,0,0,Did you know a single parent is more likely &amp; willing to date another single parent- there is an understanding of the path - #dating #life
197,641339955231395840,Tue Sep 08 19:58:55 +0000 2015,7,0,"RT @rrHBPD: Up to a $1,000 reward for a tip to @occrimestoppers leading to this guys arrest.  1-855-TIP-OCCS  https://t.co/K1DGi5qX1i"
198,641145429300678656,Tue Sep 08 07:05:56 +0000 2015,0,0,DG Elizabeth / author of Diary of Dating #dating #reading #life http://t.co/rtDtXkzvvo
