,id_str,created_at,retweet_count,favorite_count,text
0,668891183364616193,Mon Nov 23 20:37:40 +0000 2015,4,0,RT @clubsodacroydon: Our WINTER Newsletter https://t.co/wHtqNbsVbe @Turf_Projects @DrunkenChorus @itrainmedia @DanceSlide @AJHolmes_THE @Fr…
1,668891128683495426,Mon Nov 23 20:37:27 +0000 2015,3,0,RT @clubsodacroydon: Monday's R Gr8! 2nite @BadAppleCroydon top DJs w/learning disabilities @FreshtrackDJs @HeartnSoulArt @StayUpLateUK htt…
2,667740763103600641,Fri Nov 20 16:26:18 +0000 2015,2,0,RT @Kiss_My_Disco: Kiss My Disco Newsletter Nov 2015 https://t.co/9fgHqguML7
3,667405369350582276,Thu Nov 19 18:13:34 +0000 2015,2,0,Kiss My Disco Newsletter Nov 2015 https://t.co/9XxDmnPzSs
4,667399692523732992,Thu Nov 19 17:51:01 +0000 2015,0,0,"I posted 2 photos on Facebook in the album ""Kiss My Disco Radio Show"" https://t.co/vamAK8tUtd"
5,667399689130500096,Thu Nov 19 17:51:00 +0000 2015,0,0,I posted a new photo to Facebook https://t.co/Y52WdqIg32
6,667399685397590016,Thu Nov 19 17:50:59 +0000 2015,0,0,I posted a new photo to Facebook https://t.co/VNRfpQqvTN
7,666944618823606272,Wed Nov 18 11:42:43 +0000 2015,0,0,The Kiss My Disco radio show is live today at 2pm on 1 Brighton FM with David Briggs &amp; Jamie Thunderking - tune in https://t.co/LRszncrJRo
8,661596718564319232,Tue Nov 03 17:32:04 +0000 2015,1,0,RT @Metro_Bank: @FreshtrackDJs That's fantastic to hear - we're thrilled! What a way to end the day! Have a great evening #WhatDoesYourBank…
9,661594544534896640,Tue Nov 03 17:23:25 +0000 2015,2,2,Big shout out to @Metro_Bank #Brighton for providing us with great help &amp; service. Thankyou! #BankingRevolution
10,660182434948993024,Fri Oct 30 19:52:12 +0000 2015,0,0,"I posted 2 photos on Facebook in the album ""Kiss My Disco Radio Show 21/10/2015"" https://t.co/ena6ANLhK5"
11,660182425931284480,Fri Oct 30 19:52:10 +0000 2015,0,0,"I posted 2 photos on Facebook in the album ""Kiss My Disco Radio Show 21/10/2015"" https://t.co/JyazKNAF70"
12,660182415877476353,Fri Oct 30 19:52:08 +0000 2015,0,0,"I posted 2 photos on Facebook in the album ""Kiss My Disco Radio Show 21/10/2015"" https://t.co/aguee2YtCf"
13,660182409816723456,Fri Oct 30 19:52:06 +0000 2015,0,0,I posted a new photo to Facebook https://t.co/e7irDmed7e
14,660182403445628929,Fri Oct 30 19:52:05 +0000 2015,0,0,I posted a new photo to Facebook https://t.co/lzrrp8oIjq
15,660182396092997632,Fri Oct 30 19:52:03 +0000 2015,0,0,I posted a new photo to Facebook https://t.co/dytGirHjNR
16,660182387440136192,Fri Oct 30 19:52:01 +0000 2015,0,0,I posted a new photo to Facebook https://t.co/IXall2KM5d
17,660182381324836864,Fri Oct 30 19:51:59 +0000 2015,0,0,I posted a new photo to Facebook https://t.co/ZfXYC8NUHR
18,660182375226318849,Fri Oct 30 19:51:58 +0000 2015,0,0,I posted a new photo to Facebook https://t.co/Z07VogId5p
19,660182367622025216,Fri Oct 30 19:51:56 +0000 2015,0,0,I posted a new photo to Facebook https://t.co/EpaLZCL2Sv
20,659711817149767680,Thu Oct 29 12:42:08 +0000 2015,0,0,Kiss My Disco will be in Eastbourne at Jesters Bar on Wed 16th December. Everyone welcome! https://t.co/blO2xAbGlV
21,657189674583269376,Thu Oct 22 13:40:03 +0000 2015,1,0,"I posted 17 photos on Facebook in the album ""Kiss My Disco - Crowborough 20/10/2015"" https://t.co/vXgYmEK4Tt"
22,656821751733690368,Wed Oct 21 13:18:03 +0000 2015,0,0,Soul Boy Perry is live on air on https://t.co/LRszncrJRo https://t.co/b5d9VamyY7
23,656552369824636929,Tue Oct 20 19:27:37 +0000 2015,1,0,"MC Mennis - the one &amp; only! 

@Kiss_My_Disco 
@Viewfromtheblue 
#Crowborough https://t.co/d2Xp3l7oO8"
24,656551826574168065,Tue Oct 20 19:25:28 +0000 2015,0,0,MC Mennis - the one &amp; only! https://t.co/7UhSTFdIeL
25,656548871879921664,Tue Oct 20 19:13:43 +0000 2015,1,0,"Jamie Thunderking &amp; Tony Cool in the place! 

@Kiss_My_Disco @Viewfromtheblue 
#Crowborough https://t.co/7fj3GWr7UL"
26,656546957847076864,Tue Oct 20 19:06:07 +0000 2015,0,0,Jamie Thunderking &amp; Tony Cool in the place!! https://t.co/NP53L9JUFg
27,656543174928764928,Tue Oct 20 18:51:05 +0000 2015,1,0,Christian on the decks warming things up at @Kiss_My_Disco at @Viewfromtheblue in #Crowborough tonight! https://t.co/WWiwRYkGw7
28,656541427950878720,Tue Oct 20 18:44:09 +0000 2015,1,0,Christian on the decks warming things up at Kiss My Disco in Crowborough tonight! https://t.co/KKHTwgluYL
29,656412117600481280,Tue Oct 20 10:10:19 +0000 2015,2,0,Tonight - Kiss My Disco at the Blue Anchor in Crowborough. Everyone welcome!! https://t.co/ejPJXzQMRv
30,656404727446548480,Tue Oct 20 09:40:57 +0000 2015,2,0,Tonight @Kiss_My_Disco is at the @Viewfromtheblue in #Crowborough #learningdisabilities https://t.co/hhWQKSaDa5
31,656052277661290497,Mon Oct 19 10:20:26 +0000 2015,3,0,At the Crowborough Community Centre to give a talk about all things Fresh Track &amp; Kiss My Disco ahead of tomorrow... http://t.co/wFEMS2EKH4
32,653573154338664448,Mon Oct 12 14:09:17 +0000 2015,0,0,Monday 23rd Nov Club Soda is back at The Bad Apple in Croydon. Only 6 weeks to go!! http://t.co/lRVOlZVcsD
33,653494890530271232,Mon Oct 12 08:58:17 +0000 2015,5,0,RT @dj4blue11: come down !! @Certitude_ @CertitudeSam  @StayUpLateUK @gigbuddies @HeartnSoulArt @clubsodacroydon @jadeislinton http://t.co/…
34,652063904764461057,Thu Oct 08 10:12:04 +0000 2015,0,0,'Soul Boy' Perry will be presenting the next Kiss My Disco radio show on 1 Brighton FM on Wed 21st Oct 2pm-3pm.... http://t.co/nyHdxTlLBR
35,651714191074660352,Wed Oct 07 11:02:26 +0000 2015,0,0,"I posted 24 photos on Facebook in the album ""Kiss My Disco - De La Warr Pavilion, Bexhill 6/10/2015"" http://t.co/swaOlshg51"
36,651494228623802368,Tue Oct 06 20:28:22 +0000 2015,5,1,The boys are smashing it up! @Kiss_My_Disco @dlwp #Bexhill http://t.co/UwI0DpEru7
37,651493954924453889,Tue Oct 06 20:27:17 +0000 2015,1,0,@Kiss_My_Disco is going off at the @dlwp in #Bexhill.!! http://t.co/SLG7ggOlZn
38,651491939892752384,Tue Oct 06 20:19:17 +0000 2015,0,0,The boys are smashing it up! http://t.co/4kB6HslKyi
39,651481179670093825,Tue Oct 06 19:36:31 +0000 2015,0,0,Kiss My Disco is going off at the De La Warr Pavilion in Bexhill. http://t.co/FXTmmUi8px
40,651391967658672128,Tue Oct 06 13:42:02 +0000 2015,1,0,Tonight - Kiss My Disco at the De La Warr Pavilion in Bexhill. Run by DJs with learning disabilities. Everyone... http://t.co/b8aSR20wl8
41,651319230646894592,Tue Oct 06 08:53:00 +0000 2015,2,0,Tonight! @Kiss_My_Disco at the @dlwp #Bexhill. Run by DJs with #LearningDisabilities Everyone welcome. http://t.co/e30lO8tsLk
42,651150772814548992,Mon Oct 05 21:43:36 +0000 2015,2,0,"RT @gigbuddies: RT @Kiss_My_Disco ""@dlwp @StayUpLateUK @gigbuddies @ProjectArtWorks Looking forward to it!! 
@FreshtrackDJs"""
43,651150750576345089,Mon Oct 05 21:43:31 +0000 2015,3,0,"RT @StayUpLateUK: RT @Kiss_My_Disco ""@dlwp @StayUpLateUK @gigbuddies @ProjectArtWorks Looking forward to it!! 
@FreshtrackDJs"""
44,651150602051809280,Mon Oct 05 21:42:55 +0000 2015,2,0,"RT @Kiss_My_Disco: @dlwp @StayUpLateUK @gigbuddies @ProjectArtWorks Looking forward to it!! 
@FreshtrackDJs"
45,651150524234903552,Mon Oct 05 21:42:37 +0000 2015,2,0,"RT @HeartnSoulArt: Show off your best dance moves at the next @Kiss_My_Disco, Tue 6 October, 7pm-11pm in Bexhill, East Sussex. See you ther…"
46,651112609484263424,Mon Oct 05 19:11:57 +0000 2015,2,0,RT @Heavy_Load: great meeting with @clubsodacroydon committee road testing #stayuplate campaign stand - learned loads TY http://t.co/Mkq0U1…
47,651111866417197056,Mon Oct 05 19:09:00 +0000 2015,3,0,"RT @StayUpLateUK: RT @dlwp ""They're back!  Kiss My Disco tomorrow  @StayUpLateUK @gigbuddies @ProjectArtWorks Always a great evening!"" http…"
48,651111657939316737,Mon Oct 05 19:08:10 +0000 2015,5,0,RT @dlwp: They're back!  Kiss My Disco tomorrow  http://t.co/NzdL5DH1RC @StayUpLateUK @gigbuddies @ProjectArtWorks Always a great evening!
49,650950537945444352,Mon Oct 05 08:27:56 +0000 2015,3,0,"RT @StayUpLateUK: Hey @Kiss_My_Disco our latest newsletter with events, blogs and how to grow your tenner and #stayuplate ! http://t.co/zrl…"
50,650950252707581952,Mon Oct 05 08:26:48 +0000 2015,2,0,"RT @StayUpLateUK: Hey @FreshtrackDJs our latest newsletter with events, blogs and how to grow your tenner and #stayuplate ! http://t.co/2jO…"
51,649948869900419072,Fri Oct 02 14:07:40 +0000 2015,3,0,"RT @StayUpLateUK: RT @Kiss_My_Disco ""Kiss My Disco Newsletter Sept 2015  "" http://t.co/WevAOcJ87R"
52,649948375673110528,Fri Oct 02 14:05:42 +0000 2015,2,0,"RT @Heavy_Load: More great stuff happening at @Kiss_My_Disco ""Kiss My Disco Newsletter Sept 2015  "" http://t.co/TdBXqyydnq @kate_stayuplate…"
53,649153374391283712,Wed Sep 30 09:26:39 +0000 2015,0,0,Today's DJ workshop at the @dlwp is mostly surrounded by @lydonofficial &amp; @pilofficial left overs from last night's curry! 😉
54,649152095292104704,Wed Sep 30 09:21:34 +0000 2015,0,0,This morning's DJ workshop at the De La Warr is mostly surrounded by John Lydon's left overs from last night's curry. Dirty punk rockers!
55,648974717416771584,Tue Sep 29 21:36:44 +0000 2015,2,0,"RT @gigbuddies: More great stuff happening at @Kiss_My_Disco ""Kiss My Disco Newsletter Sept 2015  "" http://t.co/rNk9Eixhid @kate_stayuplate…"
56,648973750533271552,Tue Sep 29 21:32:54 +0000 2015,3,0,"RT @Kiss_My_Disco: The next Kiss My Kiss My Disco is at the De La Warr Pavilion, Bexhill on Tues 6th October. Everyone welcome!! http://t.c…"
57,648973676583481345,Tue Sep 29 21:32:36 +0000 2015,2,0,RT @Kiss_My_Disco: Kiss My Disco Newsletter Sept 2015 http://t.co/YdVdLf83fp
58,648949999812878336,Tue Sep 29 19:58:31 +0000 2015,1,0,Check out the Heart n Soul radio show recorded live at the Beautiful Octopus Club ... http://t.co/GkqJQ30338
59,648492365666238464,Mon Sep 28 13:40:03 +0000 2015,0,0,The next Club Soda event will be the Soda Crew DJ's at the Bad Apple in Croydon on Monday 23rd Nov. Stick it in... http://t.co/tUjR6eKxec
60,647034338702286848,Thu Sep 24 13:06:22 +0000 2015,2,1,Kiss My Disco Newsletter Sept 2015 http://t.co/35SBpYi61z
61,646999155240476672,Thu Sep 24 10:46:33 +0000 2015,0,0,"I posted 9 photos on Facebook in the album ""Families For Autism Gala 12/9/2015"" http://t.co/IJrb8EO8Xo"
62,646609108636991488,Wed Sep 23 08:56:39 +0000 2015,2,0,"The next Kiss My Kiss My Disco is at the De La Warr Pavilion, Bexhill on Tues 6th October. Everyone welcome!! http://t.co/bjzv2slGRO"
63,646607430336573440,Wed Sep 23 08:49:59 +0000 2015,1,0,Working these guys today at the De La Warr Pavilion in Bexhill today. They are preparing for Kiss My Disco here... http://t.co/mlgZJRbofC
64,646406776800342016,Tue Sep 22 19:32:39 +0000 2015,4,0,RT @StayUpLateUK: RT @Kiss_My_Disco:  next Kiss My Disco on Tues 6th Oct at the De La Warr Pavilion in Bexhill! Spread... http://t.co/1akVg…
65,645905907784806400,Mon Sep 21 10:22:23 +0000 2015,3,0,RT @Metro_Bank: @SustSussex That looks scrumptious... though not sure our colleague's taste buds were working that day! #yum
66,645905829347127296,Mon Sep 21 10:22:04 +0000 2015,4,0,RT @SustSussex: Ever wanted to shout about your bank?  We opened an account with @Metro_Bank same day &amp; they 'loved' our Chilli jam! http:/…
67,645905708958003200,Mon Sep 21 10:21:36 +0000 2015,2,0,RT @FFAeastsussex: It was also a pleasure to work with @FreshtrackDJs  &amp; @Kiss_My_Disco at our gala night celebration!
68,645905628905476096,Mon Sep 21 10:21:16 +0000 2015,4,0,RT @clubsodacroydon: Art + Music + Theatre + Dance in Croydon with our associate artists @DrunkenChorus @FreshtrackDJs @Turf_Projects @Danc…
69,645905589336412160,Mon Sep 21 10:21:07 +0000 2015,2,0,RT @MarkPeterJones: Still catching up about #FFAgala @FFAeastsussex a massive thanks to @FreshtrackDJs and the such talented DJs from @Kiss…
70,644199753870376961,Wed Sep 16 17:22:44 +0000 2015,0,0,Here is the event page for the next Kiss My Disco on Tuesday 6th Oct at the De La Warr Pavilion in Bexhill.... http://t.co/VMEABmMkuH
71,643880875764133888,Tue Sep 15 20:15:38 +0000 2015,0,0,DJ Soul Sista from Club Soda in Croydon presents the Kiss My Disco radio show on 1 Brighton FM. This show was... http://t.co/s2K5N5xZku
72,643413537256251392,Mon Sep 14 13:18:35 +0000 2015,0,1,DJ Soul Sista from Club Soda in Croydon presents the Kiss My Disco radio show on 1 Brighton FM. This show was... http://t.co/7tkRxCL0wO
73,643396069833969664,Mon Sep 14 12:09:11 +0000 2015,0,1,This is what I'm talking about! Roisin aka DJ 4 Blue gets a gig in Brixton &amp; invites MC Menace aka Dennis along... http://t.co/7mwrvWMprJ
74,642831580197691396,Sat Sep 12 22:46:06 +0000 2015,0,0,"Chris, JJ &amp; Ben are doing a great job DJ'ing at the Families For Autism gala in #Eastbourne - great team work! http://t.co/KaCqI7VfXE"
75,642829568483688448,Sat Sep 12 22:38:06 +0000 2015,1,1,"Chris, JJ &amp; Ben are doing a great job DJ'ing at the @FFAeastsussex gala in #Eastbourne - great team work! http://t.co/NnTgVsudoy"
76,642829055318982656,Sat Sep 12 22:36:04 +0000 2015,14,0,RT @jacktheladradio: Great fun hosting in #Eastbourne for Autism awareness with some lovely lovely folk!! #FFAGALA http://t.co/3jH7Mp6CnM
77,642784101670457345,Sat Sep 12 19:37:26 +0000 2015,0,0,"We are all set up for the @FFAeastsussex gala night. Chris, Ben &amp; JJ will be DJing later tonight. http://t.co/BZ3PiqY2FT"
78,642783716830523392,Sat Sep 12 19:35:55 +0000 2015,6,0,"RT @jacktheladradio: Very happy to be hosting for "" Families For Autism "" in #Eastbourne tonight. They do amazing work &amp; I intend to raise …"
79,642259304637165568,Fri Sep 11 08:52:05 +0000 2015,0,0,"Last nights Kiss My Disco was ""fully charged"" - thanks to Claire Kirtland for that description! Photos to follow soon!"
80,642084349253390336,Thu Sep 10 21:16:52 +0000 2015,0,0,These boys are on fire tonight! http://t.co/huMqoimAoH
81,641955125058252800,Thu Sep 10 12:43:23 +0000 2015,0,1,"I posted 6 photos on Facebook in the album ""Kiss My Disco Radio Show 10/9/2015"" http://t.co/qYDrHbKOnX"
82,641895427529437184,Thu Sep 10 08:46:10 +0000 2015,2,0,"RT @lovelewes: It's @Kiss_My_Disco at @TheVolunteerPub tonight, run by DJs with learning difficulties and open to anyone aged 18+. http://t…"
83,641875840255586304,Thu Sep 10 07:28:20 +0000 2015,0,0,Best of luck to @brickleyj who is doing her 1st ever live radio broadcast today. Listen in at 10am on @1Brightonradio http://t.co/LRszncrJRo
84,641594360077885440,Wed Sep 09 12:49:50 +0000 2015,3,0,RT @Kiss_My_Disco: Tomorrow on @1Brightonradio DJ  @brickleyj from @clubsodacroydon presents the @Kiss_My_Disco radio show 10-11am http://t…
85,641594308634771456,Wed Sep 09 12:49:38 +0000 2015,2,0,RT @clubsodacroydon: Tomorrow on @1Brightonradio DJ  @brickleyj from @clubsodacroydon presents the @Kiss_My_Disco radio show 10-11am http:/…
86,641593798699708420,Wed Sep 09 12:47:36 +0000 2015,2,1,Tomorrow on @1Brightonradio DJ  @brickleyj from @clubsodacroydon presents the @Kiss_My_Disco radio show 10-11am http://t.co/wzXQvFua0T
87,641582303148417024,Wed Sep 09 12:01:55 +0000 2015,0,0,Tomorrow the 'Kiss My Disco' radio show will have it's first live airing 10am - 11am on http://t.co/LRszncrJRo -... http://t.co/wem5ei3GIC
88,641221910026682368,Tue Sep 08 12:09:51 +0000 2015,0,0,"I posted 31 photos on Facebook in the album ""Beautiful Octopus Club 4/9/2015"" http://t.co/nGw5AiJzwg"
89,641195192389894144,Tue Sep 08 10:23:41 +0000 2015,4,0,"RT @Kiss_My_Disco: This Thursday Kiss My Disco at @thevolunteerpub #Lewes Run by DJs with disabilities - everyone welcome! 
@VivaLewes http…"
90,641194993122734080,Tue Sep 08 10:22:53 +0000 2015,3,0,"This Thursday @Kiss_My_Disco at @thevolunteerpub #Lewes  run by DJs with disabilities - everyone welcome! 
@lovelewes http://t.co/kzzTo3SZoy"
91,641194544281874432,Tue Sep 08 10:21:06 +0000 2015,1,0,RT @StayUpLateUK: RT @Heavy_Load: Looking forward to a great week of #stayuplate behaviour from @HeartnSoulArt @TTP_Festival @Kiss_My_Disco…
92,640942246003666944,Mon Sep 07 17:38:34 +0000 2015,0,0,This Thursday Kiss My Disco is at The Volunteer in Lewes - everybody welcome ... http://t.co/n8TC0wJrF3
93,640831913217888256,Mon Sep 07 10:20:08 +0000 2015,2,0,RT @dj4blue11: Thank u 4  inviting me to DJ for the first time at octopous club I enjoy it I hope I get to do it next yr @HeartnSoulArt  @U…
94,640073537793994752,Sat Sep 05 08:06:38 +0000 2015,1,0,"RT @HeartnSoulArt: Last cab home from #BOCFest! Thanks to everyone involved, what an awesome night! http://t.co/NI5Ep68UGK"
95,640073237288906752,Sat Sep 05 08:05:26 +0000 2015,1,0,RT @HeartnSoulArt: DJ Shalim#bocfest http://t.co/wOfEQuclXn
96,640073187846410240,Sat Sep 05 08:05:14 +0000 2015,1,0,RT @HeartnSoulArt: DJ Castro#bocfest http://t.co/omroXopSP3
97,640072848585936896,Sat Sep 05 08:03:53 +0000 2015,1,0,RT @HeartnSoulArt: DJ 4Blue bring carnival to#Bocfest http://t.co/bOc2sZUV3U
98,640072582218285056,Sat Sep 05 08:02:50 +0000 2015,1,0,RT @HeartnSoulArt: A huge THANK YOU to everyone who came &amp; partied with us at #BOCFest. Look out for pics next week &amp; we'll be back Friday …
99,639930107411324928,Fri Sep 04 22:36:41 +0000 2015,0,0,MC Mennis .... http://t.co/A0WUR3youv
100,639915821091975172,Fri Sep 04 21:39:55 +0000 2015,0,0,DJ Flashback ... http://t.co/Up587yARb6
101,639907103973376001,Fri Sep 04 21:05:17 +0000 2015,0,0,DJ 4 Blue ... http://t.co/N2LonuPw24
102,639901194757009408,Fri Sep 04 20:41:48 +0000 2015,0,0,DJ Shake Me Up ... http://t.co/rERGmxepOm
103,639894493198729216,Fri Sep 04 20:15:10 +0000 2015,4,0,RT @clubsodacroydon: Looking forward to #BOCFest 2nite. Some of the Soda Crew DJs will be playing. See everyone there @HeartnSoulArt @Fresh…
104,639894041577025537,Fri Sep 04 20:13:22 +0000 2015,0,0,Tony Cool !! http://t.co/M2dYiSvHAS
105,639893384514154497,Fri Sep 04 20:10:46 +0000 2015,0,0,Julie Soul Sista .... http://t.co/PTtIyRgzc3
106,639880403877167104,Fri Sep 04 19:19:11 +0000 2015,0,0,Soul Boy Perry laying down the Northern Soul ...
107,639879498213625856,Fri Sep 04 19:15:35 +0000 2015,0,0,DJ Benus ... http://t.co/MyZqbvKDvP
108,639865323198353409,Fri Sep 04 18:19:15 +0000 2015,0,0,Shalim first up at Heart n Souls Beautiful Octopus Club... http://t.co/Pg44CSWAbv
109,639815807283781634,Fri Sep 04 15:02:30 +0000 2015,0,0,Heading up to London for Heart n Soul's  Beautiful Octopus Club at the Royal Festival Hall. The Terrace Stage... http://t.co/MMPdluCnNl
110,637332773607374848,Fri Aug 28 18:35:48 +0000 2015,0,0,We are excited to announce the Kiss My Disco radio show coming soon on 1 Brighton FM. The first show will be on... http://t.co/DTWEyjeLgm
111,635928158223638528,Mon Aug 24 21:34:22 +0000 2015,0,0,Love this illustration from our friends at @StayUpLateUK &amp; @gigbuddies ... http://t.co/EWFrXZjf2M
112,635900062623662080,Mon Aug 24 19:42:44 +0000 2015,0,0,Great day at Heart n Soul today working with some of the DJs playing The Beautiful Octopus Terrace Stage at the... http://t.co/evUkBoSu88
113,635820594999754752,Mon Aug 24 14:26:57 +0000 2015,1,0,RT @OpenStoryTeller: We run a number of groups so that people with learning disabilities can empower themselves. Info here: http://t.co/cV4…
114,635815662166933504,Mon Aug 24 14:07:21 +0000 2015,1,0,Dinesh aka DJ Bubbles practicing for @HeartnSoulArt  'Beautiful Octopus Club' ... http://t.co/25gx3npQwX
115,635809113193213952,Mon Aug 24 13:41:20 +0000 2015,2,0,Roisin aka @dj4blue11 practicing for @HeartnSoulArt  'Beautiful Octopus Club' ... http://t.co/qDNRUvX55S
116,635781628724400128,Mon Aug 24 11:52:07 +0000 2015,2,0,Shaun practicing for @HeartnSoulArt 'Beautiful Octopus Club ... http://t.co/itNHJXB9lG
117,635780898181529600,Mon Aug 24 11:49:13 +0000 2015,2,0,@HeartnSoulArt @shalim1986 http://t.co/34jOcNjfAe
118,635776509534445568,Mon Aug 24 11:31:46 +0000 2015,1,0,RT @HeartnSoulArt: 'Shining Star' Shaun's up next. What a loud dancy morning here in Deptford with @FreshtrackDJs 😏 #BOCFest prep http://t.…
119,635773087246585856,Mon Aug 24 11:18:10 +0000 2015,4,0,RT @UgneBendikaite: #BOCFest DJ prep underway! Shalim on the decks 😎 @HeartnSoulArt http://t.co/eIeTbbpVDI
120,635767596164452352,Mon Aug 24 10:56:21 +0000 2015,1,0,Shalim practicing on the decks for @HeartnSoulArt Beautiful Octopus Club ... http://t.co/Sei3TMQ5sb
121,635740162920611840,Mon Aug 24 09:07:20 +0000 2015,0,0,The Terrace Stage DJs for Heart n Souls 'Beautiful Octopus' club are having a briefing /warm up / team building... http://t.co/ut9yDHoz1v
122,634314023106945025,Thu Aug 20 10:40:22 +0000 2015,2,0,RT @HeartnSoulArt: Look out for the next Kiss My Disco on Thursday 10 September 2015 at The Volunteer in Lewes @Kiss_My_Disco
123,634313966924242944,Thu Aug 20 10:40:09 +0000 2015,5,0,RT @Kiss_My_Disco: We have 4 more @Kiss_My_Disco dates lined up in East Sussex this year ... #Lewes #Bexhill #Crowborough #Eastbourne http:…
124,634313941099921408,Thu Aug 20 10:40:03 +0000 2015,2,0,RT @Kiss_My_Disco: We have 4 more Kiss My Disco events lined up in East Sussex for this year ... http://t.co/SGVyiReGfG
125,634311625621639168,Thu Aug 20 10:30:51 +0000 2015,1,0,We have 4 more Kiss My Disco events lined up in East Sussex this year ... http://t.co/cxPCOLl7bV
126,634027338645282817,Wed Aug 19 15:41:11 +0000 2015,1,0,RT @Kiss_My_Disco: The next Kiss My Disco will be at The Volunteer in Lewes on Thurs 10th Sept .... http://t.co/1VAdg47Gaj
127,634027289022435329,Wed Aug 19 15:41:00 +0000 2015,1,0,"RT @Kiss_My_Disco: I posted 16 photos on Facebook in the album ""Kiss My Disco - Eastbourne 22/7/2015"" http://t.co/8daQd9L5l9"
128,634027270806618112,Wed Aug 19 15:40:55 +0000 2015,3,0,RT @Kiss_My_Disco: Kiss My Disco Newsletter 2015 http://t.co/MrBdIXNfx7
129,633289792764157952,Mon Aug 17 14:50:27 +0000 2015,0,0,Kiss My Disco Newsletter 2015 http://t.co/Vcao3lYHPS
130,633263673482588160,Mon Aug 17 13:06:39 +0000 2015,1,0,"I posted 16 photos on Facebook in the album ""Kiss My Disco - Eastbourne 22/7/2015"" http://t.co/GIAIymansn"
131,633157906515558400,Mon Aug 17 06:06:23 +0000 2015,20,0,RT @sarah_gordy: This girl who has Downs Syndrome will be on New York Fashion Show and has handbags named after her WOW AMERICA http://t.co…
132,631554874539425792,Wed Aug 12 19:56:30 +0000 2015,3,1,DJ Junior Fresh from Langford Centre Bexhill is smashing it on the decks at the @Sussex_DFL fundraiser in Eastbourne! http://t.co/jBBtiDcJaZ
133,631526337107357697,Wed Aug 12 18:03:06 +0000 2015,1,1,Stand by #Eastbourne it's the @Sussex_DFL fundraiser at Jesters Bar tonight! Feat. @FreshtrackDJs from the Langford Centre!!
134,631525395368660993,Wed Aug 12 17:59:22 +0000 2015,5,0,"RT @Sussex_DFL: Calling all Disability footballers, friends and supporters ... fancy a night out? Wednesday 12th August #DJs #music http://…"
135,631525269795418112,Wed Aug 12 17:58:52 +0000 2015,1,0,RT @Sussex_DFL: Tonight is the night of the Langford Centre fundraiser with @FreshtrackDJs @Kiss_My_Disco at #JestersBar #Eastbourne http:/…
136,630720438004547584,Mon Aug 10 12:40:45 +0000 2015,6,5,Looking forward to @HeartnSoulArt 'Beautiful Octopus' Club at London's @southbankcentre on Fri 4th Sept. DO NOT MISS! http://t.co/4q8sD9E9Fz
137,629713232295538688,Fri Aug 07 17:58:28 +0000 2015,47,0,RT @DefineYourGrind: http://t.co/QH3CJTZSA7
138,629713111658926080,Fri Aug 07 17:57:59 +0000 2015,1,0,"RT @WildBunchClub: Excited!! Wild Bunch Club DJs Bass2Bass, Patience, Magic Touch and Lloydie Ranks play @SUPERNORMALFEST tomorrow afternoo…"
139,629293024078659584,Thu Aug 06 14:08:43 +0000 2015,0,0,Great to be working with Matt again. A man with impeccable taste! http://t.co/ihWUIdHUJs
140,627602964140699649,Sat Aug 01 22:13:01 +0000 2015,3,0,RT @Sussex_DFL: The Langford Centre present an @Sussex_DFL Fundraiser Disco 12/08/15 Jesters Bar #Eastbourne run by @Kiss_My_Disco http://t…
141,625384087285538816,Sun Jul 26 19:16:00 +0000 2015,1,0,DJ Soul Sista aka @brickleyj just well &amp; truly smashed it at @clubsodacroydon Soda Fest at the @BadAppleCroydon http://t.co/4miX0u0Txh
142,625383324161306624,Sun Jul 26 19:12:58 +0000 2015,1,0,RT @clubsodacroydon: Julie Brickley aka DJ Soul Sista is absolutely smashing it here at Soda Fest at The Bad Apple Croydon. http://t.co/kmK…
143,625383253856387076,Sun Jul 26 19:12:41 +0000 2015,3,0,RT @clubsodacroydon: Rain pfff! Come 4pm Soda Fest will be rockin' @BadAppleCroydon @AmbitionFest @FreshtrackDJs
144,624876932358926338,Sat Jul 25 09:40:44 +0000 2015,0,0,Tomorrow people - get yourselves down to Soda Fest #Croydon http://t.co/zsJR9zWiLh
145,624874751341805568,Sat Jul 25 09:32:04 +0000 2015,2,0,"RT @clubsodacroydon: Soda Fest @BadAppleCroydon tomorrow 4-10pm. BBQ, Open Mic, live performances &amp; Soda Crew DJ's #Croydon YES PLEASE! htt…"
146,623409926476533760,Tue Jul 21 08:31:23 +0000 2015,1,1,"This Sunday in Croydon ...

@clubsodacroydon 
@BadAppleCroydon 
@AmbitionFest 
@DrunkenChorus 
#learningdisabilities http://t.co/sgJM03NxuN"
147,623409436825096192,Tue Jul 21 08:29:26 +0000 2015,0,0,Looking forward to working with @clubsodacroydon again on Soda Fest at the @BadAppleCroydon as part of @AmbitionFest http://t.co/PzCCVEXb03
148,623407917052620800,Tue Jul 21 08:23:24 +0000 2015,1,0,Tomorrow @Kiss_My_Disco is at Jesters Bar in #Eastbourne. Supporting DJs with #learningdisabilities Open to all. http://t.co/k6hjdna4ZA
149,623407412607848448,Tue Jul 21 08:21:24 +0000 2015,4,0,RT @clubsodacroydon: 1 week to go until Soda Fest @BadAppleCroydon part of @AmbitionFest with support from @FreshtrackDJs @DrunkenChorus fo…
150,623407283263959040,Tue Jul 21 08:20:53 +0000 2015,1,0,RT @Kiss_My_Disco: Tomorrow Kiss My Disco is at Jesters Bar in Eastbourne. Active social life for people with #learningdisabilities http://…
151,623183111321448448,Mon Jul 20 17:30:06 +0000 2015,0,0,"I posted 13 photos on Facebook in the album ""Club Soda 29/6/2015"" http://t.co/zJP1AjHgES"
152,622716172472045569,Sun Jul 19 10:34:39 +0000 2015,0,0,Next Sunday in Croydon featuring the marvellous Club Soda Crew DJs. http://t.co/ZUA6WFn2R5
153,622377009625346048,Sat Jul 18 12:06:56 +0000 2015,1,0,RT @Kiss_My_Disco: Next Wed @Kiss_My_Disco is at Jesters Bar #Eastbourne - everyone is welcome! #learningdisabilities http://t.co/rNiSNT61gP
154,622375845567537153,Sat Jul 18 12:02:19 +0000 2015,2,0,RT @HeartnSoulArt: Don’t miss the latest @Kiss_My_Disco next Wednesday 22 July at Jesters Bar in Eastbourne from 7pm! http://t.co/8mMUQPOssS
155,622375734288478208,Sat Jul 18 12:01:52 +0000 2015,3,0,RT @HeartnSoulArt: #SodaFest from @ClubSodaCroydon is coming to @AmbitionFest on July 26! Find out more: http://t.co/3JIyjAU5jt http://t.co…
156,622375420852203520,Sat Jul 18 12:00:38 +0000 2015,1,0,Next Wed @Kiss_My_Disco is at Jesters Bar #Eastbourne - everyone welcome - supporting DJs with #learningdisabilities http://t.co/qBc8rZskBd
157,620969891462557696,Tue Jul 14 14:55:33 +0000 2015,1,0,RT @Kiss_My_Disco: Next Wednesday Kiss My Disco is at Jesters Bar in Eastbourne! Everyone is welcome! http://t.co/5fIDHK31mh
158,620954532999229441,Tue Jul 14 13:54:32 +0000 2015,1,0,Next Wednesday Kiss My Disco is at Jesters Bar in Eastbourne! Everyone is welcome! http://t.co/OPRyeKOsxd
159,618869739369164800,Wed Jul 08 19:50:18 +0000 2015,1,0,Only 2 weeks to go before @Kiss_My_Disco is back at Jesters Bar in #Eastbourne http://t.co/VBK5trC3v1
160,618868464124620800,Wed Jul 08 19:45:14 +0000 2015,1,0,RT @Kiss_My_Disco: @Heavy_Load @StayUpLateUK @Madeline_Late Who knew tablets were so easily transportable &amp; could be taken in different loc…
161,618868453357846529,Wed Jul 08 19:45:11 +0000 2015,2,0,RT @Heavy_Load: @StayUpLateUK TY Sonia for proving tablets do indeed fit in your pocket - #urbanmyth #exploded #stayuplate @Madeline_Late @…
162,618868298567000069,Wed Jul 08 19:44:35 +0000 2015,2,0,RT @Kiss_My_Disco: Join us in 2 weeks time at Jesters Bar in #Eastbourne http://t.co/YkohuCiEZY
163,618859312295903232,Wed Jul 08 19:08:52 +0000 2015,0,0,Keeping your mind healthy http://t.co/L57JONSzJc
164,618859034054103040,Wed Jul 08 19:07:46 +0000 2015,0,0,Only 2 weeks to go before Kiss My Disco is back at Jesters Bar in Eastbourne. Hope to see you there! http://t.co/HCjRZP05qt
165,615535677917261824,Mon Jun 29 15:01:56 +0000 2015,3,0,Croydon people! Tonight is @clubsodacroydon at the @BadAppleCroydon - do yourselves a favour &amp; get down there!! http://t.co/QgOXsg1P8C
166,615535294398509056,Mon Jun 29 15:00:24 +0000 2015,2,0,RT @clubsodacroydon: Club Soda @BadAppleCroydon tonight. Doors 7pm. Entry just £5. 10 great Dj's lined up supported by @FreshtrackDJs http:…
167,614433774550544384,Fri Jun 26 14:03:22 +0000 2015,1,2,@StayUpLateUK @mikosaysstuff @LoudPoets Rock n Roll!
168,613663315609260032,Wed Jun 24 11:01:50 +0000 2015,0,0,Kiss My Disco Newsletter June 2015 http://t.co/JGeRtUJTuK
169,613024573945180161,Mon Jun 22 16:43:42 +0000 2015,1,0,George &amp; Louis are ready for next Monday's big Club Soda event! http://t.co/ABQnpDr9zZ
170,612956385903513600,Mon Jun 22 12:12:45 +0000 2015,2,0,Only one week to go before the Soda Crew DJ's take over the Bad Apple in Croydon. Next Monday - it's gonna be... http://t.co/ZUknezlRy4
171,612886391580717056,Mon Jun 22 07:34:37 +0000 2015,1,0,RT @Kiss_My_Disco: Morning campers ... stick this in your diary .... #KissMyDisco #JestersBar #Eastbourne http://t.co/kgDX0Lu4IN
172,612884656569085953,Mon Jun 22 07:27:43 +0000 2015,3,0,"RT @SallyAWarren: Just have to talk about Be Free again…have just watch last years film again and am SO excited about #BeFree15

As... http…"
173,612879563274756097,Mon Jun 22 07:07:29 +0000 2015,0,0,Excellent TED talk on 'The Forgotten History Of Autism' .... http://t.co/psu0lnckEk
174,610801719296065537,Tue Jun 16 13:30:52 +0000 2015,1,0,RT @Heavy_Load: Not 1 but 2 playlists for our punk/funk make-over tent at @GlastoFest from @FreshtrackDJs 'Deep Pan Disco' and 'Mega Cheese…
175,610801699482021888,Tue Jun 16 13:30:47 +0000 2015,1,0,RT @StayUpLateUK: Not 1 but 2 playlists for our punk/funk make-over tent at @GlastoFest from @FreshtrackDJs 'Deep Pan Disco' and 'Mega Chee…
176,610801676220506112,Tue Jun 16 13:30:42 +0000 2015,0,0,"@StayUpLateUK @GlastoFest Ha ha, glad you got them ok Paul &amp; hope they hit the spot!"
177,610759310935781376,Tue Jun 16 10:42:21 +0000 2015,2,0,Here are some pics from last weeks @Kiss_My_Disco at @Viewfromtheblue #Crowborough http://t.co/UmL36IDmu5
178,610758970664448000,Tue Jun 16 10:41:00 +0000 2015,2,0,RT @Kiss_My_Disco: Here are some pics from last weeks @Kiss_My_Disco at the @Viewfromtheblue #Crowborough http://t.co/bQZYPY3zBb
179,610752003422208000,Tue Jun 16 10:13:19 +0000 2015,1,0,"I posted 25 photos on Facebook in the album ""Kiss My Disco Crowborough 9/6/2015"" http://t.co/7O8K5PiCOq"
180,610731105537409024,Tue Jun 16 08:50:17 +0000 2015,1,0,Big thanks to all the DJs that played at @Kiss_My_Disco at the @Viewfromtheblue #Crowborough last week. http://t.co/atYcvn3Olp
181,610730380283518976,Tue Jun 16 08:47:24 +0000 2015,3,0,RT @Kiss_My_Disco: Big thanks to everyone that came to @Kiss_My_Disco at @Viewfromtheblue #Crowborough last week. More pics soon! http://t.…
182,610728192127729666,Tue Jun 16 08:38:42 +0000 2015,2,0,RT @StayUpLateUK: Thanks @cobroPI for keeping beautiful accessible minutes at our last Storm + Thunder meeting! http://t.co/WU2D4otE3P http…
183,610726868006871040,Tue Jun 16 08:33:26 +0000 2015,3,0,RT @StayUpLateUK: Finishing our Malta experience with some beautiful piano in the airport from Aldean from @HeartnSoulArt http://t.co/uLBHO…
184,610427444668035072,Mon Jun 15 12:43:38 +0000 2015,0,0,Only 2 weeks to go until the next Club Soda at the Bad Apple Croydon. See you there! http://t.co/LS2AFBqWzE
185,610424700972478464,Mon Jun 15 12:32:44 +0000 2015,0,0,More Club Soda footage from the vault ... http://t.co/PQp8NY6qzx
186,610422793805692928,Mon Jun 15 12:25:09 +0000 2015,0,0,Roisin aka DJ 4 Blue practising her Serato skills at Heart n Soul in Deptford last Thursday ... http://t.co/9c69lWzMsm
187,610422505065553920,Mon Jun 15 12:24:00 +0000 2015,0,0,Roisin aka DJ 4 Blue practising her Serato skills at Heart n Soul in Deptford last Thursday ... http://t.co/XRiY53okyW
188,610421532389703680,Mon Jun 15 12:20:09 +0000 2015,0,0,The next Kiss My Disco will be at Jesters Bar in Eastbourne on Wed 22nd July. See you there! http://t.co/VxoDow0cPW
189,610417215213563904,Mon Jun 15 12:02:59 +0000 2015,0,0,"I posted 21 photos on Facebook in the album ""Disability Rocks Ilkley, Yorkshire"" http://t.co/cWeRJzEcyx"
190,609025710078996480,Thu Jun 11 15:53:39 +0000 2015,1,0,@HeartnSoulArt Have a great time people! 😎
191,609023905135755264,Thu Jun 11 15:46:28 +0000 2015,2,0,RT @HeartnSoulArt: Get ready for the return of the FREE #BeautifulOctopusClub! Friday 4 September at @SouthbankCentre. Save the date! http:…
192,609023873607176192,Thu Jun 11 15:46:21 +0000 2015,1,0,RT @HeartnSoulArt: The DJ squad @HeartnSoulArt #allsorts lining up for a dance http://t.co/RBiiHbfnD0
193,609023725707636738,Thu Jun 11 15:45:45 +0000 2015,1,0,RT @HeartnSoulArt: The DJ squad lining up for a dance @HeartnSoulArt  #allsorts http://t.co/OwRgWmGLAl
194,609023614663438337,Thu Jun 11 15:45:19 +0000 2015,1,0,RT @HeartnSoulArt: Nick gets the party started @HeartnSoulArt  #Allsorts http://t.co/GjCHiFEGbF
195,609023414221832194,Thu Jun 11 15:44:31 +0000 2015,1,0,Sam finishing todays session off in style! @heartnsoulart #AllSorts http://t.co/Emzh3PmQ3Z
196,609022650992705536,Thu Jun 11 15:41:29 +0000 2015,0,0,Sam finishing todays session off in style! @heartnsoulart #AllSorts http://t.co/uAi7oZap3k
197,608982626318299136,Thu Jun 11 13:02:27 +0000 2015,2,0,Day service #AllSorts style! @HeartnSoulArt http://t.co/pmJSvlKV5Y
198,608965098770722816,Thu Jun 11 11:52:48 +0000 2015,1,1,Ricardo is lovin the tunes ... @HeartnSoulArt #AllSorts http://t.co/FXOZIQSzHY
199,608964527661690880,Thu Jun 11 11:50:32 +0000 2015,0,0,Ricardo is lovin the tunes! @heartnsoulart #AllSorts http://t.co/qcm1OWg2RQ
