,id_str,created_at,retweet_count,favorite_count,text
0,667824614823755778,Fri Nov 20 21:59:30 +0000 2015,0,1,"@NeilCattermull @JensGerkenMUC @sapo2025 @Weird_Review @saiijoveini Nice pic, Neil! Looks like you had a long journey behind you tho :)"
1,667812519981936643,Fri Nov 20 21:11:26 +0000 2015,1,2,#FF for 1st time in ages @ @JensGerkenMUC @sapo2025 @NeilCattermull @Weird_Review @saiijoveini
2,666187676454813696,Mon Nov 16 09:34:53 +0000 2015,0,0,Sender du data udenfor EU? Så er der noget du skal vide. Kom med til webinar d. 1 december https://t.co/igTmA0eCmB  #Persondataforordningen
3,665326187330293760,Sat Nov 14 00:31:38 +0000 2015,0,0,Thanks for the recent follow @cloudlock @SAP_Telco Happy to connect :) have a great Friday. (insight by https://t.co/ea70XLd3Zh)
4,665082897825599488,Fri Nov 13 08:24:54 +0000 2015,0,0,Er du klar til den nye Persondataforordning? Læs med her: https://t.co/xBKushpgZE
5,664873837012602884,Thu Nov 12 18:34:10 +0000 2015,0,1,Thanks for the recent follow @davidcosgrove @BeAFirebrand Happy to connect :) have a great Thursday. (insight by https://t.co/ea70XLd3Zh)
6,664568366376419328,Wed Nov 11 22:20:20 +0000 2015,0,0,"Det er SÅ godt gået, Morten Klank ! Stort tillykke med successen. I fortjener det :) https://t.co/fn3FB2jdMo"
7,664128419404345344,Tue Nov 10 17:12:08 +0000 2015,0,0,"""Styr på persondata? "" on @LinkedIn https://t.co/HYhwQ5m9Zh #Persondata #Persondataforordning #Privacy"
8,663791681796489216,Mon Nov 09 18:54:04 +0000 2015,0,0,Thanks for the recent follow @jogubujekony @SergioAFern Happy to connect :) have a great Monday. (insight by https://t.co/ea70XLd3Zh)
9,663443486809726978,Sun Nov 08 19:50:28 +0000 2015,0,0,Thanks for the recent follow @MollyAXUG @sucegakihox Happy to connect :) have a great Sunday. (insight by https://t.co/ea70XLd3Zh)
10,663441504833306625,Sun Nov 08 19:42:35 +0000 2015,0,0,Thanks for the recent follow @UpTownColo @wagerlmw @systemrebel Happy to connect :) have a great Sunday. (via https://t.co/ea70XLd3Zh)
11,663108531873280000,Sat Nov 07 21:39:28 +0000 2015,0,0,Thanks for the recent follow @CarCarAnderson @Culturinfo @iotfog Happy to connect :) have a great Saturday. (via https://t.co/ea70XLd3Zh)
12,663101879874899968,Sat Nov 07 21:13:02 +0000 2015,0,0,Thanks for the recent follow @gupshupblog @semrush_es Happy to connect :) have a great Saturday. (insight by https://t.co/ea70XLd3Zh)
13,662285050713661440,Thu Nov 05 15:07:15 +0000 2015,0,0,Thanks for the recent follow @JensGerkenMUC @jigneshrami84 Happy to connect :) have a great Thursday. (insight by https://t.co/ea70XLd3Zh)
14,662156776989683712,Thu Nov 05 06:37:32 +0000 2015,0,2,Gartner debunks the Cloud myths #Gartner #Cloud #Myths https://t.co/1iYdqKQkNf
15,662156399443640321,Thu Nov 05 06:36:02 +0000 2015,4,0,RT @SoftwareONE_US: Are you concerned about the efficiency of your virtual machines? https://t.co/GQ5XBmanMA https://t.co/ho7cUuPvRk
16,662156095230763008,Thu Nov 05 06:34:50 +0000 2015,0,0,"@JensGerkenMUC Welcome to Twitter, Jens :)"
17,662089162112311296,Thu Nov 05 02:08:51 +0000 2015,0,0,Thanks for the recent follow @AmitKum88466174 @Arunnagara Happy to connect :) have a great Wednesday. (insight by https://t.co/ea70XLd3Zh)
18,661946820579491844,Wed Nov 04 16:43:15 +0000 2015,0,0,Thanks for the recent follow @RajatSa70715199 @otaksetanhost Happy to connect :) have a great Wednesday. (via https://t.co/ea70XLd3Zh)
19,661679594219692032,Tue Nov 03 23:01:23 +0000 2015,0,1,Thanks for the recent follow @GaryRossDigital @g_aldous @VisioVirtua Happy to connect :) have a great Tuesday. (via https://t.co/ea70XLd3Zh)
20,661679545376993280,Tue Nov 03 23:01:11 +0000 2015,0,0,Thanks for the recent follow @MainframeDebate @SamNunnInfinity Happy to connect :) have a great Tuesday. (via https://t.co/ea70XLd3Zh)
21,661546642089377792,Tue Nov 03 14:13:05 +0000 2015,0,0,"""IBM audit – hvad så nu?"" by @LTLindholm on @LinkedIn https://t.co/J4nOxiEhbP #IBM #Audit #SoftwareONE"
22,661545976373596160,Tue Nov 03 14:10:26 +0000 2015,0,1,"What millenials don't know is not worth knowing, or is it?  https://t.co/7TLZDrluQR"
23,661368476238520321,Tue Nov 03 02:25:07 +0000 2015,1,1,Thanks for the recent follow @GCloud7 @TranscendoLTD @Teomics Happy to connect :) have a great Monday. (insight by https://t.co/ea70XLd3Zh)
24,661357670205693952,Tue Nov 03 01:42:10 +0000 2015,0,1,Thanks for the recent follow @Irina_Dinescu @Lisecook15 @VikkiKersey Happy to connect :) have a great Monday. (via https://t.co/ea70XLd3Zh)
25,660875438735155200,Sun Nov 01 17:45:57 +0000 2015,0,0,Thanks for the recent follow @threads_app @ryan_treloar @davidfearne Happy to connect :) have a great Sunday. (via https://t.co/ea70XLd3Zh)
26,660867064068968451,Sun Nov 01 17:12:41 +0000 2015,0,0,Thanks for the recent follow @Broovocorp @jesslynnrose @BoMoellerDK Happy to connect :) have a great Sunday. (via https://t.co/ea70XLd3Zh)
27,658035111787630592,Sat Oct 24 21:39:31 +0000 2015,0,1,Thanks for the recent follow @SEOHermit @otaksetanhost Happy to connect :) have a great Saturday. (insight by https://t.co/ea70XLd3Zh)
28,655785540596473857,Sun Oct 18 16:40:31 +0000 2015,0,0,Thanks for the recent follow @RhythmOrangutan @SAP_Telco @entrpr Happy to connect :) have a great Sunday. (via http://t.co/ea70XLd3Zh)
29,655143613295435776,Fri Oct 16 22:09:44 +0000 2015,1,2,Thanks @sapo2025 @marceloancelmo for being top engaged community members this week :) (insight by http://t.co/ea70XLd3Zh)
30,652935682143449088,Sat Oct 10 19:56:12 +0000 2015,0,0,Thanks for the recent follow @digi_forex @RajatSa70715199 Happy to connect :) have a great Saturday. (insight by http://t.co/ea70XLd3Zh)
31,651833541152665600,Wed Oct 07 18:56:41 +0000 2015,0,0,@NeilCattermull Really?! Nothing spooky? No ghosts? The ghost of Snowden haunting the Clouds?
32,651826462228639744,Wed Oct 07 18:28:33 +0000 2015,0,1,Uuuuh! All the drama! Love it! :D  https://t.co/20q6mgDR3k
33,651825111989907456,Wed Oct 07 18:23:11 +0000 2015,0,0,@NeilCattermull  what is CTC plotting for halloween?
34,649721887375949824,Thu Oct 01 23:05:43 +0000 2015,0,1,Thanks for the recent follow @iansamuelsHQ @_BlueRangeTech Happy to connect :) have a great Thursday. (insight by http://t.co/ea70XLd3Zh)
35,648532229979795456,Mon Sep 28 16:18:27 +0000 2015,0,0,Thanks for the recent follow @SilverNdGoldEx @PhilippeGoold Happy to connect :) have a great Monday. (insight by http://t.co/ea70XLd3Zh)
36,647921100584820736,Sat Sep 26 23:50:02 +0000 2015,0,0,Thanks for the recent follow @BkSonalisekar @UXJobsSA @Shiponsarkar4 Happy to connect :) have a great Saturday. (by http://t.co/ea70XLd3Zh)
37,647919094092701696,Sat Sep 26 23:42:04 +0000 2015,0,0,Thanks for the recent follow @innovate_idea @AbdullahAtay1 Happy to connect :) have a great Saturday. (insight by http://t.co/ea70XLd3Zh)
38,647541751184510976,Fri Sep 25 22:42:38 +0000 2015,0,0,Thanks for the recent follow @TheBitcoiners @ranimcmillan Happy to connect :) have a great Friday. (insight by http://t.co/ea70XLd3Zh)
39,646727772145061888,Wed Sep 23 16:48:11 +0000 2015,0,1,Thanks for the recent follow @NeuvooSalEdinb @g_aldous Happy to connect :) have a great Wednesday. (insight by http://t.co/ea70XLd3Zh)
40,646071508280967172,Mon Sep 21 21:20:25 +0000 2015,0,0,Thanks for the recent follow @netConsultLtd @Knowesia @sucegakihox Happy to connect :) have a great Monday. (via http://t.co/ea70XLd3Zh)
41,643527548580839425,Mon Sep 14 20:51:38 +0000 2015,0,0,Thanks for the recent follow @EuroTradeAlerts @leonivanhenry Happy to connect :) have a great Monday. (insight by http://t.co/ea70XLd3Zh)
42,642741600603492353,Sat Sep 12 16:48:33 +0000 2015,0,1,Thanks @VirginiaAIF @Weird_Review for being top engaged community members this week :) (insight by http://t.co/ea70XLd3Zh)
43,641787006125764608,Thu Sep 10 01:35:20 +0000 2015,0,0,Thanks for the recent follow @BruceMaduri @masigiorganics Happy to connect :) have a great Wednesday. (insight by http://t.co/ea70XLd3Zh)
44,641275316674105344,Tue Sep 08 15:42:04 +0000 2015,0,1,Thanks for the recent follow @SamCBays @RuthWilliamsIBM Happy to connect :) have a great Tuesday. (insight by http://t.co/ea70XLd3Zh)
45,640233126053212160,Sat Sep 05 18:40:46 +0000 2015,0,1,Thanks for the recent follow @Trade4Real @api_university Happy to connect :) have a great Saturday. (insight by http://t.co/ea70XLd3Zh)
46,639912133602484224,Fri Sep 04 21:25:16 +0000 2015,0,0,Thanks for the recent follow @SharesMagSteve @lina_garner Happy to connect :) have a great Friday. (insight by http://t.co/ea70XLd3Zh)
47,639579260450152448,Thu Sep 03 23:22:33 +0000 2015,0,0,Thanks for the recent follow @samteenstratton @rukamff7834 Happy to connect :) have a great Thursday. (insight by http://t.co/ea70XLd3Zh)
48,636223217410162689,Tue Aug 25 17:06:50 +0000 2015,0,0,Thanks for the recent follow @hostot @NeuvooHayward Happy to connect :) have a great Tuesday. (insight by http://t.co/ea70XLd3Zh)
49,634794024822513665,Fri Aug 21 18:27:44 +0000 2015,2,4,Geeky but exciting! Geospatial indexing and querying in da Cloud! HashtagCloud #Cloud #geospatial  https://t.co/i9CJB0LiUy
50,634793329817948161,Fri Aug 21 18:24:58 +0000 2015,3,2,"We all need to start somewhere, start your IBM licensing journey here #IBM #licensing #SoftwareONE https://t.co/ayYe3Wx7zP"
51,634792870977867776,Fri Aug 21 18:23:08 +0000 2015,2,2,"Listen up, hosters :) https://t.co/o5Ge5G83um"
52,634792216062525440,Fri Aug 21 18:20:32 +0000 2015,0,4,@sapo2025 @simonlporter @HansB001 @DavidJKay @walkermi25 @marceloancelmo @j0nnymac @IBMBluemix @rmassar @soudW @ibmbrasilvagas #FFB fav frog
53,634186819526107138,Thu Aug 20 02:14:55 +0000 2015,0,1,Thanks for the recent follow @johnlewis7403 @CompareTCloudES Happy to connect :) have a great Thursday. (insight by http://t.co/ea70XLd3Zh)
54,633875610620829696,Wed Aug 19 05:38:17 +0000 2015,1,0,RT @SoftwareONE_US: Cloud-Based Disaster Recovery Basics in Three Minutes by @vCloud: http://t.co/eMCl4qVXCT http://t.co/pjaXGelM5t
55,633875517956059136,Wed Aug 19 05:37:54 +0000 2015,1,0,"RT @SoftwareONE_US: Security solutions are improving, but so are hackers' methods. A breakdown of evasive attacks: http://t.co/6vLMQVfvb3 h…"
56,633875415417909249,Wed Aug 19 05:37:30 +0000 2015,0,0,6% of businesses lack the time to adequately plan for and test disaster recovery: http://t.co/M8ROHbPe8q #DataRecovery
57,633875235184484352,Wed Aug 19 05:36:47 +0000 2015,0,1,Our #Microsoft Advisory Services are designed to make life simpler for you. http://t.co/5HAkcFmIPx
58,633875193279160320,Wed Aug 19 05:36:37 +0000 2015,0,1,Do you understand the basics of #software #licensing and how it impacts your #IT budget? http://t.co/SNQx0eZKeJ
59,633875117882392576,Wed Aug 19 05:36:19 +0000 2015,0,1,Incorrect installation of #Oracle can be costly. Our Advisory Services help avoid this risk. http://t.co/DaFaZfMKR0 #SoftwareONE
60,633758225028874240,Tue Aug 18 21:51:50 +0000 2015,0,0,Thanks for the recent follow @HahansonHanson @Izetta_Tj5 Happy to connect :) have a great Tuesday. (insight by http://t.co/ea70XLuEQP)
61,633704665193017344,Tue Aug 18 18:19:00 +0000 2015,0,1,@sapo2025 I won't be as active as before. New job. Needed to re-brand my profile a little and take a break. Trying to find my new voice :)
62,633688143292690433,Tue Aug 18 17:13:21 +0000 2015,0,1,@sapo2025 good morning Frog :)
63,633570393790488576,Tue Aug 18 09:25:27 +0000 2015,1,0,"""@SoftwareONE_US: 5 skills for surviving #cloud integration: http://t.co/qwxpLwCqqo http://t.co/oHMSZzgZ9U"""
64,633570320373444608,Tue Aug 18 09:25:10 +0000 2015,2,2,The IBM product portfolio can be quite expansive. Do you understand the intricacies of IBM licensing? http://t.co/DLbKu5IZMJ
65,633570166211805184,Tue Aug 18 09:24:33 +0000 2015,2,1,All paths lead to the #cloud for companies competing for increasingly scarce talent: http://t.co/8aw1Rd86g2 #HR http://t.co/7P3Gh0nAq5
66,633570044870590468,Tue Aug 18 09:24:04 +0000 2015,0,0,"The public cloud has spread to 85% of the public sector. But might the #hybridcloud offer a flexible, safer solution? http://t.co/krQJ6jYhqy"
67,633569964948094976,Tue Aug 18 09:23:45 +0000 2015,1,1,"""@SoftwareONE_US: #Cloud Integration Survival Guide: http://t.co/awawLsviOD http://t.co/riI359YRoA"""
68,633569931771179008,Tue Aug 18 09:23:37 +0000 2015,1,1,"""@SoftwareONE_US: Using the #cloud to help diagnose a rare, debilitating childhood disease. http://t.co/wpz6wp0285 http://t.co/TLxpiGYxN1"""
69,633569764217065472,Tue Aug 18 09:22:57 +0000 2015,0,0,We have partnered with @KKR_Co to accelerate future growth and expand our customer services. http://t.co/KNIsHAe49Q http://t.co/LDLjUu8dH0
70,633280720874569728,Mon Aug 17 14:14:24 +0000 2015,0,1,"Do you understand IBM licensing? Read on, we're here to help! https://t.co/oo5MSCyvUI"
71,631911459732242432,Thu Aug 13 19:33:27 +0000 2015,0,0,Thanks for the recent follow @NeuvooOklahoma @Stack_Storm Happy to connect :) have a great Thursday. (insight by http://t.co/ea70XLd3Zh)
72,631581616578670593,Wed Aug 12 21:42:46 +0000 2015,0,0,Thanks for the recent follow @sdxtech @PatrickHalford1 @davidfearne Happy to connect :) have a great Wednesday. (via http://t.co/ea70XLd3Zh)
73,630796354630098944,Mon Aug 10 17:42:25 +0000 2015,0,1,@rhian_wilkinson @CloudyTHA @MattLovell28 @RobDavies11 @DT @rich_arrowECS @davidfearne It's was a tough 2 weeks. But someone had to do it ;)
74,630796168306556928,Mon Aug 10 17:41:40 +0000 2015,0,0,@sapo2025 @DT HAHAHAHAHA! Now that's 1 awesome cool guy #love #sealion
75,630767128258420736,Mon Aug 10 15:46:17 +0000 2015,0,1,Thanks @DT @sapo2025 for being top engaged community members this week :) (insight by http://t.co/ea70XLd3Zh)
76,629821257542930432,Sat Aug 08 01:07:43 +0000 2015,0,0,Thanks for the recent follow @Jestcheeky @tradonline Happy to connect :) have a great Saturday. (insight by http://t.co/ea70XLd3Zh)
77,629328980139610113,Thu Aug 06 16:31:35 +0000 2015,0,1,Thanks for the recent follow @SAPStartups @rich_arrowECS @payapi_io Happy to connect :) have a great Thursday. (via http://t.co/ea70XLuEQP)
78,627957050081943552,Sun Aug 02 21:40:02 +0000 2015,0,0,Thanks for the recent follow @UpTownColo @Pushpendra5299 Happy to connect :) have a great Sunday. (insight by http://t.co/ea70XLd3Zh)
79,627176095188688896,Fri Jul 31 17:56:48 +0000 2015,0,0,Thanks for the recent follow @qavuburugel @vywahybumun @Lisecook15 Happy to connect :) have a great Friday. (via http://t.co/ea70XLd3Zh)
80,626063948408848384,Tue Jul 28 16:17:31 +0000 2015,0,1,Thanks @IreneBarreiro1 @rhian_wilkinson for being top engaged community members this week :) (insight by http://t.co/ea70XLd3Zh)
81,625951384945324032,Tue Jul 28 08:50:14 +0000 2015,1,4,@rhian_wilkinson @CloudyTHA @MattLovell28 @RobDavies11 @DT @rich_arrowECS @davidfearne #FFB! http://t.co/GUY3HSz3Um
82,624282204873605122,Thu Jul 23 18:17:30 +0000 2015,0,0,Thanks for the recent follow @MaterialsValley @AashiqueRahaman Happy to connect :) have a great Thursday. (via http://t.co/ea70XLd3Zh)
83,624250175154991104,Thu Jul 23 16:10:14 +0000 2015,0,0,Thanks for the recent follow @michaeldavis777 @andrewsroadmaps Happy to connect :) have a great Thursday. (via http://t.co/ea70XLd3Zh)
84,623915656581394432,Wed Jul 22 18:00:58 +0000 2015,0,1,Thanks for the recent follow @KumarMadhukant @JihaneElouardi Happy to connect :) have a great Wednesday. (insight by http://t.co/ea70XLd3Zh)
85,623598729669550080,Tue Jul 21 21:01:37 +0000 2015,0,0,Thanks for the recent follow @willemvzyl @EvelynRosenb @foqaretopine Happy to connect :) have a great Tuesday. (via http://t.co/ea70XLd3Zh)
86,622871052264296448,Sun Jul 19 20:50:05 +0000 2015,0,0,Thanks for the recent follow @hsyintuna @SSL2BUY Happy to connect :) have a great Sunday. (insight by http://t.co/ea70XLd3Zh)
87,622190695227518976,Fri Jul 17 23:46:36 +0000 2015,0,0,Thanks for the recent follow @EMPERYmusic @MM_ViolinFlash Happy to connect :) have a great Friday. (insight by http://t.co/ea70XLd3Zh)
88,621783511918358529,Thu Jul 16 20:48:36 +0000 2015,0,0,Thanks @sea_jen @Weird_Review for being top engaged community members this week :) (insight by http://t.co/ea70XLd3Zh)
89,621772466222956545,Thu Jul 16 20:04:42 +0000 2015,0,0,Thanks for the recent follow @megkristel @SWORadioNetwork @imangel2006 Happy to connect :) have a great Thursday. - via @commun_it
90,621050235033415680,Tue Jul 14 20:14:49 +0000 2015,0,0,Thanks for the recent follow @BMCSoftware @AfricanSU @sudhanshu64541 Happy to connect :) have a great Tuesday. (via http://t.co/ea70XLd3Zh)
91,621047118757806081,Tue Jul 14 20:02:26 +0000 2015,0,1,Thanks for the recent follow @EpicLaunch @xupurupirycu @Bensweet20 @mi_europe Happy to connect :) have a great Tuesday. - via @commun_it
92,620714874633617408,Mon Jul 13 22:02:13 +0000 2015,0,1,Thanks for the recent follow @jojo72000 @vizionceo @DEVARAKKROYAL @bigrideoncloud Happy to connect :) have a great Monday. - via @commun_it
93,620697150478024704,Mon Jul 13 20:51:47 +0000 2015,0,0,Thanks for the recent follow @BrownKevinL @JasmeenOnSea @JasmeenCA @WorkHomeApple Happy to connect :) have a great Monday. - via @commun_it
94,618943091744088064,Thu Jul 09 00:41:47 +0000 2015,0,1,Thanks for the recent follow @ChfTricks @QoolingQuality @KateWright24 Happy to connect :) have a great Thursday. (by http://t.co/ea70XLd3Zh)
95,618520690124304384,Tue Jul 07 20:43:18 +0000 2015,0,0,Thanks for the recent follow @GaryRossDigital @teamdatatonic Happy to connect :) have a great Tuesday. (insight by http://t.co/ea70XLd3Zh)
96,618134530000592896,Mon Jul 06 19:08:50 +0000 2015,1,1,Thanks for the recent follow @Fred_Roed @iosu_blanco @PhilipMahler Happy to connect :) have a great Monday. (via http://t.co/ea70XLd3Zh)
97,617758549637222400,Sun Jul 05 18:14:50 +0000 2015,0,0,Thanks for the recent follow @jokeryragyda @FullproofCyber @SWauschkuhn Happy to connect :) have a great Sunday. (by http://t.co/ea70XLd3Zh)
98,616673615522742272,Thu Jul 02 18:23:41 +0000 2015,0,0,Thanks for the recent follow @PattWiller @AXMentor @TronmasterLLC Happy to connect :) have a great Thursday. (via http://t.co/ea70XLd3Zh)
99,616296938561011712,Wed Jul 01 17:26:55 +0000 2015,0,1,Thanks for the recent follow @jesslynnrose @concurrentuk Happy to connect :) have a great Wednesday. (insight by http://t.co/ea70XLd3Zh)
100,615617496700338176,Mon Jun 29 20:27:03 +0000 2015,0,0,Thanks for the recent follow @gupshupblog @ryan_treloar Happy to connect :) have a great Monday. (insight by http://t.co/ea70XLd3Zh)
101,614506853775581184,Fri Jun 26 18:53:45 +0000 2015,0,1,@sapo2025 I'm great Frog. There's a life outside the protective walls of big blue. And I LOVE it
102,614472019749408769,Fri Jun 26 16:35:20 +0000 2015,0,1,@sapo2025 thank you and you too Frog :)
103,613401274818658304,Tue Jun 23 17:40:35 +0000 2015,0,1,God Sankt Hans! Happy Midsummer all - see you witches in Brocken for the Sabbath http://t.co/Akue8mlrc1
104,613116252719063040,Mon Jun 22 22:48:00 +0000 2015,0,2,Thanks for the recent follow @CalDarkSide @semrush_es @LReehten Happy to connect :) have a great Monday. (insight by http://t.co/ea70XLd3Zh)
105,612442226354978816,Sun Jun 21 02:09:40 +0000 2015,0,0,Thanks for the recent follow @GnomoVfx @hasenchatangola @Lex_Innova Happy to connect :) have a great Sunday. (via http://t.co/ea70XLd3Zh)
106,612044458012581888,Fri Jun 19 23:49:04 +0000 2015,0,1,Thanks for the recent follow @TraderApple @Jessquired Happy to connect :) have a great Friday. (insight by http://t.co/ea70XLd3Zh)
107,611898770377322496,Fri Jun 19 14:10:10 +0000 2015,0,0,#FF and let the weekend commence @VernonComputers
108,611898768838008833,Fri Jun 19 14:10:09 +0000 2015,2,2,#FF and let the weekend commence @jasonburrows @comparethecloud @Weird_Review @Qwellys @sapo2025 @JayOnTheLedge @easyjanjansen @simonlporter
109,611898342054961152,Fri Jun 19 14:08:27 +0000 2015,0,1,@comparethecloud @Datapipe @rhian_wilkinson @EMMABENNETTTUT @Nick_Beale @apj12 @Avaya @mainframeblog @IBMzSystems @jasonburrows #FFB! #TGIF
110,611898277898924032,Fri Jun 19 14:08:12 +0000 2015,4,0,RT @comparethecloud: #FF @Datapipe @rhian_wilkinson @EMMABENNETTTUT @Nick_Beale @apj12 @Avaya @mainframeblog @IBMzSystems @LTLindholm @jaso…
111,611704593869897728,Fri Jun 19 01:18:34 +0000 2015,0,0,Thanks for the recent follow @XISS_HPC @xtgglobal Happy to connect :) have a great Friday. (insight by http://t.co/ea70XLd3Zh)
112,611564536789905408,Thu Jun 18 16:02:02 +0000 2015,0,1,Thanks for the recent follow @krishtechnolab @SamyrJriri Happy to connect :) have a great Thursday. (insight by http://t.co/ea70XLd3Zh)
113,611295520280182786,Wed Jun 17 22:13:04 +0000 2015,0,0,Thanks for the recent follow @rajivipyryg @VerifiedHelp315 Happy to connect :) have a great Wednesday. (insight by http://t.co/ea70XLd3Zh)
114,611274581169545216,Wed Jun 17 20:49:51 +0000 2015,1,2,Thanks @IreneBarreiro1 @JayOnTheLedge for being top engaged community members this week :) (insight by http://t.co/ea70XLd3Zh)
115,610856116357046273,Tue Jun 16 17:07:01 +0000 2015,0,0,Thanks for the recent follow @saiijoveini @UandMePlus Happy to connect :) have a great Tuesday. (insight by http://t.co/ea70XLd3Zh)
116,610840311523352576,Tue Jun 16 16:04:13 +0000 2015,0,0,Thanks for the recent follow @FA_BearMarket @Bridgemanswa @KeaCompany Happy to connect :) have a great Tuesday. (via http://t.co/ea70XLd3Zh)
117,610529500145786880,Mon Jun 15 19:29:10 +0000 2015,2,0,"RT @SoftwareONEuk: 5 Industry Trends That Increase Software Asset Management Complexity http://t.co/RlV81efHUD

#SAM #ITAM #BYOD #Cloud"
118,610519022946394112,Mon Jun 15 18:47:32 +0000 2015,0,0,Thanks for the recent follow @EtienneDesrez @niranjan0376 @dowcloud Happy to connect :) have a great Monday. (via http://t.co/ea70XLd3Zh)
119,609164434947313664,Fri Jun 12 01:04:53 +0000 2015,0,1,Thanks for the recent follow @ahao88 @StratusCub Happy to connect :) have a great Friday. (insight by http://t.co/ea70XLd3Zh)
120,609149198857043968,Fri Jun 12 00:04:21 +0000 2015,0,1,Thanks for the recent follow @AppSpotr @isolutionskft @FranFolan Happy to connect :) have a great Friday. (via http://t.co/ea70XLd3Zh)
121,608734071779389441,Wed Jun 10 20:34:47 +0000 2015,0,1,Thanks for the recent follow @PlanetWebIndia @fejowituxylo @basefarm Happy to connect :) have a great Wednesday. (by http://t.co/ea70XLd3Zh)
122,608710003076308992,Wed Jun 10 18:59:08 +0000 2015,0,1,Thanks for the recent follow @brytlytUK @Peteandreasson @wubinas Happy to connect :) have a great Wednesday. (via http://t.co/ea70XLd3Zh)
123,608446926837698560,Wed Jun 10 01:33:46 +0000 2015,0,0,Thanks for the recent follow @ShdwMarketing @sgs_insights Happy to connect :) have a great Wednesday. (insight by http://t.co/ea70XLd3Zh)
124,608445471774912512,Wed Jun 10 01:27:59 +0000 2015,0,1,Thanks for the recent follow @xelaiix @terkelolsen @MapleComputing Happy to connect :) have a great Wednesday. (via http://t.co/ea70XLd3Zh)
125,608376312319852545,Tue Jun 09 20:53:10 +0000 2015,1,1,"IBM Listed as Fastest Growing Vendor in Gartner Worldwide Security Software Study, based on... http://t.co/WmwNcp2V7x"
126,606905856865771520,Fri Jun 05 19:30:06 +0000 2015,0,1,Thanks for the recent follow @webCPH @tshinsekij @BevanAsf Happy to connect :) have a great Friday. (insight by http://t.co/ea70XLd3Zh)
127,606900363069923328,Fri Jun 05 19:08:16 +0000 2015,0,0,Thanks for the recent follow @8790208700_maha @MdMustar @ashishsri3 Happy to connect :) have a great Friday. (via http://t.co/ea70XLd3Zh)
128,606592072817242112,Thu Jun 04 22:43:14 +0000 2015,0,1,Thanks for the recent follow @tsvINT @Quentin_Harry @SIRETechnology Happy to connect :) have a great Thursday. (via http://t.co/ea70XLd3Zh)
129,606590844037144576,Thu Jun 04 22:38:21 +0000 2015,0,0,Thanks for the recent follow @YourPrivateProx @VernonComputers Happy to connect :) have a great Thursday. (via http://t.co/ea70XLd3Zh)
130,606165743231725568,Wed Jun 03 18:29:09 +0000 2015,1,1,Thanks for the retweets this week @sapo2025 @marvpalmer much appreciated :) (insight by http://t.co/ea70XLd3Zh)
131,606156410750156800,Wed Jun 03 17:52:04 +0000 2015,0,0,Thanks for the recent follow @BrownKevinL @SERPholiC @WorkHomeApple Happy to connect :) have a great Wednesday. (via http://t.co/ea70XLd3Zh)
132,605845730893299712,Tue Jun 02 21:17:32 +0000 2015,2,3,Do you manage the risk? Six Steps to Successfully Adopting the Cloud http://t.co/Z1mthiPstd #SoftwareONE #Cloud
133,605845346682433536,Tue Jun 02 21:16:01 +0000 2015,1,2,"Traditional way of thinking IT just won't cut it in a dog eat dog world - Maritime, adapt! The hackers are #Security https://t.co/OLUfPixeWm"
134,605844883350261760,Tue Jun 02 21:14:10 +0000 2015,0,3,Government Cloud is coming to a city near you. Are you ready for the era of #Cloud? #SoftwareONE https://t.co/kePGjj3xXy
135,605844657356955648,Tue Jun 02 21:13:17 +0000 2015,0,0,"Hosters, become even smarter on Microsoft SPLA.  https://t.co/mHGGXaE2dU"
136,605762159428153344,Tue Jun 02 15:45:27 +0000 2015,0,1,Thanks for the recent follow @osnexus @proopinions @jiwovevuvem Happy to connect :) have a great Tuesday. (via http://t.co/ea70XLd3Zh)
137,605441803370831873,Mon Jun 01 18:32:29 +0000 2015,1,1,Thanks for the recent follow @WonderingTrader @MiSsSnObBy @Vi_vians Happy to connect :) have a great Monday. (via http://t.co/ea70XLd3Zh)
138,605346654036860928,Mon Jun 01 12:14:23 +0000 2015,2,1,Are you still running on Windows Server 2003?  What you need to know about migrating: https://t.co/ERX4KJKoUt #Migration #Microsoft #2003
139,605346467121901568,Mon Jun 01 12:13:39 +0000 2015,0,0,Tech Talk! Office 360 - listen in and get to know us even better https://t.co/0mVHMgUTQq
140,605346070462402560,Mon Jun 01 12:12:04 +0000 2015,0,2,@sapo2025 @simonlporter @rodrigokede @HansB001 @DavidJKay @walkermi25 @marceloancelmo @j0nnymac @IBMBluemix @soudW  G'morning Frog!
141,604792414054821889,Sat May 30 23:32:02 +0000 2015,0,0,Thanks for the recent follow @SSL2BUY @macdonaldjasond Happy to connect :) have a great Saturday. (insight by http://t.co/ea70XLd3Zh)
142,604786410856558592,Sat May 30 23:08:11 +0000 2015,0,0,Thanks for the retweets this week @GraceMurphy2 @AmazingInfoTech much appreciated :) (insight by http://t.co/ea70XLd3Zh)
143,604385067176202240,Fri May 29 20:33:23 +0000 2015,0,0,Thanks for the recent follow @EddieHalfordBDH @RokLibnik @QuynhNguyn6 Happy to connect :) have a great Friday. (via http://t.co/ea70XLd3Zh)
144,604055303462723585,Thu May 28 22:43:01 +0000 2015,1,3,Thanks @moisesmeireles1 @Weird_Review @DawnMDaras for being top engaged community members this week :) (insight by http://t.co/ea70XLd3Zh)
145,604045761110757376,Thu May 28 22:05:06 +0000 2015,0,0,Thanks for the recent follow @mywoxoqedoz @SWORadioNetwork Happy to connect :) have a great Thursday. (insight by http://t.co/ea70XLd3Zh)
146,603361192288059394,Wed May 27 00:44:52 +0000 2015,0,0,Thanks #TopNewFollowers @LarsHalborg @Bill_SWO_UK @JCmaplecom happy to connect :) (insight by http://t.co/ea70XLd3Zh)
147,602877350745866240,Mon May 25 16:42:15 +0000 2015,0,2,Thanks #TopCommunityMembers @NeilCattermull @rhian_wilkinson happy to engage :) (insight by http://t.co/ea70XLd3Zh)
148,602284654658486273,Sun May 24 01:27:06 +0000 2015,1,2,Thanks for the retweets this week @IreneBarreiro1 @JayOnTheLedge much appreciated :) (insight by http://t.co/ea70XLd3Zh)
149,601842799839936512,Fri May 22 20:11:19 +0000 2015,0,1,Thanks for the retweets this week @ThisIsIoT @katebennettctc much appreciated :) (insight by http://t.co/ea70XLd3Zh)
150,601706976561766400,Fri May 22 11:11:37 +0000 2015,4,4,@TClake @sea_jen @JOE_1122 @GraceMurphy2 @viragshah4 @IreneBarreiro1 @kelllima @JayOnTheLedge @Shivanand_25 and #FFB!
151,601659471576707072,Fri May 22 08:02:50 +0000 2015,1,1,SoftwareONE's Software Lifecycle Portal https://t.co/foSZhpvvI7 #SWO #SPM
152,601658332777095169,Fri May 22 07:58:19 +0000 2015,2,3,Internet of Things - 3 easy steps to get started without selling your soul #IOT #PersonalizedShopping https://t.co/WvOnwZhkQ9
153,601489804392534016,Thu May 21 20:48:39 +0000 2015,0,0,Thanks #TopNewFollowers @nudu88 @ibwat37 happy to connect :) (insight by http://t.co/ea70XLd3Zh)
154,601155642779402240,Wed May 20 22:40:48 +0000 2015,0,1,Thanks #TopCommunityMembers @dez_blanchfield @Jackotro happy to engage :) (insight by http://t.co/ea70XLd3Zh)
155,600530410720894976,Tue May 19 05:16:21 +0000 2015,0,0,@NeilCattermull @IBMEdge Hehehehe your long lost shaved head twin? :)
156,600396099946414081,Mon May 18 20:22:39 +0000 2015,0,0,Thanks #TopNewFollowers @chillingbreeze @danielknecht20 happy to connect :) (insight by http://t.co/ea70XLd3Zh)
157,600376026674397184,Mon May 18 19:02:53 +0000 2015,0,0,Thanks #TopNewFollowers @Verdie_Newitt @rubble16 @goldie_tech @techjobsomaha happy to connect :) (insight by http://t.co/ea70XLd3Zh)
158,600369249857753088,Mon May 18 18:35:58 +0000 2015,0,1,Thanks #TopNewFollowers @ZukowskaAsia @pfersht @RobSteele @OleJeppesen happy to connect :) (insight by http://t.co/ea70XLd3Zh)
159,600199459222507520,Mon May 18 07:21:16 +0000 2015,4,0,RT @SoftwareONE_US: 3 ways you can avoid spending too much on #IT - http://t.co/4xmeuph8oE  via @forbesbv http://t.co/ecDQ3J3iYH
160,600199151113089024,Mon May 18 07:20:03 +0000 2015,2,0,RT @Bill_SWO_UK: 11 Reasons You Should Have a One Stop Shop for All Your Software Licensing Needs https://t.co/coRyvYqOXT
161,599632312033239040,Sat May 16 17:47:38 +0000 2015,3,4,Love this vid! Go to 9:00 mins and stay tuned to Compare the Cloud's talk about Cloud and the benefits #CTC #Cloud https://t.co/nZoMAbfJhy
162,599360239843024897,Fri May 15 23:46:31 +0000 2015,0,0,Thanks #TopNewFollowers @markhfluid @sabri_booba happy to connect :) (insight by http://t.co/ea70XLd3Zh)
163,598954372589039616,Thu May 14 20:53:45 +0000 2015,0,1,Thanks for the retweets this week @amar81sb @SoftwareONE_US much appreciated :) (insight by http://t.co/ea70XLd3Zh)
164,598671089082892288,Thu May 14 02:08:05 +0000 2015,0,1,Thanks #TopCommunityMembers @SamiGhazali @viragshah4 happy to engage :) (insight by http://t.co/ea70XLuEQP)
165,598537718302384128,Wed May 13 17:18:06 +0000 2015,0,1,TY @rhian_wilkinson ! You're a star :) &lt;3 + unicorns and rainbows to you and yours https://t.co/txSaBFC8lP
166,598537535292317696,Wed May 13 17:17:23 +0000 2015,1,1,@katebennettctc @Forbes @SoftLayer @IBM Because IBM Rocks!
167,598534245003460608,Wed May 13 17:04:18 +0000 2015,0,1,I must be the smartest person ever. What's my name again?... http://t.co/snYCBZQP2s via @9GAG #Smart #Forgetful #meme
168,597915612518686720,Tue May 12 00:06:05 +0000 2015,0,0,Thanks #TopNewFollowers @AdaptiveCareers @juliocus @nthe_cloud @stevenicsbbox happy to connect :) (insight by http://t.co/ea70XLd3Zh)
169,597416156274757632,Sun May 10 15:01:25 +0000 2015,0,1,@dez_blanchfield Amen to that! Twitter #FTW!
170,597415695186587648,Sun May 10 14:59:35 +0000 2015,2,1,@dez_blanchfield Hehehehe I'll consider it ;) Night Dez
171,597415272094498816,Sun May 10 14:57:54 +0000 2015,5,1,"@dez_blanchfield I'll be coughing rainbows the next few days, Dez! My hair still has a pink tint to it. It was great to go and alot of fun"
172,597370553004077056,Sun May 10 12:00:13 +0000 2015,3,3,#ColorRun2015 This was before the race. After I looked like a rainbow 🌈 http://t.co/ewZBFRa4LP
173,597217528134381569,Sun May 10 01:52:09 +0000 2015,0,0,Thanks #TopCommunityMembers @kelllima @bukstedt happy to engage :) (insight by http://t.co/ea70XLd3Zh)
174,597080629453430785,Sat May 09 16:48:09 +0000 2015,1,1,Thanks #TopNewFollowers @foguzalulus @Fasterahead @kewald @ReadyForTheWeb happy to connect :) (insight by http://t.co/ea70XLd3Zh)
175,596734355264770048,Fri May 08 17:52:11 +0000 2015,1,0,Aaaaaaawwww! #IBM makes cute commercials #&lt;3 http://t.co/HaoRyDqBMV
176,595543809045430272,Tue May 05 11:01:23 +0000 2015,0,0,Fear of cyberattacks has corporate directors on edge http://t.co/scdlUCmCUv #Risk #security
177,595542653980135424,Tue May 05 10:56:48 +0000 2015,2,2,4 criteria to consider when seraching for a Software Asset Management tool  http://t.co/qQZkz9LlkD #SAM #SoftwareONE
178,594982046004596736,Sun May 03 21:49:08 +0000 2015,0,1,Thanks for the retweets this week @rhian_wilkinson @jpalmaer much appreciated :) (insight by http://t.co/ea70XLd3Zh)
179,593876857910652929,Thu Apr 30 20:37:31 +0000 2015,0,0,Thanks #TopNewFollowers @Munsroe @bonimotyweb @TechMktgMaven @rmotr_com happy to connect :) (insight by http://t.co/ea70XLd3Zh)
180,592380129046835200,Sun Apr 26 17:30:03 +0000 2015,0,0,Thanks #TopNewFollowers @TheSocialPitt @3CLogic happy to connect :) (insight by http://t.co/ea70XLd3Zh)
181,592378407645679617,Sun Apr 26 17:23:12 +0000 2015,0,0,Thanks #TopCommunityMembers @DT @MkDigitalPt happy to engage :) (insight by http://t.co/ea70XLuEQP)
182,591807368352108544,Sat Apr 25 03:34:06 +0000 2015,0,2,@sapo2025 @simonlporter @rodrigokede @HansB001 @DavidJKay @walkermi25 @marceloancelmo @j0nnymac @IBMBluemix @soudW @ibmbrasilvagas Hi Frog
183,591777363962232832,Sat Apr 25 01:34:52 +0000 2015,0,1,Thanks #TopNewFollowers @VernonComputers @liz_croc @BestBuyRR @TechnologyNoise happy to connect :) (insight by http://t.co/ea70XLd3Zh)
184,591653733810962432,Fri Apr 24 17:23:37 +0000 2015,0,1,Thanks #TopNewFollowers @NonSurgicalFace @exodusanalytics happy to connect :) (insight by http://t.co/ea70XLd3Zh)
185,591646409931280384,Fri Apr 24 16:54:31 +0000 2015,1,1,Thanks #TopNewFollowers @chrisifg @BuzztalkToday @BramWeerts @biconnections happy to connect :) (insight by http://t.co/ea70XLd3Zh)
186,589945936299827201,Mon Apr 20 00:17:26 +0000 2015,0,0,Thanks #TopNewFollowers @fuwyhesituj @MikeA_13 @basefarm @AnnuschkaWi happy to connect :) (insight by http://t.co/ea70XLd3Zh)
187,589933019533811713,Sun Apr 19 23:26:06 +0000 2015,0,1,Thanks #TopNewFollowers @AJon06883 @caitmackcs @mitel_francisco @JWCChristiansen happy to connect :) (insight by http://t.co/ea70XLd3Zh)
188,589930075858022400,Sun Apr 19 23:14:25 +0000 2015,0,0,Thanks for the retweets this week @cloudstuff @AmazingInfoTech much appreciated :) (insight by http://t.co/ea70XLd3Zh)
189,589917321390592000,Sun Apr 19 22:23:44 +0000 2015,0,0,Thanks #TopNewFollowers @fashionableday @CW_Events_DK @Jannalmedia @mithunkumar7445 happy to connect :) (insight by http://t.co/ea70XLd3Zh)
190,589555870662557698,Sat Apr 18 22:27:27 +0000 2015,0,1,Thanks #TopNewFollowers @bri_yang @isolutionskft @AvexHolding @ZingyPet happy to connect :) (insight by http://t.co/ea70XLd3Zh)
191,589555719038439424,Sat Apr 18 22:26:51 +0000 2015,0,1,Thanks #TopNewFollowers @brittlebliss @MartinWielomski @clearlogin @gregory_marteau happy to connect :) (insight by http://t.co/ea70XLd3Zh)
192,589548706329972736,Sat Apr 18 21:58:59 +0000 2015,1,0,Thanks #TopCommunityMembers @moisesmeireles1 @IreneBarreiro1 @sapo2025 @marceloancelmo happy to engage :) (via http://t.co/ea70XLd3Zh)
193,589548560439496705,Sat Apr 18 21:58:24 +0000 2015,0,0,Thanks #TopNewFollowers @PerezITQ @GoAnywhereMFT @LeahWalterr @lerosoz30 happy to connect :) (insight by http://t.co/ea70XLd3Zh)
194,588999516185047041,Fri Apr 17 09:36:42 +0000 2015,3,3,@ed_renwick @rhian_wilkinson @LedgerPaul @DatapipeEurope @edmacnair @Quentin_Harry @IanMCalvert @DT @comparethecloud @simonlporter #FFB Ed!
195,587788739369431041,Tue Apr 14 01:25:30 +0000 2015,0,0,Thanks #TopNewFollowers @Aculocity @LouVarveris @SchonenbergFred @wcrosbymit happy to connect :) (insight by http://t.co/ea70XLd3Zh)
196,587763050394034176,Mon Apr 13 23:43:25 +0000 2015,0,2,Thanks #TopNewFollowers @tickernpro @PCrysdale @bluenotecrm @ProxyKey happy to connect :) (insight by http://t.co/ea70XLd3Zh)
197,587761465773416449,Mon Apr 13 23:37:08 +0000 2015,0,0,Thanks #TopNewFollowers @iDivaCollection @BenGeneration @MiSsSnObBy @CloudWebTop happy to connect :) (insight by http://t.co/ea70XLd3Zh)
198,587747826114887680,Mon Apr 13 22:42:56 +0000 2015,0,0,Thanks #TopCommunityMembers @TotemGrant @Weird_Review happy to engage :) (insight by http://t.co/ea70XLd3Zh)
199,586545554521509888,Fri Apr 10 15:05:32 +0000 2015,1,2,#FF and cheers from Denmark  @yegispnk @indizen_insight @alvfig
