,id_str,created_at,retweet_count,favorite_count,text
0,668976199654223872,Tue Nov 24 02:15:29 +0000 2015,0,0,One of the most influence author #dalecarnegie  born on Nov 24th 1888 https://t.co/stKVxBs0Zn
1,668974799440359425,Tue Nov 24 02:09:55 +0000 2015,0,1,"RT@emitoms "" I am not a perfect person, I make plenty of mistakes every day. I feel blessed that people love me despite the imperfections."""
2,668476773479280640,Sun Nov 22 17:10:57 +0000 2015,351,0,"RT @DavidRoads: To be a great champion you must believe you are the best. If you're not, pretend you are. -Muhammad Ali"
3,668476571598983168,Sun Nov 22 17:10:09 +0000 2015,22,0,RT @vanithaj: ஒரு முஸ்லிம் அல்லது அவர்கள் கூட்டணி இஸ்லாம் தீவரவாத்தை எதிர்த்து போர் செய்யட்டும் ஒத்துக்கொள்வோம் எல்லா முஸ்லிம்களும் தீவிரவா…
4,667954153012916224,Sat Nov 21 06:34:14 +0000 2015,0,0,I don’t want other people to decide who I am. I want to decide that for myself. #SelfCare4Life  #saturdaylibrarian
5,667952284647600128,Sat Nov 21 06:26:49 +0000 2015,174,0,RT @the_hindu: Indian flag upside down at Modi-Abe meet https://t.co/FuFHKfGrah https://t.co/NAKFZSYCG3
6,667952284643364864,Sat Nov 21 06:26:49 +0000 2015,25,0,"RT @IndiaToday: Chhattisgarh CM clicks selfie with Kareena, is accused of being insensitive to farmers
https://t.co/cJ75sJwKjA https://t.co…"
7,667951939016003584,Sat Nov 21 06:25:26 +0000 2015,40,0,RT @CricketNDTV: Tragic news from Namibia. 25-year-old cricketer dies after suffering a stroke during match. https://t.co/6WrCvTOxxf https:…
8,667710360019841025,Fri Nov 20 14:25:29 +0000 2015,0,0,There are more English words beginning with the letter “S” than with any other letter. #fact #fridayreads #factfileFriday
9,667709846565711872,Fri Nov 20 14:23:27 +0000 2015,464,0,"RT @DavidRoads: If you can see the positive sides of everything, you'll be able to live a much richer life than others. - Celestine Chua"
10,667708002409967616,Fri Nov 20 14:16:07 +0000 2015,0,0,"சொகுசு பேருந்து என்பது பெரிய சைஸ் 
""ஷேர் ஆட்டோ""! @Tamil_Typist"
11,667234864945491968,Thu Nov 19 06:56:03 +0000 2015,0,0,Be nice to people on your way up because you’ll meet them on your way down. #thursdaymotivation #BeKind
12,667198597377622017,Thu Nov 19 04:31:56 +0000 2015,0,0,என் தந்தையை யாரோ நாலு பேர் ஏளனம் செய்யகூடாது என்ற பயத்தில் படித்து முடித்ததும் கிடைத்த வேலையை செய்ய தொடங்கினேன். ..! (ஆணின் முதல் தியாகம்).
13,667196887896731649,Thu Nov 19 04:25:08 +0000 2015,0,0,@VSREENIWAS it's purely Tamil language.. It means #international men's day..
14,667195356153643010,Thu Nov 19 04:19:03 +0000 2015,0,0,ஒரு ஆண் 25 வயதுக்கு மேல் எடுக்க போற ஒவ்வொரு முடிவும் தீப்பெட்டியில் உரசும் கடைசி தீக்குச்சியை போல அதீத கவனம் செலுத்த வேண்டியுள்ளது.!!
15,667040344056311808,Wed Nov 18 18:03:05 +0000 2015,0,0,"@Tamil_Typist அவசரத்துக்கு ஒரு கொத்தனார தேடுனா ஊர்ல ஒரு பய இல்ல,
தெருவுக்கு நாலு இஞ்சினியர் மட்டும் இருக்கானுங்க !! என்னை போல..!😛😜"
16,666839321601638400,Wed Nov 18 04:44:18 +0000 2015,39,0,"RT @UnbeIieveabIe: Teens who sleep less than 8-9 hours a day suffer from mood swings, irritability and even depression!"
17,666838218575253504,Wed Nov 18 04:39:55 +0000 2015,0,0,"காலை வணக்கம்..!!😎😁
#myfirstTweet  in #Tamil"
18,666837056807571456,Wed Nov 18 04:35:18 +0000 2015,0,0,"RT@wordsporns "" What hurts you today, makes you stronger tomorrow."""
19,666831480157376513,Wed Nov 18 04:13:08 +0000 2015,0,0,"RT@ashwinsanghi ""Maybe our favorite quotations say more about us than about the stories and people we're quoting. ~John Green"""
20,666322388351451136,Mon Nov 16 18:30:11 +0000 2015,0,0,@fareez_ahamed @WeatherBLR 😂😁😁😂👍😎cool
21,666083976868532224,Mon Nov 16 02:42:49 +0000 2015,0,0,#bangaloreweather condition.. started to drizzle in Bangalore @WeatherBLR https://t.co/3ktBwR8rT1
22,666081886708461568,Mon Nov 16 02:34:31 +0000 2015,9,0,"RT @newsflicks: #LSD, an experiment we wish never happened. Say No To #Drugs https://t.co/C8bZAAam4O"
23,666076464270340097,Mon Nov 16 02:12:58 +0000 2015,1,0,"RT @Evieblackpool: Don't talk badly to me about Islam when you don't even know how many times a day muslims pray. You know nothing, so say …"
24,666075607847952385,Mon Nov 16 02:09:34 +0000 2015,0,0,@LoveSmileTweets thanks for the follow ☺👍
25,666068534879870976,Mon Nov 16 01:41:28 +0000 2015,724,0,RT @EarnKnowledge: A field of flowers in Japan that looks like an endless ocean! https://t.co/N50cADMV2Y
26,666064461518606337,Mon Nov 16 01:25:17 +0000 2015,2,0,"RT @_utmost: Never lose faith. Never lose hope. Never lose sight of God's promises. God is bigger than any problem, and He will get you thr…"
27,666063617519841280,Mon Nov 16 01:21:55 +0000 2015,595,0,RT @FamousWomen: Those who move forward with a happy spirit will find that things always work out.
28,665953314975039488,Sun Nov 15 18:03:37 +0000 2015,0,0,"When awake, the human brain produces enough electricity to power a small light bulb. #Brain #fact #welcomenovember #factoftheday"
29,665952036161122306,Sun Nov 15 17:58:32 +0000 2015,411,0,RT @Inspire_Us: You must do the thing which you think you cannot do. -Eleanor Roosevelt
30,665910281998995457,Sun Nov 15 15:12:37 +0000 2015,1,0,Feeling gratitude and not expressing it is like wrapping a present and not giving it. #sundayreads #QuotesOfTheDay #quote
31,665783761011798016,Sun Nov 15 06:49:52 +0000 2015,9,0,"RT @JoyAndLife: Always take risks. If you win, you can lead. If you lose, you can guide. https://t.co/dxctuERkXB"
32,665782599218917376,Sun Nov 15 06:45:15 +0000 2015,670,0,RT @DavidRoads: Never give up on a dream because of the time it will take to accomplish it. The time will pass anyway.
33,665458367440265216,Sat Nov 14 09:16:53 +0000 2015,0,0,@v_shakthi thanks for the follow.
34,665432976004620289,Sat Nov 14 07:35:59 +0000 2015,43,0,RT @selvaraghavan: This Adventurous Indian Family Drove A Car From Bengaluru To Paris Over 111 Days https://t.co/X5aRC5fclJ
35,665430396885213187,Sat Nov 14 07:25:44 +0000 2015,1,0,RT @fareez_ahamed: Front end developer is at the last because he have to learn something new everyday :D https://t.co/aGAtEA9qEi
36,665424076081623040,Sat Nov 14 07:00:37 +0000 2015,378,0,RT @windowsdev: Wise words from our very own @SatyaNadella #MotivationMonday https://t.co/0ipwjFyfuP
37,665423365486833664,Sat Nov 14 06:57:47 +0000 2015,1,0,RT @fareez_ahamed: #SAPBuild is really cool :) UI is super cool and intuitive... Very responsive... https://t.co/QQ28ufXQFY
38,665422657966514176,Sat Nov 14 06:54:59 +0000 2015,33,0,"RT @moiraforbes: ""Now is no time to think of what you do not have. Think of what you can do with what there is."" -Ernest Hemingway"
39,665421651048288257,Sat Nov 14 06:50:59 +0000 2015,255,0,"RT @abhilash_171: The beauty of #Chennai is-
It's Ooty when it's winter,
It's Sahara when it's summer,
It's Venice when it rains.
#ChennaiR…"
40,665421534970925056,Sat Nov 14 06:50:31 +0000 2015,2,0,RT @fareez_ahamed: #Chennai #Chennairains finally #tatasky is useful to someone during rain https://t.co/v2Guv37nn2
41,665421365927944192,Sat Nov 14 06:49:51 +0000 2015,1,0,"RT @fareez_ahamed: Hey @OpenUI5, it would be nice to have monospaced fonts for codes in the explored page... Hard to read now.."
42,665419056397332480,Sat Nov 14 06:40:40 +0000 2015,21,0,RT @newsflicks: India needs to adopt more. 11 million children need a home. More at https://t.co/S6PInM6GZD #ChildrensDay https://t.co/vR9x…
43,665413423178485760,Sat Nov 14 06:18:17 +0000 2015,0,0,The longest common English word without vowels is “Rhythms”. #fact #ChildrensDay
44,665412015947718656,Sat Nov 14 06:12:42 +0000 2015,485,0,"RT @DavidRoads: Patience is not the ability to wait, but how you act while you're waiting."
45,665012441487577088,Fri Nov 13 03:44:56 +0000 2015,405,0,RT @Inspire_Us: To think is easy. To act is hard. But the hardest thing in the world is to act in accordance with your thinking. - Johann v…
46,664722155150577664,Thu Nov 12 08:31:26 +0000 2015,19,0,"RT @katkinc1: Either I Win Or I Learn..

@10MillionMiler #quote #leadership #entrepreneur #startup #quotes RT @brianmawdsley https://t.co/3…"
47,663900526631759872,Tue Nov 10 02:06:34 +0000 2015,0,0,RT@newsflicks #TheGreatWallOfChina opened for tourists today in 1970 https://t.co/imZfiebNjt
48,663897795170971648,Tue Nov 10 01:55:43 +0000 2015,524,0,RT @DavidRoads: Don't compare your progress with that of others. We all need our own time to travel our own distance.
49,663335239356297216,Sun Nov 08 12:40:19 +0000 2015,0,0,@aboutIovee thanks for the follow..!!😊👍
50,663186722008600576,Sun Nov 08 02:50:10 +0000 2015,79,0,"RT @InspowerBooks: The strongest people aren't always the people who win, but the people who don't give up when they lose."
51,662135621079580672,Thu Nov 05 05:13:28 +0000 2015,12,0,RT @the_hindu: Satya Nadella to meet industry leaders in Mumbai today https://t.co/WWr4XKzEFM https://t.co/vtuZndqOqF
52,662132900524003328,Thu Nov 05 05:02:39 +0000 2015,609,0,"RT @EarnKnowledge: In 1914, a boy chained his bike to a tree to fight in the war. He never returned https://t.co/UMHk5Cf81L"
53,661020788816908288,Mon Nov 02 03:23:31 +0000 2015,0,0,"What worries you, masters you.
#mondaymotivation #quoteoftheday #NeverGiveUp"
54,660704609023848448,Sun Nov 01 06:27:08 +0000 2015,0,0,It is very important to know who you are. To make decisions. To show who you are. #decision #quote #weekend #sundaystrength
55,660648979135246336,Sun Nov 01 02:46:05 +0000 2015,351,0,RT @DavidRoads: Knowing is not enough; we must apply. Willing is not enough; we must do.
56,659911281529372672,Fri Oct 30 01:54:44 +0000 2015,386,0,"RT @EarnKnowledge: Satellite image of Barcelona, Spain. https://t.co/BgiwoaTLJG"
57,659910797452152832,Fri Oct 30 01:52:49 +0000 2015,56,0,"RT @ilovequotebooks: You are special, and you still have something unique to offer. Your life, because of who you are, has meaning. -Barbar…"
58,659910744960425984,Fri Oct 30 01:52:36 +0000 2015,492,0,RT @DavidRoads: Fear kills more dreams than failure ever will.
59,659908366945226752,Fri Oct 30 01:43:09 +0000 2015,21,0,"RT @spencerrayner: RT @KarieWallSt  
Powerful words.  We ourselves must walk the path. #Zen https://t.co/IO6MzZw3Nt"
60,659577930784202752,Thu Oct 29 03:50:07 +0000 2015,12,0,RT @ashwinsanghi: An error doesn't become a mistake until you refuse to correct it. ~Orlando A Battisa
61,659190793932902401,Wed Oct 28 02:11:47 +0000 2015,47,0,RT @newsflicks: The wealthiest and the humblest #BillGates turns 60 today @BillGates https://t.co/XujIi1z28A
62,658215427747635200,Sun Oct 25 09:36:01 +0000 2015,197,0,"RT @DavidRoads: If you do not hope, you will not find what is beyond your hopes. - St. Clement"
63,657959565791637504,Sat Oct 24 16:39:19 +0000 2015,54,0,"RT @ndtv: 200 iconic monuments across 60 countries lit up blue for United Nations' 70th anniversary
https://t.co/DZ4UoJSAVx https://t.co/E4…"
64,657955664883351552,Sat Oct 24 16:23:49 +0000 2015,50,0,"RT @InspiredLogic: Thoughts and prayers for the Mexican people. 
#HurricanePatricia https://t.co/GdNySQpRkS"
65,657945737011949568,Sat Oct 24 15:44:22 +0000 2015,546,0,"RT @Inspire_Us: Commitment means staying loyal to what you said you were going to do, long after the mood you said it in has left you. #com…"
66,657897315374530561,Sat Oct 24 12:31:57 +0000 2015,534,0,RT @DavidRoads: Remind yourself that you don't have to do what everyone else is doing.
67,657112990039216128,Thu Oct 22 08:35:20 +0000 2015,272,0,"RT @Inspire_Us: Be true to your work, your word, and your friend. -Henry David Thoreau"
68,656657939361492992,Wed Oct 21 02:27:07 +0000 2015,458,0,RT @DavidRoads: Be who you were created to be and you will set the world on fire.
69,656629302423785472,Wed Oct 21 00:33:19 +0000 2015,1,0,Hope is being able to see that there is light despite all of the darkness. #WednesdayFeels #HopeStartsWithYou #quoteoftheday #motivation
70,656491997964857344,Tue Oct 20 15:27:44 +0000 2015,0,0,"Human behaviour flows from three main sources: desire, emotion and knowledge. #quoteoftheday #Emotional #quotes"
71,655916303195082752,Mon Oct 19 01:20:07 +0000 2015,4,0,RT @MphasisCareers: Some tips to help you with your resume writing! :) #bpolife http://t.co/KpOcpUkDG2
72,655693313438187520,Sun Oct 18 10:34:02 +0000 2015,56,0,"RT @Pray4Pal: Over 1300 Palestinian shot in last 11 days 
https://t.co/xgfPJoMIAK"
73,654119948898320384,Wed Oct 14 02:22:03 +0000 2015,78,0,RT @UnbeIieveabIe: It's impossible to remain angry at someone you truly love. Anger lasting for more than 3 days indicates that you're not …
74,653758678630187009,Tue Oct 13 02:26:29 +0000 2015,0,1,"Hope is a waking dream.
@HavingBigDreams #hopeandchange #motivation #quoteoftheday #Quote_tweet"
75,653636325669605376,Mon Oct 12 18:20:18 +0000 2015,714,0,"RT @DavidRoads: It's not about having the skill to do something. It's about having the will, desire &amp; commitment to be your best. -Robert H…"
76,653417886032072704,Mon Oct 12 03:52:18 +0000 2015,0,0,"Learn from yesterday, live for today, hope for tomorrow. The important thing is not to stop questioning.
#mondaymotivation #quoteoftheday"
77,653406137920786432,Mon Oct 12 03:05:37 +0000 2015,131,0,"RT @sri50: Start a brand new week with a smile. Forget the negative thoughts of last week and move on. U r your own master, let there b pos…"
78,653398190884913152,Mon Oct 12 02:34:02 +0000 2015,0,0,"RT@Factsionary ""Every cigarette you smoke reduces your expected life span by 11 minutes."" #NoToTobacco #healthnews #facts"
79,653396781439385604,Mon Oct 12 02:28:26 +0000 2015,35,0,"RT @emitoms: “Take a few small steps each day instead of staying put and obsessively planning your journey.”

--Unknown"
80,653210167757049856,Sun Oct 11 14:06:54 +0000 2015,0,0,@Flipkart  but products are always in out of stock :( :( no use of #TheBigBillionDays http://t.co/WdUv9WNk8X
81,653206320498081792,Sun Oct 11 13:51:37 +0000 2015,1,0,RT @sarvesh001: @Flipkart Really hope there won't be any wide out of stock issues as it was the case last time.#TheBigBillionDays
82,653181553720188928,Sun Oct 11 12:13:12 +0000 2015,755,0,RT @DavidRoads: Only two ways to live life. One is as though nothing is a miracle. The other is as though everything is a miracle. - Albert…
83,652871351980589056,Sat Oct 10 15:40:34 +0000 2015,19,0,"RT @kryes: தஞ்சை பெரிய கோயிலை= நாம் வெறுக்கப் போவதில்லை:)
--
ஆனா ,""துதி பாடலில்"" மட்டுமே நின்றுவிடாது
""முழு"" வரலாறும்= அறிவோம்! http://t.co…"
84,652789592723075072,Sat Oct 10 10:15:41 +0000 2015,481,0,RT @Inspire_Us: Every day may not be good but there is something good in every day.
85,652485247724990464,Fri Oct 09 14:06:20 +0000 2015,0,0,@Flipkart all the time out of stock: ( :( highly #disappointed come on guyz.. First bring products up. offers next.. http://t.co/DX5W76s3ND
86,652474050560704512,Fri Oct 09 13:21:50 +0000 2015,2,0,"RT @sujatagrk: @Snapdeal_Help @amicvoice Well-said. I lost my 7, 500 rs in a transaction. They are cheaters. Never believe them."
87,652473368373891072,Fri Oct 09 13:19:08 +0000 2015,0,0,The structure of brain changes when we learn something new. #facts #brainhealth
88,652472046832582656,Fri Oct 09 13:13:52 +0000 2015,0,0,@Flipkart many items in my Wish list are out of stock :( will it get up on coming #bigmillionday ..? Expecting some positive response.. !!
89,652471178771083265,Fri Oct 09 13:10:26 +0000 2015,0,0,It isn’t the mountains ahead to climb that wear you out; it’s the pebble in your shoe. #QuotesOfTheDay #motivationquote #Fridayreads #quote
90,652470664952086528,Fri Oct 09 13:08:23 +0000 2015,75,0,RT @timesofindia: Spectacular pictures of 83rd Indian Air Force Day celebrations http://t.co/GWKB4Ji432 http://t.co/uc8bZotK8T
91,652470351952109572,Fri Oct 09 13:07:08 +0000 2015,37,0,RT @IndiaToday: This 50-lane chock-a-block in Beijing will make your eyes pop out http://t.co/KaUXYp6l0J http://t.co/uoKAV2Q2xq
92,652075362898210816,Thu Oct 08 10:57:36 +0000 2015,0,1,@Snapdeal_Help sent mail... Hope this one tweet s last one... Trusting you guyz.. Hoping for best solution from @snapdeal
93,652060011087003648,Thu Oct 08 09:56:35 +0000 2015,0,1,@Snapdeal_Help thanks for quick response.. But still getting the following error while updating NEFT details.. :( http://t.co/HG90Xp0sw5
94,651976785773531136,Thu Oct 08 04:25:53 +0000 2015,0,1,@Snapdeal_Help yeah I have DM my contact details...
95,651684917173026816,Wed Oct 07 09:06:06 +0000 2015,0,0,@Snapdeal_Help plz let me know the status... Much appreciated your effort...
96,651665371670253568,Wed Oct 07 07:48:26 +0000 2015,2,1,@Snapdeal_Help believe I won't get the product what i have paid. What a tragedy. #panic @snapdeal I should hv ordered it from @Flipkart
97,651664751584370688,Wed Oct 07 07:45:58 +0000 2015,3,2,@Snapdeal_Help when will I expect the result..? Talked with customer executive.. He s said it takes 48 hours to get confirm..! 1/2.
98,651467201346572288,Tue Oct 06 18:40:59 +0000 2015,2,0,@Snapdeal_Help thanks in advance. Next time onwards  Plz take care of it.. Else @snapdeal will lose all its trusted customers.
99,651463105898131456,Tue Oct 06 18:24:42 +0000 2015,3,1,@Snapdeal_Help just shared my order details... Hoping it will get resolved..
100,651463052286558208,Tue Oct 06 18:24:29 +0000 2015,0,1,@Snapdeal_Help  appreciate ur quick response ...Panasonic In Ear Earphones with .Order No. 8836841950. Tracking number is UNISNPC13259316
101,651462379083927552,Tue Oct 06 18:21:49 +0000 2015,0,0,@snapdeal Panasonic In Ear Earphones with . Order No. 8836841950  Tracking number is UNISNPC13259316 #unbelievable http://t.co/B3fVLmUM7y
102,651461056196247552,Tue Oct 06 18:16:34 +0000 2015,0,0,"@snapdeal cont., taking time &amp; trust towards snapdeal everything went waste on my first order itself.. Spending money and getting empty box."
103,651460217985613824,Tue Oct 06 18:13:14 +0000 2015,1,0,@snapdeal cont.. Getting empty box on my first order 😠😕 snapdeal losing its customers trust.. #snapdealfails. Totally waste of time &amp; money.
104,651459631672262656,Tue Oct 06 18:10:54 +0000 2015,2,0,@snapdeal highly disappointed with ur service. My first order itself got empty box instead of product. #frustrated. http://t.co/xumzSaYrRl
105,651376999575891968,Tue Oct 06 12:42:33 +0000 2015,367,0,"RT @Actor_Siddharth: It helps to have such clarity of thought. This helped me. Hope it helps you too. Lots of love, Siddharth. http://t.co/…"
106,651231738014797824,Tue Oct 06 03:05:20 +0000 2015,54,0,RT @InspowerBooks: I've failed over &amp; over &amp; over again in my life &amp; that is why I succeed. -Michael Jordan
107,651192343660376064,Tue Oct 06 00:28:47 +0000 2015,21,0,RT @InspowerBooks: Nothing can stop God's plan for your life. http://t.co/JNneT69CYY
108,651019629452656645,Mon Oct 05 13:02:29 +0000 2015,0,0,Sometimes it’s the smallest decisions that can change your life forever. #mondaymotivation #QuotesOfTheDay #ChangeStartsHere #quote
109,650843589367369728,Mon Oct 05 01:22:58 +0000 2015,382,0,"RT @DavidRoads: By leaving behind ur old self &amp; taking a leap of faith into the unknown, u find out what u are truly capable of becoming."
110,650843503795171328,Mon Oct 05 01:22:38 +0000 2015,70,0,RT @InspowerBooks: Finish each day &amp; be done with it. You have done what you could. Learn from it; tomorrow is a new day. -Ralph Waldo Emer…
111,650841930733981696,Mon Oct 05 01:16:23 +0000 2015,55,0,"RT @ilovequotebooks: Gratitude makes sense of the past, brings peace for today, and creates a vision for tomorrow. -Melody Beattie"
112,650516884958244864,Sun Oct 04 03:44:46 +0000 2015,0,1,"RT@Inspire_Us ""Do what you feel in your heart to be right - for you'll be criticized anyway."" -Eleanor Roosevelt #sundaymorning #quotes"
113,650492033316990976,Sun Oct 04 02:06:00 +0000 2015,62,0,"RT @newsflicks: On #WorldAnimalDay today, let’s make an effort to save animals who are as much a part of the planet as we are http://t.co/o…"
114,650490737776177152,Sun Oct 04 02:00:52 +0000 2015,0,0,"RT @UnbeIieveabIe ""Hearing your name being called, when no one has actually called your name, is a likely sign of a healthy mind."" #facts"
115,650489752278315008,Sun Oct 04 01:56:57 +0000 2015,0,0,@Tamil_Typist thanks for the follow buddy...! Have a great day
116,650320937036877824,Sat Oct 03 14:46:08 +0000 2015,43,0,RT @InspowerBooks: When the wrong people leave your life the right things start happening. http://t.co/pJrhJBB242
117,650320650297409541,Sat Oct 03 14:45:00 +0000 2015,35,0,"RT @newsflicks: #TheLastSelfie: In 2015, 15 people died clicking #selfie, 3 of whom were Indians. Details @http://ow.ly/SQnkA http://t.co/R…"
118,650240413693947904,Sat Oct 03 09:26:10 +0000 2015,0,0,@Tamil_Typist I like your DP description very much 😎😀
119,650210645552402432,Sat Oct 03 07:27:52 +0000 2015,0,0,The only courage that matters is the kind that gets you from one moment to the next. #QuotesOfTheDay #Saturday #quote #weekendreads
120,650147319099211776,Sat Oct 03 03:16:14 +0000 2015,0,0,FB based on features in tech.. Twitter s based on information.. #Information is #Wealth #TwitterVsFB
121,649950407515443204,Fri Oct 02 14:13:47 +0000 2015,517,0,RT @DavidRoads: You were born with the ability to change someone's life - don't ever waste it.
122,649929891870171136,Fri Oct 02 12:52:15 +0000 2015,0,0,@yashwanthi3694 thanks for the follow..
123,649518568371912704,Thu Oct 01 09:37:48 +0000 2015,5,0,RT @StarTVNetwork: #UdayShankar wins Prestigious @forbes_india Leadership Award 2015 for Best CEO of a MNC #FILA2015 #InspiringABillion htt…
124,649202789755686912,Wed Sep 30 12:43:01 +0000 2015,13,0,"RT @dorait: “A great product manager has the brain of an engineer, the heart of a designer, and the speech of a diplomat” – sent to me by a…"
125,649158029066174464,Wed Sep 30 09:45:09 +0000 2015,11,0,RT @newsflicks: How many #iPhones does #Apple sell in the blink of an eye &amp; how much did it earn? Find out at http://t.co/BqIqvxirw0 http:/…
126,649026518778269696,Wed Sep 30 01:02:35 +0000 2015,52,0,RT @InspowerBooks: Stand up to your obstacles &amp; do something about them. You will find that they haven't half the strength you think they h…
127,649026438805463040,Wed Sep 30 01:02:15 +0000 2015,374,0,RT @DavidRoads: Accept no one's definition of your life; define yourself.
128,649025450715561984,Wed Sep 30 00:58:20 +0000 2015,259,0,"RT @InspowerMinds: I never regret anything, because every detail of my past is what made me into who I am today."
129,649025305525493760,Wed Sep 30 00:57:45 +0000 2015,359,0,"RT @DavidRoads: I'm gonna make the REST of my LIFE, the BEST of my LIFE."
130,649024860056907776,Wed Sep 30 00:55:59 +0000 2015,0,0,@itisprashanth good morning.  !! Nice photo
131,648690380855185408,Tue Sep 29 02:46:53 +0000 2015,15,0,"RT @santosh_ersaab: People are so dumb ! Facebook is down and they start a trend in Twitter 😂😂
Go outside and get a life !
#facebookdown"
132,648687611083653120,Tue Sep 29 02:35:53 +0000 2015,28,0,RT @thaneeshtani: U r the hero for ur life don't forget @cmbrookins @ilovequotebooks #life #beliving http://t.co/MtJQC8ZZE9
133,648685397099302912,Tue Sep 29 02:27:05 +0000 2015,63,0,"RT @InspowerBooks: Keep Calm, stop stressing over it, just let it be... Everything will be OK."
134,648679858264932352,Tue Sep 29 02:05:04 +0000 2015,340,0,RT @Inspire_Us: Every minute you are angry you lose 60 seconds of happiness.
135,648405414795587584,Mon Sep 28 07:54:32 +0000 2015,0,0,"""I am not afraid of an army of lions led by a sheep; I am afraid of an army of sheep led by a lion."" -Alexander the Great.  #QuotesOfTheDay"
136,648358748398882816,Mon Sep 28 04:49:06 +0000 2015,0,0,"Everyone has been made for some particular work, and the desire for that work has been put in every heart.
#mondaymotivation #work #quotes"
137,648312358578712576,Mon Sep 28 01:44:46 +0000 2015,15,0,RT @newsflicks: 130 years of the #rabies vaccine &amp; yet we lose 55000 lives due to this deadly bite #EndRabiesTogether #WorldRabiesDay http:…
138,648147676203085825,Sun Sep 27 14:50:22 +0000 2015,442,0,RT @DavidRoads: The days you are most uncomfortable are the days you learn the most about yourself. - Mary L. Bean
139,648132895215783936,Sun Sep 27 13:51:38 +0000 2015,1,0,"RT @neovijaymatic: Nice Article.
The Origin of the 8-Hour Work Day and Why We Should Rethink It https://t.co/adUraBgQdg via @buffer"
140,648125270684098560,Sun Sep 27 13:21:20 +0000 2015,46,0,RT @_robin_sharma: Your #DailyKickstart (1/2) http://t.co/5thntDNSR9
141,648120410505003010,Sun Sep 27 13:02:02 +0000 2015,0,0,Work out your own salvation. Do not depend on others. #sundaybest #Self #motivation #QuotesOfTheDay #quote
142,648119407093248000,Sun Sep 27 12:58:02 +0000 2015,87,0,"RT @JoinAAP: An Indian Govt Hospital. 

#MakeIndiaFirst http://t.co/dVMPhuHK4j"
143,648016496933793792,Sun Sep 27 06:09:07 +0000 2015,1761,0,"RT @ArvindKejriwal: 'Make India' is 2 invest in Health,Edu, Water, Safety, Justice n infra. People are our best asset. Invest in them n wor…"
144,648016482421510144,Sun Sep 27 06:09:03 +0000 2015,1372,0,"RT @ArvindKejriwal: Yest, I said- ""Make in India"" wud automatically happen if we first ""Make India"". Many friends asking me what I mean by …"
145,647999201394032640,Sun Sep 27 05:00:23 +0000 2015,591,0,"RT @Inspire_Us: Do what is right, not what is easy."
146,647996513256271872,Sun Sep 27 04:49:42 +0000 2015,1807,0,RT @satyanadella: Inspiring discussion with @NarendraModi on how tech is a powerful tool to enable human ingenuity #ModiInUSA http://t.co/w…
147,647788186391851010,Sat Sep 26 15:01:53 +0000 2015,0,0,@imKBRshanthnu done
148,647787780026691585,Sat Sep 26 15:00:16 +0000 2015,121,0,RT @imKBRshanthnu: Pls do RT 😊 http://t.co/SBQw4nBFPY
149,647787082572697601,Sat Sep 26 14:57:30 +0000 2015,137,0,"RT @Forbes: Toughest jobs to fill in 2016 include: 
Data Scientist
Electrical Engineer
Operations Manager
More: http://t.co/OzWljonnqv"
150,647785976224313346,Sat Sep 26 14:53:06 +0000 2015,691,0,"RT @GreatestQuotes: Imperfection is beauty, madness is genius and it's better to be absolutely ridiculous than absolutely boring. - Marilyn…"
151,647784429000093696,Sat Sep 26 14:46:57 +0000 2015,266,0,"RT @DavidRoads: If you do not hope, you will not find what is beyond your hopes. - St. Clement"
152,647782854097661953,Sat Sep 26 14:40:42 +0000 2015,549,0,"RT @Inspire_Us: Don't look back when you know you shouldn't.
Don't stress over things that don't matter.
Don't worry about thinks you can't…"
153,647775804676399105,Sat Sep 26 14:12:41 +0000 2015,0,0,"Losing sleep due to over thinking on a nightly basis is linked to high blood pressure, depression and lack of motivation."
154,647775115216748544,Sat Sep 26 14:09:57 +0000 2015,0,1,The average person unlocks his or her smartphone 110 times each day. #smartphone #FACTS2015 #weekend
155,647665648181444609,Sat Sep 26 06:54:58 +0000 2015,127,0,"RT @northstar_gbl: Be proactive, not reactive- A smart school uses the best in technology to keep children safe.
#SmartSchoolSafeSchool htt…"
156,647665385341251584,Sat Sep 26 06:53:55 +0000 2015,0,0,Moreover first aid tool kits &amp; proper fire exist need to install in all schools #SmartSchoolSafeSchool
157,647664799535333377,Sat Sep 26 06:51:35 +0000 2015,0,0,For smart school we need smart teachers... For safe school we need brilliant Security system.. #makesmartIndia #SmartSchoolSafeSchool
158,647325669207097344,Fri Sep 25 08:24:00 +0000 2015,0,0,"Progress is impossible without change, and those who cannot change their minds cannot change anything. #QuotesOfTheDay #changeyourself"
159,647255574808125440,Fri Sep 25 03:45:29 +0000 2015,2,0,"RT @Joe_Met_23: Seek God before you seek someone else. God should always be first. Everything else, even yourself, is second."
160,647255514133336064,Fri Sep 25 03:45:14 +0000 2015,5,0,"RT @ashwinsanghi: It doesn't matter what is true, it only matters what people believe is true. ~Paul Watson"
161,646944237754314753,Thu Sep 24 07:08:20 +0000 2015,0,0,"There are only two mistakes one can make along the road to the truth; not going all the way, and not starting.
#truth #QuotesOfTheDay #quote"
162,646907429456752640,Thu Sep 24 04:42:04 +0000 2015,0,1,Eid Mubarak to all..@fareez_ahamed @reza_rahman @arrahman have a great day..!! http://t.co/qhDS0xDt70
163,646905084790509568,Thu Sep 24 04:32:45 +0000 2015,18,0,RT @newsflicks: Are you a smartphone slave? Find out why you may be turning into one http://t.co/3D8nshgMXH http://t.co/gR5vpwr4P5
164,646681382933020672,Wed Sep 23 13:43:51 +0000 2015,1710,0,RT @The_Gospels: Have FAITH! God has  a message for YOU. Visit -&gt; http://t.co/1qRf0GChOt &amp; sign up for our daily emails. http://t.co/LBbz7b…
165,646673200294703105,Wed Sep 23 13:11:20 +0000 2015,85,0,RT @timesofindia: 13-year-old Odisha girl wins Google award http://t.co/gyCTL9WHR7
166,646670778830684160,Wed Sep 23 13:01:42 +0000 2015,0,0,"Every moment is an experience, enjoy the little things in #life  #wednesdaymotivation #QuoteOfTheDay #quote"
167,646511955071471616,Wed Sep 23 02:30:36 +0000 2015,2,0,RT @SAPInsideTrack: This Saturday: SAP Inside Track in Bangalore September 26 http://t.co/M9OUEcMW5G #SITBLR
168,646505850232639488,Wed Sep 23 02:06:20 +0000 2015,0,0,"RT @Inspire_Us ""The happiness of your life depends upon the quality of your thoughts."" #thoughts"
169,646505661694476289,Wed Sep 23 02:05:35 +0000 2015,0,0,"RT @DavidRoads ""Never get so busy making a living that you forget to make a life.."" #quote #wednesdaymotivation"
170,646329655654514689,Tue Sep 22 14:26:12 +0000 2015,14,0,"RT @behindwoods: #ThaniOruvan Sequel! 
#MohanRaja Reveals!

https://t.co/Pi6hemIBEr"
171,646264817662038016,Tue Sep 22 10:08:34 +0000 2015,0,0,"Avoid making d assumption that life will not give u what u want or deserve becoz, in most cases, what u aim 2 get is exactly what u'll get."
172,646253375286149120,Tue Sep 22 09:23:06 +0000 2015,0,1,The sky is the limit. You never have the same experience twice. #TuesdayEve  #QuoteOfTheDay #motivation #positive #quotes
173,646198014885761024,Tue Sep 22 05:43:07 +0000 2015,12,0,"RT @IndiaToday: Do you hope for higher salary in IT industry? Then India is not the right place for you.
http://t.co/K22XZ0ZTDh http://t.co…"
174,646197466946146304,Tue Sep 22 05:40:56 +0000 2015,506,0,"RT @DavidRoads: Be true to yourself, because there are only a few people that will stay true to you,"
175,646196955396222976,Tue Sep 22 05:38:54 +0000 2015,10,0,RT @vikatan: உடல் உறுப்பு தானம் செய்யணும்! http://t.co/7bGT1V4qie
176,646194605260537856,Tue Sep 22 05:29:34 +0000 2015,2,0,RT @ashwinsanghi: The 15 most popular YouTubers in the world http://t.co/azuuJHE59b
177,645946494369972224,Mon Sep 21 13:03:40 +0000 2015,3,0,RT @ParamjitGarewal: MoneyMatters:Indian IT cos amongWorld'sWorst paymasters;4 times less thanSwitzerland-TheEco. http://t.co/BptnZbsihv -S…
178,645944686465515521,Mon Sep 21 12:56:28 +0000 2015,54,0,RT @Medium: “Ad Blocking and the Future of the Web” by @zeldman https://t.co/KKOoYqBc19
179,645930650151706624,Mon Sep 21 12:00:42 +0000 2015,38,0,"RT @Chinmayi: To those who don't know, this is my debut song, in Kannathil Muthamittal. https://t.co/b1MCx6GsW7"
180,645894597848117248,Mon Sep 21 09:37:26 +0000 2015,25,0,RT @Ryanintheus: It is better to remain silent and be thought a fool than to open one's mouth and remove all doubt. -Abraham Lincoln #quote
181,645881262159237120,Mon Sep 21 08:44:27 +0000 2015,0,0,Whatever words we utter should be chosen with care for people will hear them and be influenced by them for good or ill. #quote #thoughts
182,645836889895780353,Mon Sep 21 05:48:08 +0000 2015,0,1,What would life be if we had no courage to attempt anything?  #mondaymotivation #QuotesOfTheDay  #encouragement #quote
183,645775944012042240,Mon Sep 21 01:45:57 +0000 2015,0,0,"RT @Factsionary: ""We are subconsciously more attracted to people who have the same taste in music as we do."""
184,645638441590374400,Sun Sep 20 16:39:34 +0000 2015,325,0,RT @ashwinravi99: My condolences go out to the family and friends of Mr.Jagmohan Dalmiya.A fine administrator he http://t.co/Co5WqGlBti sir.
185,645607549362827264,Sun Sep 20 14:36:49 +0000 2015,58,0,RT @ndtv: Lead story now on http://t.co/wRqTp39qeH: http://t.co/4Q5UjzK3Ei http://t.co/3DCo9xvXSQ
186,645509292343209984,Sun Sep 20 08:06:22 +0000 2015,0,0,The #true #secret of #Happiness  lies in taking a genuine interest in all the details of daily life.    #sundaybest #QuotesOfTheDay #quote
187,645439664573157376,Sun Sep 20 03:29:42 +0000 2015,204,0,"RT @TimesNow: Delhi government imposes fine of  ₹5000 on those throwing waste, puja offerings in Yamuna http://t.co/9dnDzQaV4U"
188,644810183844085760,Fri Sep 18 09:48:22 +0000 2015,500,0,RT @Inspire_Us: Giving up doesn't always mean you're weak. Sometimes it means you are strong and smart enough to let go and move on.
189,644768829097115648,Fri Sep 18 07:04:02 +0000 2015,0,0,"The technology behind #smartphones relies on up to 250,000 separate patents. #technology #Fantastic #Fact"
190,644764859544899584,Fri Sep 18 06:48:16 +0000 2015,1,1,The mind is everything. What you think you become.  #motivation #QuotesOfTheDay #fridayreads
191,644690094683648000,Fri Sep 18 01:51:10 +0000 2015,1,0,RT @markITwrite: The Search for the Perfect Twitter Follower: http://t.co/fWIZdx720O #TwitterFollowers #Twitter http://t.co/rU1rX3aWU6
192,644366830115549184,Thu Sep 17 04:26:38 +0000 2015,15,0,"RT @vikatan: விநாயகர் சதுர்த்தி நல்வாழ்த்துகள்... http://t.co/NLh8dofVPX
#விகடன் http://t.co/JsGMf7Jvo1"
193,644292284473716736,Wed Sep 16 23:30:25 +0000 2015,395,0,"RT @cnni: BREAKING NEWS: A 7.9-magnitude earthquake strikes off Chile’s coast, U.S. Geological Survey says: http://t.co/k3YNG6XDZh"
194,644204170996637697,Wed Sep 16 17:40:17 +0000 2015,0,0,"@IndiaToday  So what's the ultimate 
use of this survey..?  to get the phone number and mail id from users..? No #LuckyDay 2/2."
195,644203820071825408,Wed Sep 16 17:38:54 +0000 2015,0,0,@IndiaToday when I trying for this survey getting error msg like this mail id and mobile number already used..! 1/2.
196,644202752281743361,Wed Sep 16 17:34:39 +0000 2015,0,1,@IndiaToday I don't think you people announced result for below one..  https://t.co/IPUvy31bmx #LuckyDay
197,644182688581050368,Wed Sep 16 16:14:55 +0000 2015,0,0,#Jigardhanda  #LalaAlva #Foodstyling  #friends  perfect combination... !! Felt very much relief after long time..  #TempleCity #Madurai
198,644180957172379648,Wed Sep 16 16:08:03 +0000 2015,0,0,Had a awesome day #happy #memories tasted different kind of foods in temple city #Madurai which make you feel unique one.
