,id_str,created_at,retweet_count,favorite_count,text
0,669432689460690945,Wed Nov 25 08:29:25 +0000 2015,4051,0,RT @FoodsBible: RT if this cake is more attractive than you https://t.co/naKviT7A2N
1,664893521485127680,Thu Nov 12 19:52:23 +0000 2015,0,0,@EkAurBottleLa Abey I have 10 courses. Just chose not to give a fuck. :p
2,664890119267074048,Thu Nov 12 19:38:52 +0000 2015,0,0,@EkAurBottleLa Lel 4th year. Lel
3,664889785119469568,Thu Nov 12 19:37:32 +0000 2015,0,0,@EkAurBottleLa can I borrow it after you're done?
4,651545552518258689,Tue Oct 06 23:52:19 +0000 2015,1410,0,RT @sosadtoday: i want to sleep through everything except when it's time to sleep and then i want to be online
5,647920556088541185,Sat Sep 26 23:47:53 +0000 2015,344,0,"RT @existentialcoms: Stupid people are often too stupid to realize just how stupid they are. Smart people, unfortunately, can see exactly h…"
6,641531226931638272,Wed Sep 09 08:38:58 +0000 2015,1969,0,RT @RobDenBleyker: I made a @RickandMorty fan art and it's right here: http://t.co/bsX6vFqa9t
7,640927861550002176,Mon Sep 07 16:41:24 +0000 2015,312,0,"RT @PostCultRev: ""I don't do drugs"" says the caffeine and sugar addicted person frantically pressing buttons on a meaningless app like a B.…"
8,636986217788104704,Thu Aug 27 19:38:43 +0000 2015,0,0,@MANJULtoons Hey! I'm a student there. Feel free to contact me :)
9,636985592484511744,Thu Aug 27 19:36:14 +0000 2015,125735,0,"RT @nicvargus: My girlfriend says if this tweet gets 100k RTs, she'll let me dress up as a ninja turtle on our wedding day."
10,636985116368068609,Thu Aug 27 19:34:21 +0000 2015,10,0,"RT @CoalescenceIN: Presenting The OML Guy! @CoalescenceIN is proud to introduce our 3rd speaker : @vijay_nair

#DareToACT http://t.co/4UaT7…"
11,631397664723111936,Wed Aug 12 09:31:48 +0000 2015,78,0,"RT @Auld_Da_Jim: Listen, Tinder, you're just Uber for genitals. http://t.co/mqTRlh16Xi"
12,625854574402732032,Tue Jul 28 02:25:33 +0000 2015,151,0,RT @SadSocrates: It's scariest to think people believe what they say.
13,625817145046274048,Mon Jul 27 23:56:49 +0000 2015,108,0,"RT @tinynietzsche: ladies and gentlemen, we are floating in void"
14,625799657927524356,Mon Jul 27 22:47:19 +0000 2015,0,0,I just reserved my OnePlus 2 invite! Sign up for yours today.  https://t.co/dbOhIXEpJ4
15,624281812588699649,Thu Jul 23 18:15:57 +0000 2015,8178,0,"RT @pakalupapito: ""you look tired""

No I just ugly"
16,618686412645208064,Wed Jul 08 07:41:50 +0000 2015,0,0,She never disappoints :') https://t.co/IAxkp6L0Vi
17,618524710192611328,Tue Jul 07 20:59:17 +0000 2015,1,0,"@shilparathnam Bro, do you even spotify?"
18,618109037268172800,Mon Jul 06 17:27:33 +0000 2015,0,0,@kaustuv123 so many scams unearthed now*. Going on for years ;)
19,615605267237998593,Mon Jun 29 19:38:27 +0000 2015,361,0,"RT @UberFacts: Edward Norton stopped playing the Hulk so he could be in ""Moonrise Kingdom,"" ""The Grand Budapest Hotel,"" and ""Birdman."""
20,615207193906774016,Sun Jun 28 17:16:39 +0000 2015,259,0,RT @wordsporn: #wordporn http://t.co/Jg3TsSwUHU
21,614412808600444929,Fri Jun 26 12:40:03 +0000 2015,232,0,RT @oldpicsarchive: Paul McCartney and David Gilmour at a Led Zepplin concert ~1970 http://t.co/iQYQ00wXbW
22,612982612500414464,Mon Jun 22 13:56:58 +0000 2015,3894,0,RT @awkwardposts: OPEN THIS 😂😭 http://t.co/kjSdVRoqww
23,611663626294816768,Thu Jun 18 22:35:47 +0000 2015,0,0,Rejection is hard. Especially if you wanted it so much.
24,611632825020755968,Thu Jun 18 20:33:23 +0000 2015,269,0,"RT @14_yr_old_Etard: Nothing worse than a woman who doesn't want you, but doesn't want you to stop wanting her."
25,605677065715580928,Tue Jun 02 10:07:20 +0000 2015,5441,0,RT @pakalupapito: how can i be ready for future when im not even ready to get up in the morning
26,604361105570287616,Fri May 29 18:58:10 +0000 2015,222,0,RT @SWatercolour: You lost your phone and it's on silent? Too bad. If you liked it you shoulda put a ring on it. http://t.co/sGDUZuBimg
27,602460224151130112,Sun May 24 13:04:45 +0000 2015,38,0,RT @VTankha: Parrikar show maturity. U cannot speak in public on internal army strategies to combat terrorism. It's Jingoism at the cost of…
28,601456618975330305,Thu May 21 18:36:47 +0000 2015,0,0,@mag_ops make me proud!
29,601129134513725440,Wed May 20 20:55:28 +0000 2015,0,1,@RegaJha Maybe one of them understood. That's your reward!
30,601127058240966656,Wed May 20 20:47:13 +0000 2015,3839,0,RT @pakalupapito: my new mixtape is called GPA and its about to drop
31,600692468711952384,Tue May 19 16:00:19 +0000 2015,1,1,@JohnnyRocketsIn which secret milk do you make your cheese with?
32,600666877006774273,Tue May 19 14:18:37 +0000 2015,3,0,"RT @TodayILearnd: TIL of Albino Redwoods - Unable to produce chlorophyll, it must join roots with another redwood to survive. On... http://…"
33,600665655629598721,Tue May 19 14:13:46 +0000 2015,0,0,"We used to have it all, but now's our curtain call"
34,600646117655597056,Tue May 19 12:56:08 +0000 2015,0,0,@sumanthr I will. Thank you so much for replying :)
35,600644225667964929,Tue May 19 12:48:37 +0000 2015,407,0,RT @UberFacts: There's more gold in a ton of mobile phones than there is in a ton of gold ore.
36,600643958180421632,Tue May 19 12:47:33 +0000 2015,0,3,Delhi rains are second only to Goa! Such epic weather with friends @agrawalravi95
37,572379372537040898,Mon Mar 02 12:54:11 +0000 2015,0,0,@DilliBelle  https://t.co/TJWSJBiNif
38,570391674763022336,Wed Feb 25 01:15:47 +0000 2015,0,0,I just voted for Rishabh Mishra at https://t.co/G416nefiA8 on @Talenthouse #TileArt
39,568483785785905152,Thu Feb 19 18:54:31 +0000 2015,12122,0,"RT @existentialcoms: ""What do you want to be when you grow up?""
""An honest, brave, compassionate human being.""
""No…I mean, how do you want …"
40,567133006775582720,Mon Feb 16 01:27:00 +0000 2015,0,0,Always confused as to why a stupid Q&amp;A website will have a music scrobble option.
41,567132691619778561,Mon Feb 16 01:25:45 +0000 2015,0,0,Thought @lastfm and @ask_fm were the same thing. #blondemoments
42,567120062889209856,Mon Feb 16 00:35:34 +0000 2015,0,0,Maybe someday i dont self loathe for staying up all night. But today is not that day.
43,567119721237995524,Mon Feb 16 00:34:12 +0000 2015,0,0,quoting himym #fml
44,567119644209606657,Mon Feb 16 00:33:54 +0000 2015,0,0,Nothing good happens after 2 am
45,567095598369607680,Sun Feb 15 22:58:21 +0000 2015,0,0,@noobmaxx Please be civil in your discourse. aap abhi haryana me nahi hain.
46,567041077564026880,Sun Feb 15 19:21:42 +0000 2015,0,0,@digitalocean @github Thank you so much for supporting students  :)
47,566158587072770049,Fri Feb 13 08:55:00 +0000 2015,55,0,RT @tinynietzsche: Whatever gets you through the cold hard vacuum of space
48,560485977378918400,Wed Jan 28 17:14:04 +0000 2015,1031,0,RT @BillGates: Ask me anything on @reddit this morning at 10:15 a.m. Pacific time.
49,555445717289164800,Wed Jan 14 19:25:53 +0000 2015,246,0,RT @existentialcoms: It's admirable for @RichardDawkins to show us you don't need religion to be a closed minded bigot who wants to force h…
50,553447747945127936,Fri Jan 09 07:06:40 +0000 2015,23,0,"RT @AncientWisdoms: Once the game is over, the king &amp; the pawn go back in the same box. -Italian Proverb"
51,553211179569405952,Thu Jan 08 15:26:38 +0000 2015,23,0,RT @AncientWisdoms: Laws control the lesser man. Right conduct controls the greater one. -Chinese proverb
52,552423373855551488,Tue Jan 06 11:16:10 +0000 2015,72,0,RT @ThinkAtheist: #atheist http://t.co/q6OCm2zmfF
53,552021221127114752,Mon Jan 05 08:38:09 +0000 2015,189,0,"RT @rameshsrivats: Speech in 10,000 AD - Ancient Indians could leap 100 feet into the air and catch bullets. If you don't believe me, see t…"
54,550604995809136641,Thu Jan 01 10:50:35 +0000 2015,2440,0,"RT @majorlyp: My aunt receiving an award in Saudi Arabia. 

If you want just RT and claim it is your aunt. No way to check. http://t.co/feU…"
55,550599011187449856,Thu Jan 01 10:26:48 +0000 2015,180,0,"RT @AapYogendra: Govt now finalising dilution of veto power tribal communities hold over chopping down of their traditional forests
http://…"
56,550201508327739392,Wed Dec 31 08:07:16 +0000 2014,382,0,RT @NJFreudian: I'm too antisocial to answer the door when opportunity knocks.
57,549996320757280769,Tue Dec 30 18:31:55 +0000 2014,42,0,"RT @AncientWisdoms: Do not confine your children to your own learning, for they were born in another time. -Chinese Proverbs"
58,548802598837288961,Sat Dec 27 11:28:30 +0000 2014,10703,0,"RT @petstarr: I just heard someone refer to the selfie stick as ""the wand of Narcissus"". I think we can all agree that's its official name …"
59,548190971033178112,Thu Dec 25 18:58:07 +0000 2014,60,0,RT @GabbbarSingh: How many Goa plans you have canceled in your lifetime?
60,547325679499354113,Tue Dec 23 09:39:45 +0000 2014,23729,0,"RT @IJasonAlexander: HAPPY FESTIVUS! May ur pole be straight, ur feats be strong &amp; your grievances be few. With love from the Costanzas - F…"
61,518128403661455360,Fri Oct 03 20:00:12 +0000 2014,14551,0,"RT @IJasonAlexander: In a flagrant display of brutal irony, my son is currently dating an architect."
62,513193939214430209,Sat Sep 20 05:12:24 +0000 2014,2569,0,RT @chanelpuke: rt if ur a disney princess
63,509767677166895104,Wed Sep 10 18:17:39 +0000 2014,0,0,@SrishtiShah @_tusharg  Then why did you see it twice?
64,506050199614017536,Sun Aug 31 12:05:44 +0000 2014,312,0,RT @monkbent: The Internet is not making humanity worse. It's exposing how very ugly it has been all along.
65,500394126932598785,Fri Aug 15 21:30:31 +0000 2014,0,0,@_tusharg not in campus :/ .Going to Bangalore. next week pakka!
66,500284454934290432,Fri Aug 15 14:14:43 +0000 2014,0,0,@PallaviVerma04 Awwww! outing next week?
67,498848834873618432,Mon Aug 11 15:10:05 +0000 2014,33,0,RT @medicalaxioms: I guarantee there are still more research dollars being put towards a Viagra for women than towards a vaccine for Ebola.
68,497918998583844864,Sat Aug 09 01:35:14 +0000 2014,739,0,"RT @Dorkstar: Chetan Bhagat is the most popular writer.
Honey Singh is the most popular singer.
Salman is the most popular actor.

India, n…"
69,494250962073034752,Tue Jul 29 22:39:46 +0000 2014,375,0,RT @dhume: Only in #India do self-proclaimed liberals petition to get a journalist sacked just because they happen to disagree with some of…
70,489094731301806082,Tue Jul 15 17:10:45 +0000 2014,1,0,"RT @_tusharg: And the journey comes to end..@Abhi_Bhan @priyanshulilha 
Both happy and sad moments..
#unforgettable"
71,488734292906762240,Mon Jul 14 17:18:30 +0000 2014,0,0,@PallaviVerma04 i will miss this :(
72,488722534825590784,Mon Jul 14 16:31:47 +0000 2014,1,0,RT @SrishtiShah: Thinking of eating at @SmokeHouseDeli? Don't. Unless you want hair in your food.
73,487863256384425985,Sat Jul 12 07:37:19 +0000 2014,9718,0,RT @TheTweetOfGod: #PrayForGaza? #PrayForIsrael? Prayer is exactly what caused the whole mess to begin with. #PrayForNoMorePrayer
74,486579945192173568,Tue Jul 08 18:37:53 +0000 2014,14,0,"RT @indiainpix: On pins &amp; needles: 1907 photo of a yogi in #Varanasi titled ""A fakir in Benares"" (Pic:Herbert Ponting)

Good night :) http:…"
75,485083822766055426,Fri Jul 04 15:32:50 +0000 2014,62,0,"RT @Trendulkar: RT for Germany (Beer) , Favorite for France (Wine)"
76,484750389716066304,Thu Jul 03 17:27:53 +0000 2014,6,0,"RT @lEricCartman: #LinesThatMustBeShouted 
RESPECT MAH AUTHORITAHHH!"
77,484232007644221440,Wed Jul 02 07:08:01 +0000 2014,37,0,"RT @sam_reginald: You can be an expert in anything after 5 beers, college is useless"
78,483819291519639556,Tue Jul 01 03:48:02 +0000 2014,0,0,Time to unfollow @ArvindKejriwal.Too much negativity!
79,483733053655621634,Mon Jun 30 22:05:21 +0000 2014,0,0,"""@joelmchale: Sixth season. #CommunitySixthSeason"" woofuckinghoo"
80,483343087645638656,Sun Jun 29 20:15:46 +0000 2014,30586,0,RT @aaronpaul_8: I mean my good god give him all of the awards. I love you #Mexico! Sorry you got robbed in such a huge way #WorldCup  http…
81,479120108560715777,Wed Jun 18 04:35:10 +0000 2014,3,0,RT @NeilMerc: Life doesn't get better. We just lower our expectations. #philosophy
82,478904028059824129,Tue Jun 17 14:16:32 +0000 2014,2071,0,RT @elonmusk: Goal is for unsubsidized solar power to cost less than grid electricity from coal or fracked gas
83,478903891803643904,Tue Jun 17 14:16:00 +0000 2014,0,1,"@JehangirPocha ""Loyalty to the country always. Loyalty to the government when it deserves it."" - Mark Twain"
84,478883516105494528,Tue Jun 17 12:55:02 +0000 2014,1025,0,"RT @sixthformpoet: If you need to stay awake but don't like coffee, simply reflect upon the many terrible decisions you've made in your lif…"
85,478292291862286336,Sun Jun 15 21:45:43 +0000 2014,656,0,"RT @GreatestQuotes: ""Sometimes the poorest man leaves his children the richest inheritance."" -Ruth E. Renkel"
86,477551892197691393,Fri Jun 13 20:43:38 +0000 2014,728,0,RT @martinsolveig: Omg Dutch are owning this game as if it was the Top100 djs poll
87,477183042880954368,Thu Jun 12 20:17:57 +0000 2014,23,0,"RT @NorinderMudi: guize i pormized acche din

i wil ban 'cafe riyo' frm tumoro, teak che"
88,476984136880508928,Thu Jun 12 07:07:34 +0000 2014,306,0,"RT @KhapPanchayat: The main reason why we don't want our girls to be literate is to prevent them from registering a wordpress blog with ""mu…"
89,476789970204499968,Wed Jun 11 18:16:01 +0000 2014,23,0,RT @NigelBritto: Free advice from a Goan: Goa is at its best in Jun/Jul/Aug. It blooms &amp; blossoms like nothing you've seen before. THE time…
90,476597273413963777,Wed Jun 11 05:30:19 +0000 2014,0,1,"@SrishtiShah ""@Vh1Supersonic: Struggles of going to an EDM Festival? #1 Getting friends to commit! #SUPEREDMLaughs http://t.co/6VMkZvNkme"""
91,476414489047203841,Tue Jun 10 17:24:00 +0000 2014,6,0,RT @damascus111: The Dark Ages are coming! @PlantsvsZombies 2 #E32014 http://t.co/a3zfN8ovKf
92,475839178194698240,Mon Jun 09 03:17:55 +0000 2014,0,1,You know days are harsh when you consider bathing with acetone as a safer option than the boiling tap water. #delhiweathergg
93,475717797746466816,Sun Jun 08 19:15:36 +0000 2014,0,1,@AngellicAribam Rahul will achieve his escape velocity.
94,475717269020876800,Sun Jun 08 19:13:30 +0000 2014,0,0,@SahilBulla @NigelBritto be the notepad guy again. Please?
95,475716406139293696,Sun Jun 08 19:10:04 +0000 2014,0,0,@noobmaxx y u so dumb?
96,475558676493643776,Sun Jun 08 08:43:18 +0000 2014,21,0,"RT @AksharPathak: Sony Six has a countdown to FIFA. Essentially, it's a countdown for me to feign a month-long interest in football for soc…"
97,475263902284931072,Sat Jun 07 13:11:58 +0000 2014,25,0,"RT @KarlreMarks: I'm giving a seminar on fake modesty next week but please don't come, it's not worth it."
98,475003325155246080,Fri Jun 06 19:56:32 +0000 2014,5,0,"RT @TodayILearnd: TIL there's a teddybear in every Dutch police car, in case something troubling happens to a child. http://t.co/BCYdjtANOM"
99,474934662171615232,Fri Jun 06 15:23:41 +0000 2014,43,0,"RT @NorinderMudi: maaro veeja ghar aayo, oh ram ji

veeja veeja ghar aayo, oh ram ji"
100,474931813912039424,Fri Jun 06 15:12:22 +0000 2014,22,0,RT @KarlreMarks: I have a gruelling training regime to get in shape for the World Cup. I'm practising sitting on the sofa drinking beer for…
101,474617154176700416,Thu Jun 05 18:22:02 +0000 2014,47,0,RT @The_Voltaire: If religion did not exist billions of people would be more concerned in freedom in this life than rewards in the afterlif…
102,474445256276975616,Thu Jun 05 06:58:58 +0000 2014,3,0,"RT @MaheenUsmani: ""I became insane, with long intervals of horrible sanity."" Edgar Allan Poe"
103,474296644268081152,Wed Jun 04 21:08:26 +0000 2014,67,0,RT @tinynietzsche: It's summertime and the earth is trying to kill me.
104,474120131149168640,Wed Jun 04 09:27:02 +0000 2014,870,0,RT @UberFacts: Coke drinkers are more likely to be college graduates while Pepsi drinkers are less likely to have attended college.  http:/…
105,473553154819117056,Mon Jun 02 19:54:04 +0000 2014,1275,0,RT @SethMacFarlane: COSMOS was the top-rated show in it's timeslot last night!  Thank you to all who watched!  A very big deal for a scienc…
106,473552775708561408,Mon Jun 02 19:52:34 +0000 2014,0,0,Everyone you will ever meet knows something you don't - bill nye
107,473546983827709952,Mon Jun 02 19:29:33 +0000 2014,70,0,RT @Trendulkar: Really cute to see people on Twitter reacting to iOS8 features as if they actually use their phones for things other than t…
108,473546738335092736,Mon Jun 02 19:28:35 +0000 2014,2217,0,RT @TheTweetOfGod: You have to admit I still make a hell of a lot more sense than Scientology.
109,473502104749764610,Mon Jun 02 16:31:13 +0000 2014,0,0,@PallaviVerma04 yes  :')  all that free time in the metro.
110,473501657624358912,Mon Jun 02 16:29:27 +0000 2014,139,0,RT @shekharkapur: Every one asks me what made me go from accountant 2 film maker. Simple. I could not see the rest of my life behind a desk…
111,473459213151137793,Mon Jun 02 13:40:47 +0000 2014,0,0,The problem with our politicians is that they think that their role is to punish rather than prevent.
112,473458384662822912,Mon Jun 02 13:37:29 +0000 2014,0,0,Obligations and expectations change everything.
113,473458237098831874,Mon Jun 02 13:36:54 +0000 2014,5,0,RT @CraigGrannell: Certain tech writers need to get over the fact Apple’s not making operating systems specifically for them—it’s making th…
114,473401525104934913,Mon Jun 02 09:51:33 +0000 2014,19,0,RT @TourismGoa: RT if you are sitting in office but thinking about #Goa.
115,473372518351265792,Mon Jun 02 07:56:17 +0000 2014,0,0,@mojorojo you know times are bad if you wish Mayawati was still the cm.
116,473365069892304896,Mon Jun 02 07:26:42 +0000 2014,445,0,"RT @RichardDawkins: Fellow liberals, please stop insulting cultures by pathetically pretending atrocities are ""culture""."
117,473091559517200384,Sun Jun 01 13:19:52 +0000 2014,258,0,RT @virsanghvi: Secularism is a poor excuse for allowing men to mistreat women. There is no real argument against a Uniform Civil Code @sab…
118,473090259106799616,Sun Jun 01 13:14:42 +0000 2014,22,0,RT @HannahSimone: Tried to be a good student and show up for school today but the gates were locked :) #indiababy #imback http://t.co/H72Xq…
119,472670412292124672,Sat May 31 09:26:22 +0000 2014,25724,0,"RT @GeorgeRRMartin_: I don't know why I wasn't invited, I'm great at weddings... @KimKardashian @kanyewest"
120,472669140453306368,Sat May 31 09:21:19 +0000 2014,2,0,"RT @KhotteDePuttar: Abed and Troy has to be the best bromance of all time. Alongside JD and Turk, that is. #Community"
121,472668988254588929,Sat May 31 09:20:43 +0000 2014,1,0,RT @KhotteDePuttar: I guess any sensible person can see that Abed is probably the coolest character in a comic series. #CoolCoolCool
122,472486320690851840,Fri May 30 21:14:51 +0000 2014,355,0,"RT @BuzzFeedIndia: Namaste, world. Welcome to BuzzFeed India. http://t.co/jGlBEKtxnP"
123,472405515281002496,Fri May 30 15:53:46 +0000 2014,807,0,RT @ShaneWarne: After doing 5 selfies with people this morning before 8am on my morning run / walk I've come to the conclusion that the aut…
124,472074842892562433,Thu May 29 17:59:47 +0000 2014,0,0,@LeBiggerBang why so?
125,472074554932604929,Thu May 29 17:58:39 +0000 2014,2625,0,RT @TheTweetOfGod: It's disheartening how stupid many of you are.
126,471893257153024000,Thu May 29 05:58:14 +0000 2014,0,0,"@Ayush_Raizada haha, remember naturals vasco?"
127,471711729705959424,Wed May 28 17:56:55 +0000 2014,0,0,@Ayush_Raizada @PallaviVerma04 @balasphemy @Greenpeace
128,471333022726234112,Tue May 27 16:52:04 +0000 2014,0,0,@PallaviVerma04 Today was a good day. credits :Julius caesar :P
129,470976810486747136,Mon May 26 17:16:36 +0000 2014,334,0,RT @karuneshtalwar: Rahul Gandhi opens up Shazam on his phone as the national anthem starts to play.
130,470966693347328000,Mon May 26 16:36:24 +0000 2014,312,0,RT @pierrefitter: That #epic moment when #HouseOfCards meets the Modi swearing-in ceremony via @berges http://t.co/aGofWjUKD7
131,470796337177325568,Mon May 26 05:19:28 +0000 2014,44,0,RT @ShivAroor: Ravi Shankar Prasad will soon be able to demand his own resignation. #ModiSarkar
132,470635435488579584,Sun May 25 18:40:06 +0000 2014,4061,0,"RT @henrygayle: Who laugh last laugh the best.. After #MI lose 5games straight, I told @kieronpollard55 to book his flight - now I'm the 1 …"
133,470531553236230144,Sun May 25 11:47:19 +0000 2014,66,0,"RT @Ram_Guha: Had Shastri not died prematurely, there would never have been a dynasty. Indira was explicit that her sons would succeed her …"
134,470531496625700864,Sun May 25 11:47:05 +0000 2014,36,0,RT @Ram_Guha: After a term as Congress President in 1959 Indira Gandhi retreated from politics. In early 1964 she even considered moving to…
135,470208530041937920,Sat May 24 14:23:44 +0000 2014,216,0,RT @suhelseth: AIIMS declare Azam Khan and Sanjay Jha brain-injury proof. Nothing there that can be damaged!!!
136,469899639194279937,Fri May 23 17:56:18 +0000 2014,0,0,@PallaviVerma04 Hauz khas ^_^
137,469897541551521792,Fri May 23 17:47:58 +0000 2014,0,0,@PallaviVerma04 Haha no one did except for bdm of course :p
138,469841087004028929,Fri May 23 14:03:39 +0000 2014,0,0,Dear neighbour in Delhi metro please stop peeking into my phone. #delhimetro
139,469577319820955649,Thu May 22 20:35:32 +0000 2014,1,0,"RT @LeBiggerBang: A guy named his dog Cauchy because he residues at every pole. 
Hahaha."
140,469515302623911936,Thu May 22 16:29:06 +0000 2014,11,0,RT @BITS_Pilani: 51 BITS Pilani students selected for Google Summer of Code : Jobs and Careers http://t.co/zuqxRgHS0S
141,469514656491393024,Thu May 22 16:26:31 +0000 2014,4,0,"RT @redditindia: A month ago, @TheEconomist said India shouldn't vote for Modi. Today ""he is India's best chance for prosperity"" http://t.c…"
142,469443501784969219,Thu May 22 11:43:47 +0000 2014,0,0,#1stday in #delhi and I encounter a typical typical #tdc.
143,469316066343006210,Thu May 22 03:17:24 +0000 2014,780,0,RT @abdullah_omar: It must feel so strange for regional leaders with 30+ MPs to have no say in Delhi. Earlier they would sneeze &amp; the Cente…
144,468447340412420097,Mon May 19 17:45:23 +0000 2014,21,0,"RT @amisht: RT @michaelshermer: Academic leftism: intolerance of idea diversity, insistence on 100%agreement of leftist beliefs or else, ar…"
145,467175959993389056,Fri May 16 05:33:23 +0000 2014,1,0,RT @NeilMerc: It's time for the closet #Modi supporters to finally come out in the open.
146,462938776138809344,Sun May 04 12:56:19 +0000 2014,0,0,@subodhkolhe http://t.co/m2P9r7uM9s
147,461767698548944897,Thu May 01 07:22:53 +0000 2014,24,0,RT @NigelBritto: The harsh truth. RT @YearOfRat Congress did not lose ground because of communalism. Communalism gained ground because of C…
148,460723570306322432,Mon Apr 28 10:13:53 +0000 2014,0,0,@KhotteDePuttar Desi chahiye. Ravish hi chalega !
149,460507142160535552,Sun Apr 27 19:53:53 +0000 2014,12238,0,RT @johannafateman: people who mispronounce words because they learned them from reading independently are deserving of admiration not scorn
150,460505500514152448,Sun Apr 27 19:47:21 +0000 2014,388,0,"RT @adgpi: Lt Gen S Chachra, GOC-in-C, Northern Command paying last respects to Army Brave Hearts on behalf of the Indian Army http://t.co/…"
151,457474918678937600,Sat Apr 19 11:04:54 +0000 2014,0,1,Completing engineering assignments with a deadline is adventure sports #daretoact
152,457474416134213633,Sat Apr 19 11:02:54 +0000 2014,0,1,4 log kya kahenge?  These 4 people should be identified and publicly shamed #daretoact
153,457473044470972416,Sat Apr 19 10:57:27 +0000 2014,0,0,Dare to be crazy #daretoact
154,457471954132275200,Sat Apr 19 10:53:07 +0000 2014,0,0,Kohli zindabad #daretoact
155,457249838254403585,Fri Apr 18 20:10:31 +0000 2014,0,1,"@indiainpix @schmmuck This is varanasi, still looks the same :)"
156,456520764301144064,Wed Apr 16 19:53:26 +0000 2014,32,0,"RT @AksharPathak: The day your ego gets blown to smithereens the most, is the day you grow the most."
157,455843084148813824,Mon Apr 14 23:00:35 +0000 2014,341,0,"RT @ComedyCentral: On this day in history, a milestone changed the world forever. AWESOM-O premiered on @SouthPark. http://t.co/TE1aGrV1J9"
158,454592270386216960,Fri Apr 11 12:10:17 +0000 2014,2,1,@nikhilchinapa you know i was born to rage so come on.(give me the tickets please) :P
159,454590703721390082,Fri Apr 11 12:04:04 +0000 2014,0,0,@nikhilchinapa please help a broke student out yo :D
160,453051976725438464,Mon Apr 07 06:09:43 +0000 2014,4,0,"RT @lEricCartman: That feeling when you wake up, knowing you have to go to skewl.. And just want to go to Kahl's house and kill him?
Ah, yo…"
161,452688275350646784,Sun Apr 06 06:04:30 +0000 2014,0,0,@iamtapi Err..I think small premonsoon showers are good for mangoes!
162,451484356813406208,Wed Apr 02 22:20:33 +0000 2014,3713,0,RT @IntThings: http://t.co/PUCfhHXLi7
163,450418984077107200,Sun Mar 30 23:47:08 +0000 2014,0,0,@d_sathe http://t.co/Hxx2NOUhCh Saving secularism from the ‘secularists’
164,450417501394857984,Sun Mar 30 23:41:15 +0000 2014,1,0,"RT @d_sathe: Dear election commission ban the use of the word secular, I doubt anyone using it understands the meaning of it"
165,450053603151974400,Sat Mar 29 23:35:15 +0000 2014,17,0,RT @Trendulkar: Relationship status: Playing Physics Quiz with a guy at 1 AM
166,449867909397880832,Sat Mar 29 11:17:22 +0000 2014,79,0,RT @Trendulkar: Challenging Pakistanis in grammar on QuizUp to improve my Win %.
167,448220021840281600,Mon Mar 24 22:09:15 +0000 2014,1017,0,RT @SouthPark: RT this if you’d vote #StickOfTruth to be “Game of the Year”.
168,447164395596947456,Sat Mar 22 00:14:34 +0000 2014,0,0,@m_deepanshu try @SouthPark  #StickOfTruth !
169,446352689874485249,Wed Mar 19 18:29:08 +0000 2014,0,0,@bhogleharsha At first sight i thought it was India vs Umpires XI along with Amla!
170,445930462414778368,Tue Mar 18 14:31:21 +0000 2014,0,0,@murarke Ah nevermind! saw it on dc :)
171,445901724868300800,Tue Mar 18 12:37:10 +0000 2014,0,0,Eat sleep #QuizUp repeat :/
172,445692742589366272,Mon Mar 17 22:46:45 +0000 2014,0,0,@murarke can you please share it here?
173,445131168417996800,Sun Mar 16 09:35:15 +0000 2014,508,0,RT @macklemore: Haircut in Varanasi.  Photo: baba_g http://t.co/ZKx6RFiWbi
174,443734487738757120,Wed Mar 12 13:05:20 +0000 2014,10317,0,RT @rickygervais: A Christian telling an atheist he is going to Hell is about as scary as a small child telling an adult they wont get any …
175,441635114825445376,Thu Mar 06 18:03:11 +0000 2014,0,0,China releases white paper of the american human rights record http://t.co/UKeC9S9FIU
176,437712272891207682,Sun Feb 23 22:15:12 +0000 2014,1640,0,RT @9GAG: Your best friend should also be the weirdest person you know.
177,433503289229852672,Wed Feb 12 07:30:12 +0000 2014,0,0,@PushHigherEd  sms start dnd to 1909 !
178,432156881289617408,Sat Feb 08 14:20:04 +0000 2014,0,0,Flappy bird &gt;.&lt;
179,400796977819967488,Thu Nov 14 01:27:00 +0000 2013,1,0,@NeilMerc  https://t.co/MLdnOPFlHF check this out...someone spammed it on dc!
180,400098465545330689,Tue Nov 12 03:11:22 +0000 2013,0,0,Try to beat me! My Ruzzle username is 'beerculees'. @ruzzlegame http://t.co/qjHpOMrQ4V
181,399690974768541696,Mon Nov 11 00:12:08 +0000 2013,0,0,@NeilMerc and they still came 3rd :/
182,395543714120343552,Wed Oct 30 13:32:24 +0000 2013,0,0,"Vishal-Shekhar, Monuments, Blackstratblues, DJ NYK, Nikhil D'Souza and many others at WAVES 2013 #hittherewind http://t.co/fsn8FsrINe"
183,251773058057113601,Fri Sep 28 19:59:09 +0000 2012,0,1,"Say hello to #bitswaves, heralding three days of intoxication and debauchery."
184,251773018764894208,Fri Sep 28 19:59:00 +0000 2012,0,0,The #bitswaves word of the day is 'gangnam'. Throw away that GRE manual and follow @BITSWaves for a new word every day.
185,251772963874021376,Fri Sep 28 19:58:46 +0000 2012,0,0,"SEA ROCK, the battle of the bands, is bigger and better this year as bands from eight cities fight it out. Don't miss it! #bitswaves"
186,251772917275324416,Fri Sep 28 19:58:35 +0000 2012,0,0,The @wavesbaba recommends a trip to BITS Waves for all those suffering from sagging adrenaline levels. #bitswaves
187,251772826086940672,Fri Sep 28 19:58:14 +0000 2012,0,0,Gangnam style flashmob in front of B-Dome this #BITSWaves? #CoolAge
188,251772773645574144,Fri Sep 28 19:58:01 +0000 2012,0,0,Gangnam is viral and so is #BITSWaves #CoolAge
189,130668195328704514,Sun Oct 30 15:31:40 +0000 2011,92,0,RT @fakingnews: Mayawati asks Vettel if he can take her sandals for a long drive to celebrate his #FormulaOne victory.
190,130668179683950593,Sun Oct 30 15:31:36 +0000 2011,237,0,RT @suhelseth: Vettel should feel blessed! He is the only human who has RECEIVED silver from Mayawati! Normally she is the one who recei ...
191,24671711800,Thu Sep 16 15:07:04 +0000 2010,26,0,"RT @VJAnusha: YAY! Great news Tweeple!!! MTV starts playing international music from midnight tonight, every night! The M in Mtv is comi ..."
192,24671420683,Thu Sep 16 15:03:41 +0000 2010,9,0,"RT @satanbhagat: When Shirdi tour buses play psychedelic music, it is termed 'Sai-Trance'. #sorry"
193,7678644704,Tue Jan 12 18:55:11 +0000 2010,387,0,RT @OMGFacts: The number of births that occur in India each year is higher than the entire population of Australia. #omgfacts
