,id_str,created_at,retweet_count,favorite_count,text
0,652098866746163200,Thu Oct 08 12:30:59 +0000 2015,7,0,"RT @adventistchurch: ""Jesus makes peace. He reconciles"" @garykrause7 #GCAC15 What a God we serve!"
1,652094876738301952,Thu Oct 08 12:15:08 +0000 2015,0,0,2 days to go....whoop whoop http://t.co/Jn51K8fWMz
2,647906190270308352,Sat Sep 26 22:50:47 +0000 2015,0,1,Wedding vibes.....well wishes to my friends tying the knot ;)
3,611439310680793088,Thu Jun 18 07:44:26 +0000 2015,0,0,Achieving friendship goals like.... http://t.co/Wrbjmtp6p4
4,604214135199567873,Fri May 29 09:14:10 +0000 2015,0,0,I voted for @Vac_Net in the @Barclays_Cship People’s Vote 2015 https://t.co/B35cRda3Pw #PeopleToBeProudOf
5,601010338738343937,Wed May 20 13:03:25 +0000 2015,0,0,Go thaaaaata bannaaaaaa http://t.co/aghUgJTVDe
6,598115450266984448,Tue May 12 13:20:10 +0000 2015,0,0,And the word for today is.....#motivated
7,596625803913338880,Fri May 08 10:40:51 +0000 2015,0,0,And the word for today is #tired
8,596339840393805824,Thu May 07 15:44:32 +0000 2015,0,0,"The word  for today #relieved
*Pheeeew*"
9,595181350761734146,Mon May 04 11:01:06 +0000 2015,0,0,"Moments like this...I will whisper a prayer
Saying ""I need you Lord"" 🙏"
10,594573639447683072,Sat May 02 18:46:16 +0000 2015,0,0,Thank God my mother dd a good job in raising me!! Ngiamthanda umama 😍😍
11,592984866649731073,Tue Apr 28 09:33:03 +0000 2015,0,0,I wish it cud cum to Botswana sooner #SAP Business intelligence... @lifeatsap
12,592979936283119616,Tue Apr 28 09:13:28 +0000 2015,564,0,"RT @Bible_Time: Do not be anxious about anything, but in everything, by prayer &amp; petition, w/ thanksgiving, present your requests 2 God. -P…"
13,592608736298033152,Mon Apr 27 08:38:27 +0000 2015,40,0,RT @TheRealYaronaFM: SO COOL. MacGyver(Richard Dean Anderson) spotted rocking a BW sweater in California. Picture courtesy of @MailOnline h…
14,590894468104093696,Wed Apr 22 15:06:34 +0000 2015,0,0,I came this far...cnt quit now #degreehustle
15,590166950627647488,Mon Apr 20 14:55:40 +0000 2015,0,0,We on a journey to meet our Lord...
16,590163972692844546,Mon Apr 20 14:43:50 +0000 2015,0,1,Cheating and lying breaks friendship 😓😓
17,589697105943515137,Sun Apr 19 07:48:40 +0000 2015,0,0,The blessing is the new day...☺
18,578845580312645632,Fri Mar 20 09:08:35 +0000 2015,0,0,I see Day of rest coming up....#happypreparationday http://t.co/F5GDVfV937
19,574835483399864320,Mon Mar 09 07:33:53 +0000 2015,0,0,"Beautiful morning
#BeautifulPeople http://t.co/wGicq6EK9W"
20,574626094353092610,Sun Mar 08 17:41:51 +0000 2015,0,0,Yes....happy #InternationalWomensDay  ✌
21,574625920985735168,Sun Mar 08 17:41:10 +0000 2015,0,0,"I am a woman...but WO wud I be without a MAN 
#RilTak"
22,574623565267484672,Sun Mar 08 17:31:48 +0000 2015,0,0,"Chance happens to us all....
#As I begin to finish http://t.co/mLAIFb277G"
23,572388878604242946,Mon Mar 02 13:31:57 +0000 2015,1,0,"RT @MissNgidi: :'( :( -----&gt; ""@ms_LeLo_: Nigga!! RT @LeoSeretse: The hardest decision is deciding whether to ""walk away"" or ""try harder."""""
24,572328785355407361,Mon Mar 02 09:33:10 +0000 2015,0,0,"Not a day passes without a compliment😉😘. ..
#IamGraceful"
25,572328403757637632,Mon Mar 02 09:31:39 +0000 2015,0,0,"My life in reality...is like life on fb
Too good to be true...but then again
#IamGraceful
#4evaBlessed"
26,570617210730901504,Wed Feb 25 16:11:59 +0000 2015,0,0,Life motto....trust in the Lord http://t.co/Sn8MeaTCUc
27,570616597787893760,Wed Feb 25 16:09:33 +0000 2015,0,0,All we need is you 😌 http://t.co/zpfOCepr1e
28,570613800786903040,Wed Feb 25 15:58:26 +0000 2015,0,0,"In everything gives thanks to the Lord..
I thank Thee oh Lord 😆😊😄
#joy"
29,570156640864997376,Tue Feb 24 09:41:50 +0000 2015,0,0,"Impossible is nothing
Nothing is impossible!! Mhmm?!"
30,570156180007481344,Tue Feb 24 09:40:00 +0000 2015,0,0,Be prepared for the unpredictable....👀
31,567004649572818944,Sun Feb 15 16:56:57 +0000 2015,0,0,My God is way bigger than problems...:p
32,566964535106732033,Sun Feb 15 14:17:33 +0000 2015,0,0,@PlatinumDJG say what?
33,566963871521722369,Sun Feb 15 14:14:55 +0000 2015,496,0,"RT @stinsonsays: just dropped my new single

it's me

i'm single"
34,566962616363663360,Sun Feb 15 14:09:56 +0000 2015,740,0,"RT @stinsonsays: Me studying:
Writes down 3 words
Checks twitter
Changes song
Gets snack
Sneezes
Contemplates life
Loses place in notes
Fal…"
35,566961975448850432,Sun Feb 15 14:07:23 +0000 2015,505,0,"RT @stinsonsays: 6 keys to a relationship:
✓ Friendship
✓ Freedom
✓ Honesty
✓ Trust
✓ Understanding
✓ Communication"
36,566961647810781184,Sun Feb 15 14:06:05 +0000 2015,1614,0,"RT @stinsonsays: cute things to call your girlfriend:

1. sugar 
2. honey 
3. flour 
4. egg 
5. 1/2lb butter 
6. stir 
7. pour into pan 
8.…"
37,566960567194505216,Sun Feb 15 14:01:47 +0000 2015,7437,0,"RT @stinsonsays: Bae makes me 😌
Bae makes me 😩
Bae makes me 😭
Bae makes me 😡
Bae makes me 😍
Bae makes me 😂
Bae makes me 😏 
All in One Day"
38,566960244329549825,Sun Feb 15 14:00:30 +0000 2015,4017,0,RT @stinsonsays: I NEED to delete pictures off my phone but I'm such a photo hoarder like I never know when this pic could come in handy I …
39,566959695148380161,Sun Feb 15 13:58:19 +0000 2015,0,0,Surely to walk in your own light is to walk in darkness
40,566939199543447552,Sun Feb 15 12:36:53 +0000 2015,0,0,I want to live at Pinterest
41,566917049008812032,Sun Feb 15 11:08:51 +0000 2015,0,0,Trying to make it out here... I can only survive through the Savior
42,566677970686062592,Sat Feb 14 19:18:51 +0000 2015,0,0,tell me the story of valentine...else its just another day in the calender #peace
43,564745401761533953,Mon Feb 09 11:19:30 +0000 2015,0,0,I'm on tha child- like tip! No childish tendencies
44,563335949506342912,Thu Feb 05 13:58:51 +0000 2015,0,0,I wanna run away from you 🎵🎤
45,553349794039865344,Fri Jan 09 00:37:26 +0000 2015,0,0,Rock of ages cleft for me..let me hide my self in thee 🙏 hallelujah 🙌
46,552028681267576832,Mon Jan 05 09:07:48 +0000 2015,0,0,Apparently m 3 tweet years old....#awesome 🎂
47,552009583234138112,Mon Jan 05 07:51:55 +0000 2015,0,0,"Smile a day keeps another alive...😉😊
Go ahead save somebody's life...SMILE"
48,552009202571706368,Mon Jan 05 07:50:24 +0000 2015,0,0,Jesus is on board....
49,552004552216821760,Mon Jan 05 07:31:55 +0000 2015,0,0,"I see it's operation #khandaoldfriends 
2 can play that game..
But I can't 😕"
50,550212842327375874,Wed Dec 31 08:52:18 +0000 2014,0,0,@sqwizzyshwizzy whooop whooop it's my day today
51,549927905242120193,Tue Dec 30 14:00:04 +0000 2014,0,0,"The years of my life
To God above
Do I owe them...
#mybday2mao😉🙏"
52,549927210124316672,Tue Dec 30 13:57:18 +0000 2014,0,0,Festive thangs with the sister...💜 http://t.co/Jkik5d6U2b
53,549925981482680321,Tue Dec 30 13:52:25 +0000 2014,0,0,When I get mad.....#I_get-MAD
54,539500146502152193,Mon Dec 01 19:23:53 +0000 2014,16012,0,"RT @girlposts: I wish, I wish, with all my heart, that I can get through these next few weeks without falling apart http://t.co/0DcG2UK7jc"
55,528160232304676865,Fri Oct 31 12:23:06 +0000 2014,0,0,@pseremane dude...u wudnt even know wthr to stay inside the house or go outside. ....go tshwana hela
56,522311608547020800,Wed Oct 15 09:02:46 +0000 2014,0,0,"When peace like a river, attendeth my way,when sorrows lyk sea belows roll...wateva my lot,thou has taught me 2 say
#it is well"
57,522308809759289344,Wed Oct 15 08:51:38 +0000 2014,0,0,"When th whole world is against you...
Be happy,cuz there is only one who is for you!
#GodAlmighty"
58,521974150185766914,Tue Oct 14 10:41:49 +0000 2014,0,0,Somebody save me....
59,520276202745892864,Thu Oct 09 18:14:47 +0000 2014,0,0,U just know when u are not wanted!
60,516386823212638208,Mon Sep 29 00:39:47 +0000 2014,12,0,"RT @Adventist_News: I said, “I’ll confess my disobedience to the Lord,” and you forgave the guilt of my sin - Psalm 32:5"
61,516316595854254080,Sun Sep 28 20:00:44 +0000 2014,13,0,RT @Adventist_News: Don’t love money. Be satisfied with the present circumstances - Hebrews 13:5 (please retweet)
62,515117125359255552,Thu Sep 25 12:34:27 +0000 2014,0,0,"i got fever...
#not as nyc as when Beyonce`was singin it
#just PAIN :'("
63,511783763672854528,Tue Sep 16 07:48:52 +0000 2014,0,0,precious time..wasted #all of it #gone :/
64,499953741899243520,Thu Aug 14 16:20:35 +0000 2014,0,0,"yes I am...super woman!
#just singing ;)"
65,499891632775659520,Thu Aug 14 12:13:47 +0000 2014,0,0,"once in a while take urslf serious!lol
#freshly sqweezed orange juice"
66,499891132453892096,Thu Aug 14 12:11:48 +0000 2014,0,0,"waiting for sum1 when th food is already on th table!!
#salivation loading 79%"
67,499466364294529024,Wed Aug 13 08:03:55 +0000 2014,0,0,I'm a book that you only get to understand once you reach its end
68,499465698335539200,Wed Aug 13 08:01:16 +0000 2014,0,0,"take a stand
it makes lyf bearable"
69,499458981434519552,Wed Aug 13 07:34:35 +0000 2014,276,0,RT @Bible_101: You have been saved… through faith. This doesn’t come from yourselves. It’s God’s gift - Ephesians 2:8 (please retweet).
70,499458506052079616,Wed Aug 13 07:32:41 +0000 2014,0,0,"Ebola!!travellin restrictions!!???....
but the n-team is goin outside
#mhmmm???"
71,499458064928755712,Wed Aug 13 07:30:56 +0000 2014,0,0,"I am not perfect
#neverhave/neverwill"
72,496364565891129345,Mon Aug 04 18:38:29 +0000 2014,0,0,gals be twerkin and ladies be tweetin :p
73,496364364325478400,Mon Aug 04 18:37:41 +0000 2014,0,0,i wudnt suprise myslf if one day i pitch a camp @ home just 2 be beside th fire all nyt!
74,496363958048407552,Mon Aug 04 18:36:04 +0000 2014,0,0,dipala tota di bitswang ka sekgoa!??#gettin_em
75,496363048081162240,Mon Aug 04 18:32:27 +0000 2014,0,0,mutant chickens :p
76,496352836926849024,Mon Aug 04 17:51:52 +0000 2014,0,0,my brother gets disgustingly funny sumtyms!! #smh
77,496341452029714434,Mon Aug 04 17:06:38 +0000 2014,0,0,"hehehe.. ""gettin no message is also a message""
gues i hav tonnes of msgs!lol"
78,496340021776224256,Mon Aug 04 17:00:57 +0000 2014,0,0,"#cigarette sweets...an awesome way of saying ""kids...smoking is okay"" :/ :o :o :( :'( 
#WhatAShame"
79,496337800309248000,Mon Aug 04 16:52:07 +0000 2014,0,0,"fried food tastes awesome 2 th tounge...its a different story inside th tummy lining..jst irritation!!
#avoidit"
80,496337225337294848,Mon Aug 04 16:49:50 +0000 2014,0,0,"speak softly,in a calm manner...u ar savin sum1's lyf!! urs 2 :p"
81,496336893785931776,Mon Aug 04 16:48:31 +0000 2014,0,0,complimentin sum1 dnt only make thm feel good it also makes #u feel #gud ;)
82,495102795125903361,Fri Aug 01 07:04:39 +0000 2014,0,0,with Jesus in the vessel we can smile @ the storm!! :)
83,494879550657277952,Thu Jul 31 16:17:33 +0000 2014,0,0,"dont let anger get a hold of you
#just_count_2_hundred
when u fil it cumin :)"
84,494770582333194240,Thu Jul 31 09:04:33 +0000 2014,0,0,@eldezzyismusic I miss u more my guy
85,494455898212139010,Wed Jul 30 12:14:07 +0000 2014,27,0,RT @Adventist_News: Rejoice always; pray constantly; give joyful thanks in all circumstances - 1 Thesssalonians 5:16-18 (please retweet).
86,494442025727836160,Wed Jul 30 11:18:59 +0000 2014,0,0,keep Calm and be comforted by the  #Comfoter
87,494402811799805952,Wed Jul 30 08:43:10 +0000 2014,0,0,gotta start taking my own advice
88,494400783837040641,Wed Jul 30 08:35:07 +0000 2014,0,0,@eldezzyismusic tis me my friend....tis I
89,494375341562281984,Wed Jul 30 06:54:01 +0000 2014,0,0,@eldezzyismusic I agree...and healthier too :p
90,494375041933787136,Wed Jul 30 06:52:49 +0000 2014,0,0,we need more Batswana who are brave
91,494374669437640704,Wed Jul 30 06:51:20 +0000 2014,0,0,#Smile even when the odds are against you :)
92,494361994460684288,Wed Jul 30 06:00:58 +0000 2014,0,0,when m early nobody ever is
93,494358413141622784,Wed Jul 30 05:46:45 +0000 2014,0,0,"Remember Thy Creator in the days of thine youth!!
#be_the_sermon"
94,494357618950152192,Wed Jul 30 05:43:35 +0000 2014,0,0,"woke up on the right side of bed
#sweet_day_ahead"
95,494120319335284736,Tue Jul 29 14:00:39 +0000 2014,0,0,He cares for me....my Jesus cares for me..:)
96,494118822690181120,Tue Jul 29 13:54:42 +0000 2014,112,0,"RT @BIBLE_Love: May those who love your salvation continually say, “God is Great” - Psalm 70:4 (please retweet)"
97,494118766868176897,Tue Jul 29 13:54:28 +0000 2014,5024,0,RT @girlposts: My signature move is bottle up my feelings over time and combust over some small issue and get accused for being a psycho.
98,494064336047190016,Tue Jul 29 10:18:11 +0000 2014,0,0,"amazing how lyf is!!
#tht_i_cud_have_ths_moment_4_lyf"
99,491852384885559297,Wed Jul 23 07:48:41 +0000 2014,0,0,#walls
100,488659932883857408,Mon Jul 14 12:23:01 +0000 2014,2867,0,RT @ComedyOrTruth: Ron and Kim had the best relationship http://t.co/2vNymvCNbo
101,487521602750644224,Fri Jul 11 08:59:42 +0000 2014,0,0,"I am greatful
#thank_You_Lord"
102,480311407523938304,Sat Jun 21 11:28:57 +0000 2014,0,0,Mark 4 verse 9
103,479915109046038528,Fri Jun 20 09:14:13 +0000 2014,0,0,"ths scul has managed 2 give me more nightmares thn any scul
#butitscool
#theschool
#notthedreams"
104,479631315344826368,Thu Jun 19 14:26:31 +0000 2014,0,0,"having a driver's license dont min u knw hw 2 drive
#trust_me"
105,479317103393382400,Wed Jun 18 17:37:57 +0000 2014,0,0,"cover me my #Lord
#Intune"
106,479270307514310656,Wed Jun 18 14:32:00 +0000 2014,0,0,we all #Batswana need 2 learn #Defensive_Driving
107,479197077000695808,Wed Jun 18 09:41:00 +0000 2014,0,0,my morning is awesome...#beautiful people
108,478975508034883584,Tue Jun 17 19:00:34 +0000 2014,0,0,"better 2 sleep 2hours b4 00:00am than 10hours after
#Ellen_G_White"
109,478924514165002240,Tue Jun 17 15:37:56 +0000 2014,0,0,@pseremane myt as well change my status 2 #married_to_orange
110,478923757721890816,Tue Jun 17 15:34:56 +0000 2014,0,0,chatting #replaced wth tweeting
111,478922995973775360,Tue Jun 17 15:31:54 +0000 2014,0,0,#dont take me for granted
112,478799006966222848,Tue Jun 17 07:19:13 +0000 2014,0,0,Orange sends me more msgs thn he does
113,478797886147534848,Tue Jun 17 07:14:46 +0000 2014,6318,0,"RT @girlposts: if u can’t handle me randomly blurting out song lyrics that relate to what u just said, we can’t be friends"
114,478797291810471936,Tue Jun 17 07:12:24 +0000 2014,0,0,nvr thot being in class wth adults cud be ths fun... #entertained :D
115,478759113590341632,Tue Jun 17 04:40:42 +0000 2014,0,0,ga kena dikgang le evrybody on my watsapp chat-list...
116,478566200335953921,Mon Jun 16 15:54:08 +0000 2014,0,0,@tjamza hahah...lol its not wat u thnkin wena #smh :'D
117,478563592359673856,Mon Jun 16 15:43:46 +0000 2014,0,0,"battery #low
tweetin crave #high
airtym #low 
twitter crave #high
#eish@/#+"
118,478562597370077184,Mon Jun 16 15:39:49 +0000 2014,0,0,I thnk #boyfrnds dnt #read msgs #galfrnds send thm #period
119,478562085451087873,Mon Jun 16 15:37:47 +0000 2014,0,0,@tjamza hahah yeah neh...but I ddnt tjo #thnx
120,478553549195198464,Mon Jun 16 15:03:51 +0000 2014,0,0,there are people who still dont believe in #God
121,478552907131150336,Mon Jun 16 15:01:18 +0000 2014,0,0,I thnk Batswana still dont get a state of #emergency/th sirenes dnt even affect thm #ESP #drivers
122,478552748561276929,Mon Jun 16 15:00:40 +0000 2014,0,0,I thnk Batswana still dont get a state of #emergency
123,478441524293021696,Mon Jun 16 07:38:43 +0000 2014,0,0,its #cold and th #sun aint friendly either
124,478441207409180673,Mon Jun 16 07:37:27 +0000 2014,0,0,waitin too long #sickens
125,478440054097211392,Mon Jun 16 07:32:52 +0000 2014,0,0,tht stare from a #stranger tht screams #danger
126,478439514801971200,Mon Jun 16 07:30:43 +0000 2014,0,0,"mayb ths is the Lord answerin my prayer!
#mhmm??!!!"
127,478437245276680193,Mon Jun 16 07:21:42 +0000 2014,0,0,close 2 callin it #quits
128,478411495572013056,Mon Jun 16 05:39:23 +0000 2014,0,0,there is a #cross to carry before u can wear a #crown
129,478080967492767744,Sun Jun 15 07:45:59 +0000 2014,0,0,"he bailed out on me...but cheers 2 those that stayed!
#HFD"
130,476644315092230145,Wed Jun 11 08:37:15 +0000 2014,0,0,ther comes a tym
131,476638190439510016,Wed Jun 11 08:12:54 +0000 2014,0,0,"my hideaway
#twitter"
132,476630957165125633,Wed Jun 11 07:44:10 +0000 2014,0,0,"wen u call sum1 n they #answer u,thn u ask them ""are u sleeping""
#aaaargh
#yes_yes_yes_I_am"
133,476630432277344256,Wed Jun 11 07:42:05 +0000 2014,0,0,"awkward convos wth #social_ntwk ""friends""
#dont want those"
134,476612826812153856,Wed Jun 11 06:32:07 +0000 2014,0,0,"had a long day ystrday m deciding on a #no day 2day
#just_sleep"
135,476612402914816001,Wed Jun 11 06:30:26 +0000 2014,0,0,"@pseremane ooh okay,is he a teacher ele gre!?"
136,476611997384335360,Wed Jun 11 06:28:49 +0000 2014,0,0,"superb morning,a reason to be #thankful and #greatful to th good #Lord"
137,476407016614031361,Tue Jun 10 16:54:18 +0000 2014,0,0,haha wats ths prize world thing??iyoo ba batla go nkoba mo twitter akre!
138,476406309999616001,Tue Jun 10 16:51:30 +0000 2014,0,0,@eldezzyismusic lol no and yes!hahah I was waitin 4 Ruth
139,476326095000965120,Tue Jun 10 11:32:45 +0000 2014,0,0,"aah batho batho ba tsaya kae water botltles tse di ntlenyane tsa mascom
#wonder if they are *free"
140,476325623682834433,Tue Jun 10 11:30:53 +0000 2014,0,0,@eldezzyismusic waiting 4 a friend :p
141,476324138018430976,Tue Jun 10 11:24:58 +0000 2014,0,0,"@eldezzyismusic :/ as i put away my cam :(!
#thnx"
142,476323546063699968,Tue Jun 10 11:22:37 +0000 2014,0,0,"#short people
short  #temper
no #patience"
143,476322860597010432,Tue Jun 10 11:19:54 +0000 2014,0,0,@pseremane miss scul??
144,476322134076432384,Tue Jun 10 11:17:01 +0000 2014,0,0,"wonder if its legal 2 take pics of pipo in th mall
#bored"
145,476321649810493440,Tue Jun 10 11:15:05 +0000 2014,0,0,evry baby-shwr i organise/will organise i will record so tht wen my tym comes i knw #exactly where 2 go :p RT
146,476292150368686080,Tue Jun 10 09:17:52 +0000 2014,0,0,#drama_hub shud be #facebook 's 2nd name :o
147,476236028999892992,Tue Jun 10 05:34:52 +0000 2014,0,0,hashtag corrections #lol #politicians
148,476235761873059840,Tue Jun 10 05:33:48 +0000 2014,0,0,poloticians...y u give kids balls when its winter #CUMON y not #sox atleast :/
149,475723826916237312,Sun Jun 08 19:39:33 +0000 2014,0,0,being #semi_vegan thou
150,475667621573308418,Sun Jun 08 15:56:13 +0000 2014,0,0,Suprises are not for the #faint #hearted hehe :D :p
151,475666029298089984,Sun Jun 08 15:49:53 +0000 2014,0,0,"the #awesomest family ever
#SEVENTH_DAY_ADVENTIST family"
152,475602874794520576,Sun Jun 08 11:38:56 +0000 2014,0,0,"oooh my word...thos is soo awesome
#nyc 2 be part of sumthn"
153,475602234567565313,Sun Jun 08 11:36:23 +0000 2014,0,0,"I'm blank...
but a lot is goin #down"
154,475601349275832320,Sun Jun 08 11:32:52 +0000 2014,0,0,this #suprise is indeed a #suprise
155,475571655834865664,Sun Jun 08 09:34:53 +0000 2014,0,0,#patience...i need tht ryt now
156,475512618372059136,Sun Jun 08 05:40:17 +0000 2014,24,0,"RT @Adventist_News: Above all things, have intense love for each other because love covers many sins - 1 Peter 4:8 (please retweet)"
157,475512218088636416,Sun Jun 08 05:38:42 +0000 2014,0,0,only thing tht gets u off bed ths winter... #the_mornin_pee
158,475357220616818688,Sat Jun 07 19:22:47 +0000 2014,0,0,"i like it for th pirates
haha pirates is not 1 skippa for th must show #5skippa
#must_somebody eish ths guy"
159,475351784391983104,Sat Jun 07 19:01:11 +0000 2014,0,0,"being #Late is my family tradition..
we ar almost #never on time"
160,475349923689660416,Sat Jun 07 18:53:48 +0000 2014,0,0,ear-muffs u ar so warm #BUT maan #ouch u hurt my ears :/
161,475323363791892480,Sat Jun 07 17:08:15 +0000 2014,0,0,sometyms #reality seems so #unreal :/
162,475294106529570817,Sat Jun 07 15:12:00 +0000 2014,0,0,"i miss travellin to far places thou
#roadtrip
#zambia
#chesstornamnt"
163,475293695185801217,Sat Jun 07 15:10:22 +0000 2014,0,0,"almost hit my own sis wth the car
#:( #nvr_again"
164,475293132540895232,Sat Jun 07 15:08:07 +0000 2014,20,0,RT @Adventist_News: Every day they studied the Scriptures - Acts 17:11 (please retweet)
165,475261690389741568,Sat Jun 07 13:03:11 +0000 2014,0,0,"signs and wonders..thts wat ths generation seeks but thts wat they will #not get
#only th msg of th prophet #Jonah
yes....#REPENT"
166,475261148078833664,Sat Jun 07 13:01:02 +0000 2014,0,0,"we need 2 realize what we #need NOT #want
the #GIVER not the #gift"
167,475260562809835520,Sat Jun 07 12:58:42 +0000 2014,0,0,"an awesome Sabbath this is
#sermon
#lunch
#people
#all is #good"
168,474863298773811200,Fri Jun 06 10:40:07 +0000 2014,0,0,Lord prepare me..thts all I ask @ ths #hour
169,474862926525128704,Fri Jun 06 10:38:38 +0000 2014,0,0,"it hits hard when a small kid asks ""why is my sis crying?""
#RIPneighbour"
170,474857407638929408,Fri Jun 06 10:16:43 +0000 2014,0,0,"when in a #desperate situation #sad situation,is not better 2 be #more #optimistic n #positive thn ever"
171,474856800945446913,Fri Jun 06 10:14:18 +0000 2014,0,0,is there ever a wrong time to be #optimistic!!??
172,474845308556705792,Fri Jun 06 09:28:38 +0000 2014,2,0,"#death is a big part of #life...we need 2 #pray tht it does not take a tol on us who are left!
#RIPneighbour"
173,474796195790204928,Fri Jun 06 06:13:29 +0000 2014,0,0,"serame se se a wa 
#fallin"
174,474793002729472000,Fri Jun 06 06:00:47 +0000 2014,0,0,aww sweet #Tom_n_Jerry pray b4 they eat
175,474787288514560001,Fri Jun 06 05:38:05 +0000 2014,0,0,"tym 2 go watch #Tom_n_Jerry
#fabmornin mhmm :)"
176,474786986038145024,Fri Jun 06 05:36:53 +0000 2014,0,0,"winter reality hittin me now, #bed is #super #cold its lyk i'm not sleepin in it"
177,474786326278336512,Fri Jun 06 05:34:15 +0000 2014,0,0,people stop abusing th word #Love
178,474618857106460672,Thu Jun 05 18:28:48 +0000 2014,0,0,"any landing u can walk away from is a good landing
#hahaLeonSchoester
#SP"
179,474590670976724992,Thu Jun 05 16:36:48 +0000 2014,0,0,"@djboogiesid Mmanokois th place 2b if u ar on tht tip!! lol
#yummiee"
180,474590333989568513,Thu Jun 05 16:35:27 +0000 2014,0,0,I dnt care hw old I am #Tom_n_ Jerry is the ish...maan u gotta luv ths #cartoons
181,474494514254860288,Thu Jun 05 10:14:42 +0000 2014,0,0,"wen u accidentaly close a car door n ur headsets get stuck....n oooh th handle is messed up so u cnt open th door!
#SUX"
182,474491330757132290,Thu Jun 05 10:02:03 +0000 2014,0,0,"sometyms I just wanna let it out
#swear
#BUT eish"
183,474342014163890176,Thu Jun 05 00:08:43 +0000 2014,0,0,"I'm soo hungry
#argh"
184,474341558813478912,Thu Jun 05 00:06:55 +0000 2014,0,0,"watchin a movie tht luks like it was shot with only 1 camera
#pain of not being able to sleep"
185,474276519381315584,Wed Jun 04 19:48:28 +0000 2014,0,0,"umbilical connection, blow the horn,gather people
#eish_waitse"
186,474276093319733248,Wed Jun 04 19:46:46 +0000 2014,0,0,"aawwoo Benson who else can u see when YOU look in the mirro
#LOOOL"
187,474204718391394305,Wed Jun 04 15:03:09 +0000 2014,0,0,woooow...crazy stuff! only at #facebook
188,473797116788486144,Tue Jun 03 12:03:30 +0000 2014,0,0,wuuuuuuussaaaaaa
189,473796700390555648,Tue Jun 03 12:01:50 +0000 2014,0,0,"bo #holierthanthou lo a re leofisa!
#maaaaad"
190,473796263843221504,Tue Jun 03 12:00:06 +0000 2014,0,0,i hate it when i throw a tantrum in my head...heck it dont make sense not even a difference!
191,473795662929481728,Tue Jun 03 11:57:43 +0000 2014,0,0,"pipo shud just learn their place
#mindurownfreakinbusiness"
192,473128319660339200,Sun Jun 01 15:45:56 +0000 2014,0,0,"ths has been a long day
#missinU"
193,473127843061575680,Sun Jun 01 15:44:02 +0000 2014,0,0,"grandma 2lk soo confusing...its lyk bby 2lk!!

#guhgahgah"
194,473126837099700225,Sun Jun 01 15:40:02 +0000 2014,0,0,"gotta get ur eye on th ball
#focused o.o"
195,472780096341028864,Sat May 31 16:42:13 +0000 2014,0,0,"short and sweet
#iguess"
196,472779806355234816,Sat May 31 16:41:04 +0000 2014,0,0,"hahah the lady in th brown striped top rily loooves dancing
#Gaborone2014
#thtfacialxprsionthou"
197,472778056424501248,Sat May 31 16:34:07 +0000 2014,0,0,"the big guy....
#MrVee
akre now he is married!!"
198,472771575440506880,Sat May 31 16:08:21 +0000 2014,0,0,"love hw ths gentleman say ""Botswana""
#GC2014"
199,472771256224587777,Sat May 31 16:07:05 +0000 2014,0,0,"Apeez..wat are u dancing to?
#gobuiwaspeech
#GC2014"
