,id_str,created_at,retweet_count,favorite_count,text
0,669437590244847616,Wed Nov 25 08:48:53 +0000 2015,0,1,@leonie_holmes are you kidding? You have a beautiful mind my lovely!!
1,669434721017950208,Wed Nov 25 08:37:29 +0000 2015,0,1,@leonie_holmes damn you're good! Can I use that? Pretty please??? I'll give you a link out from the website? 😃
2,669309913290702848,Wed Nov 25 00:21:33 +0000 2015,7,8,"Coming soon, a new linear exploration of metallic blue tones and contrasts. I rather like this! https://t.co/gBfBoGWBAv"
3,669278338838605828,Tue Nov 24 22:16:05 +0000 2015,4,4,"'New Beginnings' 180cm x 40cm, to be auctioned on Saturday in aid of the Hollie Gazzard Trust @HollieGazzardT https://t.co/32HqnezQaQ"
4,669242184961548289,Tue Nov 24 19:52:25 +0000 2015,0,0,@PRINZESSINFACE thank you so much!
5,669224185265303554,Tue Nov 24 18:40:54 +0000 2015,0,0,@duncanmacgregor do it! Coffee machine always on.
6,669196853230100480,Tue Nov 24 16:52:17 +0000 2015,0,1,@duncanmacgregor thank you so much dude! Very much appreciating the love on this one :)
7,669196457577209859,Tue Nov 24 16:50:43 +0000 2015,0,0,@EdwardJNixon wow! Thank you so much for sharing Sir Nixon! Most grateful :)
8,669186480040972288,Tue Nov 24 16:11:04 +0000 2015,2,12,I finished this today; not massive but boy is it full on!!! https://t.co/jdymMKcWMK
9,669129154277830656,Tue Nov 24 12:23:16 +0000 2015,0,0,@Straightpr awesome!!!!
10,669115207877271552,Tue Nov 24 11:27:51 +0000 2015,0,0,@EdwardJNixon ah wow! Thank you so much my friend!!!
11,669093770403672064,Tue Nov 24 10:02:40 +0000 2015,6,14,"'Destination Sunshine' 180cm x 40cm, to be auctioned on Saturday in aid of the Hollie Gazzard Trust @HollieGazzardT https://t.co/IRZd5UMse1"
12,668939938130501632,Mon Nov 23 23:51:24 +0000 2015,0,1,@TheRita um... not quite sure!
13,668751757590339584,Mon Nov 23 11:23:38 +0000 2015,0,1,The Swarez  Art Daily is out! https://t.co/9Bv55iE8pQ Stories via @BB_CasaLami @Labedzki_Art @fahadalimehtab
14,668743059383930880,Mon Nov 23 10:49:04 +0000 2015,0,7,Minus freakin' 1°C here in the studio today. WTF? All heaters on and still I can't move my fingers. Yeeeeeooooowwww https://t.co/T3eSnGi14g
15,668559743674425344,Sun Nov 22 22:40:38 +0000 2015,0,2,@MarcusInStroud @HollieGazzardT agreed! He's a legend... Hope I can raise a few quid!
16,668557590662656002,Sun Nov 22 22:32:05 +0000 2015,7,11,TWO originals being auctioned for Holly Gazzard Trust gala dinner @HollieGazzardT Tickets: https://t.co/lRiMfPklhy https://t.co/dKQtEnUf6H
17,668389619600400384,Sun Nov 22 11:24:38 +0000 2015,1,2,The Swarez  Art Daily is out! https://t.co/wz99diMNQM Stories via @aricochet @GloriaP1948 @Candie5390
18,667813504921944064,Fri Nov 20 21:15:21 +0000 2015,0,0,@justmeebz Thank you! As it's smaller than normal probably around the £2k mark
19,667664630123249665,Fri Nov 20 11:23:47 +0000 2015,2,2,The Swarez  Art Daily is out! https://t.co/Xl4bwiwN4r Stories via @soniabublaitis
20,667616492574408704,Fri Nov 20 08:12:30 +0000 2015,4,17,"Finished a new, small sized painting today. I like to play with order and chaos at the same time. https://t.co/wGPwz47jTo"
21,667403363244449793,Thu Nov 19 18:05:36 +0000 2015,0,4,Ripping up my new floor because I can't accept a 2mm slope. Accuracy and quality matter. It's perfect or its wrong https://t.co/wzGseBCMW8
22,667302338781036545,Thu Nov 19 11:24:10 +0000 2015,1,3,The Swarez  Art Daily is out! https://t.co/sCexLq1CtT Stories via @VacenTaylor @SchusterTimo @LenaCoulter
23,666939808586051584,Wed Nov 18 11:23:36 +0000 2015,2,0,The Swarez  Art Daily is out! https://t.co/TH93aygQuX Stories via @MallyMall @yabibo_com @housely
24,666577423698370560,Tue Nov 17 11:23:36 +0000 2015,2,2,The Swarez  Art Daily is out! https://t.co/TailZ3hFW1 Stories via @BookmarcUSA @QuizzArt @DavidAndersonHW
25,666377481469972480,Mon Nov 16 22:09:06 +0000 2015,3,6,"The Art Dress: memories from #LondonFashionWeek designed by @AdnanBayyat, painted by me, shot by @MarcusInStroud https://t.co/JkXOYcrS6Q"
26,666374409523994624,Mon Nov 16 21:56:54 +0000 2015,0,1,@trevorjonesart haha! Yeah I should give them names really!
27,666215049971806208,Mon Nov 16 11:23:40 +0000 2015,3,2,The Swarez  Art Daily is out! https://t.co/sy4lhpDZo9 Stories via @ARToenfer @sseymae @anna_szoke
28,666038787697418242,Sun Nov 15 23:43:16 +0000 2015,0,0,"@LondonArtSoc nope, sorry..."
29,666038725739155457,Sun Nov 15 23:43:01 +0000 2015,0,0,"@nicolareadcouk oh I see! Well I hope that's helped a little! Thanks for the input, much appreciated :)"
30,666030250703396865,Sun Nov 15 23:09:20 +0000 2015,0,1,@StaceyCornelius ah thank you so much for that! I really really appreciate it. Makes it worthwhile for me!
31,666028830533005312,Sun Nov 15 23:03:42 +0000 2015,0,0,@StaceyCornelius thanks Stacey; much appreciated :)
32,666027260013641729,Sun Nov 15 22:57:27 +0000 2015,4,7,Ever wondered how you pack up big paintings and send them 5000 miles away? Here's my ingenious solution: https://t.co/ZOZSfd2gng
33,666012059985907712,Sun Nov 15 21:57:03 +0000 2015,3,15,Random studio pic of the day https://t.co/UhGEUKXMTh
34,665852639754788864,Sun Nov 15 11:23:34 +0000 2015,0,1,The Swarez  Art Daily is out! https://t.co/AXTBuyWTGJ Stories via @Da_Show_Stopper @WeddingBase @colemanprojects
35,665127866384949248,Fri Nov 13 11:23:35 +0000 2015,1,1,The Swarez  Art Daily is out! https://t.co/cne1V7dGNl Stories via @EmmanuelledeM @IAttractGood @Bellanieve
36,664945219532640257,Thu Nov 12 23:17:49 +0000 2015,1,1,"@susanjschrader ah, thank you so much! Most kind :)"
37,664945153891819520,Thu Nov 12 23:17:33 +0000 2015,0,1,@Andi_Ford Thanks dude; very kind :)
38,664930387085434881,Thu Nov 12 22:18:52 +0000 2015,7,17,SOLD: 'A Dramatic Turn of Events'; enamels on canvas. Kapow! https://t.co/6XBoxwe5oO https://t.co/5YddJb2Plf
39,664403101546364930,Wed Nov 11 11:23:38 +0000 2015,0,2,The Swarez  Art Daily is out! https://t.co/vXflPBe09O Stories via @Teamhotzone @SOCaldwell2 @Norbert95008
40,664211245810262018,Tue Nov 10 22:41:16 +0000 2015,0,0,@WendyvcPurcell thank you so much!
41,664201491398438913,Tue Nov 10 22:02:30 +0000 2015,7,30,SOLD: 'Hold Back The River'; enamels on canvas. Yippee! https://t.co/i3KdrASvYS https://t.co/sC2CxD4zhv
42,664165885448425472,Tue Nov 10 19:41:01 +0000 2015,0,0,@KirkleyJan of course!
43,664053025426833408,Tue Nov 10 12:12:33 +0000 2015,2,9,Much to do today in the new paint studio. Cans and pots everywhere! https://t.co/NWXlYN81kK
44,664040699516559360,Tue Nov 10 11:23:34 +0000 2015,1,3,The Swarez  Art Daily is out! https://t.co/VTwssPHjYZ Stories via @PrestonLikely @MosesHawk @EleonoraAnnova
45,663678318340931584,Mon Nov 09 11:23:36 +0000 2015,0,1,The Swarez  Art Daily is out! https://t.co/xxCnhlElpJ Stories via @HfdsFostering @Mikeyznsacto @ThomasStevens__
46,663315940310982657,Sun Nov 08 11:23:38 +0000 2015,1,1,The Swarez  Art Daily is out! https://t.co/GOuWwN83Ks Stories via @shrinkingglobe @walkinthewoods1 @kowalskr
47,662970901001031680,Sat Nov 07 12:32:34 +0000 2015,5,14,SOLD: 'Pandemonium'; enamels on canvas. Full story and pics: https://t.co/VlWToaYITa https://t.co/wDQ9YyrKFA
48,662591156069515268,Fri Nov 06 11:23:36 +0000 2015,0,2,The Swarez  Art Daily is out! https://t.co/iDfMnaXNND Stories via @UrbanContest
49,662228760926789632,Thu Nov 05 11:23:34 +0000 2015,0,1,The Swarez  Art Daily is out! https://t.co/qhyifDqVb5 Stories via @Francesca_LA @Scotspolfed @karlfischer_biz
50,662037146321207296,Wed Nov 04 22:42:10 +0000 2015,1,15,Sending a crate of paintings to the USA? This is how I roll (deliberate pun intended!) https://t.co/JI8ma6gafI
51,662006759364673537,Wed Nov 04 20:41:25 +0000 2015,1,0,RT @katepnewman: @SwarezArt Loving this. #awesome art #awesome talent #all round awesome https://t.co/rB2a6s7F4I
52,661883305667788800,Wed Nov 04 12:30:51 +0000 2015,2,11,"""Unexpected item in bagging area""... https://t.co/y0IvgMfYsZ"
53,661866382812909568,Wed Nov 04 11:23:37 +0000 2015,1,2,The Swarez  Art Daily is out! https://t.co/tCOBHIwzPd Stories via @artfinder @VacenTaylor @SilviaDiana1951
54,661504143627014144,Tue Nov 03 11:24:12 +0000 2015,2,3,The Swarez  Art Daily is out! https://t.co/Pxhl7DISLD Stories via @jasontheartist @ShiCooks @ChantalHandley
55,661326292911026176,Mon Nov 02 23:37:29 +0000 2015,4,16,Work in progress from today's #paint sessions https://t.co/DcFJK53LhQ
56,661311047748464640,Mon Nov 02 22:36:55 +0000 2015,0,0,@idunart I do; but clients tend to live in high places sometimes!
57,661296537004335104,Mon Nov 02 21:39:15 +0000 2015,0,8,Moving art is not easy; try getting this one up a nine floor stairwell; just to bring it all the way back down again https://t.co/hdBPYvDmw1
58,661141616586006528,Mon Nov 02 11:23:39 +0000 2015,2,0,The Swarez  Art Daily is out! https://t.co/8RebqwPra9 Stories via @TheBoltUpright @msmanet @robinpedrero
59,660868779052834816,Sun Nov 01 17:19:29 +0000 2015,0,0,@KirkleyJan thank you! Let's see if you start think that when it's finished!!
60,660864637366325249,Sun Nov 01 17:03:02 +0000 2015,8,24,Starting work on a commission based on Pollcok's 'Blue Poles'; a daunting challenge https://t.co/EFiOQn5ThY
61,660779226640072704,Sun Nov 01 11:23:38 +0000 2015,3,0,The Swarez  Art Daily is out! https://t.co/Y59LGLC2jL Stories via @jeronimorones17 @MatthewTemple7 @Bellanieve
62,660474717476900864,Sat Oct 31 15:13:38 +0000 2015,5,5,3 hours to go before the winner in the FREE PRIZE draw is chosen. Last chance to win a FREE PAINTING https://t.co/8V9mSXoZax
63,660416820973854720,Sat Oct 31 11:23:34 +0000 2015,0,3,The Swarez  Art Daily is out! https://t.co/dhK7EV2KRE Stories via @marionmotlop @reemaas_alamri @cisneazul13
64,660187742513602560,Fri Oct 30 20:13:18 +0000 2015,2,9,Always loved this picture; seems to sum up what I do very well #justsaying https://t.co/Mb0QVRKcD3
65,660147936878313472,Fri Oct 30 17:35:07 +0000 2015,25,0,"RT @carib_painters: Follow #ff @RobertBohan and @SwarezArt for mind blowing, exhilarating beautiful #artwork. You are our week's favorite a…"
66,660054438074298368,Fri Oct 30 11:23:35 +0000 2015,2,5,The Swarez  Art Daily is out! https://t.co/pDMsx9hJIF Stories via @ignacioalperin @DebbieUeabv @sindradupont
67,659812533344280576,Thu Oct 29 19:22:21 +0000 2015,0,0,@CharleneBWright thank you so much!
68,659809767393742850,Thu Oct 29 19:11:21 +0000 2015,19,28,Kapow! This #painting is brand new; mustard yellow and all the shades in between https://t.co/20LDnXbx3i
69,659791258320314368,Thu Oct 29 17:57:48 +0000 2015,1,4,Finishing touches applied to the second big canvas for a client in the good 'ol #USA https://t.co/gqXB55aX3c
70,659692056814686208,Thu Oct 29 11:23:37 +0000 2015,0,1,The Swarez  Art Daily is out! https://t.co/TVeCxaw0sU Stories via @ArtBookGuy @marchesedel @Luvlylayy
71,659518696847761408,Wed Oct 28 23:54:45 +0000 2015,0,1,@doedimelvin  YAY! THANKS HUN X #LEGEND
72,659473901345488896,Wed Oct 28 20:56:45 +0000 2015,1,2,@bbuie42 @Bugger_it_all thankyou so much!
73,659473690690781184,Wed Oct 28 20:55:54 +0000 2015,0,1,"@MarcusInStroud thankyou! Yes, indeed a coffee and your company would be most excellent!"
74,659471253712076800,Wed Oct 28 20:46:13 +0000 2015,10,17,"Brand new painting finished; 'I Walk Beside You', enamels on canvas. Full story and 10 pics: https://t.co/xXr8mfrpGd https://t.co/e5cMgf3VYS"
75,659442418014683136,Wed Oct 28 18:51:38 +0000 2015,14,19,"Last chance to enter the FREE prize draw to win an ORIGINAL PAINTING. Roll up, roll up! https://t.co/8V9mSXoZax https://t.co/RIfbBlKuZN"
76,659329660698939393,Wed Oct 28 11:23:35 +0000 2015,0,3,The Swarez  Art Daily is out! https://t.co/CEMLuwGyOQ Stories via @haha_2funny @Angidicri @robbie_robsz
77,658967277803556864,Tue Oct 27 11:23:36 +0000 2015,4,4,The Swarez  Art Daily is out! https://t.co/qpAgrBgLHx Stories via @nutmegdesigns @davidbrear
78,658604889896058881,Mon Oct 26 11:23:36 +0000 2015,2,2,The Swarez  Art Daily is out! https://t.co/0RTjL34KEn Stories via @ImBlauenSalon @sanyaahuja101 @ZappSolutions
79,658331273069510656,Sun Oct 25 17:16:21 +0000 2015,14,35,Work from today's paint sessions https://t.co/vwafCChocE
80,658322536774561793,Sun Oct 25 16:41:38 +0000 2015,1,3,I liked a @YouTube video from @swarezart https://t.co/RoRsgMwtIF Jackson Pollock Abstract Art Drip Painting
81,658242511769587712,Sun Oct 25 11:23:39 +0000 2015,2,0,The Swarez  Art Daily is out! https://t.co/knsaJx5jsQ Stories via @EurasianLover @JoanieGentian
82,657891162565550080,Sat Oct 24 12:07:30 +0000 2015,0,0,@JamesPearson25 you're always welcome dude!!!!
83,657880113384656897,Sat Oct 24 11:23:36 +0000 2015,1,1,The Swarez  Art Daily is out! https://t.co/zvPXIkD7vj Stories via @NebulaLights @DjKingAssassin @albaenergy
84,657856264173678592,Sat Oct 24 09:48:50 +0000 2015,4,10,"Gallery looking nice today, despite the crappy weather outside! https://t.co/eETZuLqXTB"
85,657517745555247104,Fri Oct 23 11:23:41 +0000 2015,3,5,The Swarez  Art Daily is out! https://t.co/Ye2zZVgVFc Stories via @indymediajunkie @KarenMMcGrath @ANU_Bees
86,657256775301902336,Thu Oct 22 18:06:41 +0000 2015,12,14,New #painting finished: 'On a Storytellers Night'; mustard and black. Full story and 8 pics: https://t.co/qEftP3auT0 https://t.co/maTxdbr1uZ
87,657133443004940288,Thu Oct 22 09:56:36 +0000 2015,0,1,@lEspinayJ thankyou so much!
88,656952796651126785,Wed Oct 21 21:58:46 +0000 2015,0,1,@irismariak thankyou so much! Most kind of you :)
89,656939882854641667,Wed Oct 21 21:07:28 +0000 2015,18,25,Nice view into the rear of the gallery from earlier today https://t.co/k72DbxMYhN
90,656792943777460224,Wed Oct 21 11:23:35 +0000 2015,0,0,The Swarez  Art Daily is out! https://t.co/MQSOXMAtBf Stories via @bayarts_ohio @Seybaldalice @HostingPeRO
91,656591242915139585,Tue Oct 20 22:02:05 +0000 2015,5,18,"SOLD TODAY: 'Liberty Belle', enamels on canvas. Goodbye old friend, I'll miss you! https://t.co/c5nOUGbVUu https://t.co/ouvgrT6Lbh"
92,656553876687077376,Tue Oct 20 19:33:37 +0000 2015,1,1,@dfish1177 @artfinderlatest that's incredibly kind of you to do a shout out Diane! Thank you so much :) #coolbeans
93,656553747385065472,Tue Oct 20 19:33:06 +0000 2015,2,0,RT @dfish1177: @SwarezArt @artfinderlatest #TOTAL AWESOME #goes to @SwarezArt @artfinderlatest on a  #Serious Tuesday
94,656498442974404608,Tue Oct 20 15:53:20 +0000 2015,0,1,@doedimelvin what's that Hun? Not sure what you're referring too? :)
95,656430561515454464,Tue Oct 20 11:23:36 +0000 2015,2,0,The Swarez  Art Daily is out! https://t.co/76b3UjDrUi Stories via @musictherapy4me @DrLightningTX @ImagInMePhoto
96,656006192964227072,Mon Oct 19 07:17:19 +0000 2015,1,1,"@MailFusion wow! So kind, thank you so much"
97,656006027939336192,Mon Oct 19 07:16:39 +0000 2015,0,1,@irismariak thank you so much! Very kind.
98,655850764494065665,Sun Oct 18 20:59:42 +0000 2015,16,30,"New #painting finished; 'Infinite Possibilities', enamels on canvas, full story and pics: http://t.co/p9rih6BlVc http://t.co/oEF9iWH1Bq"
99,655793234417995776,Sun Oct 18 17:11:05 +0000 2015,11,22,It's been a struggle today but after having 'lost' this painting twice I've got it back to an acceptable place. http://t.co/tat4DjTVud
100,655756436379738113,Sun Oct 18 14:44:52 +0000 2015,0,1,@irismariak Thank you Iris; will share very shortly.
101,655755336125689856,Sun Oct 18 14:40:30 +0000 2015,0,5,Painting like a mutha f****r today. Time for a break. http://t.co/Ju5R1lVRLR
102,655705790523789312,Sun Oct 18 11:23:37 +0000 2015,0,0,The Swarez  Art Daily is out! http://t.co/CttajoOAY9 Stories via @WomeninMarketin @Bellanieve @carolyn660
103,655674563838148609,Sun Oct 18 09:19:32 +0000 2015,11,15,Close-up from a new #painting due soon http://t.co/ZyML5sl0bD
104,655498573581258753,Sat Oct 17 21:40:13 +0000 2015,9,12,Random close-up picture of the day http://t.co/AzKWM6r4cR
105,655456591697879040,Sat Oct 17 18:53:23 +0000 2015,0,1,@Sharon_RAROC whoop! Thank you so much Sharon
106,655343403186659328,Sat Oct 17 11:23:37 +0000 2015,1,0,The Swarez  Art Daily is out! http://t.co/pACZ6HHyxy Stories via @makingamark2 @y_y_2015 @adrechsel
107,655315389270917120,Sat Oct 17 09:32:18 +0000 2015,0,1,@leonie_holmes ah thanks! So kind of you to say!
108,655151804267810816,Fri Oct 16 22:42:16 +0000 2015,12,21,New painting finished. Can you tell I like purple? http://t.co/olaXkthOrO
109,654978439796137985,Fri Oct 16 11:13:23 +0000 2015,2,6,"Preparation for stretching a big painting. Well, at least I'm warm now! http://t.co/epkBwBZElp"
110,654914933973504000,Fri Oct 16 07:01:02 +0000 2015,0,1,@DangerousLee Thankyou. It's so very generous of you to take a moment and look at them. I really appetite feedback. Cheers!!
111,654804399705845760,Thu Oct 15 23:41:49 +0000 2015,0,0,@DangerousLee Thankyou
112,654781299429781505,Thu Oct 15 22:10:01 +0000 2015,0,0,@UKRedSoxfan so kind to say so. Thankyou.
113,654763206074740736,Thu Oct 15 20:58:07 +0000 2015,0,1,@gavinugh thankyou!!!!!
114,654761668216393728,Thu Oct 15 20:52:01 +0000 2015,14,24,Coming soon; no name yet but it'll come. Here's a few close-ups. Pass my sunglasses... http://t.co/e8grJkVTVn
115,654618625081516032,Thu Oct 15 11:23:37 +0000 2015,2,4,The Swarez  Art Daily is out! http://t.co/kfXwITevhP Stories via @SuiteDigi @AdamMustoeArt @SuncoastAF
116,654368759398985730,Wed Oct 14 18:50:44 +0000 2015,0,0,"@RonzHobbies indeed! The drone pics were shockingly bad. So resorted to ingenuity, wood and screws!! Result!"
117,654344243302039553,Wed Oct 14 17:13:19 +0000 2015,6,14,New mustard yellow and black painting finished; I'm very pleased with how this new technique has turned out http://t.co/DWEQ8SSIF8
118,654311984150773760,Wed Oct 14 15:05:08 +0000 2015,4,12,Oh I say; that's a big one! http://t.co/isJiPmf7T3
119,654256236951642112,Wed Oct 14 11:23:37 +0000 2015,0,2,The Swarez  Art Daily is out! http://t.co/u8VWRKUeZe Stories via @jonaquest @JakubDK @LAStory
120,654176222457524224,Wed Oct 14 06:05:40 +0000 2015,2,13,Having to photograph this huge painting use a flying drone  camera as its too big to hang inside! http://t.co/NJ78n37R5f
121,654003016660590593,Tue Oct 13 18:37:24 +0000 2015,0,0,@GoodOnPaper_ Thankyou!
122,653955735760556032,Tue Oct 13 15:29:31 +0000 2015,3,9,Work in progress from today's sessions http://t.co/DKhQa6IRFY
123,653926710027657216,Tue Oct 13 13:34:11 +0000 2015,8,22,Trying to take photos of this new commissioned painting. Wish the clouds would make up their mind! http://t.co/gOuvakTurD
124,653894165684711424,Tue Oct 13 11:24:52 +0000 2015,0,1,The Swarez  Art Daily is out! http://t.co/aKdABakyXI Stories via @LouiseEtsy @danywalls @deoudehuize
125,653603382402383872,Mon Oct 12 16:09:24 +0000 2015,0,0,@TaniaMaria278 thankyou very much!
126,653599374111559681,Mon Oct 12 15:53:28 +0000 2015,6,13,Work in progress from today's paint sessions http://t.co/kvwt44ez5T
127,653220041329086464,Sun Oct 11 14:46:08 +0000 2015,2,5,New #painting finished; 'How Far Jerusalem'; gold and black enamels. Full story and pics: http://t.co/b1PG2bYw3N http://t.co/inx8GzuJBZ
128,653169392046485505,Sun Oct 11 11:24:53 +0000 2015,0,0,The Swarez  Art Daily is out! http://t.co/eozCS81QH1 Stories via @chavodel69xxx @ShannonThomasSr
129,652984784302567424,Sat Oct 10 23:11:19 +0000 2015,7,10,More work in progress from today's paint sessions http://t.co/P5UadhYSuy
130,652902938613018624,Sat Oct 10 17:46:05 +0000 2015,0,0,@HagelJohnni Thankyou so much
131,652884639732891648,Sat Oct 10 16:33:22 +0000 2015,5,15,What a busy day! Cracking on with a new commission panting in black and white. http://t.co/mk0jLHdCXe
132,652602728963801089,Fri Oct 09 21:53:10 +0000 2015,3,11,Packed and ready for a road trip! Let's see what the day brings.. http://t.co/Fis1fjDRZw
133,652559337320222720,Fri Oct 09 19:00:44 +0000 2015,0,1,"@StephJS yay! That's so kind of you, thank you!"
134,652558020224880640,Fri Oct 09 18:55:30 +0000 2015,0,0,@Sharon_RAROC you're the best! :)
135,652557096437837824,Fri Oct 09 18:51:50 +0000 2015,0,0,@Sharon_RAROC thank you so much Sharon - way to kind! :)
136,652557016238563328,Fri Oct 09 18:51:31 +0000 2015,0,0,@thecotswoldchef yikes man! I am so not worthy! Thank you :)
137,652552700312330240,Fri Oct 09 18:34:22 +0000 2015,7,18,New #painting finished: 'Mad Dog'; minimal and very unusual for me. More pics and story: http://t.co/FLx6HYZW7w http://t.co/jyBS1uRplW
138,652420314161393664,Fri Oct 09 09:48:18 +0000 2015,7,9,"SOLD: 'Coming Back To Life', enamels on canvas. Full story and pics: http://t.co/xOe2ggkMF8 http://t.co/fWSahJDaQX"
139,652082227573035008,Thu Oct 08 11:24:52 +0000 2015,1,0,The Swarez  Art Daily is out! http://t.co/FbLrIh5DwS Stories via @Labedzki_Art @cheapairlinetkt @london_gardenin
140,651891174974877696,Wed Oct 07 22:45:42 +0000 2015,0,1,@kiboucheltenham thankyou so much! #coolbeans
141,651878189887803392,Wed Oct 07 21:54:06 +0000 2015,13,28,"SOLD TODAY: 'Beyond Reasonable Doubt', enamels on canvas. Full story and pics: http://t.co/ICT0XKryrp http://t.co/89FnL24bL6"
142,651871199249723392,Wed Oct 07 21:26:19 +0000 2015,7,12,New #painting now drying nicely. Interesting and very dramatic colour combinations http://t.co/xmJo1LPACj
143,651719841955643392,Wed Oct 07 11:24:53 +0000 2015,2,0,The Swarez  Art Daily is out! http://t.co/PXQxiWG50v Stories via @ArabellaD @gillwingjewel
144,651498609951776768,Tue Oct 06 20:45:47 +0000 2015,3,6,Update on the new paint studio; a behind-the-scenes peak at the perils of level floors! http://t.co/7s4UT1ikOh http://t.co/z1yvYYm92O
145,651429628956004352,Tue Oct 06 16:11:41 +0000 2015,9,15,This is new. Interesting study of purples and pinks. http://t.co/uw1UGHOL1t
146,651357460373110784,Tue Oct 06 11:24:54 +0000 2015,1,0,The Swarez  Art Daily is out! http://t.co/NIfuNwEGSU Stories via @wscalfaro @Sean_Worrall @Feel_The_Edge
147,650687570322563072,Sun Oct 04 15:03:00 +0000 2015,10,24,This is new; coming soon and full of deliciously rich autumnal tones http://t.co/vkAGu7vpot
148,650632984245235713,Sun Oct 04 11:26:06 +0000 2015,2,2,The Swarez  Art Daily is out! http://t.co/6UrSun5mkC Stories via @3CSDigital @LeahPLozano @nealbailey
149,650595256128393216,Sun Oct 04 08:56:11 +0000 2015,0,1,@DeniseDeering thank you!
150,650438877988171777,Sat Oct 03 22:34:47 +0000 2015,0,0,@ManpreetMellhi and thankyou!!!
151,650438778054647809,Sat Oct 03 22:34:23 +0000 2015,0,0,@ManpreetMellhi you and me both!!!! :)
152,650436010610946048,Sat Oct 03 22:23:24 +0000 2015,1,3,The £3m super-house commission now has its own video. Proud to have hung 7 #paintings in here: https://t.co/PSL2JAiH8a @MarcusHomesGlos
153,650270538083008512,Sat Oct 03 11:25:52 +0000 2015,0,2,The Swarez  Art Daily is out! http://t.co/yaBPxqXvIm Stories via @LAStory @djcunningham @rockisagirlsbff
154,650064864132657153,Fri Oct 02 21:48:35 +0000 2015,5,12,More new work nears completion. The curing process is always tricky to manage. http://t.co/iiPJv1Z88c
155,650064237646188546,Fri Oct 02 21:46:06 +0000 2015,0,0,@nvisionsunshine excellent! I love metallic blue! Good luck.
156,650045858524864512,Fri Oct 02 20:33:04 +0000 2015,1,4,"Three brand new, unique metallic paint shades join the Swarez arsenal of colour http://t.co/rJ36zvfdQK"
157,650025856698609664,Fri Oct 02 19:13:35 +0000 2015,1,3,A beautiful video reciting 'If' by Rudyard Kipling. A brillaint piece of film making by the amazing @arran_north https://t.co/PcRIwi8QUW
158,649933945488973824,Fri Oct 02 13:08:22 +0000 2015,10,14,"New painting nears completion. Come on, dry damn you!!! http://t.co/XcdeHJAWzS"
159,649908068956917760,Fri Oct 02 11:25:33 +0000 2015,1,2,The Swarez  Art Daily is out! http://t.co/uF39mHbO5x Stories via @The_ArtyGirl @MosesHawk @TheNewSchool
160,649670603969032192,Thu Oct 01 19:41:56 +0000 2015,11,22,New large #painting finished: 'Beautiful Imperfection'; full story and 8 pics: https://t.co/lroP9uDd0A https://t.co/R1ZYuL6stp
161,649545223895412736,Thu Oct 01 11:23:44 +0000 2015,0,0,The Swarez  Art Daily is out! http://t.co/ecDU7ZmoKU Stories via @boddhikarma @chrisgfarley @JKatzaman
162,649470116502052864,Thu Oct 01 06:25:17 +0000 2015,2,6,Random client photo of the day; revisiting one sold from earlier this year. Fabulous! http://t.co/v9tc62VHAC
163,649469599310827520,Thu Oct 01 06:23:13 +0000 2015,0,3,I know floor screed is not really art related but it's in the new paint studio and I'm rather pleased so far! http://t.co/j4hRs5QhLT
164,649182876500672512,Wed Sep 30 11:23:53 +0000 2015,1,2,The Swarez  Art Daily is out! http://t.co/79PSX3J2js Stories via @LeahPLozano @MosesHawk @hollyrowan
165,649182862302912512,Wed Sep 30 11:23:50 +0000 2015,1,0,The Swarez  Art Daily is out! http://t.co/za8oZLlWMZ Stories via @WesUnruh @VerseEveryDay @JoanieGentian
166,649170730354130944,Wed Sep 30 10:35:37 +0000 2015,0,2,Oh the glamour of it all... Artist and cleaner..! http://t.co/DIQRqlaqME
167,648986007262613504,Tue Sep 29 22:21:36 +0000 2015,0,0,"@BradleymatsonB awesome, thank you!"
168,648820441432334336,Tue Sep 29 11:23:42 +0000 2015,4,0,The Swarez  Art Daily is out! http://t.co/c94LRnNrTp Stories via @martaangelines @ArtConnected @Manooora333
169,648567953286406144,Mon Sep 28 18:40:24 +0000 2015,7,16,"Brand new #painting now online; 'Aces High'; gold, copper and black - bring on the autumn! http://t.co/YexWFyrG9W http://t.co/g2SGFh7cQk"
170,648523613210050560,Mon Sep 28 15:44:13 +0000 2015,0,1,@maram95959 thank you!
171,648523409857638400,Mon Sep 28 15:43:24 +0000 2015,0,0,@mrjohnsalmon agreed Sir!
172,648485487188045825,Mon Sep 28 13:12:43 +0000 2015,1,9,That's another 5 hours gone revising my homepage. Thankfully the iPad version now looks OK http://t.co/iCnBTwj9Zw http://t.co/AOfuei0SJh
173,648484433847259136,Mon Sep 28 13:08:31 +0000 2015,1,1,@CristVillagra @dfish1177 @unconpaint @artfinderlatest THANK YOU !!!
174,648095860182654976,Sun Sep 27 11:24:28 +0000 2015,1,1,The Swarez  Art Daily is out! http://t.co/G7N4UuP88r Stories via @JmLapin @Bleuea @waperry
175,647855051956965376,Sat Sep 26 19:27:35 +0000 2015,1,0,RT @susiebear78: Ta for the beer🍺 @SwarezArt @RobAustinRacing you can embarrass me any time! Wellington straight is now renamed for ever 😂#…
176,647733503484915712,Sat Sep 26 11:24:36 +0000 2015,2,2,The Swarez  Art Daily is out! http://t.co/oJf3DKX2Er Stories via @_r8lst @zippydazipster @1stGermanstore
177,647513738426363905,Fri Sep 25 20:51:20 +0000 2015,11,16,Interesting close-up from a new #painting I have just completed http://t.co/ZenVmXQsUN
178,647467080166559745,Fri Sep 25 17:45:55 +0000 2015,6,14,Gallery looks lovely in the setting September sunlight. http://t.co/ZeSIE4gMYZ
179,647370885448531968,Fri Sep 25 11:23:41 +0000 2015,2,2,The Swarez  Art Daily is out! http://t.co/dAEdMzpR4y Stories via @EileenFlaxman @ignacioalperin @DanLewistech
180,647130123976765440,Thu Sep 24 19:26:59 +0000 2015,5,14,Trying out some #paintings with my client in London today... http://t.co/VjPrF2X1Eo
181,647129508265480192,Thu Sep 24 19:24:32 +0000 2015,5,0,RT @Cushygooding: Good to see peeps still out doibg the @ScrumptyTrail check out @SwarezArt outside @DrFostersBar #Scrumpty #Gloucester htt…
182,647008545779675136,Thu Sep 24 11:23:52 +0000 2015,1,0,The Swarez  Art Daily is out! http://t.co/3nNOnlwO7Z Stories via @PaperArtsy @JacquelinGwynne @chickybus
183,646812554988253184,Wed Sep 23 22:25:04 +0000 2015,0,0,@Jacqh419 Thankyou!! Very kind. It's 250cm X 180cm.
184,646812390470852608,Wed Sep 23 22:24:25 +0000 2015,0,1,@Jacqh419 thanks! They are just the price boards; nothing special.
185,646801420847607813,Wed Sep 23 21:40:50 +0000 2015,8,18,Quickie random photo from the gallery today #art http://t.co/Y99WZbTDxH
186,646799200324349953,Wed Sep 23 21:32:00 +0000 2015,0,1,@Jacqh419 wow! Thank you so much :)
187,646646168429178880,Wed Sep 23 11:23:55 +0000 2015,1,6,The Swarez  Art Daily is out! http://t.co/36mi6PkfNL Stories via @Bellanieve @GammaInfinity @KeshaBruce
188,646382173185011712,Tue Sep 22 17:54:53 +0000 2015,0,0,@mcwinters53 that's very kind! Thank you so much
189,646358121594658816,Tue Sep 22 16:19:19 +0000 2015,7,23,More monochrome madness from this newly completed painting http://t.co/HAIuWkqsFa
190,646333188961341440,Tue Sep 22 14:40:15 +0000 2015,17,0,RT @dfish1177: @SwarezArt @artfinderlatest #a starfish in the middle of #water puddles #interesting Tuesday http://t.co/KC3swmUJSa
191,646308684444868608,Tue Sep 22 13:02:52 +0000 2015,3,11,Latest large moody painting finished. Feels like there's a storm coming... http://t.co/oPlMOpMuix
192,646283725781770241,Tue Sep 22 11:23:42 +0000 2015,4,0,The Swarez  Art Daily is out! http://t.co/fhP996JFG8 Stories via @BelkissObadia @faraway67 @Bellanieve
193,646219711026462722,Tue Sep 22 07:09:19 +0000 2015,3,13,Random gallery photo of the day http://t.co/HMPAkn6dwx
194,646216624702418944,Tue Sep 22 06:57:04 +0000 2015,0,0,@micksharpmusic Thankyou so much!
195,646085684541956097,Mon Sep 21 22:16:45 +0000 2015,0,2,@Sharon_RAROC you are AWESOME! :)
196,646079233173942272,Mon Sep 21 21:51:07 +0000 2015,5,18,"New (big) #painting finished: 'Bad Reputation', full (and very honest) story + 10 pics: http://t.co/wHf7N0Uj4t http://t.co/doslS2BdqB"
197,645921333642174465,Mon Sep 21 11:23:41 +0000 2015,0,3,The Swarez  Art Daily is out! http://t.co/ZfoyCQ5lhs Stories via @FlairCreativ @JacquelinGwynne @TheNewSchool
198,645856919354232832,Mon Sep 21 07:07:43 +0000 2015,5,0,RT @DrFostersBar: Tweet us your pictures of our Swarez scrumpty The final winner could be you. Just a few weeks to go. @SwarezArt @RTGlos @…
199,645721738374868992,Sun Sep 20 22:10:34 +0000 2015,0,2,@madjo87 I know! Mad isn't it? :)
