,id_str,created_at,retweet_count,favorite_count,text
0,667316470406254592,Thu Nov 19 12:20:19 +0000 2015,0,1,"Hate busses, hate rain, hate lateness, hate whinging 😂"
1,667314854093414401,Thu Nov 19 12:13:53 +0000 2015,0,0,"@OxfordBusCo ha ha, I've done that before. Apologies! And thanks for the help!"
2,667314619115925504,Thu Nov 19 12:12:57 +0000 2015,0,0,@Stagecoach_Ox what is happening with the 700 from Kidlington? Running very late!! I need to get to work
3,664926415041773568,Thu Nov 12 22:03:05 +0000 2015,0,0,"@meganhale86 Ha ha, thanks but my scales tell me otherwise!! Xx"
4,664518125396869120,Wed Nov 11 19:00:41 +0000 2015,0,0,@meganhale86 I've put on about 3000lbs since surgery 😂 xx
5,663853290090840064,Mon Nov 09 22:58:52 +0000 2015,0,1,@meganhale86 #toofat #toopoor
6,663710271999995904,Mon Nov 09 13:30:34 +0000 2015,0,0,"@meganhale86 Oh lady, I have no idea what I'm going to do about that!!"
7,663044176188153857,Sat Nov 07 17:23:45 +0000 2015,0,0,@NeilAlanDixon Hope there's someone who brings out the best in Theo like you did when we're back next year #wontbethesame
8,662973691383431168,Sat Nov 07 12:43:40 +0000 2015,0,0,Are there gonna be any funstars left next year?! #devoncliffs
9,662970724613758976,Sat Nov 07 12:31:52 +0000 2015,242,0,RT @VibesMood: Everything in life is easier when you don't concern yourself with what everybody else is doing.
10,661996494149521408,Wed Nov 04 20:00:38 +0000 2015,0,1,"@NeilAlanDixon @wickedazza @ross_adams Haven't had it for years, didn't even know they still did it 😁 Might have to see if I can find some!"
11,661983422706016256,Wed Nov 04 19:08:41 +0000 2015,0,0,@NeilAlanDixon What a lovely couple you make 😊
12,661982928096903168,Wed Nov 04 19:06:43 +0000 2015,0,0,@NeilAlanDixon @wickedazza @ross_adams Are you drinking hooch?!
13,661116209199497216,Mon Nov 02 09:42:41 +0000 2015,0,0,@NeilAlanDixon It's Monday 😊 #justsaying
14,659987298541522944,Fri Oct 30 06:56:48 +0000 2015,0,0,"@NeilAlanDixon And then do we get to know what you're doing next year?! 😉😁 Sorry, couldn't resist!! Xx"
15,659824576403267584,Thu Oct 29 20:10:12 +0000 2015,0,0,@NeilAlanDixon So do we actually get to know or did you just want to know who wants to know?! 😁
16,659823725571874816,Thu Oct 29 20:06:49 +0000 2015,0,0,"@NeilAlanDixon Yeah, I actually do! 😊"
17,651463727238262784,Tue Oct 06 18:27:10 +0000 2015,0,0,@tobiascasual @NeilAlanDixon @FunStarsGoLive Well that definitely looks fancier than when we were there in April 😂 xx
18,601647415100334080,Fri May 22 07:14:56 +0000 2015,0,1,"@foxyjeepster Morning Kay, I'm working next week unfortunately but thankful for the long weekend!! Hope you're well xx"
19,599592966785769472,Sat May 16 15:11:17 +0000 2015,22,0,RT @MrJonnyBenjamin: Beautiful day for our #walkoutofdarkness across London! Great to be raising awareness and challenging stigma!  https:/…
20,599526250902859776,Sat May 16 10:46:11 +0000 2015,0,1,"@foxyjeepster Morning Kay, planning to walk along the canal to Oxford this afternoon, how about you? Xx"
21,599526033273036800,Sat May 16 10:45:19 +0000 2015,0,0,"@MrJonnyBenjamin Thank you for taking the time to reply, you must have been inundated! And thank you for all the awareness xx"
22,598831931179012097,Thu May 14 12:47:12 +0000 2015,0,1,"@foxyjeepster Hi Kay, the rain has well and truly hit but I don't mind - I had the sun for my day off 😊 xx"
23,598831740648607744,Thu May 14 12:46:27 +0000 2015,0,1,@pkemsley @NeilAlanDixon @D_Sadler @FunStarsGoLive I'll have to remember this for my next visit!! Xx
24,598572036743680000,Wed May 13 19:34:29 +0000 2015,0,1,@NeilAlanDixon @pkemsley @D_Sadler @FunStarsGoLive Sorry I missed this!! 😊 xx
25,598570746567368706,Wed May 13 19:29:21 +0000 2015,0,1,"@foxyjeepster Evening Kay, it's been a beautiful day 😊 Hope yours has been too xx"
26,597661194942570496,Mon May 11 07:15:07 +0000 2015,0,1,"@foxyjeepster Morning Kay, can't believe it's Monday already! Oh well, never mind! Soon be Wednesday xx"
27,597011411684990976,Sat May 09 12:13:07 +0000 2015,0,1,"@foxyjeepster Ooh, I love having my hair done, enjoy! Xx"
28,597003543778893824,Sat May 09 11:41:51 +0000 2015,0,1,"@foxyjeepster Hi Kay, no firm plans, just taking Theo to his acting class shortly. How about you? Xx"
29,596552190220705792,Fri May 08 05:48:20 +0000 2015,0,1,"@foxyjeepster Morning Kay, glad it's Friday, ready for the weekend! Have a wonderful day xx"
30,596199176783962112,Thu May 07 06:25:35 +0000 2015,0,1,"@foxyjeepster Morning Kay, it's looking sunny already 😊 Hope you have a happy, relaxing day xx"
31,595949610197200896,Wed May 06 13:53:53 +0000 2015,0,1,"@foxyjeepster Hello Kay, I am off, busy day but some time to chill. Hope you're well xx"
32,595949414419701760,Wed May 06 13:53:07 +0000 2015,0,1,@MrJonnyBenjamin All I can say is wow. I lost my brother to suicide. #strangeronthebridge was so powerful. Thank you xx
33,595345726344945664,Mon May 04 21:54:16 +0000 2015,0,1,"@foxyjeepster Thank you, it was good to get away xx"
34,595343904163106816,Mon May 04 21:47:02 +0000 2015,0,1,"@foxyjeepster It's been lovely thanks, spent the weekend by the seaside 😊 Happy days xx"
35,595343429422456832,Mon May 04 21:45:09 +0000 2015,0,1,"@foxyjeepster Evening Kay, hope you've had a great long weekend 😊 xx"
36,595343210827886593,Mon May 04 21:44:17 +0000 2015,0,0,"@emlatham1983 Hey lovely, welcome to twitter 😊 xx"
37,594754108344631297,Sun May 03 06:43:24 +0000 2015,0,1,"@foxyjeepster Morning Kay, I wish you a happy, chilled out Sunday xx"
38,594060021144649729,Fri May 01 08:45:20 +0000 2015,0,1,"I've #justsponsored peter bowen, who's fundraising for Cancer Research UK on @JustGiving. Donate now http://t.co/Hyv8XRcaZC"
39,594043539593494529,Fri May 01 07:39:51 +0000 2015,0,1,"@foxyjeepster Morning Kay, happy Friday 😊 I'm still in bed when I would usually be at work so so far so good lol xx"
40,593668102350602241,Thu Apr 30 06:48:00 +0000 2015,0,1,"@foxyjeepster Morning Kay, today's Friday for me, extra long weekend this weekend 😆 Happy Thursday! Have a great day xx"
41,593298957301841921,Wed Apr 29 06:21:09 +0000 2015,0,1,@foxyjeepster That's good to hear 😊 xx
42,593298430748930048,Wed Apr 29 06:19:03 +0000 2015,0,1,@foxyjeepster It's dull here too but I'm working 8.30 - 8.30 so I won't notice it too much lol xx
43,593297883698503680,Wed Apr 29 06:16:53 +0000 2015,0,1,"@foxyjeepster Morning Kay, hope you have a wonderful day xx"
44,592607359987515392,Mon Apr 27 08:32:59 +0000 2015,0,0,@kwerky_Theresa Why my lovely? Hope you're okay xx
45,592605845806051328,Mon Apr 27 08:26:58 +0000 2015,0,1,"@foxyjeepster Morning Kay, I have my day off today so a nice long weekend for me 😊 Happy Monday! Have a great day xx"
46,591984677222744064,Sat Apr 25 15:18:40 +0000 2015,0,0,Preparation underway for #girlsnightout 💃👠💄🍷🍹🍸
47,591911631262720000,Sat Apr 25 10:28:24 +0000 2015,1,0,RT @SayingGoodbyeUK: @TheOxfordMail TODAY a service at Christchurch Cathedral Oxford at 3pm-Please RT #EveryBabyMatter #SGService #Oxford h…
48,591910451409252352,Sat Apr 25 10:23:43 +0000 2015,0,1,"@foxyjeepster Ha ha, I'd be more than happy with a chilled day. Trainer shopping went well, now off for lunch. Enjoy the tennis xx"
49,591880049726468096,Sat Apr 25 08:22:55 +0000 2015,0,1,@foxyjeepster . . and then I'm out tonight with the girls 😊 What are your plans? Have a super Saturday xx
50,591879830360170496,Sat Apr 25 08:22:02 +0000 2015,0,1,"@foxyjeepster Morning Kay, we have to go trainer shopping this morning, and Theo goes to acting class in the afternoon so he'll be busy . ."
51,591731783923802112,Fri Apr 24 22:33:45 +0000 2015,0,0,@kwerky_Theresa Happy birthday 🎉🎈🎉 😆 xx
52,591472725706690561,Fri Apr 24 05:24:21 +0000 2015,0,1,"@foxyjeepster  Morning Kay, happy Friday!! Do you have any plans for the weekend? Wishing you a beautiful day xx"
53,591304282198126593,Thu Apr 23 18:15:01 +0000 2015,0,1,@foxyjeepster You always make me hungry!! 😁 xx
54,591303935643746306,Thu Apr 23 18:13:38 +0000 2015,0,1,"@foxyjeepster Hi Kay, it was cold this morning but beautiful now :) Hope you've had a wonderful sunny day xx"
55,590948432040304641,Wed Apr 22 18:41:00 +0000 2015,0,2,@mykal_rand @JulesPix Wow! Xx
56,590928549781053440,Wed Apr 22 17:21:59 +0000 2015,0,0,"@Paulio81 Rubbish Mr! Come to bingo on Saturday, you might win enough for a chauffer!! 😁 xx"
57,590922240130154498,Wed Apr 22 16:56:55 +0000 2015,0,1,@NeilAlanDixon @FunStarsGoLive @haven  Wit woo! 😁 xx
58,590780533753389056,Wed Apr 22 07:33:50 +0000 2015,0,1,"@foxyjeepster Morning Kay, it's beautiful isn't it? Quiet one today (hopefully!!) Enjoy your day xx"
59,590582699280175106,Tue Apr 21 18:27:42 +0000 2015,0,1,"@foxyjeepster Hi Kay, I don't remember if I replied this morning! Sorry! Hope you've had a lovely day xx"
60,590257144991195136,Mon Apr 20 20:54:04 +0000 2015,0,1,"@kwerky_Theresa Oh hun, I know how that goes :( Hope things sort themselves out soon. And thanks 😊 xx"
61,590254660755312640,Mon Apr 20 20:44:12 +0000 2015,0,0,@kwerky_Theresa What's up lovely? Xx
62,590050016871501824,Mon Apr 20 07:11:01 +0000 2015,0,1,"@foxyjeepster Morning Kay, I took T to the spongebob movie, it was awful but he enjoyed it lol. Have a happy Monday xx"
63,589870737382629376,Sun Apr 19 19:18:37 +0000 2015,603,0,RT @theatre_direct: RT for chance to win pair of tickets to the Branagh/Garrick play of your choice! https://t.co/OTWZPMZkzD #LoveLTD http:…
64,589709610552057856,Sun Apr 19 08:38:22 +0000 2015,0,1,@meganhale86 Go Megsie 😊💪👍xx
65,589703392873811968,Sun Apr 19 08:13:39 +0000 2015,0,1,"@foxyjeepster Morning 😊 Weather is a little cooler today, think I'm gonna take T to the cinema though. Have a good day xx"
66,589330676496859136,Sat Apr 18 07:32:37 +0000 2015,0,1,"@foxyjeepster Goodness! I hope you manage that nap, sounds like you'll need it! Xx"
67,589323546649825280,Sat Apr 18 07:04:17 +0000 2015,0,1,"@foxyjeepster Morning Kay, looks to be another beautiful day 😊 Do you have anything nice planned for the weekend? Xx"
68,588960881880539136,Fri Apr 17 07:03:11 +0000 2015,0,1,@foxyjeepster It might have been as I had the bed to myself lol xx
69,588957781761400834,Fri Apr 17 06:50:52 +0000 2015,0,1,"@foxyjeepster Morning Kay, I had a better night last night thank you. How are you? Looking forward to the weekend? Happy Friday xx"
70,588941567446089729,Fri Apr 17 05:46:26 +0000 2015,1,1,@Paulio81 Friday!!!!! Whoop 😆😆😆 xx
71,588769362754064384,Thu Apr 16 18:22:09 +0000 2015,215,0,"RT @mydaughtersarmy: If you retweet just one thing today, please let it be this... http://t.co/Niyi0jmN2t"
72,588581127788449793,Thu Apr 16 05:54:10 +0000 2015,0,1,"@foxyjeepster Thanks Kay, I might just take you up on that later. Rushing off to work now xx"
73,588580317692178432,Thu Apr 16 05:50:57 +0000 2015,0,1,@foxyjeepster Thank you xx
74,588575362663100416,Thu Apr 16 05:31:16 +0000 2015,0,1,"@foxyjeepster Yes probably, although I've got a lot on my mind so not sleeping well either. Trying to wear myself out with lots of walks xx"
75,588561882593636353,Thu Apr 16 04:37:42 +0000 2015,0,1,"@foxyjeepster Morning Kay, yesterday was okay, I didn't do much. I'm tired this morning though! Hope you have a fab day xx"
76,588448510481195008,Wed Apr 15 21:07:12 +0000 2015,2,0,RT @salgoodwin: I'm just going to tweet this again :) #awareness #educateyourself #talk #stigma #suicide @theCALMzone What is CALM?: https:…
77,588442947777122305,Wed Apr 15 20:45:06 +0000 2015,0,0,@NeilAlanDixon I think you've become his hero 😆 xx
78,588419679456223232,Wed Apr 15 19:12:38 +0000 2015,0,0,"@NeilAlanDixon Sorry, he's been asking for days and has just watched me write that tweet lol. I couldn't not!! Xx"
79,588419400769867776,Wed Apr 15 19:11:32 +0000 2015,0,1,@NeilAlanDixon Theo has insisted I let you know that he's glad you liked his letter! Xx
80,588251697518145536,Wed Apr 15 08:05:08 +0000 2015,0,1,"@foxyjeepster Morning Kay, wishing you a happy, sunshine-filled day 😊 xx"
81,587963427953446912,Tue Apr 14 12:59:39 +0000 2015,0,0,@mrmichaelball @JasonManford @producerstour Do I get to see the show if I take someone out for dinner?! 😊 Who do I need to speak to?! Xx
82,587877221022445568,Tue Apr 14 07:17:06 +0000 2015,0,1,"@foxyjeepster Morning Kay, how are you? Well I hope! Have a fantastic day xx"
83,587583233216360448,Mon Apr 13 11:48:54 +0000 2015,0,2,@meganhale86 @neighbours I'm not caught up anymore either!!
84,587506420939120640,Mon Apr 13 06:43:40 +0000 2015,0,1,"@foxyjeepster Oh well, I'm on holiday again in August. Let the countdown begin! Lol #tired xx"
85,587505991220142080,Mon Apr 13 06:41:58 +0000 2015,1,0,"@D_Sadler I've seen a lot of people say their kids won't stop saying, ""you can't see me."" Am I the only one whose husband won't stop?!"
86,587504588162469888,Mon Apr 13 06:36:23 +0000 2015,0,1,"@foxyjeepster Morning Kay, it was a shock to the system getting up so early lol. Have a brilliant day 😊 xx"
87,587498686952910848,Mon Apr 13 06:12:56 +0000 2015,1,2,"Oh early mornings, I have not missed you at all!!"
88,587285166843895809,Sun Apr 12 16:04:29 +0000 2015,0,1,On our way home after a wonderful Easter holiday visiting my parents and a fab Easter weekend at #DevonCliffs @haven @FunStarsGoLive
89,587169845541756930,Sun Apr 12 08:26:14 +0000 2015,0,1,@meganhale86 If you're talking about who I think you're talking about I'd have to agree!! 😁 xx
90,587167030501101569,Sun Apr 12 08:15:03 +0000 2015,0,0,@meganhale86 @Paulio81 2 glasses max before I'm paying for it 😕 No more drunken nights for me 😢 xx
91,587166003274113024,Sun Apr 12 08:10:58 +0000 2015,0,0,@Paulio81 @meganhale86 It could be worse Paul but I'm not enjoying the alcohol intolerance!!! Bloody endo!! Xx
92,587154673255211008,Sun Apr 12 07:25:57 +0000 2015,0,0,"@meganhale86 Thanks Megs, I'll be okay, just a bit painful this morning. How are you today? Xx"
93,587144288565334016,Sun Apr 12 06:44:41 +0000 2015,0,0,My #endometriosis really doesn't like prosecco! #neveragain
94,587135674127675392,Sun Apr 12 06:10:27 +0000 2015,0,1,@foxyjeepster Hope you have a lovely Sunday xx
95,587135595983548417,Sun Apr 12 06:10:09 +0000 2015,0,1,"@foxyjeepster Thanks Kay, I'm dreading going back to 'reality'. It's been so nice to relax with my boy for the last 2 weeks . ."
96,587007678066663427,Sat Apr 11 21:41:51 +0000 2015,0,1,@kwerky_Theresa Who am I to diss a brie?
97,586958718388068352,Sat Apr 11 18:27:18 +0000 2015,0,1,"@foxyjeepster Ha ha, I'd prefer it if we had the same taste in music! Still mum's cooking a roast so I can't complain! Xx"
98,586958173313101824,Sat Apr 11 18:25:08 +0000 2015,0,1,@foxyjeepster It's my last night staying with them before T and I go home and they're acting like teenagers lol xx
99,586957429205786625,Sat Apr 11 18:22:10 +0000 2015,0,1,@foxyjeepster Not sure when this shift happened!! I'm sure it's supposed to be then disapproving of my music!! Xx
100,586955735881408513,Sat Apr 11 18:15:27 +0000 2015,0,1,My parents have music on and it's too loud!! What's happened to me?!
101,586947805886992384,Sat Apr 11 17:43:56 +0000 2015,0,0,@BGT 1) Stars 2) Darcy Oake 3) Violin 4) Jon Clegg 5) Lucy Kay #BGTquiz
102,586892519876726784,Sat Apr 11 14:04:15 +0000 2015,0,0,@meganhale86 Concussion?! What on earth have you done?!!!!! Xx
103,586882992154533888,Sat Apr 11 13:26:23 +0000 2015,0,0,@JayJones_81 I'm good thanks. I hope you are too xx
104,586857189563858945,Sat Apr 11 11:43:51 +0000 2015,0,0,http://t.co/3SP2vGbifO
105,586822606541692928,Sat Apr 11 09:26:26 +0000 2015,3,0,RT @Carol_J_Pearson: Still a 7.5 year delay in diagnosis #EndoInfoDay #endometriosis #TooLong  @EndometriosisUK @jane_ceo
106,586795261453803521,Sat Apr 11 07:37:47 +0000 2015,0,1,"@foxyjeepster Morning Kay, it was great thank you 😊 Have a wonderful weekend xx"
107,586782369635557377,Sat Apr 11 06:46:33 +0000 2015,0,0,@JayJones_81 xx
108,586565194161192960,Fri Apr 10 16:23:34 +0000 2015,0,0,Happy birthday to me! #Yum http://t.co/TQfZnKIE4x
109,586559264027713537,Fri Apr 10 16:00:00 +0000 2015,0,0,@haven Congratulations to the happy couple! I'm assuming she said yes?! 😁 xx
110,586467962246279168,Fri Apr 10 09:57:12 +0000 2015,0,0,@UberFacts Well I do donate to charity quite a bit......
111,586446946199441408,Fri Apr 10 08:33:42 +0000 2015,1,1,@NeilAlanDixon Ah that's brilliant! Thanks for the picture 😊 You're a star xx
112,586446629953110016,Fri Apr 10 08:32:26 +0000 2015,0,0,@kwerky_Theresa Thank you 😊 xx
113,586431577564954626,Fri Apr 10 07:32:38 +0000 2015,0,0,@NeilAlanDixon . . have had him badgering me to know. It's to the characters and funstars  xx
114,586431370714464256,Fri Apr 10 07:31:48 +0000 2015,0,0,@NeilAlanDixon Sorry to be a pain in the arse but is there any chance you could let me know if a letter turns up to you all from Theo? I . .
115,586418611692048384,Fri Apr 10 06:41:06 +0000 2015,0,1,"@foxyjeepster Thank you, I have my family around me so that's a good start 😊 xx"
116,586418169901748224,Fri Apr 10 06:39:21 +0000 2015,0,1,Happy birthday to ME!!!! 21 (and a bit) 😊
117,586417975151890432,Fri Apr 10 06:38:35 +0000 2015,0,1,"@foxyjeepster . . .Hope you have a wonderful, sunshine filled day xx"
118,586417860949311488,Fri Apr 10 06:38:07 +0000 2015,0,1,"@foxyjeepster Morning Kay, we did see a film yesterday, and had a lovely evening :) Today's my birthday so we're off out for the day 😊. . ."
119,586257298311491585,Thu Apr 09 20:00:06 +0000 2015,0,1,Beautiful evening #WestBay #fishandchips http://t.co/ZkmHK9Y5IU
120,586196118242996224,Thu Apr 09 15:57:00 +0000 2015,0,1,"@meganhale86 @woodythemover Lol, oh I see!! Xx"
121,586195811857477633,Thu Apr 09 15:55:47 +0000 2015,0,0,@meganhale86 What picture?! #confused lol
122,586194197100830720,Thu Apr 09 15:49:22 +0000 2015,0,1,"@meganhale86 Ah, I know Megs #loveyou xx"
123,586194018587058176,Thu Apr 09 15:48:39 +0000 2015,0,0,@meganhale86 What are we oooopsing about?! Xx
124,586170372950720512,Thu Apr 09 14:14:42 +0000 2015,8,0,"RT @MiracleTraining: ""@ITVWales: Family 'increasingly concerned' for missing son http://t.co/bmBqWoFRHf http://t.co/ZBQLqcn4gL""

RT RT RT"
125,586126984494866432,Thu Apr 09 11:22:17 +0000 2015,0,1,"@foxyjeepster Wow, that looks amazing! #hungry xx"
126,586080389648797696,Thu Apr 09 08:17:08 +0000 2015,0,0,"@foxyjeepster Thanks, we might go to the cinema today. Spent lots of time at the seaside recently so might have a change! Xx"
127,586069905700687872,Thu Apr 09 07:35:28 +0000 2015,0,1,"@foxyjeepster Morning Kay, I'm a tad sunburnt! Still loving the sun though! Have a fantastic day xx"
128,585945286108917761,Wed Apr 08 23:20:17 +0000 2015,0,0,"@NeilAlanDixon He's been watching lots of YouTube videos  of you guys, he's considering life as a funstar I think!! 😊 xx"
129,585906084642222080,Wed Apr 08 20:44:30 +0000 2015,0,0,2 days before my birthday and I'm having a panic moment. What exactly have I done with my life?! #feelingold
130,585860419685847040,Wed Apr 08 17:43:03 +0000 2015,0,1,"@kwerky_Theresa Yeah, I'm good thanks 😊 How are you? Loving the sunshine?! xx"
131,585858958235201536,Wed Apr 08 17:37:15 +0000 2015,0,0,@kwerky_Theresa Never too early for that! Xx
132,585857427813306368,Wed Apr 08 17:31:10 +0000 2015,5,0,RT @woodythemover: If you say gullible really slowly.... http://t.co/HChXMgXb99
133,585848351591104513,Wed Apr 08 16:55:06 +0000 2015,0,0,"@NeilAlanDixon @FunStarsGoLive @haven  Gutted to miss this, Theo was desperate to do it! Mid week break needed next time! Xx"
134,585840487304663041,Wed Apr 08 16:23:51 +0000 2015,0,0,Only I could get sunburnt whilst feeling cold #freakofnature
135,585691691576852483,Wed Apr 08 06:32:35 +0000 2015,0,1,"@foxyjeepster Morning Kay, hope you're well and the sun shines for you today! Xx"
136,585471568714801155,Tue Apr 07 15:57:54 +0000 2015,0,0,Why does a good sing along song always come on just as you're about to get out of the car?!
137,585460082416230402,Tue Apr 07 15:12:15 +0000 2015,0,0,"@NeilAlanDixon Ha ha! Okay, not retweets, favourites 😁 I'll be quiet now xx"
138,585439039702073346,Tue Apr 07 13:48:38 +0000 2015,0,1,@NeilAlanDixon Do you retweet everything you get sent?! ;)
139,585381498926325760,Tue Apr 07 09:59:59 +0000 2015,1,0,"RT @TheRealSupermum: Be careful not to judge a book by its cover. What you think the story is and what it really reads, could be two differ…"
140,585347601563791360,Tue Apr 07 07:45:18 +0000 2015,1,1,"@NeilAlanDixon I don't know how you all do it, you must be permanently exhausted! Lush place to live though! Xx"
141,585347183580487680,Tue Apr 07 07:43:38 +0000 2015,0,0,"@foxyjeepster Morning Kay, fingers crossed for more sunshine! Have a great day xx"
142,585185210649735168,Mon Apr 06 21:00:01 +0000 2015,0,0,In other news all of my Easter eggs melted in the car on the way home from #devoncliffs One big chocolate gooey mess in the boot!!
143,585182209096740865,Mon Apr 06 20:48:05 +0000 2015,0,0,@TimProtteyJones Glad it was good for you 😊 Mine was great too 😊 #Happy xx
144,585181361742487552,Mon Apr 06 20:44:43 +0000 2015,0,0,Great weekend with great family 😊 #lucky
145,585111263425994752,Mon Apr 06 16:06:10 +0000 2015,0,1,"@foxyjeepster Yes, it's lovely here too, fingers crossed it continues, I'm over winter now 😆 xx"
146,585110294462124034,Mon Apr 06 16:02:19 +0000 2015,0,1,"@foxyjeepster We had a fab Easter thanks, we went to Haven for the weekend, it was lovely :) How was yours? Xx"
147,585099901295587329,Mon Apr 06 15:21:01 +0000 2015,0,1,"@foxyjeepster Hello Kay, sorry for being awol again. Now on holidays so more time! Hope you're well xx"
148,585099691383201792,Mon Apr 06 15:20:11 +0000 2015,1,1,@NeilAlanDixon Hello you lovely man! Thanks once again for bringing the best out in Theo this weekend! Xx
149,565063137951756288,Tue Feb 10 08:22:05 +0000 2015,0,1,"@foxyjeepster Morning Kay, I'm working 8.30am til 8.30pm today so not easy I'm afraid 😯 I'll rest tomorrow! Have a great day xx"
150,564684202126630912,Mon Feb 09 07:16:19 +0000 2015,0,1,"@foxyjeepster Morning Kay, we had a beautiful walk &amp; afternoon tea at Bourton on the water 😊 Hope your w/e was good &amp; you have a happy dayx"
151,564368339964035072,Sun Feb 08 10:21:12 +0000 2015,0,1,"@foxyjeepster Morning Kay, trying my hardest to get these boys up and out for a walk but it's easier said than done!! Enjoy your day xx"
152,564151248505806848,Sat Feb 07 19:58:33 +0000 2015,0,1,"@foxyjeepster Hi Kay, hope you are well :) Have a wonderful weekend xx"
153,554195725551435776,Sun Jan 11 08:38:52 +0000 2015,0,1,@foxyjeepster . . you're having a lovely weekend too xx
154,554195636749623298,Sun Jan 11 08:38:30 +0000 2015,0,1,"@foxyjeepster Morning Kay, it's a busy w/e for me, out last night for my son's birthday and afternoon tea for my friend's birthday! Hope . ."
155,553452802333507584,Fri Jan 09 07:26:45 +0000 2015,0,1,"@foxyjeepster Morning Kay, I've struggled getting back to routine this week so looking forward to the weekend! Have a great day xx"
156,548135470732177408,Thu Dec 25 15:17:34 +0000 2014,0,1,@AR1961 Merry Christmas to you too my lovely 😊 What are you up to today? I hope it's a lovely one for you xx
157,547699033746452480,Wed Dec 24 10:23:20 +0000 2014,0,0,"@foxyjeepster Morning Kay, happy Christmas eve to you too 😊 Hope you have a wonderful day xx"
158,547295686312878080,Tue Dec 23 07:40:34 +0000 2014,0,1,"@foxyjeepster Thank you Kay, I'll try 😉 Have a wonderful Christmas eve eve! 😊🎄🎁🎉 xx"
159,546930431191687168,Mon Dec 22 07:29:10 +0000 2014,0,1,@foxyjeepster and then I'm all set I think!! Hope you're ready too and enjoying the festive season xx
160,546930301893894144,Mon Dec 22 07:28:40 +0000 2014,0,1,"@foxyjeepster Morning Kay, I'm very excited to only have 2 days left of work!! Love time off with my family :) Bit of wrapping to do tonight"
161,546573367852421120,Sun Dec 21 07:50:20 +0000 2014,0,1,"@foxyjeepster Morning Kay, I had the best day yesterday, lots of Christmas stuff and time with my family 😊 Have a great Sunday xx"
162,545832852961906688,Fri Dec 19 06:47:47 +0000 2014,0,1,@foxyjeepster Morning Kay 😊 Happy Friday! Hope it's fabulous for you xx
163,545206186740817920,Wed Dec 17 13:17:39 +0000 2014,0,1,"@foxyjeepster Afternoon Kay, I've got a few things that need doing today but making time to relax too :) Hope you have a wonderful day xx"
164,544390553522409472,Mon Dec 15 07:16:36 +0000 2014,0,1,"@foxyjeepster Morning Kay, I failed with the early night, gonna try again tonight!! Have a lovely Monday xx"
165,544186062009294848,Sun Dec 14 17:44:02 +0000 2014,0,1,@foxyjeepster I've just realised it's evening! Sorry!! Xx
166,544185949060878336,Sun Dec 14 17:43:35 +0000 2014,0,1,"@foxyjeepster Morning Kay, feeling a little delicate today after a fab party last night! Early night for me! Have you had a good weekend? Xx"
167,543685944151662592,Sat Dec 13 08:36:44 +0000 2014,0,1,@foxyjeepster . . family are well and all ready for Christmas xx
168,543685835313672192,Sat Dec 13 08:36:18 +0000 2014,0,1,"@foxyjeepster Morning Kay, things are still busy but in a nicer way now :) I have my work Christmas party tonight :) I hope you and your . ."
169,542231805056000000,Tue Dec 09 08:18:31 +0000 2014,0,1,"@foxyjeepster Good morning Kay, sorry I've been awol again, really appreciate your continued messages :) I've been a bit unwell, very . . ."
170,542231801792856065,Tue Dec 09 08:18:30 +0000 2014,0,1,@foxyjeepster . . . busy and very stressed! Hope you are well xx
171,523537009798029312,Sat Oct 18 18:12:04 +0000 2014,0,1,"@foxyjeepster Fingers crossed, it'd be nice to see some sunshine, it's been so grey recently xx"
172,523530007092940801,Sat Oct 18 17:44:15 +0000 2014,0,1,"@foxyjeepster Evening Kay, we've had a day of baking today so quite chilled out. Have you done anything nice? Xx"
173,522321196285960192,Wed Oct 15 09:40:52 +0000 2014,0,1,"@foxyjeepster Morning Kay, I had a really busy weekend so luckily I don't have much planned today. I hope you're well xx"
174,522320973140623360,Wed Oct 15 09:39:58 +0000 2014,0,0,I've always loved @AlanCarr but I love him even more after watching Deal or No Deal. What a lovely man 💖
175,520656332828209153,Fri Oct 10 19:25:17 +0000 2014,14,0,RT @AR1961: If you suffer with #depression then I will stand shoulder to shoulder with you! #WorldMentalHealthDay #EndTheStigma http://t.co…
176,520109483817959424,Thu Oct 09 07:12:18 +0000 2014,0,1,"@foxyjeepster Morning Kay, have a wonderful day 😊 xx"
177,517919042511048704,Fri Oct 03 06:08:16 +0000 2014,0,1,"@foxyjeepster Morning Kay, as always I'm very pleased to see Friday! Do you have any plans for the weekend? Have a wonderful day xx"
178,517299442601689088,Wed Oct 01 13:06:12 +0000 2014,0,1,@foxyjeepster Hope your appointments go well. Our anniversary is on Sunday so I was just getting prepared ;) xx
179,517224044631183360,Wed Oct 01 08:06:36 +0000 2014,0,1,"@foxyjeepster Morning Kay, today I'll be tidying, making an anniversary card for my hubby and hopefully a little me time! How about you? Xx"
180,516835214346432512,Tue Sep 30 06:21:32 +0000 2014,0,1,"@foxyjeepster Good morning Kay, I hope you have a lovely restful day today xx"
181,516473217712939008,Mon Sep 29 06:23:05 +0000 2014,0,1,@foxyjeepster . . do anything nice at the weekend? Have a wonderful Monday xx
182,516473099139973120,Mon Sep 29 06:22:37 +0000 2014,0,1,"@foxyjeepster Morning Kay, we had a lovely afternoon at Blenheim palace yesterday, the weather is so lovely still. How are you? Did you . ."
183,512847937010143232,Fri Sep 19 06:17:31 +0000 2014,0,1,"@foxyjeepster Morning Kay, TGI Friday!! Have a happy weekend 😊 xx"
184,511395771779141632,Mon Sep 15 06:07:07 +0000 2014,0,1,"@foxyjeepster Morning Kay, happy Monday! Do you have any plans? I do hope you're well xx"
185,511171257434660864,Sun Sep 14 15:14:59 +0000 2014,0,1,"@foxyjeepster Morning Kay, it's been a busy weekend, wedding on Friday and separation party on Saturday (!!) so today has been quiet xx"
186,509801335253110784,Wed Sep 10 20:31:24 +0000 2014,1,1,Remembering my brother and everyone else who left us too soon xx #WorldSuicidePreventionDay http://t.co/cFTBE6fsH4
187,509591365639229441,Wed Sep 10 06:37:03 +0000 2014,0,1,"@foxyjeepster Morning Kay, I'm ready to do a big tidy up today, fed up of living in a messy house! Do you have plans? Xx"
188,509411555449270272,Tue Sep 09 18:42:33 +0000 2014,0,1,"@foxyjeepster Hi Kay, I'm pretty busy/tired at the moment so not much time for twitter! Hope you're well and having a good week 😊 xx"
189,506342626564767744,Mon Sep 01 07:27:44 +0000 2014,0,1,@foxyjeepster It's always the way Kay! Although today we have a team building day outside and it's raining!! Hope you have a good day xx
190,506112852953157632,Sun Aug 31 16:14:41 +0000 2014,0,1,"@foxyjeepster Afternoon Kay, hope you've had a good day. We've been pretty chilled, just waiting for our roast to cook 😊 xx"
191,505610450466521088,Sat Aug 30 06:58:19 +0000 2014,0,1,"@foxyjeepster Morning Kay, do you have any plans today? We're doing last minute school shopping and I'm out with friends tonight xx"
192,505415013419724801,Fri Aug 29 18:01:44 +0000 2014,0,1,Looking forward to chilling out with a big tub of ice cream and @TheLastLeg @adamhillscomedy @joshwiddicombe @alex_brooker 😊
193,505413551847378944,Fri Aug 29 17:55:55 +0000 2014,0,1,"@foxyjeepster Hello Kay, how are you? I've had a fab couple of weeks away 😊 Have a wonderful weekend xx"
194,499114534444232704,Tue Aug 12 08:45:52 +0000 2014,0,1,"@foxyjeepster . . The signal is a little patchy there. No storms as yet, I need to get some washing on the line!! Have a fab day xx"
195,499114314612355072,Tue Aug 12 08:45:00 +0000 2014,0,1,"@foxyjeepster Morning Kay, T and I are abandoning hubby for a trip to the seaside to visit my folks today. Apologies if I go awol again . ."
196,498774197326610432,Mon Aug 11 10:13:30 +0000 2014,0,1,@foxyjeepster . . matter! Do you have any plans for today? Xx
197,498774039029383168,Mon Aug 11 10:12:52 +0000 2014,0,1,"@foxyjeepster Morning Kay, we had a lot of rain and thunder but some sunny spells between. We had a dvd day though so the rain didn't . ."
198,498388872750182400,Sun Aug 10 08:42:21 +0000 2014,0,1,@foxyjeepster . . money for Cancer Research so T and I are just going to chill at home with a DVD xx
199,498388630449451008,Sun Aug 10 08:41:23 +0000 2014,0,1,"@foxyjeepster Morning Kay, I have no plans for today so hopefully it'll be restful. Hubby is taking part in a boxing challenge to raise . ."
