,id_str,created_at,retweet_count,favorite_count,text
0,668698838069198848,Mon Nov 23 07:53:21 +0000 2015,0,0,That time again when mi malice mi fan. #amCold #wheColdaGo #christmasIsNear
1,668671118140506112,Mon Nov 23 06:03:12 +0000 2015,0,0,#beatSeason live and direct. Am up. R u?
2,668542711616532480,Sun Nov 22 21:32:58 +0000 2015,2,2,@JowayneHibbert Rio 2016 #getThere
3,668542189421498368,Sun Nov 22 21:30:53 +0000 2015,1,0,"Family is very important! Whether it's blood or like my frat family, Roosters. #oneroost #roostnation #onetaylor"
4,668209286602993665,Sat Nov 21 23:28:03 +0000 2015,0,0,@IslandGrill that's very commendable
5,658995845329645568,Tue Oct 27 13:17:07 +0000 2015,0,0,@TaylorHall_UWI Come out and support the event. https://t.co/3QwcayMJnc
6,658759844770377728,Mon Oct 26 21:39:20 +0000 2015,2,0,Where will you be when the Cocks of Taylor hall present their auction. Chiseled bodies. Sexy dancing. Jell - O shots https://t.co/jJjuABJMBQ
7,657632016855252992,Fri Oct 23 18:57:45 +0000 2015,1,0,"The cocks of Taylor hall, Block C Roosters present their annual block week. #oneTaylor https://t.co/TEVOMB5hOm"
8,656760269801025536,Wed Oct 21 09:13:44 +0000 2015,0,0,Beating books at night no sleep! Early in the morning before the break of dawn! #roostnation #OneTaylor #iamtheiam
9,655749960911065088,Sun Oct 18 14:19:08 +0000 2015,3,2,#roostnation excellence in everything @chimmbo @saltman21 @henkelval @JerandPhills1 @thefrat_roost @Travi_Maq
10,655748731174686720,Sun Oct 18 14:14:15 +0000 2015,0,0,"Big up Block F, The Sorority of Falconia as the kick off their block week. @TaylorHall_UWI #OneTaylor #oneroost #roostnation"
11,653315653764452352,Sun Oct 11 21:06:04 +0000 2015,0,0,Hope everyone is studying and managing mid semester exams #OneTaylor #iamtheiam
12,653315267846520832,Sun Oct 11 21:04:32 +0000 2015,0,0,@TaylorHall_UWI @UWIMonaGuild  success comes along when your experience and knowledge is greater than the challenge.
13,652330735265710080,Fri Oct 09 03:52:21 +0000 2015,0,0,@TaylorHall_UWI the vibes today is 🆙🆙🆒. I love the unity. #iamtaylor  #OneTaylor #oneroost #roostnation
14,651121634334535680,Mon Oct 05 19:47:49 +0000 2015,1,2,@TaylorHall_UWI on behalf of the Fraternity of Roosters happy birthday to the great land of Tayloria. http://t.co/7NeD459w9Y
15,650647669187080193,Sun Oct 04 12:24:27 +0000 2015,1,0,@TaylorHall_UWI @bogle_hall @thefrat_roost founders week is official. Church service today. Go n be blessed. #onetaylor #roostnation
16,650592997696909313,Sun Oct 04 08:47:12 +0000 2015,89,0,RT @guardian: Why has a memorial to slaves quietly been dropped? | David Olusoga http://t.co/z3ILrosi2q
17,650438421240877056,Sat Oct 03 22:32:58 +0000 2015,1,0,RT @Mandi143: &gt;.&gt; &gt;.&gt; kmmmt https://t.co/2zEIjldhNI
18,650436514644516864,Sat Oct 03 22:25:24 +0000 2015,31,0,RT @hootsuite: Looking for a change of pace? We're hiring in a big way: http://t.co/1NV2Unx3Kc #HootsuiteLife http://t.co/HViG4AF7Xa
19,650435401404936192,Sat Oct 03 22:20:58 +0000 2015,1,0,There are two kinds of ppl in this world; men of action and then everyone else @TaylorHall_UWI  #iamtaylor #leadWithPurpose
20,650432543137763328,Sat Oct 03 22:09:37 +0000 2015,2,0,@TaylorHall_UWI pre Founders Week Lyme last night did tuuuuuuuuurnt. Good job committee #onetaylor #iamtaylor #HallofHalls
21,649942183659745281,Fri Oct 02 13:41:06 +0000 2015,0,0,Good morning friday #roostnation #oneroost #onetaylor
22,649475859607195648,Thu Oct 01 06:48:06 +0000 2015,0,0,What a hype mahfucker #roostnation http://t.co/gsu401bOKe
23,641968312704892929,Thu Sep 10 13:35:47 +0000 2015,0,0,@jsmith_bigga @TaylorHall_UWI #onetaylor and that's so true. Which is y we take it one event at a time. See you at badminton.
24,641962401026322432,Thu Sep 10 13:12:18 +0000 2015,0,0,#roostnation the development will be great. I bleed blue and yellow.
25,641956348108738560,Thu Sep 10 12:48:15 +0000 2015,4,2,@TaylorHall_UWI we did it again #roostnation #RTC #onetaylor
26,641913693102477313,Thu Sep 10 09:58:45 +0000 2015,3,1,@TaylorHall_UWI  ring road pree. #roostnation # RTC #onetaylor.
27,638386787870609408,Mon Aug 31 16:24:05 +0000 2015,0,0,#thirdyearbegins my final year of uni
28,592607398080151552,Mon Apr 27 08:33:08 +0000 2015,0,0,Being smart #beatings #slumsSquad
29,575638236095201280,Wed Mar 11 12:43:44 +0000 2015,0,0,@SmikeTV please mention. Vote Green for uwi guild GCC 2015 #greenforGCC2015 #voteGreenfi2015 http://t.co/jYOMdvhnqR
30,575637659768459264,Wed Mar 11 12:41:27 +0000 2015,0,0,Please retweet and share. Let you fellow humanities student lead.@UWIMona_HumEdu http://t.co/NQ6sLj7JAH
31,575636352949166080,Wed Mar 11 12:36:16 +0000 2015,0,0,@ABC_Hall_UWI @Chancellor_Hall @Irvine_Hall #greenforGCC2015 #voteGreenfi2015 http://t.co/G0DEBmYCTs
32,575636329104605184,Wed Mar 11 12:36:10 +0000 2015,0,0,@UWImona @TaylorHall_UWI  @ELRTowersHall @RexHallUWI @AZPrestonHall @MarySeacoleHall#greenforGCC2015 #voteGreenfi2015 http://t.co/xkq4COUnbP
33,575633921834094593,Wed Mar 11 12:26:36 +0000 2015,0,0,#greenforGCC2015 #voteGreenfi2015 http://t.co/VeIpWR92Oz
34,574960109241040897,Mon Mar 09 15:49:06 +0000 2015,0,0,#greenforGCC2015 #voteGreenfi2015 http://t.co/toLloizw1E
35,574959966974443520,Mon Mar 09 15:48:33 +0000 2015,0,0,#greenforGCC2015 #voteGreenfi2015
36,574479058924273664,Sun Mar 08 07:57:35 +0000 2015,5,1,Mark...set....vote Green fi GCC 2015 #SpeakUpUWI http://t.co/bpQidtznB1
37,574234836564582400,Sat Mar 07 15:47:08 +0000 2015,0,0,Join the Movement for LASTING change. Mark...set...vote Green for 2015 #Greenfi2015 #seacoleweek2015 http://t.co/vTALN9Sqn8
38,574223238437470209,Sat Mar 07 15:01:03 +0000 2015,1,0,"If now me, who? If not now,  when?
Join the MOVEMENT for LASTING change!
Mark...set...vote Green fi 2015. http://t.co/M1Vz3ncAPO"
39,572951766473437185,Wed Mar 04 02:48:40 +0000 2015,0,0,Jillian is attempting to dissuade the public. Exams should be exed #seacoleweek2015
40,572950890677604352,Wed Mar 04 02:45:11 +0000 2015,0,0,Lets hear the Spartans #seacoleweek2015
41,572950806544044032,Wed Mar 04 02:44:51 +0000 2015,0,0,confidence@Jacqueline #seacoleweek2015
42,572950196595793921,Wed Mar 04 02:42:26 +0000 2015,0,0,Jacqueline doing a good job #seacoleweek2015
43,572950038600499201,Wed Mar 04 02:41:48 +0000 2015,0,0,ELR Tower hall chair in the public speaking  #iseducationrightorprivelege #seacoleweek2015
44,572948816048992256,Wed Mar 04 02:36:57 +0000 2015,0,0,Terence Moodie with Zane #seacoleweek2015
45,572945279986475008,Wed Mar 04 02:22:54 +0000 2015,0,0,Standard english categiry #seacoleweek2015
46,572945114630262786,Wed Mar 04 02:22:14 +0000 2015,0,0,Block it! The message from Candace Knight #seacoleweek2015
47,572935019448045568,Wed Mar 04 01:42:07 +0000 2015,0,0,#seacoleweek2015
48,569669601090367488,Mon Feb 23 01:26:31 +0000 2015,0,0,Post photos of your faculty pride on FB/IG/TWITTER with the hashtags #HnEweek#irepHnE #FacultyPrideDay http://t.co/21yYjRgOPi
49,568954966183845890,Sat Feb 21 02:06:49 +0000 2015,0,0,http://t.co/l87ihLEMTP
50,567367845042851841,Mon Feb 16 17:00:10 +0000 2015,0,0,There are two kinds of ppl in the worl. There are men of action and then there's everyone else. #act #leadDontFollow #IamWhoIam
51,566998256924639233,Sun Feb 15 16:31:33 +0000 2015,0,0,Great leaders don't necessarily do great things. Great leaders get people to do great things. #weAreLeaders
52,565932126269222912,Thu Feb 12 17:55:08 +0000 2015,14,0,#noViolenceAgainstWomen #SpeakUpUWI http://t.co/ktDE0djgOn
53,565931286737321984,Thu Feb 12 17:51:47 +0000 2015,2,0,#SpeakUpUWI http://t.co/nQ7lADiHv7
54,565924206500519938,Thu Feb 12 17:23:39 +0000 2015,1,0,#SpeakUpUWI http://t.co/td0EkJQVDM
55,565923961402175488,Thu Feb 12 17:22:41 +0000 2015,2,0,#SpeakUpUWI http://t.co/kUVAraywRm
56,565914321037705216,Thu Feb 12 16:44:22 +0000 2015,0,0,Come out and show that you really detest violence against our women. Wear black and join the silent protest #SpeakUpUWI
57,565913087048310785,Thu Feb 12 16:39:28 +0000 2015,1,0,#doesChancellorHallCare #SpeakUpUWI http://t.co/TpBIbzgjeG
58,565912235382300675,Thu Feb 12 16:36:05 +0000 2015,1,0,The person who are standing behind the young man and support his bogus story should stop. #SpeakUpUWI
59,565911708699353088,Thu Feb 12 16:34:00 +0000 2015,0,0,Violence is bad but violence against women is a sin #SpeakUpUWI
60,559754726133469184,Mon Jan 26 16:48:21 +0000 2015,0,0,Early class #BoredAsFvck
61,552716641646444544,Wed Jan 07 06:41:31 +0000 2015,0,0,Tired #nightshift
62,520313515601825792,Thu Oct 09 20:43:03 +0000 2014,0,0,Chick V and I having a show down #fightoffchickV
63,518769885766488065,Sun Oct 05 14:29:13 +0000 2014,0,0,#SMAXBPL my blood runs blue. BluePrint!
64,518613658168217600,Sun Oct 05 04:08:26 +0000 2014,0,0,#midsemestermeds the exam stuying
65,517197339405320193,Wed Oct 01 06:20:29 +0000 2014,0,0,I am up again #allnighter
66,516391309167587330,Mon Sep 29 00:57:36 +0000 2014,0,0,T-Rizzy the better singer but JL the better performer. Rep st. Thomas so JL fi mi money. #RisingStars11
67,516014542552588288,Sun Sep 28 00:00:28 +0000 2014,0,0,Studying as usual #4.2thisyear
68,503957655304802306,Mon Aug 25 17:30:42 +0000 2014,0,0,@dailyveritas @IAMYENDI @corvedacosta That's Yendi for you #royaljamaican#beautypersonified
69,498304790712303616,Sun Aug 10 03:08:14 +0000 2014,0,0,At a ghetto party!
70,486597025450844160,Tue Jul 08 19:45:46 +0000 2014,0,0,"O disse: ""Não Neymar, No Silva Nenhuma esperança"", mas o seu ""Para Silva Para Neymar Pois a esperança"", o Brasil para eles.#themaracanadream"
71,483428584103501824,Mon Jun 30 01:55:30 +0000 2014,0,0,@Digicel_Jamaica @televisionjam  Thadecia good job. She swung it.
72,483428219954028544,Mon Jun 30 01:54:03 +0000 2014,0,0,"Thadecia great performance. Advice though, don't start a war with Anthony. All that singing in the library will pay off. #RisingStars11"
73,482213524366561280,Thu Jun 26 17:27:17 +0000 2014,0,0,Happy birthday @ArianaGrande
74,480116180569444352,Fri Jun 20 22:33:12 +0000 2014,0,0,I'd love to be a world class Hacker not for malicious reasons obviously.
75,479811648236945408,Fri Jun 20 02:23:06 +0000 2014,0,0,In a bad place. Really hate having to deal with family.
76,466123432644870144,Tue May 13 07:51:01 +0000 2014,0,0,No one will understand u if you don't say anything #ExpressYhuSelf
77,466122853986103296,Tue May 13 07:48:43 +0000 2014,1,0,RT @zjliquid: Hamburg Germany this Thursday ago mad #europe #tourlife #teamliquid #zjliquid #2014 innadidance… http://t.co/Wri9Xsd5KF
78,466122376187768832,Tue May 13 07:46:49 +0000 2014,0,0,Studied 4 12hrs now I am up exploring eclipse.
79,466121489478320128,Tue May 13 07:43:17 +0000 2014,0,0,I took a break now I am back #justdoingme
80,463520408051130369,Tue May 06 03:27:31 +0000 2014,0,0,Studying hard. #UwiExams
81,427427794998796288,Sun Jan 26 13:08:22 +0000 2014,0,0,Jamaican dancehall gone haywire
82,414847608440365056,Sun Dec 22 19:59:12 +0000 2013,0,0,Big bang theory marathon #feelingLikeAnerd
83,414570526808358912,Sun Dec 22 01:38:10 +0000 2013,0,0,Yeah wish I had that special person #loneliness
84,412702674371375104,Mon Dec 16 21:55:59 +0000 2013,0,0,I'♍ losing on my fifa football game...
85,411195162447327233,Thu Dec 12 18:05:41 +0000 2013,0,0,Are leaders born or made? #leadership
86,407206063893516288,Sun Dec 01 17:54:25 +0000 2013,0,0,Its hard to get a person to not act bitchy
87,397967431685009408,Wed Nov 06 06:03:24 +0000 2013,0,0,All night studying #degree is a must
88,377575641702756352,Tue Sep 10 23:33:42 +0000 2013,0,0,I hve no money but I need a degree
89,374709882894557184,Tue Sep 03 01:46:12 +0000 2013,0,0,Being blunt with the truth is always classified as RUDé
90,374159978338074624,Sun Sep 01 13:21:05 +0000 2013,0,0,Up again very thankful to God
91,373963639411068930,Sun Sep 01 00:20:54 +0000 2013,0,0,Freshers dominance deh a Taylor
92,373725489774346240,Sat Aug 31 08:34:34 +0000 2013,0,0,Freshers fete shell...#roostnation
93,373619257386360832,Sat Aug 31 01:32:27 +0000 2013,0,0,Taylor no normal #roostnation
94,367822992379633665,Thu Aug 15 01:40:09 +0000 2013,0,0,So what if ppl hate me
95,367822796975374336,Thu Aug 15 01:39:23 +0000 2013,0,0,I want to be miserable
96,366730508530491392,Mon Aug 12 01:19:01 +0000 2013,0,0,"Well Chevy I only saw that you were sexy! I still didn't like that, y yhu shoutiNg at me! #RisingStar10"
97,366730142158032897,Mon Aug 12 01:17:34 +0000 2013,0,0,O God chevy is here now#RisingStar10
98,366729708718669825,Mon Aug 12 01:15:50 +0000 2013,0,0,I like that performance...she shout but I can live with that@shanakay sealey #RisingStar10
99,366727663081107459,Mon Aug 12 01:07:43 +0000 2013,0,0,Kenny that was ok vocals wanted some entertainment though
100,366726929912565760,Mon Aug 12 01:04:48 +0000 2013,0,0,Chevy plz go #risingstars10
101,364215244207296513,Mon Aug 05 02:44:15 +0000 2013,0,0,@cedella_728 BBM
102,364214690395590656,Mon Aug 05 02:42:03 +0000 2013,0,0,@cedella_728 I sent you the re-invite
103,364198679353098240,Mon Aug 05 01:38:26 +0000 2013,0,0,That was boring I thought the back up singers need the praise #RisingStars10
104,364197411339517953,Mon Aug 05 01:33:23 +0000 2013,0,0,I think Tish Brown did a great job with that 1 #RisingStars10
105,364196268290998272,Mon Aug 05 01:28:51 +0000 2013,0,0,Unique 3 have the wrong name they should be the O3: ordinary 3. I didn't like that #RisingStars10
106,364194471455358976,Mon Aug 05 01:21:43 +0000 2013,0,0,"Sasanya great choice, great voice, great body #RisingStars10"
107,364193619025993730,Mon Aug 05 01:18:19 +0000 2013,0,0,Ramion that was ok #RisingStars10
108,364193343632187393,Mon Aug 05 01:17:14 +0000 2013,0,0,@cedella_728 what's popping #familyconvos
109,364193027104845825,Mon Aug 05 01:15:58 +0000 2013,0,0,@televisionjam Chevy need to stop and trying so hard...good voice bad trade person #RisingStars10
110,364192539605073920,Mon Aug 05 01:14:02 +0000 2013,0,0,"@SANJAYisthename I am twitter judge e no, read more a di tweet dem!"
111,364191663599529984,Mon Aug 05 01:10:33 +0000 2013,0,0,Not melodious at all Chevy u r still shouting #RisingStars10
112,364191347617447936,Mon Aug 05 01:09:18 +0000 2013,0,0,Good choice anthony's wild card was as dull as Anthony's personality
113,364090680890490880,Sun Aug 04 18:29:17 +0000 2013,0,0,Getting registered later...
114,363881611349069824,Sun Aug 04 04:38:31 +0000 2013,0,0,Festival Queen mi ting deh #Television
115,361666602413993985,Mon Jul 29 01:56:52 +0000 2013,0,0,Trust me Terri I don't want to remember tonight apart from Tish last week was better. #risingstars10
116,361665480257314820,Mon Jul 29 01:52:24 +0000 2013,0,0,Ramian a one tone samber! Mi can't differentiate the performances! #risingstars10
117,361663770960990208,Mon Jul 29 01:45:37 +0000 2013,0,0,Chevy mi actually finally like yhu performance. Tonight yhu sound more like an entertainer. #risingstars10
118,361663489313484800,Mon Jul 29 01:44:29 +0000 2013,0,0,Spice is the biggest talent and she no perform. Dull rising star night. #risingstars10
119,361662824411447296,Mon Jul 29 01:41:51 +0000 2013,0,0,Unique 3 has good melodies no individual singers! #risingstars10
120,361662509708623872,Mon Jul 29 01:40:36 +0000 2013,0,0,@spanishrose93 how yhu enjoying the show #risingstars10
121,361662026176667649,Mon Jul 29 01:38:41 +0000 2013,0,0,@ItsTheBunn hey cuz
122,361661163286700034,Mon Jul 29 01:35:15 +0000 2013,0,0,Anthony tell mi when yhu wild card start him performance. Him think a him bathroom this! #RisingStar10
123,361659741556051968,Mon Jul 29 01:29:36 +0000 2013,0,0,Kenny need an image #risingstars10
124,361659545673674753,Mon Jul 29 01:28:49 +0000 2013,0,0,Kenny voice can work with but him boring #risingstars10
125,361658997390053376,Mon Jul 29 01:26:38 +0000 2013,0,0,@SANJAYisthename Ques for Chevy. What do you think about this arranged marriage in church thing #risingstars10
126,361658192398270464,Mon Jul 29 01:23:27 +0000 2013,0,0,Chevy what is your take on this arranged marriage thing in churches? #risingstars10
127,361657843956453376,Mon Jul 29 01:22:03 +0000 2013,0,0,Chevy what is you take on this arranged marriage in church thing!
128,361656538181533697,Mon Jul 29 01:16:52 +0000 2013,0,0,Anthony I agree...they voted off the wrong person...Sasanya stepped 2 far out!
129,361655260705595392,Mon Jul 29 01:11:48 +0000 2013,0,0,Sasanya how do you now change from that nerve to a wow factor?
130,361654504522907650,Mon Jul 29 01:08:47 +0000 2013,0,0,That was ordinary from Verlando. Good instrument skills but flat on entertainment. You wud have to b a music fan #risingstars10
131,361653929370595330,Mon Jul 29 01:06:30 +0000 2013,0,0,Sanjay yhu shirt dem shot#risingstars10
132,361653571546136577,Mon Jul 29 01:05:05 +0000 2013,0,0,Good decision Sasanya is a more rounded contestant#risingstars10
133,361653339005517826,Mon Jul 29 01:04:09 +0000 2013,0,0,Sasanya#risingstars10
134,361652932065771520,Mon Jul 29 01:02:32 +0000 2013,0,0,Let's go #risingstars10
135,361649857020182528,Mon Jul 29 00:50:19 +0000 2013,0,1,@Digicel_Jamaica I Will from the very first note #Digicel #RisingStars10 #LivePerformances
136,361641115520204801,Mon Jul 29 00:15:35 +0000 2013,0,1,@Digicel_Jamaica am ready. #risingstars10
137,361554752607223808,Sun Jul 28 18:32:25 +0000 2013,0,0,Sanjay bigger better performances mi say #RisingStars10
138,361542355326734336,Sun Jul 28 17:43:09 +0000 2013,0,0,Wonder what rising stars will bring #risingstars10
139,356990536621637632,Tue Jul 16 04:15:51 +0000 2013,0,0,We don't want to c corner youths but we don't want to c dancehall artiste #reggaevsdancahall
140,356990060035448833,Tue Jul 16 04:13:57 +0000 2013,0,0,Bob marley had good lyrics and white skin he wasn't really a good singer #reggaevsdancahall
141,356989752353894401,Tue Jul 16 04:12:44 +0000 2013,1,0,I don't care who bashes me #reggae vs dancehall
142,356593725008388097,Mon Jul 15 01:59:03 +0000 2013,0,0,@Digicel_Jamaica nah give up but tonight they were as sharp as a new machete #RisingStars10
143,356593415930134528,Mon Jul 15 01:57:50 +0000 2013,0,0,I loved them last week! Tonight unique3 sound like dem have flea! #RisingStars10
144,356584665362079744,Mon Jul 15 01:23:03 +0000 2013,0,0,@Digicel_Jamaica I respect Chevy's religion but she is not an entertainer!
145,356584076817350656,Mon Jul 15 01:20:43 +0000 2013,0,0,I agree with anthony! Tish brown alone entertain mi #RisingStars10
146,356579627575148545,Mon Jul 15 01:03:02 +0000 2013,0,0,@Digicel_Jamaica I'll be watching! Terri yhu mek da dress deh cute! #RisingStars10
147,354056718688325632,Mon Jul 08 01:57:54 +0000 2013,0,0,@Digicel_Jamaica she is 2 passionate about her religion to entertain!
148,353694501287636992,Sun Jul 07 01:58:35 +0000 2013,0,0,Face Expressions get a raw deal #RisingStars10
149,351515275063070721,Mon Jul 01 01:39:07 +0000 2013,0,0,Anthony had a bad mean Sasanya was great! Rock on dude! #RisingStars10
150,351513578714574848,Mon Jul 01 01:32:22 +0000 2013,0,0,@Digicel_Jamaica face expression will have a hard time cuz its a songbird dominated comp #RisingStars10
151,333608275658547200,Sun May 12 15:43:05 +0000 2013,0,0,@IAMYENDI Happy Mothers Day Yendizzle
152,330493567560720386,Sat May 04 01:26:21 +0000 2013,0,0,@Digicel_Jamaica does Digicel offer scholarships: how can I apply 4 1
153,330493257765249026,Sat May 04 01:25:07 +0000 2013,0,0,Skl pree
154,325618644967120898,Sat Apr 20 14:35:09 +0000 2013,0,0,@Ishawna congrats on ur engagement
155,315056444045160448,Fri Mar 22 11:04:44 +0000 2013,0,0,@IAMYENDI Neville need a twitter account!
156,311557250160422912,Tue Mar 12 19:20:11 +0000 2013,0,0,but they pay two workers 232...million dllrs pee. Yar....KMFT
157,311556752787259392,Tue Mar 12 19:18:12 +0000 2013,0,0,NCB doesn't want to hire workers to improve its atrocious service!
158,311556502882234370,Tue Mar 12 19:17:13 +0000 2013,0,0,The Private sector is fucked up too
159,311556252742336512,Tue Mar 12 19:16:13 +0000 2013,0,0,The rich will forever be rich and the poor will for evr b poor
160,311556090334683136,Tue Mar 12 19:15:35 +0000 2013,0,0,Jamaica will nevr get out of corruption
161,311555922050826240,Tue Mar 12 19:14:54 +0000 2013,0,0,I like ehr
162,302399995640967168,Fri Feb 15 12:52:31 +0000 2013,0,0,Thank you lord I am alive
163,302374649503838208,Fri Feb 15 11:11:48 +0000 2013,0,0,@Smilejamtvj @ the dating thing. Ppl write too much foolishness and put in the paper...
164,300946513830490112,Mon Feb 11 12:36:54 +0000 2013,0,0,I am thankful that Mahlala Yousufzai is well and ok....
165,299347192001482753,Thu Feb 07 02:41:46 +0000 2013,0,0,He missed..
166,299344117530513409,Thu Feb 07 02:29:33 +0000 2013,0,0,God. Bless ja
167,299329209254440960,Thu Feb 07 01:30:19 +0000 2013,0,0,I wish Sergio Campbell was in that team
168,299329095542648832,Thu Feb 07 01:29:52 +0000 2013,0,0,Alvas Powell well done...make Paul Bogle High proud
169,299328874045665281,Thu Feb 07 01:28:59 +0000 2013,0,0,@shionb have faith...although mine thin
170,299328767174795264,Thu Feb 07 01:28:34 +0000 2013,0,0,Bob is a legend
171,299328748409462784,Thu Feb 07 01:28:29 +0000 2013,0,0,Bob made music that every one can relate to and listen many years after
172,299114115002142720,Wed Feb 06 11:15:36 +0000 2013,0,0,"@Smilejamtvj Morning Yendizzle, big up Neville best Jamaican coach ever..."
173,299113524586766337,Wed Feb 06 11:13:16 +0000 2013,0,0,Have u evr loved some body that u don't know
174,297306571929698305,Fri Feb 01 11:33:05 +0000 2013,0,0,@Smilejamtvj Andre can't dance fi save him life...
175,296957240001302529,Thu Jan 31 12:24:57 +0000 2013,0,0,Chelsea broke my heart yesterday...who is doing it today?
176,296580705532645376,Wed Jan 30 11:28:45 +0000 2013,0,0,@usainbolt so it go boss but it the hard training that made u a legend right....?
177,296420149127417857,Wed Jan 30 00:50:45 +0000 2013,0,0,@AnnTracyann good nigHt dear
178,296419890129158144,Wed Jan 30 00:49:43 +0000 2013,0,0,On the nigHt shift
179,296282893074968576,Tue Jan 29 15:45:21 +0000 2013,0,0,@KAMNNE welcome Dear
180,296277611783524352,Tue Jan 29 15:24:21 +0000 2013,0,0,@KAMNNE welcome to my humble home
181,296218588652658688,Tue Jan 29 11:29:49 +0000 2013,0,0,@Smilejamtvj I was apart of Alpha Boys' School...its a great institution...I now work at NCB...
182,296211882749067265,Tue Jan 29 11:03:10 +0000 2013,0,0,@IAMYENDI when will you be on smile jamaica again...
183,296207852673048576,Tue Jan 29 10:47:10 +0000 2013,0,0,Good morning Yendi....good morning Twitter
184,296099201299910656,Tue Jan 29 03:35:25 +0000 2013,0,0,Good night Tracy-Ann
185,296090578884636672,Tue Jan 29 03:01:09 +0000 2013,0,0,Lol that's the best emotion
186,296088441312116736,Tue Jan 29 02:52:40 +0000 2013,0,0,Mi can find them though
187,296088380033363969,Tue Jan 29 02:52:25 +0000 2013,0,0,Red strip football mondays! Mi team a knock some leather!
188,296067187221860352,Tue Jan 29 01:28:12 +0000 2013,0,0,"Chronixx - odd ras, play dah one deh till it scratch"
189,296059765728112641,Tue Jan 29 00:58:43 +0000 2013,0,0,@KelmN_ we share a passion
190,296058139550302208,Tue Jan 29 00:52:15 +0000 2013,0,0,Hey Yendi how yu doing
191,296058015067553793,Tue Jan 29 00:51:45 +0000 2013,0,0,Just in from a good work out
192,295871916017860608,Mon Jan 28 12:32:16 +0000 2013,0,0,@JudeeeYy welcome
193,295854753479544832,Mon Jan 28 11:24:04 +0000 2013,0,0,@IAMYENDI u r just a great prsn...that's y u have so much followers....
194,295853114983063552,Mon Jan 28 11:17:33 +0000 2013,0,0,Yendi is so darn beautiful
195,295849871984967680,Mon Jan 28 11:04:40 +0000 2013,0,0,One more day....thank u jamaica
196,289187459856744448,Thu Jan 10 01:50:37 +0000 2013,0,0,HomE alone....miss my baby....
197,271586601048608769,Thu Nov 22 12:11:06 +0000 2012,0,0,Work again! Today is a busy day at the bank!
198,263371268450050049,Tue Oct 30 20:06:18 +0000 2012,0,0,Oh she is beautiful http://t.co/fJeYwXtq
