,id_str,created_at,retweet_count,favorite_count,text
0,668931458636075008,Mon Nov 23 23:17:42 +0000 2015,0,0,Walking out@of@your exam like https://t.co/JF6MIEsEpQ
1,665590315647000576,Sat Nov 14 18:01:11 +0000 2015,4,0,"RT @MaestroMitchell: Liberty, equality, fraternity. #Paris 🇫🇷 https://t.co/DhppcAVx2z"
2,664289493449629696,Wed Nov 11 03:52:11 +0000 2015,81,0,RT @NPRMichel: Join the conversation at #NPRYouthVote. Listen in at https://t.co/wIlyqYRlBi. https://t.co/woMwDrXYwJ
3,663592871556218880,Mon Nov 09 05:44:04 +0000 2015,0,3,"After a weekend of @funhomemusical and @SpringBway, I can now safely say that I'm changing my major to Joan with a minor in ASL 💛💗"
4,663504609424580608,Sun Nov 08 23:53:20 +0000 2015,5246,0,RT @SincerelyTumblr: me every day https://t.co/qBKhwaJwpK
5,663243623010541568,Sun Nov 08 06:36:16 +0000 2015,0,4,"I'm lying in bed, freaking out over @SpringBway. I can't believe this artwork exists. I can't believe I was able to see it. I Believe."
6,661748367979094016,Wed Nov 04 03:34:40 +0000 2015,3,0,RT @NanningBee: @Simone_Biles IS QUEEN!! #ThatIsAll
7,661329814251569152,Mon Nov 02 23:51:29 +0000 2015,7064,0,RT @TumblrsFunnies: on point https://t.co/LI5N48OKPD
8,660205952621223936,Fri Oct 30 21:25:39 +0000 2015,0,1,ALL HAIL KING KOHEI #Glasgow2015 #numbersix
9,659947267168870400,Fri Oct 30 04:17:44 +0000 2015,0,1,I'm still perplexed as to why college students think 12 and even later are perfectly acceptable times to be awake
10,659136294468063236,Tue Oct 27 22:35:13 +0000 2015,26,0,"RT @uncletimmensgym: The last time both Russia (USSR) and Romania weren't on the podium at the World Championships…

1950, when SWE, FRA &amp; …"
11,659028911691579392,Tue Oct 27 15:28:31 +0000 2015,0,0,Studying Wagner's Ring Cycle and all I got on my mind is the Precious https://t.co/g3ub9evDQJ
12,658409568612057088,Sun Oct 25 22:27:28 +0000 2015,8,0,"RT @BroadwayGirlNYC: 🎶 ""I am the one thing in life I can control. I am inimitable; I am an original."" 🎶 #Hamiltunes #BwayGirlLife"
13,657969464298885120,Sat Oct 24 17:18:39 +0000 2015,0,0,Watching #Glasgow2015 got me like https://t.co/L29fY803JC
14,657959154057936896,Sat Oct 24 16:37:41 +0000 2015,0,0,BRENNA NO 😫 #Glasgow2015
15,657597240408711169,Fri Oct 23 16:39:34 +0000 2015,42,0,RT @sammie__anne: RT to change our mascot from the Duquesne Dukes to the Duquesne Libertines
16,652633099055034368,Fri Oct 09 23:53:50 +0000 2015,2746,0,"RT @SincerelyTumblr: I don't dress up for people, I dress up to stare at my reflection as I walk by store windows"
17,652330995723706368,Fri Oct 09 03:53:23 +0000 2015,0,1,@Claire_48  https://t.co/nJane94AVN
18,649738302342479876,Fri Oct 02 00:10:57 +0000 2015,2775,0,RT @SincerelyTumblr: favorite month 😍🍂🍁🎃👻🏈 http://t.co/dxKz5OONhn
19,649737766335549440,Fri Oct 02 00:08:49 +0000 2015,85,0,RT @Simple_daphne: It's @EricWhitacre month 🎃 http://t.co/zuzA7yD1cc
20,649707470412230657,Thu Oct 01 22:08:26 +0000 2015,865,0,"RT @chrislhayes: Mass shooting days are the worst days in the newsroom. And how messed up is it that there's such a thing as ""mass shooting…"
21,648954154325557248,Tue Sep 29 20:15:02 +0000 2015,3969,0,"RT @SenSanders: It makes no sense to me that the same exact drug can be sold in Britain for 66 cents a pill, while in the U.S. it is sold f…"
22,647615236032364544,Sat Sep 26 03:34:39 +0000 2015,0,0,It's so quiet back in Akron! Hallelujah!!
23,646841425070563328,Thu Sep 24 00:19:48 +0000 2015,0,0,I could watch this for hours  https://t.co/aajqA6w71i
24,646840096528953344,Thu Sep 24 00:14:31 +0000 2015,2,0,"RT @ClevePlayHouse: ""Opera happens because a large number of things amazingly fail to go wrong.""
-Terry Pratchett #CPHTenors"
25,646013232059154432,Mon Sep 21 17:28:51 +0000 2015,73,0,"RT @jack_feria: When you're about to go to class, but the @HamiltonMusical cast album drops on NPR. #Hamiltunes http://t.co/NgIUcs4kzq"
26,645999924572721152,Mon Sep 21 16:35:58 +0000 2015,0,2,My jaw is constantly dropping. Tears are always on the edge @HamiltonMusical is a work of pure genius #Hamiltunes
27,645939906766897152,Mon Sep 21 12:37:29 +0000 2015,0,0,"Today is a glorious, glorious day because Hamilton was released early. I'm literally shaking with excitement!! #Hamiltunes"
28,645937588734435328,Mon Sep 21 12:28:16 +0000 2015,0,0,😍😍😍😍😍😍😍😍😍😍😍😍😍😍😍😍😍😍😍😍😍😍😍😍OH MY GOD THANK YOU https://t.co/F3xdAxfh1q
29,645761235238187010,Mon Sep 21 00:47:30 +0000 2015,23,0,"RT @TODAYshow: ""We don't have a trans tipping point..."" -@JillSoloway #Emmys http://t.co/fdQcZLRyPm"
30,643212652857151488,Mon Sep 14 00:00:21 +0000 2015,1,2,Free club seats to the @Indians game! Thanks so much @rhac and @OhioState #TribeLive http://t.co/blDrOkQq1m
31,642524155678707712,Sat Sep 12 02:24:30 +0000 2015,0,0,I feel that I'm the only person my age to have willingly never tasted alcohol... #collegethoughts
32,642373232616710144,Fri Sep 11 16:24:48 +0000 2015,0,0,@Beckie_Ann_ What? Why do things get fun once I leave?
33,642358281042821121,Fri Sep 11 15:25:23 +0000 2015,0,1,So incredibly proud ^-^ https://t.co/2fB7O7JoJZ
34,641274554028027904,Tue Sep 08 15:39:02 +0000 2015,7,0,RT @BroadwayGirlNYC: Tonight is the first preview of @SpringBway! Love to all involved! #Broadway 🌟
35,641099248403136514,Tue Sep 08 04:02:26 +0000 2015,0,0,"How firm thy friendship, Ohio! #Buckeyes #OSUvsVT http://t.co/i7SpBdENCi"
36,640128952707743744,Sat Sep 05 11:46:50 +0000 2015,697,0,"RT @UberFacts: ""Social jet lag"" is when people are irritable and tired from ruining their internal clocks over the weekend."
37,639570653109219328,Thu Sep 03 22:48:21 +0000 2015,25,0,RT @nerdyorkcity: Today. http://t.co/m7gM7cONyf
38,638159445462224896,Mon Aug 31 01:20:42 +0000 2015,136,0,RT @TODAYshow: Every parent after seeing Miley's outfit... #VMAs http://t.co/3XpLDoyf6u
39,638011580454727680,Sun Aug 30 15:33:09 +0000 2015,20,0,RT @MrJasonRBrown: The world has lost its greatest gay Jewish British neurologist &amp; one of its most compassionate &amp; compelling writers. Ble…
40,637799074595491840,Sun Aug 30 01:28:43 +0000 2015,6,0,"RT @Suttons_legs: the death of Kyle Jean-Baptiste is nothing short of a tragedy, I'm in total shock

Let's dim those lights in his honour #…"
41,637798116289327104,Sun Aug 30 01:24:55 +0000 2015,0,1,#Dim4Kyle
42,637742468042244096,Sat Aug 29 21:43:47 +0000 2015,15,0,RT @CouchmenDBC: We used to dream about being in drum corps. Then we woke up and realized Drum Corps is hard
43,636233943050768385,Tue Aug 25 17:49:27 +0000 2015,0,1,"#SolveMyProblemsIn4Words Unlimited resources, unlimited time"
44,635276438602686464,Sun Aug 23 02:24:40 +0000 2015,0,2,It's sinking in. This is actually happening. I don't know whether to be outrageously excited or absolutely terrified. #new2osu
45,633796866115772416,Wed Aug 19 00:25:22 +0000 2015,0,0,"@GetAGripGym Biles, Raisman, Nichols, Douglas, Hernandez"
46,633237314613968896,Mon Aug 17 11:21:55 +0000 2015,0,1,This is it- the last week of camp. Let's get this done
47,632687098047385600,Sat Aug 15 22:55:33 +0000 2015,196,0,"RT @Lin_Manuel: RT if you first heard 
""Screw your courage to the sticking place"" not from Lady MacBeth, but Gaston. 
#ThanksHowardAshman"
48,631263681066725376,Wed Aug 12 00:39:24 +0000 2015,83,0,"RT @TheBwayHipster: 2015 is half over and   

-i haven't been to NYC
-I'm not a broadway performer
-I don't have a Tony award"
49,629492339527036929,Fri Aug 07 03:20:43 +0000 2015,5,0,RT @BroadwayGirlNYC: #YAYHAMLET!!
50,629491885418094592,Fri Aug 07 03:18:55 +0000 2015,0,1,I love how positive and supportive @scvanguard is for the other corps! The camaraderie is truly what makes this a great activity!
51,628974460817772544,Wed Aug 05 17:02:51 +0000 2015,0,4,"Happy Birthday to my crazy little twerp @Claire_48  Because I don't say it enough, I love you! Have a great day! 😘 http://t.co/pZiWrazpnv"
52,628714550116941825,Tue Aug 04 23:50:04 +0000 2015,0,1,"Apparently Benjamin Britten wrote a ""Billy Budd"" opera #themoreyouknow"
53,625444536622448640,Sun Jul 26 23:16:12 +0000 2015,314,0,RT @danyelabaggins: #5YearsofSherlock waiting for the Christmas Special like: http://t.co/cLBhuKxAXx
54,623679212210253824,Wed Jul 22 02:21:26 +0000 2015,94,0,"RT @nprnews: Novelist E.L. Doctorow, Author Of 'Billy Bathgate,' 'Ragtime,' Dies At 84 http://t.co/tCVBBzJvCu"
55,622939939546791936,Mon Jul 20 01:23:49 +0000 2015,21,0,RT @nerdyorkcity: Today. http://t.co/jpUfCx0Q60
56,622897642004197376,Sun Jul 19 22:35:45 +0000 2015,0,3,"*Walks into hotel room*
@Claire_48 ""This wallpaper looks like Sherlock""
Me- ""WAIT YOU WATCH SHERLOCK?!?"" #proudsister"
57,621813868751388672,Thu Jul 16 22:49:13 +0000 2015,0,2,@Claire_48 I'm pretty good ;) http://t.co/Ak2oBr9aDF
58,618549837567537152,Tue Jul 07 22:39:08 +0000 2015,0,0,Working Lego camp this week got me like... http://t.co/aQq3XLYi43
59,618197905644650497,Mon Jul 06 23:20:40 +0000 2015,0,0,The time has come again for Cleveland to rally around Clown College; also known as the Browns training camp
60,617439256852713472,Sat Jul 04 21:06:04 +0000 2015,0,1,@Claire_48  https://t.co/398asf8pCj
61,617300747563220992,Sat Jul 04 11:55:41 +0000 2015,7,0,"RT @merolaopera: ""Opera singers are really the Olympic athletes of singing."" Renee Fleming #opera #music"
62,616717719392509956,Thu Jul 02 21:18:57 +0000 2015,2587,0,"RT @SincerelyTumblr: someone: *says something*

me: breaks into a song with a word they just said"
63,615648374771965953,Mon Jun 29 22:29:45 +0000 2015,0,2,Less than a month until transfer orientation at @OhioState! Ready to finally start planning to be #new2OSU
64,614561863741911040,Fri Jun 26 22:32:20 +0000 2015,28549,0,RT @SincerelyTumblr: Never stop retweeting👭🌈👬 http://t.co/5KyLqjaWxw
65,614561318868254720,Fri Jun 26 22:30:11 +0000 2015,727,0,RT @HRC: Marriage equality sweeps the nation! Share your support at http://t.co/FWnRped1jJ #LoveWins #SCOTUS #MarriageEquality http://t.co/…
66,614560527768010752,Fri Jun 26 22:27:02 +0000 2015,0,0,Proud to be an American #LoveWins #MarriageEquality #SomanyhashtagsIwanttouse
67,614550429112864768,Fri Jun 26 21:46:54 +0000 2015,5571,0,RT @SincerelyTumblr: #LoveWins http://t.co/s5cGZ1SyfN
68,612469588354289664,Sun Jun 21 03:58:23 +0000 2015,0,1,"And last but not least, congratulations @Bluecoats for taking the top score tonight! Thanks for another amazing showcase of marching arts!"
69,612468640768729088,Sun Jun 21 03:54:37 +0000 2015,0,2,"Too many shoutouts for one tweet, so @CasperTroopers, @TheBlueStars, @TheCadets and @TheCavaliers, this is for you! 😘 http://t.co/IU1QSwo2AB"
70,612460784103366656,Sun Jun 21 03:23:24 +0000 2015,0,1,Oh how I love a good @DCI high after a show 💙
71,612459554345979904,Sun Jun 21 03:18:31 +0000 2015,199,0,"RT @CorpsScores: Akron OH #dci #drumcorps
Bluecoats-73.25!
Cadets-73.15
Crown-71.55
Cavaliers-66.75
BlueStars-63.65
Boston-61.6
Troopers-59…"
72,612459276603367424,Sun Jun 21 03:17:25 +0000 2015,2,21,Had the pleasure of meeting @jdfuncorps and reps from @CarolinaCrown and @bostoncrusaders! Here's to a great tour! http://t.co/MK9HdgByxv
73,612021403978760192,Fri Jun 19 22:17:28 +0000 2015,0,0,And they're fictional https://t.co/3fV9BYjtql
74,611711939006181376,Fri Jun 19 01:47:45 +0000 2015,0,2,"I think that by the end of the summer, I'll permanently smell like chlorine #campcounselorlife"
75,610236975308754944,Mon Jun 15 00:06:47 +0000 2015,0,0,I wish @Metallica could play the national anthem for every major sports event! #NBAFinals2015 #ALLinCLE
76,607758486617911296,Mon Jun 08 03:58:09 +0000 2015,0,0,"But before all the Tony excitement ends, #TonyCanYouHearMe ??"
77,607749031524220928,Mon Jun 08 03:20:35 +0000 2015,3913,0,RT @MySportsLegion: How is this not a foul? https://t.co/i1msWCNcLm
78,607748969364652032,Mon Jun 08 03:20:20 +0000 2015,122,0,RT @kendavenport: Doesn't watching tonight make you wanna go out and make great theater?  Do it.  But get some sleep first.  #TonyAwards.
79,607721692912349184,Mon Jun 08 01:31:57 +0000 2015,13,0,RT @BroadwayGirlNYC: I ❤️ #Gershwin. 🎶🎶 #TonyAwards
80,607721386136772609,Mon Jun 08 01:30:44 +0000 2015,0,0,My jaw is on the floor. No Tony for Sydney Lucas??? D:
81,602898753406787584,Mon May 25 18:07:18 +0000 2015,1823,0,RT @SincerelyTumblr: i’d do anything to lose weight except exercising and eating healthy
82,602236039747481601,Sat May 23 22:13:55 +0000 2015,14,0,RT @TheBwayHipster: How do i get a million dollars by being obsessed with showtunes 24/7? 🎭🎶
83,602175760753938432,Sat May 23 18:14:23 +0000 2015,2121,0,RT @SincerelyTumblr: http://t.co/g59WcjcZZm
84,601215532549984256,Thu May 21 02:38:47 +0000 2015,105,0,RT @TheBwayHipster: mood: i'd rather be on broadway
85,599039525894148096,Fri May 15 02:32:07 +0000 2015,5269,0,RT @SincerelyTumblr: Retweet this second: http://t.co/ctpMYV0Cah
86,599039506583543809,Fri May 15 02:32:02 +0000 2015,5262,0,RT @SincerelyTumblr: Retweet this first: http://t.co/EKWzdcSMq9
87,598132896822644736,Tue May 12 14:29:30 +0000 2015,0,1,Still love that Alex Kingston's character on L&amp;O: SVU is Miranda Pond #coincidence?
88,597975251079815170,Tue May 12 04:03:04 +0000 2015,0,0,When you miss DuqNet because it's more reliable than the wifi at home
89,593831766873477120,Thu Apr 30 17:38:20 +0000 2015,0,2,Music majors during finals be like  https://t.co/qfIgBQJPwg
90,593391971630120960,Wed Apr 29 12:30:45 +0000 2015,6,0,RT @DuqHonors: @GumbergLibrary @duqedu @DuqHistory http://t.co/H7OUSpZPLq
91,593271101418934273,Wed Apr 29 04:30:27 +0000 2015,2583,0,RT @SincerelyTumblr: Group projects make me understand why Batman prefers to work alone
92,593076549902991360,Tue Apr 28 15:37:22 +0000 2015,74,0,RT @JennieinDC: #LoveCantWait at #SCOTUS http://t.co/WYqCm1lFXb
93,593031687145160704,Tue Apr 28 12:39:06 +0000 2015,0,0,Best part of today is finally being able to watch the Tony nomination ceremony live!
94,592649062400303104,Mon Apr 27 11:18:42 +0000 2015,4,0,RT @musicschoolwoes: Finals week #musicmajorprobs http://t.co/MQQs7jjcR5
95,592388949206769664,Sun Apr 26 18:05:06 +0000 2015,246,0,"RT @DomsWildThings: Smile. A little more. Smile bigger. Bigger. 
Try and stop smiling. Try it. Stop smiling while trying it. 
Fine. Smile. …"
96,591949517693571072,Sat Apr 25 12:58:57 +0000 2015,2538,0,RT @SincerelyTumblr: Group projects make me understand why Batman prefers to work alone
97,591768800577646592,Sat Apr 25 01:00:51 +0000 2015,13,0,RT @broadwaycom: Cleveland Play House will receive 2015 Regional Theatre Tony Award: http://t.co/7ix3ryOWJ6 @ClevePlayHouse
98,590565479422496769,Tue Apr 21 17:19:17 +0000 2015,0,1,I just finished my last lesson with Sari 15 minutes ago and I already miss her! She was the best part of my Duquesne experience hands down 💙
99,590478643454935040,Tue Apr 21 11:34:13 +0000 2015,0,1,I don't wanna grow up #CollegeInFiveWords
100,590349873825755137,Tue Apr 21 03:02:32 +0000 2015,0,0,Pittsburgh loves you! https://t.co/CaGqcvSUan
101,590317494667190272,Tue Apr 21 00:53:52 +0000 2015,0,0,"@donttrythis ""Wouldn't it be great if @JamieNoTweet and I wrote your science textbook?"" YES! ALL THE YES!"
102,588533933572288512,Thu Apr 16 02:46:38 +0000 2015,19,0,"RT @tonedeafcomics: Every audition ever for me. 

http://t.co/sbpDjQc0Wl http://t.co/aMV4dOTMjV"
103,588118611866230784,Tue Apr 14 23:16:18 +0000 2015,6,0,"RT @tonedeafcomics: Tone Deaf Doctor Who comic. Check it out!
http://t.co/iY4TJY05kq #music #doctorwho http://t.co/akuJXas9aB"
104,587272380294246400,Sun Apr 12 15:13:41 +0000 2015,0,1,"Guys, it's time I told the world my secret. I work for George Takei. http://t.co/KwXJpdxLyJ"
105,586665212750598144,Fri Apr 10 23:01:01 +0000 2015,1701,0,"RT @SincerelyTumblr: Friend 1: I have a social life
Friend 2: I have a boyfriend
Me: I have fandoms"
106,586359014138765312,Fri Apr 10 02:44:17 +0000 2015,0,1,I don't know if I'm emotionally ready to relive Beauty and the Beast through Timehop
107,585509353270210560,Tue Apr 07 18:28:02 +0000 2015,0,0,Why. Can't. I. Be. In. New York. Now?!?! https://t.co/Ehymtmnv6b
108,585147998746898434,Mon Apr 06 18:32:09 +0000 2015,731,0,RT @DoctorWho_BBCA: Swipe up to dooweeooh. #DoctorWho http://t.co/BjfGOiUyfx
109,584202114647334913,Sat Apr 04 03:53:32 +0000 2015,0,0,Super annoyed that the NCAA gymnastics regional is at OSU tomorrow and I was JUST THERE
110,583609699808968704,Thu Apr 02 12:39:30 +0000 2015,3298,0,"RT @girlposts: in case you don't hear this today....

you are good enough"
111,583402330537754624,Wed Apr 01 22:55:29 +0000 2015,251,0,"RT @jimmyjohns: Exercise? Oh, I thought you said extra sides"
112,583000921354862592,Tue Mar 31 20:20:25 +0000 2015,2,0,RT @maddienewingham: http://t.co/vnT3aLn0iE
113,581816395425447936,Sat Mar 28 13:53:32 +0000 2015,7061,0,RT @girlposts: YES🙌 http://t.co/uKYTURn32k
114,580775893288779776,Wed Mar 25 16:58:57 +0000 2015,0,1,When Eat 'n' Park runs the dining program http://t.co/Bnx13epewk
115,580483825299517440,Tue Mar 24 21:38:23 +0000 2015,7,0,"RT @nerdyorkcity: Mondays are the worst. Oh, it's Tuesday? Crap."
116,580235197276372992,Tue Mar 24 05:10:25 +0000 2015,0,1,Sleep does not come because sleep does not will it #1am #why #itispastmybedtime
117,579754270947291136,Sun Mar 22 21:19:24 +0000 2015,16465,0,"RT @davidwalliams: It's World Water Day! For every RT this gets, @LifeWaterUK will give 100 gallons of clean water to someone in need. #cle…"
118,578928934965915649,Fri Mar 20 14:39:48 +0000 2015,14,0,"RT @AMTAInc: What #Empire Got Right (And Wrong) About #MusicTherapy"" from @HuffingtonPost  http://t.co/ZTzTadDHgW @EmpireFOX"
119,578649703388209153,Thu Mar 19 20:10:14 +0000 2015,10263,0,RT @girlposts: Something to think about http://t.co/6l4xhvlJdM
120,577219986697093120,Sun Mar 15 21:29:03 +0000 2015,0,0,I am not emotionally ready for it to be Monday already
121,576954824668774400,Sun Mar 15 03:55:24 +0000 2015,0,1,Having to listen to everyone's drunken escapades... #college
122,576372586273226752,Fri Mar 13 13:21:47 +0000 2015,0,0,“@TODAYshow: Mascots face off on the plaza! #PlazaPepRally http://t.co/myTnDIoyxb” Wait @DuquesneUniv is on @TODAYshow WHAT?!
123,575863056309350400,Thu Mar 12 03:37:06 +0000 2015,0,0,“@girlposts: I CAN'T STOP LAUGHING AT THIS 😂😂 https://t.co/719MwOerXW” Color Guard finally getting some recognition lol
124,575704311633682432,Wed Mar 11 17:06:18 +0000 2015,83,0,"RT @Lin_Manuel: Teachers &amp; principals, I'm just saying: we straight up cover almost a semester of AP US History in about 2.5 hours. http://…"
125,575330691002556417,Tue Mar 10 16:21:40 +0000 2015,82,0,RT @nookBN: http://t.co/Kv3JOz93Tm
126,575074668681428992,Mon Mar 09 23:24:20 +0000 2015,217,0,RT @AP_Problems_: Thinking about the rest of the school year like http://t.co/mfZYqAPAm0
127,573264339299405824,Wed Mar 04 23:30:43 +0000 2015,0,1,When you trust your directors' opinions more than your parents'...
128,573251474391732224,Wed Mar 04 22:39:36 +0000 2015,0,1,"Singing ""Giants in the Sky"" with Nick Seeman has made my life. Just saying."
129,572519481169321984,Mon Mar 02 22:10:55 +0000 2015,47,0,RT @TheBwayHipster: I like showtunes more than people 🎭🎶❤️
130,571521757456277504,Sat Feb 28 04:06:19 +0000 2015,3,5,So much respect for @ScienceChannel #RIPLeonardNimoy http://t.co/TDHSCZPXCn
131,571414976415588353,Fri Feb 27 21:02:01 +0000 2015,111,0,"RT @TODAYshow: ""Long before being nerdy was cool, there was Leonard Nimoy."" -President Obama pays tribute. http://t.co/jQ3bK5Huuo"
132,571366697078280193,Fri Feb 27 17:50:10 +0000 2015,0,0,"Live long and prosper for all of time, Mr. Nimoy http://t.co/EonGoIjllL"
133,571071561043730433,Thu Feb 26 22:17:24 +0000 2015,292,0,"RT @humansofny: “I’ve been shy for as long as I can remember. When I was in first grade, all the other kids would play sports..."" http://t.…"
134,568254237865615360,Thu Feb 19 03:42:22 +0000 2015,0,2,The only thing getting me through this week is the fact that it's New York Fashion Week
135,566594379075579904,Sat Feb 14 13:46:41 +0000 2015,1733,0,"RT @BBCOne: Roses are red,
Violets are blue,
Sherlock's at the intercom
Asking if he can marry you?
#HappyValentinesDay 💍👰🎩 http://t.co/TDR…"
136,564432886968119296,Sun Feb 08 14:37:41 +0000 2015,0,0,LoTR marathon on @tbsveryfunny means I'm not going anywhere for quite some time
137,562929459691806721,Wed Feb 04 11:03:36 +0000 2015,0,2,"🎶 I am 19 going on 20... 🎶 doesn't quite ring anymore. The end of an era, folks. #birthday"
138,554829020161142784,Tue Jan 13 02:35:21 +0000 2015,0,2,What can I say? I look good in scarlet. #OhioAgainstTheWorld #futurebuckeye??? http://t.co/l5JgrmQNzh
139,554621924312383489,Mon Jan 12 12:52:25 +0000 2015,0,0,"Today, it's duck season. #OhioAgainstTheWorld #GameDay"
140,554448250926034944,Mon Jan 12 01:22:18 +0000 2015,1,0,"RT @LesMisProbs: ""@EmmaSings05: @LesMisProbs Cast me please! :) http://t.co/bgSO8YCboK"" eponine"
141,553551467978960896,Fri Jan 09 13:58:49 +0000 2015,3839,0,RT @ianbremmer: Could be the Best Cartoon Ever http://t.co/T4uE2sx6Xn
142,551063620332056576,Fri Jan 02 17:13:00 +0000 2015,56,0,RT @tonedeafcomics: #MarchOnRome #RomeIsBurning http://t.co/DPyx8iae2R
143,550891883577487362,Fri Jan 02 05:50:34 +0000 2015,0,0,"What a game! I was absolutely glued to the screen. Next stop, National Champions! #OhioAgainstTheWorld"
144,550864668227813377,Fri Jan 02 04:02:26 +0000 2015,27,0,"RT @TheBwayHipster: How to instantly be friends with a thespian: just say ""I love theatre."" It gets them every time 😂🎭"
145,550517310055014400,Thu Jan 01 05:02:09 +0000 2015,29,0,RT @UMengineering: A New Year's Salutation Any Engineer Will Appreciate! #UniversalLanguage http://t.co/t6LMUO7eFy
146,550299269413224449,Wed Dec 31 14:35:44 +0000 2014,1,1,I don't want the holidays to be over! 😩
147,550040118032351232,Tue Dec 30 21:25:58 +0000 2014,0,0,#MegaMythbusters and #ninjathon have made up a majority of my winter break #noregrets
148,548255784505978880,Thu Dec 25 23:15:39 +0000 2014,0,1,I ADORE THIS BOOK!!!!! #bestsisteraward http://t.co/bEyPZssLlI
149,547820780151898113,Wed Dec 24 18:27:06 +0000 2014,8755,0,RT @girlposts: SANTA'S COMING TONIGHT TONIGHT http://t.co/k4V1X627De
150,546761132242116609,Sun Dec 21 20:16:26 +0000 2014,0,2,So this happened #Celebration http://t.co/HG0Elyr7Eu
151,546116667005493248,Sat Dec 20 01:35:34 +0000 2014,1,0,@COChorus has my heart tonight 🎶💙 Exquisite performance and a night of friends and fun! #Brava
152,545399314168938496,Thu Dec 18 02:05:04 +0000 2014,0,2,"Finally got to see a LoTR franchise movie in the theatre, and it was awesome! #OneLastTime #MyFirstTime"
153,544860732660383745,Tue Dec 16 14:24:56 +0000 2014,0,1,Oh how I've missed the sound of rain on the roof!
154,542756384866328576,Wed Dec 10 19:03:00 +0000 2014,8880,0,RT @girlposts: when you're ready for Christmas but still have to take finals.. http://t.co/n3AZKnR91b
155,542323497390063616,Tue Dec 09 14:22:52 +0000 2014,3,0,RT @MaeveVictoria: “@Mrbischer: http://t.co/Gl0fuQrvtN” @AndreaSchaertel  proof that some people know we do work.
156,540887573934407680,Fri Dec 05 15:17:01 +0000 2014,0,0,That moment when you get dressed up for class and it's audition day
157,540548145701457920,Thu Dec 04 16:48:15 +0000 2014,2,0,RT @COChorus: WCLV 104.9 FM is playing some of our holiday CD right now!
158,538789386868240384,Sat Nov 29 20:19:34 +0000 2014,0,2,This is defense? @EddieEweissfeld No this is Patrick. #OSUvsMICH
159,538013923790684161,Thu Nov 27 16:58:09 +0000 2014,0,0,@MadisonCorps is perfection. And we've got the perfect spot on the #dcicouch
160,537992995367555073,Thu Nov 27 15:35:00 +0000 2014,0,0,"“@DCI: ""Like"" if you prefer watching the broadway performances.  ""RT"" if you want to see bands and corps!  #MacysParade #DCIcouch” Both."
161,536937584434642945,Mon Nov 24 17:41:10 +0000 2014,0,1,Uh... Try line 87? #amatures http://t.co/Suus7u7zg3
162,532277874653671424,Tue Nov 11 21:05:09 +0000 2014,0,0,@Lin_Manuel has officially made it big. Baby and featured on Humans of New York! Congratulations!! &lt;3
163,529996736010678274,Wed Nov 05 14:00:43 +0000 2014,0,0,I need to do a show. Right now. And march. I miss it all too much!!! 😭
164,529103721628975105,Mon Nov 03 02:52:12 +0000 2014,446,0,"RT @BenSPLATT: Hey audience, we can ALWAYS SEE YOU TEXTING. Not so fun to look out during my number and see only your apathetic face lit up…"
165,528692801291452416,Sat Nov 01 23:39:21 +0000 2014,0,0,I just had a panic moment. In a practice room. About Doctor Who spoilers. I think I've hit a new low. #SpoilersAreNotWelcomeHere
166,527601112355188736,Wed Oct 29 23:21:22 +0000 2014,8121,0,RT @girlposts: Halloween to New Years is the best time of the year.
167,525260333104238592,Thu Oct 23 12:19:56 +0000 2014,0,0,“@TODAYshow: Sweet tribute: Pittsburgh NHL fans sing 'O Canada' after Ottawa shootings http://t.co/jz2ZYVGTw3” So proud to live here
168,524603335828312064,Tue Oct 21 16:49:16 +0000 2014,0,0,#nailedit http://t.co/9olZlUL0D9
169,523457565012004864,Sat Oct 18 12:56:23 +0000 2014,0,1,"This random HS football reviewer burst into his own rendition of ""Gaston"" over some QB of the same name. I'm so proud! #Broadway #Sports"
170,519964789549072384,Wed Oct 08 21:37:20 +0000 2014,5,0,RT @cmckerker: How I feel when the sopranos enter on a cue http://t.co/yaQ3n0w7vm
171,517340023344336896,Wed Oct 01 15:47:27 +0000 2014,1,2,@Mr_Silvidi #APEnglish http://t.co/dhJ6rx9hY5
172,517150267322949633,Wed Oct 01 03:13:26 +0000 2014,0,1,Wake me up when September ends http://t.co/gqK9tNWcLd
173,517001732535373824,Tue Sep 30 17:23:13 +0000 2014,0,1,@TheatreProblems YES PITTSBURGH!! Thank you!!
174,515322418794336257,Fri Sep 26 02:10:13 +0000 2014,1,1,Didn't touch a piano today. #rebel #FeelsSoGood
175,514168906572120064,Mon Sep 22 21:46:34 +0000 2014,0,1,@loveraeanne Please?? I miss you :'(
176,512704597857538049,Thu Sep 18 20:47:56 +0000 2014,0,2,I really hate iOS 8. Now none of my apps are working! #why #Ineedthesetofunction #AndYouThinkIamKidding
177,511148770294521856,Sun Sep 14 13:45:38 +0000 2014,0,0,"To whomever is erasing my dry erase board, you lack class #GrowUp"
178,510449102375911425,Fri Sep 12 15:25:24 +0000 2014,1422,0,RT @autocorrects: Can i send this to everyone please http://t.co/6IQBJIBAEP
179,510392536582852608,Fri Sep 12 11:40:38 +0000 2014,0,0,"Not gonna lie, I'm definitely hurt a bit that I didn't get cast in Drowsy Chaperone"
180,509875116151672833,Thu Sep 11 01:24:35 +0000 2014,5,0,RT @BNcollege: “Sometimes you can have the smallest role in the smallest production and still have a big impact.” - Neil Patrick Harris #qu…
181,509860268034490368,Thu Sep 11 00:25:35 +0000 2014,815,0,"RT @TrevorProject: It's World Suicide Prevention Day, and it's ok to #AskForHelp. Spread the word: http://t.co/E0lWsDKo10. http://t.co/KkVH…"
182,509445512366284800,Tue Sep 09 20:57:29 +0000 2014,0,0,This has made my day! @Lin_Manuel You're in my library! :D http://t.co/fOdJv2Xhfc
183,509061271858479104,Mon Sep 08 19:30:39 +0000 2014,0,0,"Thanks to podcasts, EVERY day is Science Friday"
184,508607415101947904,Sun Sep 07 13:27:11 +0000 2014,0,3,I love having a roommate who understands my classical music puns &lt;3
185,508316791282872321,Sat Sep 06 18:12:21 +0000 2014,0,0,Akron U on ESPN!! Go zips!!
186,507557183387860992,Thu Sep 04 15:53:57 +0000 2014,0,0,"Someone's singing ""Glitter and be Gay"" in their voice lesson. #Jealous #SOjealous"
187,506993665387282432,Wed Sep 03 02:34:43 +0000 2014,2,0,RT @laviedetheatre: My best friend moved to college without me... We had this conversation this morning #TheatreProblems http://t.co/qxoW7b…
188,506419308734730240,Mon Sep 01 12:32:26 +0000 2014,0,2,Casual Lamborghini at Ruby Tuesday's http://t.co/PTm7BrvjMU
189,502655692134973440,Fri Aug 22 03:17:10 +0000 2014,0,0,I'm so insanely sad that @kyla_ross96 @Simone_Biles @DanellJLeyva @JohnOrozco and so many more are 1 BLOCK AWAY and I can't see them :(
190,501555651261497344,Tue Aug 19 02:26:00 +0000 2014,0,0,"@JohnOrozco If you have free time during the week, you should head up a block to @duqedu for our Orientation week! It would mean a ton to me"
191,500298656692842496,Fri Aug 15 15:11:09 +0000 2014,237,0,RT @StephanieJBlock: http://t.co/Wol6TWIqBb
192,499002722050637826,Tue Aug 12 01:21:34 +0000 2014,5960,0,RT @HuffingtonPost: President Obama statement on Robin Williams: http://t.co/gunDUTgWs0
193,498983204897181696,Tue Aug 12 00:04:01 +0000 2014,120,0,RT @MusicalCity: RIP Robin Williams. http://t.co/zcNVHffNU4
194,498979875089580033,Mon Aug 11 23:50:47 +0000 2014,3556,0,"RT @BenKuchera: If you are struggling with depression and don't see a way out, call and get help: 1-800-273-8255. The world is better with …"
195,498311529155289088,Sun Aug 10 03:35:01 +0000 2014,0,1,Be still. My heart. I'm hardly breathing! @Bluecoats CONGRATULATIONS!!!! #HometownHeroes #BLOOOOOOOOOO
196,498208767591583746,Sat Aug 09 20:46:41 +0000 2014,216,0,"RT @TheFactsBook: Hookah is no healthier than cigarettes, and it includes more nicotine and tar."
197,497591912342491137,Fri Aug 08 03:55:31 +0000 2014,0,0,This year is a wonderful year to be a fan of @DCI; as is every year &lt;3 #BigLoudLive11 @CarolinaCrown @Bluecoats @scvanguard @MadisonCorps
198,496855177526534146,Wed Aug 06 03:08:00 +0000 2014,144,0,RT @duqedu: RT if this is where you'll call home later this month #Duquesne #Pittsburgh http://t.co/a3Xn5hVQIo
