,id_str,created_at,retweet_count,favorite_count,text
0,668800877717647360,Mon Nov 23 14:38:49 +0000 2015,0,0,"MONDAY MEANDERINGS!!!
The NEGATIVE always points to some external source of strength...It pretty much says I AM... https://t.co/HODM6F4QNg"
1,667702369933660161,Fri Nov 20 13:53:44 +0000 2015,0,0,"FUNNY THING HAPPENED on the WAY to FRIDAY!!!
Don't be a DINOSAUR EGG!!!  When they discover dinosaur eggs they... https://t.co/pHoMkdj89d"
2,666983632108707840,Wed Nov 18 14:17:44 +0000 2015,0,1,"WE ARE WEDNESDAY!!!
There is ONLY RIGHT NOW!!!
There is no limit to the supply of your energy other than what you... https://t.co/FkoS3YrF7h"
3,666254581727232000,Mon Nov 16 14:00:45 +0000 2015,0,0,"MIGHTY MONDAY!!!!
TRUTH is a LIVING EXPERIENCE. There are NO VERSIONS of TRUTH. TRUTH SIMPLY IS. I consciously... https://t.co/5rfD6sav0L"
4,665159992702427137,Fri Nov 13 13:31:14 +0000 2015,0,0,"FABULOUS FLIPPIN' FRIDAY!!!
When WE realize that  there is nothing else but OUR OWN  SPIRIT, and that WE... https://t.co/yjskYjoOc7"
5,664423493249798145,Wed Nov 11 12:44:39 +0000 2015,0,0,WOO HOO WEDNESDAY   Because the INFINITE is INFINITE there is NO LIMIT to the extent to which you may grow and... https://t.co/TycfN32cFg
6,664089864606978048,Tue Nov 10 14:38:56 +0000 2015,0,0,Connect to Independent Music https://t.co/rDLeEb9fAE ENJOY THE NEW TUNE
7,664089806146678784,Tue Nov 10 14:38:42 +0000 2015,0,0,ENJOY the NEW TUNE!!! https://t.co/DDxCyYPLWV
8,663714915341893632,Mon Nov 09 13:49:01 +0000 2015,0,0,"MONDAY MATTERS!!! As I look through my photos on FB, I see many HAPPY, JOYFUL PEOPLE!!! I can honestly say I KNOW... https://t.co/anralX5s3Q"
9,662628000278511616,Fri Nov 06 13:50:00 +0000 2015,0,0,"FICKLE FROLIC FRIDAY!!!!
How smart one is or how wealthy one is or even how smart and wealthy one is, means VERY... https://t.co/T1vfuEbtz0"
10,661889786601275392,Wed Nov 04 12:56:37 +0000 2015,0,0,"In EACH of US there exists a LIVE SPARK of DESIRE, ENTHUSIASM and JOY that can easily TURN INTO A FIERY PASSION... https://t.co/yR9IYH7sk6"
11,661181672667254784,Mon Nov 02 14:02:49 +0000 2015,0,0,"MONDAY, MAKE WAY for MONDAY!!!
It is no secret to those who read my posts that I BELIEVE IN GOODNESS, KINDNESS,... https://t.co/6RG6JwiwVd"
12,660077594251911168,Fri Oct 30 12:55:36 +0000 2015,0,0,"FREAKY FRIDAY!!!
So many people I meet are waiting for someone to rescue them from their circumstances. I have... https://t.co/gdf7CLfcUw"
13,659343787487985664,Wed Oct 28 12:19:43 +0000 2015,0,0,"WE WARMLY WELCOME WEDNESDAY!!!
The essential point in OVERCOMING any difficulty or solving any problem is... https://t.co/I9zLHMbKbv"
14,658611907654356992,Mon Oct 26 11:51:29 +0000 2015,0,0,"MAKING MAGIC MONDAY!!!
YOU are the MAGIC!!! TRUST YOURSELF!!! The moment you allow tension to enter into your... https://t.co/UgL7dRyNQq"
15,657906931697250308,Sat Oct 24 13:10:10 +0000 2015,0,0,NEW SONG FROM NEW CD TOP 10 ALREADY!!!! https://t.co/GPxexnRhH3
16,657906743679283201,Sat Oct 24 13:09:25 +0000 2015,0,0,Connect to Independent Music https://t.co/CG9cNb314X GREAT NEW SONG TOP 10 ALREADY
17,657533532164636672,Fri Oct 23 12:26:25 +0000 2015,0,0,"FREE FORM FRIDAY---Simple thoughts for the weekend...
I don't create my mind ... I USE IT!!!!!
I am ACTIVELY... https://t.co/hHtmG21k1Y"
18,656807956667695104,Wed Oct 21 12:23:14 +0000 2015,0,0,"WEDNESDAY WONDERS!!!
One can have the best teachers, buy the best instruments, strings, canvases, paints etc. One... https://t.co/Carru9mptf"
19,656075229291266048,Mon Oct 19 11:51:38 +0000 2015,0,0,"MIGHTY MARVELOUS MONDAY!!!!
You should never be content to accept less than HARMONY, LOVE, PEACE and FREEDOM in... http://t.co/KSXDoyav1h"
20,655420183364943872,Sat Oct 17 16:28:43 +0000 2015,0,0,A Lovely Day on the Pond - Play on N1M http://t.co/qMX526nzWY
21,654998521511284737,Fri Oct 16 12:33:11 +0000 2015,0,0,"FEARLESS FRIDAY!!!!
YOU must forgive EVERYONE who has ever hurt you, if YOU want  others to  forgive YOU...and... http://t.co/zzBsQyoIl2"
22,654272403644772352,Wed Oct 14 12:27:51 +0000 2015,0,0,"WEDNESDAY...
GOOD MORNING!!!! The GOOD LIFE is acknowledging the POWER of GOODNESS that is in each of us. It... http://t.co/TaX25VcRCJ"
23,653543525590650880,Mon Oct 12 12:11:33 +0000 2015,0,0,"MONDAY, MONDAY, MONDAY!!!!
Welcome back CASTLETON PEEPS :-)
You  do not owe a speck of loyalty to anyone or... http://t.co/cUpMWXYujq"
24,652472308825739264,Fri Oct 09 13:14:55 +0000 2015,0,0,"FAST FACTS FRIDAY!!!!
I meet a lot of Folks, who claim that they are ""supposed to ......"" 
Well, there's NOTHING... http://t.co/BxAm9u1rqJ"
25,651750290581024769,Wed Oct 07 13:25:52 +0000 2015,0,0,Connect to Independent Music http://t.co/KuEEqfHSoA TOP 10 tune..VERY COOL
26,651750178425294848,Wed Oct 07 13:25:26 +0000 2015,0,0,Here's a NEW CATEGORY for me---VERY COOL TUNE http://t.co/b2fEBePa9M
27,651732385428566016,Wed Oct 07 12:14:43 +0000 2015,0,0,"Wily Wednesday!!!
I truly believe that GOODNESS is the ONLY POWER and PRESENCE there is. Believing otherwise has... http://t.co/czfwvLNMmu"
28,650991982085541888,Mon Oct 05 11:12:38 +0000 2015,0,0,"MAKING MONDAY MEANINGFUL!!!! LOVE is an ALL-conquering force. 
LOVE brings the PROSPERITY YOU DESERVE.  
YOU ARE... http://t.co/IICwlbN4P5"
29,649912508615163904,Fri Oct 02 11:43:11 +0000 2015,0,0,"FANTASTIC FRIDAY!!!
There is SO MUCH JOY in this world, when one OPENS his/her HEART and MIND to the... http://t.co/4NCbMRvIuc"
30,648478857218117632,Mon Sep 28 12:46:22 +0000 2015,0,0,"IT'S A MIGHTY MOUNTAIN MOVING MONDAY!!!  I know am surrounded with FRIENDSHIP, LOVE and  BEAUTY at ALL TIMES. I... http://t.co/lnG5WsjSrT"
31,647384651053592576,Fri Sep 25 12:18:23 +0000 2015,0,0,"FABULOUS FRIDAY!!! It's a BIG WEEKEND PARTY HERE in Castleton...  FOOTBALL HOMECOMING, ALUMNI return!!! BRING... http://t.co/B9mJrXkZOd"
32,647125046704611328,Thu Sep 24 19:06:48 +0000 2015,0,0,Well what a day this has been!!! I am officially playing the WORLD FAMOUS POULTNEY CHILI COOKOFF this Saturday... http://t.co/sgHY3SBiwC
33,647016412238757888,Thu Sep 24 11:55:08 +0000 2015,0,0,A Lovely Day on the Pond - Play on N1M http://t.co/8a2YUOgGS2
34,646657886127566848,Wed Sep 23 12:10:29 +0000 2015,0,0,"WAKE UP WEDNESDAY --- GO FOR IT!!!!! 
Here is how I start my day
I am so strong that nothing can disturb my peace... http://t.co/BslKy2cro9"
35,645938575964549120,Mon Sep 21 12:32:12 +0000 2015,0,0,"MY MY MONDAY...The Chill of Fall has arrived this A.M (Y) (Y) (Y)
As long as you recognize the reality of... http://t.co/Ejs8ZhX1D4"
36,644855620349390848,Fri Sep 18 12:48:55 +0000 2015,0,0,"FEARLESS FRIDAY!!!
BEAUTY has become so narrowed down and packaged... LET'S EXPAND our perception of BEAUTY and... http://t.co/7nite6JQpQ"
37,644133539114536961,Wed Sep 16 12:59:37 +0000 2015,0,0,GOODNESS is a PRESENCE and POWER which knows NO DEFEAT. YOU are a vessel for GOOD; GOODNESS and LOVE are THE... http://t.co/PeLDiEu3ln
38,643747941447036928,Tue Sep 15 11:27:24 +0000 2015,0,0,Hello World! Check this out! http://t.co/finpox1b5Z #3 in USA
39,643747715583750144,Tue Sep 15 11:26:30 +0000 2015,0,1,This is #3 in USA...THANK YOU to ALL who have made it so!!! (Y) (Y) (Y) http://t.co/7Y8iCGz2mf
40,643747395679973376,Tue Sep 15 11:25:14 +0000 2015,0,0,A Lovely Day on the Pond - Play on N1M http://t.co/nzO9xdOw18
41,643415922150125568,Mon Sep 14 13:28:04 +0000 2015,0,0,"MIGHTY MONDAY!!!
GOODNESS is WHO YOU ARE!!!! YOU are UNBOUNDED PERFECTION; YOU are HARMONY; YOU are PEACE!!!... http://t.co/7U14nG3VxH"
42,642314748705554432,Fri Sep 11 12:32:24 +0000 2015,0,0,"FOREVER FRIDAY!!!!
EVERY relationship requires seeing GOODNESS on BOTH SIDES of the table!!! MANIPULATING, TAKING... http://t.co/FklhXiQakI"
43,642004951066112000,Thu Sep 10 16:01:22 +0000 2015,0,0,"EXTRA EXTRA!!!!
I will be HOSTING OPEN MIC again TONIGHT at 8:00P.M. in the CAMPUS CENTER!!!! Come on down and... http://t.co/4luGB06vHk"
44,641961883084451840,Thu Sep 10 13:10:14 +0000 2015,0,0,Hello World! Listen to this song! http://t.co/PpKQAvewnH
45,641961833516134401,Thu Sep 10 13:10:02 +0000 2015,0,0,Hello World! Listen to this song! http://t.co/3zcJQaama6
46,641961730122383360,Thu Sep 10 13:09:38 +0000 2015,0,0,One Thing's for Certain - Play on N1M http://t.co/5D6dTBgTXh
47,641961633229721600,Thu Sep 10 13:09:15 +0000 2015,1,1,A Lovely Day on the Pond - Play on N1M http://t.co/TDsXKsL1lf
48,641589464633090049,Wed Sep 09 12:30:23 +0000 2015,0,0,"WEDNESDAY WAKENINGS!!!!
I mention GOODNESS often in my posts because I believe in GOODNESS.
DO YOUR BEST to... http://t.co/cXU34Z5TFo"
49,639775451779436545,Fri Sep 04 12:22:08 +0000 2015,0,0,"FREAKY FRIDAY :-)
There are ONLY 2 GREAT EMOTIONS: LOVE and FEAR!!! Our world is a creative mental concept...like... http://t.co/Y8qIY9PQ1l"
50,639621793368543232,Fri Sep 04 02:11:33 +0000 2015,0,1,"Thank you Castleton Dudes and Dudettes :-)
Open MIC was KILLER!!! 
We have a GREAT COMMUNITY!!!! &lt;3 &lt;3 &lt;3"
51,639513937822765056,Thu Sep 03 19:02:59 +0000 2015,0,0,"Tonight there will be an OPEN MIC at FIRESIDE in the CAMPUS CENTER.
I will be hosting it...c'mon by and JOIN in the FUN!!!!"
52,639049107760279552,Wed Sep 02 12:15:54 +0000 2015,0,0,"WEDNESDAY WONDERFUL WEDNESDAY!!!!
You could not possibly do better than the BEST you know at the time. It is VERY... http://t.co/nA9yhLzzP9"
53,638333122791272448,Mon Aug 31 12:50:50 +0000 2015,0,0,"MEANINGFUL MONDAY!!!
It is the use of creative thought that brings us to where we are EVERY DAY!!!
I have found... http://t.co/gJ76PAQ2IW"
54,637658810212032512,Sat Aug 29 16:11:22 +0000 2015,0,0,"THANK YOU David Ievoli AND HELENE for a delightful surprise visit!!!
It truly made for a great start to the... http://t.co/isfdEcf14T"
55,637228605932617728,Fri Aug 28 11:41:53 +0000 2015,0,0,FABULOUS FUN FRIDAY---People think of LOVE as some kind of POWER OUTSIDE of themselves that miraculously rescues... http://t.co/j6a4bq8K3h
56,636501864708620288,Wed Aug 26 11:34:04 +0000 2015,0,0,"WARM WEDNESDAY WISHES &lt;3 &lt;3 &lt;3 
GOODNESS, LOVE, JOY are ALL PART of YOUR MIRACLE; because YOU ARE A MIRACLE!!!... http://t.co/pbm4A658WK"
57,635785911511347200,Mon Aug 24 12:09:08 +0000 2015,0,0,"MARVELOUS MONDAY!!!!!
Today is the FIRST day of the term. THERE is much EXCITEMENT. 
If you want to know what you... http://t.co/R5dkA1AWde"
58,634696604583374848,Fri Aug 21 12:00:37 +0000 2015,0,0,"FABULOUS FRIDAY FACTS!!!
There is ALWAYS a time, when we ALL can use advice, encouragement, and support. There is... http://t.co/x2tudKVHGx"
59,633953993085947909,Wed Aug 19 10:49:44 +0000 2015,0,0,"WHOLESOME WEDNESDAY WORDS :-)
SELF-RESPECT is not like SELF-ESTEEM or SELF-CONFIDENCE...it isn't based on IQ or... http://t.co/urrk3ttbI3"
60,631436222838083584,Wed Aug 12 12:05:01 +0000 2015,0,0,"WALTZING WEDNESDAY!!! 
Life can only do FOR US, what it does THROUGH US!!!
YOUR UNIQUE INDIVIDUAL EXPRESSION is... http://t.co/SvJygXa7MB"
61,630437175906144256,Sun Aug 09 17:55:10 +0000 2015,5,3,@indieworksrd @OpentheDoorRadi @vdupew @erisareimusic @yeah_son @thefreeyears @12YearsDriven @WaveRadioMusic @HometownWSTW
62,630437175897812993,Sun Aug 09 17:55:10 +0000 2015,2,1,@BNoelBarr @Sheldon_Snow @Bobby_Hart_ @karenak rock on
63,630437175885213697,Sun Aug 09 17:55:10 +0000 2015,0,1,@BeyondDawnRadio @Miccoliofficial @UnsignedRev
64,630437175562215424,Sun Aug 09 17:55:10 +0000 2015,0,0,@BeyondDawnRadio @Preachermann1 @Taistix @renesaucier Thanks
65,630437175558078464,Sun Aug 09 17:55:10 +0000 2015,1,1,@BNoelBarr @Sheldon_Snow @Bobby_Hart_ @karenak
66,629604605672980480,Fri Aug 07 10:46:50 +0000 2015,0,0,"FABULOUS FRIDAY!!!!
You can believe me or not. I start EACH DAY with this thought and action: 
""Every day in... http://t.co/jmuIfIOF6I"
67,628904497792749568,Wed Aug 05 12:24:51 +0000 2015,0,0,"WHY WEDNESDAY WORKS WONDERS!!!
GOODNESS is the ONLY PRESENCE there is. As long as you entertain any thoughts that... http://t.co/SuqVIwxXFq"
68,628208770594770944,Mon Aug 03 14:20:17 +0000 2015,0,0,"MAKE A MIRACLE MONDAY!!!
FEAR, ANGER and WORRY literally stop the FLOW of GOODNESS!!!
FORGIVENESS of others and... http://t.co/M4jbfQKph7"
69,627073094167982081,Fri Jul 31 11:07:30 +0000 2015,0,0,"FACE FACTS FRIDAY!!!
I have found that MY BIGGEST ENEMIES are MY OWN THOUGHTS of Fear, Doubt, Criticism of... http://t.co/ufu5rpF2ui"
70,626399166126784512,Wed Jul 29 14:29:33 +0000 2015,0,0,"Added a new video: ""A Lovely Day on the Pond"" http://t.co/ndMxZDDtyj http://t.co/Ehw8u8YaYI"
71,626399164344070144,Wed Jul 29 14:29:33 +0000 2015,0,0,"Added a new video: ""A Lovely Day on the Pond"" http://t.co/ndMxZDlS9J #video"
72,626399161571741697,Wed Jul 29 14:29:32 +0000 2015,0,0,"Added a new video: ""A Lovely Day on the Pond"" http://t.co/ndMxZDDtyj http://t.co/taERxiDoZP"
73,626391668305096704,Wed Jul 29 13:59:46 +0000 2015,0,0,"WEDNESDAY WONDERFUL WEDNESDAY!!!
Negative thought is any thought of failure, disappointment, trouble, criticism,... http://t.co/BknnqQVgFj"
74,625640978200829952,Mon Jul 27 12:16:47 +0000 2015,0,0,"MIGHTY MERRY MONDAY!!!!
LOVE IS A  DIVINE CONCEPT of PEACE, HAPPINESS, HARMONY and WHOLENESS...IT is FREE...LIFE... http://t.co/36Z3gQPZW3"
75,623817695457378304,Wed Jul 22 11:31:43 +0000 2015,0,0,"WALKING WITH WONDERFUL WEDNESDAY!!!
There is a WONDROUS CHANGE that comes over us, when we recognize that... http://t.co/3xx1pYlqM5"
76,623284680050221057,Tue Jul 21 00:13:42 +0000 2015,0,0,@BeyondDawnRadio I wish I knew how to TWEET BETTER
77,623284333529427968,Tue Jul 21 00:12:19 +0000 2015,2,1,@BeyondDawnRadio @UnsignedRev @Sheldon_Snow @ZestRadioShow @cdbaby
78,623283872852242434,Tue Jul 21 00:10:29 +0000 2015,2,5,@BeyondDawnRadio @Miccoliofficial @karenak @indieworksrd @wilybo
79,623103590916337664,Mon Jul 20 12:14:07 +0000 2015,0,0,"MAKE MIRACLES MONDAY!!!!
GOODNESS is BIGGER than ANY PROBLEM...GOODNESS in YOU is GREATER than any DIFFICULTY YOU... http://t.co/Z1bSOtgOKz"
80,622511614021996544,Sat Jul 18 21:01:49 +0000 2015,1,0,@R_1_U @thebreezelm @indieworksrd @CastletonSports @jack_oconn @TerraRisingFilm
81,622487760411209728,Sat Jul 18 19:27:02 +0000 2015,2,1,"OK, ONCE AGAIN I AM PERFORMING AT THE FISHTAIL on LAKE BOMOSEEN TONIGHT at 8:30 P.M. http://t.co/iCpkR8RlTd"
82,622020742713094144,Fri Jul 17 12:31:16 +0000 2015,0,0,"FEARLESS FRIDAY!!!
ENJOY, EXPLORE, ENGAGE in the WEEKEND EVERYONE!!! 
IT'S A BE-YOU-T-FULL LIFE!!!!
&lt;3 &lt;3 &lt;3"
83,621301054328696832,Wed Jul 15 12:51:29 +0000 2015,0,0,"WELCOME WEDNESDAY WITH WONDER!!!
YOU CAN MOVE MOUNTAINS WHEN YOU TRULY BELIEVE YOU CAN!!!
YOU ARE A CREATIVE... http://t.co/rwOjyeQLxK"
84,620724427546865664,Mon Jul 13 22:40:10 +0000 2015,4,4,@broadjam @BeyondDawnRadio @indieworksrd @karenak @wilybo new songs posted on BROADJAM
85,620724216271380480,Mon Jul 13 22:39:20 +0000 2015,0,0,@broadjam @BeyondDawnRadio @indieworksrd new songs posted on BROADJAM
86,620723981960781824,Mon Jul 13 22:38:24 +0000 2015,1,1,@R_1_U @broadjam @BeyondDawnRadio @indieworksrd
87,620723755116044288,Mon Jul 13 22:37:30 +0000 2015,0,0,New songs posted on BROADJAM
88,620564917146382337,Mon Jul 13 12:06:20 +0000 2015,0,0,"MAKE MEANINGFUL MONDAY MEMORIES!!!
LOVE is open to EVERYONE. There is no entrance exam, no formal training, no... http://t.co/23PWcoe1mJ"
89,620096080957583360,Sun Jul 12 05:03:21 +0000 2015,0,0,"ANOTHER WONDERFUL NIGHT at THE FISHTAIL!!!
Thank you Mike, David, and the FISHTAIL CREW!!!!"
90,619870732839837696,Sat Jul 11 14:07:54 +0000 2015,0,0,"HELLO EVERYONE!!! 
FISHTAIL ---If you are out and about the Castleton-Bomoseen area tonight---
I WILL BE... http://t.co/m18zyNal9E"
91,619486180099391488,Fri Jul 10 12:39:49 +0000 2015,0,0,"FEARLESS FRIDAY!!!
As long as you hold on to fear or resentment or for that matter any troubles in your heart, it... http://t.co/HVbsErhPkS"
92,618796569228386304,Wed Jul 08 14:59:33 +0000 2015,0,0,"WHITTLING, WHISKING, WIGGLING WEDNESDAY!!!
Expressing GRATITUDE for what we have is so often overlooked in our... http://t.co/5IjkhTZXWA"
93,618040557043097600,Mon Jul 06 12:55:26 +0000 2015,0,0,"MERRY MINDFUL MONDAY!!!!
I have found it very foolish to attempt to improve my environment, while leaving my mind... http://t.co/64XBbuInJY"
94,616951506043019264,Fri Jul 03 12:47:56 +0000 2015,0,1,"FUN FRIDAY FACTS!!!
I seem to be HAPPY and WELL, when I  LIVE UP to the HIGHEST GOODNESS inside ME. HELPING and... http://t.co/DUYhQHsyDk"
95,616225781484810240,Wed Jul 01 12:44:09 +0000 2015,0,0,"WAKE-UP WEDNESDAY!!!
YOU EXPERIENCE LIFE to the FULLEST, ONLY when YOU ARE HAPPY, FEEL FREE, JOYFUL, and USEFUL... http://t.co/fZfB8UYAQb"
96,615677761936560128,Tue Jun 30 00:26:31 +0000 2015,0,0,@BeyondDawnRadio TY Dawn
97,615677407882833924,Tue Jun 30 00:25:07 +0000 2015,0,0,@BeyondDawnRadio 🎉👍⭐️
98,615677335090671616,Tue Jun 30 00:24:50 +0000 2015,0,0,@BeyondDawnRadio 👍⭐️🎉
99,615677258351689729,Tue Jun 30 00:24:31 +0000 2015,2,2,@wilybo @zhanadarte 🎉👍
100,615499695062790144,Mon Jun 29 12:38:57 +0000 2015,0,0,"MAY MONDAY MAKE MARVELOUS MEMORIES!!!
PAY ATTENTION to YOUR INNER AWARENESS, INCREASE your FAITH in GOODNESS and... http://t.co/TLZgBCVvWc"
101,615480419128098816,Mon Jun 29 11:22:21 +0000 2015,3,5,@indieworksrd @BlindFret @parallaxfaction @XRPRadio @TizzyXRP @elmtreasonband @VincentMusanti Hope all is👍
102,614490109317132288,Fri Jun 26 17:47:13 +0000 2015,0,1,@karenak not yet! 1 more trip to Master
103,614414068162691074,Fri Jun 26 12:45:03 +0000 2015,0,1,"FRIDAY FACTS FOR FAITHFUL FOLKS!!!
The ONLY RELIGION I am interested in is the one where PRACTICING the PRESENCE... http://t.co/k9JCQaCTRF"
104,614168433232609280,Thu Jun 25 20:28:59 +0000 2015,0,3,@Sheldon_Snow @youthmodel @BNoelBarr @karenak @FatBastardSound @LadyLakeMusic @indieworksrd I have a new CD RELEASE
105,614162004924829696,Thu Jun 25 20:03:27 +0000 2015,0,2,@karenak @NorthernGroove thank you NG
106,614161513348263936,Thu Jun 25 20:01:30 +0000 2015,2,4,@Sheldon_Snow @youthmodel @BNoelBarr @karenak @FatBastardSound @LadyLakeMusic @indieworksrd
107,614161263288037376,Thu Jun 25 20:00:30 +0000 2015,5,4,@LesleeAllan @WolfmanRadio @MadgeRadio @karenak @wilybo @Sheldon_Snow @BeyondDawnRadio just had RELEASE YOURSELF AIRED on WMR
108,612957802630266880,Mon Jun 22 12:18:23 +0000 2015,0,0,"MARVELOUS MONDAY!!!
""Every fear and doubt puts teeth in their bite to keep us all together all huddled in fright""... http://t.co/O9F1Fuekhm"
109,612307093190746112,Sat Jun 20 17:12:41 +0000 2015,0,0,@The_Bootlegger tons of new
110,612306047970213888,Sat Jun 20 17:08:32 +0000 2015,0,1,"@The_Bootlegger indeedy weedy
We have 2 cool live vids on ytube"
111,612305393679634432,Sat Jun 20 17:05:56 +0000 2015,0,1,@FatBastardSound This is a new game for me😎
112,612305111323418624,Sat Jun 20 17:04:49 +0000 2015,3,3,@wilybo @LadyLakeMusic @indieworksrd have a WONDERFUL WEEKEND
113,612304924789977088,Sat Jun 20 17:04:04 +0000 2015,0,0,@RockersDive Thank you
114,612304809832644608,Sat Jun 20 17:03:37 +0000 2015,0,0,@BNoelBarr GOOD STUFF
115,612304660179865601,Sat Jun 20 17:03:01 +0000 2015,1,2,@elmtreasonband @laurie_biagini @delzorros @TheReign5 @SLDigging 👍⭐️🎉😎
116,612304252308996096,Sat Jun 20 17:01:24 +0000 2015,0,0,@tdawn1 🎉👍⭐️
117,612304091704872960,Sat Jun 20 17:00:46 +0000 2015,0,1,"@The_Bootlegger you need some RW MUSIC w/ Ryan, Zdenek and Brook"
118,612303444209201152,Sat Jun 20 16:58:11 +0000 2015,0,0,@The_Bootlegger @realDonaldTrump
119,612303125320466432,Sat Jun 20 16:56:55 +0000 2015,2,3,@tdawn1 @R_1_U @elmtreasonband @LadyLakeMusic
120,612302766007054336,Sat Jun 20 16:55:30 +0000 2015,1,1,@LadyLakeMusic 👍👍👍👍
121,611902483401568257,Fri Jun 19 14:24:55 +0000 2015,0,4,"FESTIVAL FREE FORM FRIDAY :-)
Have a DELIGHTFUL weekend all you Dads!!!!  May delicious thoughts of GOODNESS,... http://t.co/Q5XE8eXcXW"
122,611131565653909504,Wed Jun 17 11:21:34 +0000 2015,0,0,"WONDERFUL WORKING WEDNESDAY!!!
Ever notice how signs are pretty much like orders or principles...One Way, STOP... http://t.co/gdwfQtjuG2"
123,610433267251019776,Mon Jun 15 13:06:46 +0000 2015,0,0,"MOVING MONDAY'S MOUNTAINS!!!
So many people I meet often tell me that they fear their PAST will catch up to them.... http://t.co/goD5WePKYQ"
124,609589676865761280,Sat Jun 13 05:14:39 +0000 2015,0,0,"Thank you Fishtail Tavern, Mike Mamunes, David Rogers and all the Staff for a terrific night of FUN and Music!!!... http://t.co/8ivfaWxGue"
125,609409911798108160,Fri Jun 12 17:20:19 +0000 2015,0,0,"OK FOLKS!!!
TONIGHT I will be PERFORMING at the Fishtail Tavern on LAKE BOMOSEEN starting around 8:30. C'mon... http://t.co/nLp4qKhyPf"
126,609331944698937344,Fri Jun 12 12:10:31 +0000 2015,0,0,"FOREVER FRIDAY 
How many FOLKS really understand that they are truly SPIRITUAL BEINGS?
That THEY ARE filled with... http://t.co/4alwE02BVq"
127,609049717465620480,Thu Jun 11 17:29:02 +0000 2015,1,2,@wilybo @LadyLakeMusic @indieworksrd @
128,608603572327059456,Wed Jun 10 11:56:13 +0000 2015,0,0,"WEDNESDAY WORKS WONDERS!!!
What's the HURRY??? You can't HURRY to get PEACE of MIND!!!! 
Experience your LIFE by... http://t.co/jqKPiESztV"
129,607886071490355200,Mon Jun 08 12:25:08 +0000 2015,0,0,"MONEYDAY, MONDAY...why not??? EVERYDAY is MONEYDAY when nothing is too good to be true!!! Nothing gets acted upon... http://t.co/Unu01A3y5z"
130,606956189100982272,Fri Jun 05 22:50:06 +0000 2015,0,0,"EXTRA, EXTRA!!!!
The Rock Doc DATES for performing at the FISHTAIL on Lake Bomoseen are in the book!!!! June 12,... http://t.co/f1M05HsGNo"
131,606795742917894144,Fri Jun 05 12:12:33 +0000 2015,0,0,"FRIDAY FOCUS!!!
There is nothing missing from your life. You ALREADY HAVE whatever you may be looking for.... http://t.co/Qo63tfLzgs"
132,606613413373059073,Fri Jun 05 00:08:02 +0000 2015,0,0,@tedges Hi Tracey
133,606613256409645056,Fri Jun 05 00:07:25 +0000 2015,0,1,@laurie_biagini @delzorros @elmtreasonband @thetaters @TheReign5 Hi Laura this is all brand new to me
134,606612925315489792,Fri Jun 05 00:06:06 +0000 2015,0,0,@Sheldon_Snow Great tunes Shel
135,606612409365757952,Fri Jun 05 00:04:03 +0000 2015,0,0,@CocaCola I have a GREAT NEW CAMPAIGN IDEA FOR THEM
136,606592935262621696,Thu Jun 04 22:46:40 +0000 2015,0,0,Thank you to ALL the TERRIFIC VENDORS who awarded me with DELICIOUS GOODIES after the show today (Y) (Y) (Y)... http://t.co/0MDf4Ez6IQ
137,606525051442184192,Thu Jun 04 18:16:55 +0000 2015,0,0,"If anyone is out and about in Castleton today, I will be performing at the Farmer's Market from 3:30 - 6:00!!!
C'mon down!!!!
(Y) &lt;3 (Y)"
138,606454021705101312,Thu Jun 04 13:34:40 +0000 2015,0,0,It's a BEAUTIFUL DAY to be ALIVE
139,606258301110763520,Thu Jun 04 00:36:57 +0000 2015,0,0,@StickmanBleedin yes INDEEDY weedy
140,606258143568523264,Thu Jun 04 00:36:19 +0000 2015,0,1,@elmtreasonband back at ya
141,606194822924369920,Wed Jun 03 20:24:42 +0000 2015,0,0,I'm new to this
142,606090206073257984,Wed Jun 03 13:29:00 +0000 2015,0,0,"WEDNESDAY WHISTLES WONDERFUL WISHES!!!
As soon as I open my eyes I say: ""In every way and every day a smile is... http://t.co/WRadrIY1gA"
143,556458738220277760,Sat Jan 17 14:31:16 +0000 2015,0,0,Connect to Independent Music http://t.co/4zpw68DZpR Robert Wuagneux SHADY LANE
144,556458470950850560,Sat Jan 17 14:30:12 +0000 2015,0,0,Shady Lane has entered the Vermont Top 10 at #6
145,551720508882825216,Sun Jan 04 12:43:14 +0000 2015,0,1,@laurie_biagini @thetaters @The_Mockers @TheReign5 HAPPY NEW YEAR
146,535087402608390144,Wed Nov 19 15:09:12 +0000 2014,0,0,Hello World! Check this out! http://t.co/Yaeq2awVbU
147,529292733790171136,Mon Nov 03 15:23:16 +0000 2014,1,2,"Posted a new song: ""A LOVELY DAY ON THE POND"" http://t.co/LXhnwy8wHI #music"
148,496624412062269440,Tue Aug 05 11:51:01 +0000 2014,2,1,BE HAPPY!!!!! Bip Bop I Found A love http://t.co/eTUosckrv3
149,494823863793242112,Thu Jul 31 12:36:17 +0000 2014,0,1,@BluVals I REALLY LIKE THIS VERSION!!!
150,494823757832527872,Thu Jul 31 12:35:51 +0000 2014,0,1,@BluVals I don't think I have this one
151,489613489703383040,Thu Jul 17 03:32:07 +0000 2014,5,5,@flaminghrecords MCT is ACES w/ ME
152,489613350372769792,Thu Jul 17 03:31:33 +0000 2014,5,5,@flaminghrecords GREAT TUNE-GREATER ARTISTS!!!
153,489613179136131072,Thu Jul 17 03:30:53 +0000 2014,0,1,@karenak ALWAYS great to hear you are gigging
154,487905287689347072,Sat Jul 12 10:24:20 +0000 2014,0,0,This is BEAUTIFUL!!!
155,485936161987129344,Sun Jul 06 23:59:43 +0000 2014,3,1,@joegande @BeyondDawnRadio @danclarkmusic @thecheekofher @ivar0707 @EleanorRising YES SHE DOES!!!
156,485274128945922049,Sat Jul 05 04:09:02 +0000 2014,0,1,@laurie_biagini @thetaters @The_Mockers @TheReign5 @R_1_U Hi Laura!!!All the best to you!!
157,481946312578187264,Wed Jun 25 23:45:29 +0000 2014,1,0,@BeyondDawnRadio BTD ROCKS!!!!!
158,481179340625821696,Mon Jun 23 20:57:49 +0000 2014,0,0,"@BeyondDawnRadio @ivar0707 @keithspinney @dragatis @KillForEden @moonrunnersuk @thecheekofher Thank you, BTD"
159,481179255137517568,Mon Jun 23 20:57:28 +0000 2014,0,0,@BeyondDawnRadio @ivar0707 @keithspinney @R_1_U @dragatis @KillForEden @moonrunnersuk @thecheekofher
160,469568197138468864,Thu May 22 19:59:17 +0000 2014,3,1,@BeyondDawnRadio @WIUV913 @CastletonWLax @dw6string @BNoelBarr @broadjam
161,468527797384663040,Mon May 19 23:05:06 +0000 2014,1,0,@BeyondDawnRadio @broadjam @Cave19_ @DianeNewusb @Megan_Dandurand @PartyHartye check out the iview
162,468527247649812480,Mon May 19 23:02:55 +0000 2014,0,1,@BeyondDawnRadio @IndieFollowBack @joebredow1 @Rob_Brez check out the iview
163,468526972696420354,Mon May 19 23:01:49 +0000 2014,0,0,@BeyondDawnRadio @recordlabel_ar @BNoelBarr @thebreezelm @B_Schoeneberger @cdbaby check out the iview
164,468526530876805120,Mon May 19 23:00:04 +0000 2014,0,1,@BeyondDawnRadio @slickkrick802 @elmtreasonband @Serena_Farrell @Kris_Nolan_ @lisaa_daviss check out the iview
165,468525821154439170,Mon May 19 22:57:15 +0000 2014,1,1,@BeyondDawnRadio @CastletonFAC @NorthernGirl15 @WolfmanRadio @BluVals @ZestRadioShow check out the iview
166,468525328923508737,Mon May 19 22:55:17 +0000 2014,0,1,@BeyondDawnRadio @oregonshel @AmeliaScalies @fatbastardsound @jack_oconn Check out the iview
167,467157239657025536,Fri May 16 04:18:59 +0000 2014,1,3,@fatbastardsound @rockinchick27 @RisingTerra @AngelsStormBand @Sheldon_Snow @kats_trax @RadioKC @MikeCannDo YAHOOOO
168,467109370715574272,Fri May 16 01:08:47 +0000 2014,3,1,@RisingTerra @ryan_unsigned @LSalome2 @SnapshotsBySamM @KenPettigrew No one shy here - Let the good times roll
169,467106636406861825,Fri May 16 00:57:55 +0000 2014,3,2,@RisingTerra @ryan_unsigned @LSalome2 @SnapshotsBySamM @KenPettigrew Thank you Mike!!!
170,467106526109241344,Fri May 16 00:57:28 +0000 2014,2,1,@RisingTerra @ryan_unsigned @LSalome2 @R_1_U @SnapshotsBySamM @KenPettigrew
171,465657907019673600,Mon May 12 01:01:11 +0000 2014,3,2,@karenak @RisingTerra @fatbastardsound @Sheldon_Snow @MicheleJennae @kats_trax @R_1_U @pinkpopfest @GlastoFest I like this twitter thing
172,465621943144558592,Sun May 11 22:38:16 +0000 2014,2,2,@fatbastardsound @RisingTerra @karenak @MicheleJennae @Sheldon_Snow @BNoelBarr @kats_trax @pinkpopfest @GlastoFest Winter was BRUTAL
173,465618631343095808,Sun May 11 22:25:07 +0000 2014,2,2,@fatbastardsound @RisingTerra @karenak @MicheleJennae @Sheldon_Snow @BNoelBarr @kats_trax @pinkpopfest @GlastoFest BUSYw/ LIFE :-)
174,465612864741335040,Sun May 11 22:02:12 +0000 2014,1,1,@fatbastardsound @RisingTerra @karenak @MicheleJennae @Sheldon_Snow @BNoelBarr @kats_trax @pinkpopfest @GlastoFest HELLO FBS
175,465612794767736832,Sun May 11 22:01:55 +0000 2014,2,1,@fatbastardsound @RisingTerra @karenak @MicheleJennae @Sheldon_Snow @BNoelBarr @kats_trax @R_1_U @pinkpopfest @GlastoFest HELLO FBS!!!
176,461310174670884864,Wed Apr 30 01:04:51 +0000 2014,5,2,@BeyondDawnRadio @RisingTerra @tedges @Happenstance4 lots of good stuff on this iview
177,461309661757841408,Wed Apr 30 01:02:48 +0000 2014,1,1,@BeyondDawnRadio @MicheleJennae @BNoelBarr @Corymarcus lots of good stuff in this iview
178,460587562961473538,Mon Apr 28 01:13:26 +0000 2014,3,1,@BeyondDawnRadio @BNoelBarr @thebreezelm @broadjam @MicheleJennae @karenak CoolRW IVIEW
179,458755242931126272,Tue Apr 22 23:52:27 +0000 2014,3,3,@RisingTerra @icepack9999 @The_Bootlegger @R_1_U @RobertcTyson and we will keep on TWEETING!!!
180,456746025836093440,Thu Apr 17 10:48:33 +0000 2014,3,3,@BeyondDawnRadio @karenak @The_Bootlegger @thebreezelm @RisingTerra
181,454982490596589570,Sat Apr 12 14:00:53 +0000 2014,3,1,@BeyondDawnRadio @karenak @oregonshel Dawn is a TRUE INDIE PROMOTER
182,454726104583270400,Fri Apr 11 21:02:06 +0000 2014,4,2,@BeyondDawnRadio @BNoelBarr @karenak @deadenddrivers @ZestRadioShow Thank you Dawn for the  iview @beyonddawnradio http://t.co/WyKOflDL3i
183,454725428742062080,Fri Apr 11 20:59:25 +0000 2014,3,0,RT @BeyondDawnRadio: BTD Radio Interviews: Robert Wuagneux #music #BTDR #Indie via @beyonddawnradio http://t.co/uHjKq8lH8A @R_1_U
184,454725152350023680,Fri Apr 11 20:58:19 +0000 2014,2,0,@BeyondDawnRadio @R_1_U
185,451514808677191680,Thu Apr 03 00:21:33 +0000 2014,5,0,@kats_trax @KevinBKlein @karenak @BNoelBarr @BeyondDawnRadio Check out kelley's Show..I'm on it :-)
186,451514488278093824,Thu Apr 03 00:20:17 +0000 2014,1,2,"@kats_trax @KevinBKlein @R_1_U THANK YOU, Kelley"
187,450325093710061568,Sun Mar 30 17:34:03 +0000 2014,0,0,@BeyondDawnRadio thank you
188,450325002551046145,Sun Mar 30 17:33:41 +0000 2014,2,1,@BeyondDawnRadio @flaminghrecords @MicheleJennae @RuthFJacobs check out iview
189,450324639857012736,Sun Mar 30 17:32:15 +0000 2014,2,1,@BeyondDawnRadio @karenak @BNoelBarr @AmeliaScalies @Happenstance4 ENJOY
190,450045674504347649,Sat Mar 29 23:03:44 +0000 2014,3,2,@BeyondDawnRadio @NorthernGirl15 @karenak @wilybo check out iview w/BTDradio
191,450044905495085056,Sat Mar 29 23:00:41 +0000 2014,1,0,@BeyondDawnRadio @R_1_U
192,449980382533132289,Sat Mar 29 18:44:18 +0000 2014,1,0,@BeyondDawnRadio and you are so helpful!!!
193,448473780672008192,Tue Mar 25 14:57:36 +0000 2014,6,2,@NorthernGirl15 @karenak @wilybo SHOWTIME
194,448254840976998400,Tue Mar 25 00:27:36 +0000 2014,1,0,@BeyondDawnRadio @thebreezelm @broadjam @BluesNetwork thank you BTD
195,448251325432999936,Tue Mar 25 00:13:38 +0000 2014,1,0,@BeyondDawnRadio @R_1_U Dawn is a cool name 😎
196,448250640960356352,Tue Mar 25 00:10:55 +0000 2014,0,1,@BeyondDawnRadio @The_Bootlegger @MicheleJennae @cowtownfilmpro thank you
197,448250404699385857,Tue Mar 25 00:09:59 +0000 2014,7,7,@BeyondDawnRadio @karenak @wilybo @NorthernGirl15 thank you BTD
198,446061591415357440,Tue Mar 18 23:12:25 +0000 2014,1,0,@AmeliaScalies @WIUV913 @traceyedges @karenak @Sheldonsnow YOU ARE ON YOUR WAY!!!
