,id_str,created_at,retweet_count,favorite_count,text
0,660286561993428992,Sat Oct 31 02:45:58 +0000 2015,0,0,@Cquermusic really good putting this one in my rotation
1,660284139308908544,Sat Oct 31 02:36:20 +0000 2015,0,0,@Cquermusic that's right
2,660280860176855040,Sat Oct 31 02:23:19 +0000 2015,0,0,#nowsmoking  Joya De Nicaragua Cuatro Cinco Robusto #cigars #cigarlife https://t.co/k9SFSAtqEo
3,609752788503916545,Sat Jun 13 16:02:48 +0000 2015,0,0,"Ignorance is alive and well. If it shows up on your doorstep, please don't feed it."
4,594715818035781632,Sun May 03 04:11:14 +0000 2015,0,0,Now that they're all warmed up it's time to let them hands go! #MayPac
5,594712621082742786,Sun May 03 03:58:32 +0000 2015,0,0,Here we go!! #MayPac
6,594654856280866816,Sun May 03 00:09:00 +0000 2015,0,0,Tonight will be a war of attrition. The fighter who makes the first mistake loses. #MayPac
7,584373948969717760,Sat Apr 04 15:16:21 +0000 2015,0,0,There are those amongst us whose social media footprint leaves a foul stench in cyber space.
8,582990072116482048,Tue Mar 31 19:37:19 +0000 2015,0,0,What year is this that I have to be wait more than 5 seconds for an email!?! #technology #slowmotion #iwantitnow
9,582420450384330752,Mon Mar 30 05:53:50 +0000 2015,0,0,Wow
10,582405816470241280,Mon Mar 30 04:55:41 +0000 2015,0,1,The correct response to someone asking you to work on Sunday is Kung Fu #NoteToSelf
11,581765106909904896,Sat Mar 28 10:29:44 +0000 2015,1,1,I remember coming home at 3am now I'm waking up at 3am. What am I a farmer!?! #coffeetime
12,574978249215750145,Mon Mar 09 17:01:11 +0000 2015,0,0,I had high hopes for Monday. Glad that's over.
13,574321717125976065,Sat Mar 07 21:32:22 +0000 2015,0,0,Birds have a funny way of dealing with paparazzi. I learned that yesterday whilst snapping this pic… https://t.co/GSmwQvaOA8
14,574001922685820928,Sat Mar 07 00:21:37 +0000 2015,0,0,Taking pics of this 1924 Harley Davidson Factory Racer makes me want one #harleydavidson #unattendedmale #MyDayinLA http://t.co/mEBIwIbq4A
15,571373040728043520,Fri Feb 27 18:15:23 +0000 2015,0,0,"“@TheRealNimoy: A life is like a garden. Perfect moments can be had, but not preserved, except in memory.  LLAP” Beautifully said!"
16,556691117836480513,Sun Jan 18 05:54:39 +0000 2015,1,1,"Mike Tyson said it best, ""Everybody has a plan until they get punched in the face!"" #StiverneWilder"
17,556685685080346626,Sun Jan 18 05:33:04 +0000 2015,0,1,"Best advice ever, ""every time he talks punch him in the mouth!"" #StiverneWilder"
18,556669287729876992,Sun Jan 18 04:27:55 +0000 2015,0,0,@grahamg972 @SHOsports he's still doing it after the fight
19,556667633781592064,Sun Jan 18 04:21:20 +0000 2015,0,0,@SHOsports Why does Santa Cruz keep twisting his right wrist?? #StiverneWilder
20,556347779207790593,Sat Jan 17 07:10:21 +0000 2015,0,0,No matter which direction the wind blows #jazz music is always here to keep me grounded.
21,555808936104714240,Thu Jan 15 19:29:11 +0000 2015,0,0,When people ask how I feel I reply phenomenal but in my mind I'm ready to fling my laptop and drop a slew of F-bombs. #smileandwave
22,555409188528988160,Wed Jan 14 17:00:44 +0000 2015,0,1,To say that life has been hectic lately is an understatement. Today I'm going to catch my breath and put one foot in front of the other.
23,551103399328886785,Fri Jan 02 19:51:04 +0000 2015,0,0,My resolution is to talk about what I did not what I am going to do. #newyear2015 #ResolutionsFor2015
24,548276612228079616,Fri Dec 26 00:38:25 +0000 2014,0,0,@twheidhorse Merry Christmas
25,548254355594309632,Thu Dec 25 23:09:59 +0000 2014,0,1,@joseblanco809 Felicidades enjoy your day.
26,548220150965469184,Thu Dec 25 20:54:04 +0000 2014,0,0,#MerryChristmas to all and to all a good night
27,543453714141687808,Fri Dec 12 17:13:56 +0000 2014,14,0,RT @SCE: Always keep a flashlight and extra batteries handy. Never use candles during a power outage. #LARain #CAWX http://t.co/kE5MpR4RT0
28,543438182738444288,Fri Dec 12 16:12:14 +0000 2014,27,0,"RT @SCE: Safety Tip: If an outage occurs at a traffic signal, approach those intersections as four-way stops. #CAWX #LARain http://t.co/Dwi…"
29,543437243432464384,Fri Dec 12 16:08:30 +0000 2014,0,0,Nothing like the smell of apocalypse in the morning. #LArain
30,543428024025112576,Fri Dec 12 15:31:51 +0000 2014,52,0,RT @NWSLosAngeles: Strong winds with gusts to 60 mph possible with showers approaching Gaviota and Santa Barbara. Stay Indoors. #LArain htt…
31,536399829035802624,Sun Nov 23 06:04:19 +0000 2014,1,2,Algieri would do better on dancing with the stars. #PacquiaoAlgieri
32,536399219574071296,Sun Nov 23 06:01:54 +0000 2014,0,0,Somebody put me in the cage this fight is boring #PacquiaoAlgieri
33,536397728754835457,Sun Nov 23 05:55:58 +0000 2014,0,0,Maybe they'll let Algieri out the cage on the plane ride home. #PacquiaoAlgieri
34,536396046390136832,Sun Nov 23 05:49:17 +0000 2014,0,0,Chris Algieri is in the leather tasting business #PacquiaoAlgieri
35,533357229382987776,Fri Nov 14 20:34:07 +0000 2014,0,0,With my 43rd birthday looming in the not so distant future it's time to start looking for a mid life crisis. #birthday
36,532942764259164160,Thu Nov 13 17:07:11 +0000 2014,0,0,Our lives are finite yet we let complacency filter in. If you knew it would be over soon what would be your lasting legacy?
37,523532441202335744,Sat Oct 18 17:53:55 +0000 2014,0,0,When going to breakfast turns into going to brunch. Dun Dun Dun. @theartmuse http://t.co/1SHYfHmmiZ
38,521717533829632000,Mon Oct 13 17:42:07 +0000 2014,0,0,Watching @theartmuse work on my day off is quite tiresome. I might need to take a nap. #NoWorkMonday
39,521680027566350337,Mon Oct 13 15:13:05 +0000 2014,0,1,Who wakes up at 6am to get ready to go to work on a holiday? This guy!
40,515138049156448258,Thu Sep 25 13:57:36 +0000 2014,0,0,Took this last year @morikamimuseum used it recently in a post about shokunin  http://t.co/gmCcbNHtf3 #tbt http://t.co/j0QYqXBsBy
41,514138609432002560,Mon Sep 22 19:46:11 +0000 2014,1,0,I feel that men need to start voicing their opinions against domestic violence. I did. http://t.co/OGnC237SYT #ad #PurplePurse
42,514121994703351808,Mon Sep 22 18:40:10 +0000 2014,0,0,Today I'm speaking out against domestic violence! http://t.co/OGnC237SYT #ad #PurplePurse http://t.co/UdowWABhC8
43,513514428994969601,Sun Sep 21 02:25:55 +0000 2014,0,0,My interpretation of The Joker inspired by a picture I found online. Not done I need more evil!! http://t.co/4aNzltH25u
44,513374586948177920,Sat Sep 20 17:10:14 +0000 2014,0,1,Subconsciously I think I moved close to a coffee shop four days like today when there's no sugar in the house. Emergency averted.
45,513201221994180612,Sat Sep 20 05:41:20 +0000 2014,2,0,Date night @ Riviera 31 in the Sofitel Los Angeles #riviera31 http://t.co/Z0gaWxoCXF
46,513157863363997697,Sat Sep 20 02:49:03 +0000 2014,1,0,Date night tonight with my love @theartmuse I love for nights like this. #CouplesTherapy
47,512854803664211968,Fri Sep 19 06:44:48 +0000 2014,0,1,"Hemingway said, ""There is nothing to writing. All you do is sit down at a typewriter and bleed."" Tonite I bled. Post coming soon."
48,512084537535250432,Wed Sep 17 03:44:02 +0000 2014,0,0,Good having my brother in town. #smoking http://t.co/F0BONQOfjM
49,510514749029613568,Fri Sep 12 19:46:15 +0000 2014,0,0,#Vegas + #boxing = #Mayhem #MayweatherMaidana2
50,510280397461020672,Fri Sep 12 04:15:01 +0000 2014,0,1,5 hours in Vegas and not a drop of alcohol!?! Somebody look that up I think I broke a Guinness world record.  #Vegas
51,510082179108335616,Thu Sep 11 15:07:23 +0000 2014,0,0,I have not forgotten. #September11
52,510079949105938432,Thu Sep 11 14:58:31 +0000 2014,0,1,The moment when you wake up and realize you're on vacation: #priceless
53,506523690134024192,Mon Sep 01 19:27:13 +0000 2014,0,0,Logged in 44 miles on my bicycle since last Sunday. It's coming along but not where I want to be. #runawaytrain
54,503693930064379904,Mon Aug 25 00:02:45 +0000 2014,0,0,Colorado Street Bridge in Pasadena. #mydayinla http://t.co/HLcDCKwQNz
55,503297660011294720,Sat Aug 23 21:48:07 +0000 2014,0,0,Going to a Star Wars party. I can't be Han Solo because I'm Han Acompañado #StarWars
56,502624879402057729,Fri Aug 22 01:14:44 +0000 2014,0,0,I've spent the past few days in the Bay Area with nothing to report. Looking forward to the 5.5 hour drive home.
57,500763022411849731,Sat Aug 16 21:56:22 +0000 2014,0,0,Cigar Sanctuary in NoHo. Babysitting for #unattendedmale http://t.co/omasciKihh
58,500724621587382275,Sat Aug 16 19:23:47 +0000 2014,0,0,First stop is a much needed haircut. #unattendedmale
59,500721571619540993,Sat Aug 16 19:11:40 +0000 2014,1,1,Babe is out. Made my own brunch. Knocked pan of stove and got bacon grease all over the floor. Chronicles of an #unattendedmale
60,500004067007942656,Thu Aug 14 19:40:33 +0000 2014,1,0,Do not disturb! Tanning in progress! #mydayinla
61,497389483025653760,Thu Aug 07 14:31:08 +0000 2014,0,0,You know you've gained weight when YouTube starts recommending food channels. #veryfunny http://t.co/GDySQEwnrm
62,492491820312432640,Fri Jul 25 02:09:34 +0000 2014,0,1,@theartmuse FYI I think I'd look great in Mustang #mustangclay http://t.co/InZL3m1gUP
63,492490549551570944,Fri Jul 25 02:04:31 +0000 2014,0,0,Checking out the all new Mustang #mustangclay http://t.co/FvvHVZd5yg
64,491327531132665856,Mon Jul 21 21:03:06 +0000 2014,0,0,"Sacrifice to Succeed  -it's not the size of the dog in the fight, it's the size of the fight in the dog #inspiration  http://t.co/dLeWiwCuUe"
65,490647677449695233,Sun Jul 20 00:01:36 +0000 2014,2,3,Quick drink at the #hotelfigueroa #mydayinla http://t.co/KzjRiCAk7Z
66,489212228667592704,Wed Jul 16 00:57:39 +0000 2014,0,0,@theartmuse @CURVESandCHAOS I concur
67,488739596318937088,Mon Jul 14 17:39:34 +0000 2014,63467,0,"RT @Jumpman23: No matter what hat you wear, tip it to The Captain. #RE2PECT
https://t.co/lHFpcyYK86"
68,488739459211354112,Mon Jul 14 17:39:02 +0000 2014,2,0,RT @Localite_LA: 8 Steps to Having Wildly Productive Mornings http://t.co/HjUJ85Isxd by @james_clear http://t.co/1pgy4kncHi
69,488705978787852288,Mon Jul 14 15:25:59 +0000 2014,0,0,@AllenEdmonds love the shoes so much I wrote about them. http://t.co/gfHFCKMxeY http://t.co/UShxLGMY2l
70,487772099251953664,Sat Jul 12 01:35:05 +0000 2014,0,0,@paulie113gmailc @AllenEdmonds for men with discriminating tastes
71,487691577851006977,Fri Jul 11 20:15:07 +0000 2014,0,0,@AllenEdmonds thank you I'm quite confident I will.
72,487461384620220416,Fri Jul 11 05:00:25 +0000 2014,0,1,Late night dinner with @theartmuse to celebrate my new shoes. http://t.co/IgqodI6LCU
73,487426788146958336,Fri Jul 11 02:42:56 +0000 2014,2,6,I was a bad boy today and I don't regret it one bit! #allenedmonds Neumok #sneakpeak @AllenEdmonds http://t.co/DTcTG5E4fU
74,487054650227445760,Thu Jul 10 02:04:12 +0000 2014,1,0,Only person in LA smoking a 601 La Bomba Bunker Buster #cigar @EspinosaCigars @erikespi
75,485850939807371267,Sun Jul 06 18:21:05 +0000 2014,0,0,"I'm listening to ""Simple Man"" by Lynyrd Skynyrd on Pandora http://t.co/qUrC603DDu #pandora"
76,484533080690946049,Thu Jul 03 03:04:23 +0000 2014,0,1,First step in getting ready for a trip is eating a home cooked meal. Then pack!
77,484167726529646592,Wed Jul 02 02:52:36 +0000 2014,1,1,First Dodgers game #LA #dodgers #mydayinla http://t.co/IGFXRYaa5d
78,483778295847084032,Tue Jul 01 01:05:08 +0000 2014,1,1,At the supermarket buying provisions for my special chicken soup to have @theartmuse feeling better in a jiffy. #laboroflove #cooking
79,483334500768686080,Sun Jun 29 19:41:39 +0000 2014,0,0,Writing about personal experiences can be taxing on the soul and liberating at the same time. #writing
80,483042615156174849,Sun Jun 29 00:21:48 +0000 2014,2,0,This shall be my favorite Pollard Willows At Sunset by Van Gogh #expressionism #lacma #mydayinla http://t.co/ylp1EXGm6c
81,482576254420271104,Fri Jun 27 17:28:39 +0000 2014,6,6,How many people can actually say that they've come to a fork in the road!?! #dailytravels #mydayinla http://t.co/EWqtFpnM3R
82,482361432378322944,Fri Jun 27 03:15:01 +0000 2014,0,0,@BLOGSbyLATINAS thanks for the RT Mo' Suga
83,482331108671889409,Fri Jun 27 01:14:32 +0000 2014,1,1,Feeling so fresh and so clean after using my products from Neutrogena Men #respectyourface #ad http://t.co/gw0Ko8ea6R http://t.co/x9TGsFDp7F
84,481263718735425536,Tue Jun 24 02:33:06 +0000 2014,1,0,"RT @theartmuse: My guy @kevos_union aka ""green eyes"" is making an appearance on the blog this week for the lbconnect… http://t.co/GmIJvEVPgK"
85,480430630430199808,Sat Jun 21 19:22:42 +0000 2014,0,0,Why do I find it inherently difficult to find a new barber in #LA
86,480410892920565760,Sat Jun 21 18:04:17 +0000 2014,0,1,Meeting new people and having old fashioned conversations are food for the soul. #everydaypeople
87,479661944597540864,Thu Jun 19 16:28:13 +0000 2014,0,0,Being stuck in traffic is the equivalent to being stuck in traffic.
88,479065824787836928,Wed Jun 18 00:59:27 +0000 2014,0,1,@theartmuse chicken soup for dinner and kisses for dessert #homesweethome
89,478227826668097537,Sun Jun 15 17:29:33 +0000 2014,1,0,Breakfast is on hold indefinitely cause @theartmuse is watching #EcuadorInBrazil #WorldCup2014
90,477594660227923968,Fri Jun 13 23:33:34 +0000 2014,5,8,Loving #MyDayinLA exploring #streetart http://t.co/vo9D0zP8aV
91,477250429965709312,Fri Jun 13 00:45:44 +0000 2014,0,1,"After a hectic 2 weeks I'm looking forward to going home, cooking dinner and unwinding with @theartmuse #CouplesTherapy"
92,476596488165134336,Wed Jun 11 05:27:12 +0000 2014,94,0,RT @BuzzFeed: Here’s The Powerful Anti-Redskins Commercial That Aired During Tuesday’s @NBA Finals http://t.co/2JweC9lRE0
93,476450861804036096,Tue Jun 10 19:48:32 +0000 2014,1,3,I had to see a mouse about a thing. #mydayinla http://t.co/S048iLgz4U
94,475486003889569792,Sun Jun 08 03:54:32 +0000 2014,0,0,Martinez looks done! Time for Cotto to stick a fork in him!!! #CottoMartinez
95,475482991523672064,Sun Jun 08 03:42:33 +0000 2014,0,0,Que viva Puerto Rico!! #CottoMartinez
96,475364208880541696,Sat Jun 07 19:50:33 +0000 2014,0,0,Fuel for the soul. Bloody Mary #indulgence http://t.co/tYKdSK8reo
97,475361091539591168,Sat Jun 07 19:38:10 +0000 2014,0,0,After a rough week hearing the wind blowing through the leaves and the sun peaking from behind the haze is much needed therapy.
98,473488966620946433,Mon Jun 02 15:39:01 +0000 2014,3,0,RT @theartmuse: Giveaway! A Teri Jon dress of your choice (value $500) http://t.co/ICXcdzXHW4 @TeriJonDresses
99,471098577586896896,Tue May 27 01:20:28 +0000 2014,4,4,San Marino War Memorial The greatest love one can have is to lay down one's life for a friend #mydayinla #MemorialDay http://t.co/R9W1q3Ms3h
100,471095858235449344,Tue May 27 01:09:39 +0000 2014,0,0,San Marino War Memorial #memorialday http://t.co/RI7l3hxfzE
101,470221494690140160,Sat May 24 15:15:15 +0000 2014,3,0,RT @theartmuse: Sickened by all the details around the #UCSB shooting. Just watched the shooter's video. Insane. Praying for the victims fa…
102,468611267675299840,Tue May 20 04:36:47 +0000 2014,0,0,@BLOGSbyLATINAS @theartmuse nothing but love! I'm rooting for the cool weather!!!
103,468610012625907712,Tue May 20 04:31:48 +0000 2014,0,1,@BLOGSbyLATINAS @theartmuse it will warm up soon enough and then I win! (Insert evil laugh)
104,467756283462840320,Sat May 17 19:59:23 +0000 2014,0,0,Saturday at its best. Cigar in hand about to watch the Yankees and taking time to write. #cigar #writing #TheWeeknd
105,467421646878670848,Fri May 16 21:49:39 +0000 2014,0,0,@theartmuse @BLOGSbyLATINAS No way. It's beautiful out!
106,467155405156941824,Fri May 16 04:11:42 +0000 2014,0,0,http://t.co/6mhHo9Tuko #NetNeutrality
107,465574535618498560,Sun May 11 19:29:53 +0000 2014,0,0,#HappyMothersDay to all those deserving of such a wonderful tittle.
108,465189501736738816,Sat May 10 17:59:54 +0000 2014,0,0,All great Saturday morning start at the car was. Don't they!?!
109,461997004839591936,Thu May 01 22:34:04 +0000 2014,0,0,@khsmiley you too brother
110,461996284748906498,Thu May 01 22:31:12 +0000 2014,0,0,@khsmiley tell everyone I said hi
111,461995025497194496,Thu May 01 22:26:12 +0000 2014,0,0,@khsmiley everything is good brother. How are you?
112,461733087127142400,Thu May 01 05:05:21 +0000 2014,0,1,I read an article stating Cali's population grew by 1% in 2013 reaching 38.3 million. I helped!
113,460932246908567552,Tue Apr 29 00:03:06 +0000 2014,0,0,@theartmuse I've got nothing today
114,460510903884980224,Sun Apr 27 20:08:50 +0000 2014,365,0,RT @DB_1212: This could be the greatest sign ever...😂 #DonaldSterling http://t.co/VhokJcdiWd
115,457364528812929024,Sat Apr 19 03:46:15 +0000 2014,1,1,Happiness is being home with the one you love. @theartmuse
116,456184766375555072,Tue Apr 15 21:38:18 +0000 2014,0,0,@LATimescitybeat I did indeed. He's safely tucked away in the grass.
117,456182772462137344,Tue Apr 15 21:30:23 +0000 2014,2,8,Just spent a half hour trying to get this little fellow out from under my truck. #mydayinla http://t.co/IcG9GbwMXk
118,456067432914759681,Tue Apr 15 13:52:03 +0000 2014,0,0,No need to work this week. Bill with the National Notification Board told me I won $50K. Think I'll buy the Brooklyn bridge. #ladyluck
119,455770247472353280,Mon Apr 14 18:11:09 +0000 2014,4,3,Capitol Records Tower. Echo Room by Les Paul. First album by ole Blue Eyes. If those walls could talk. #mydayinla http://t.co/HCPNNvufuF
120,455575093494575104,Mon Apr 14 05:15:41 +0000 2014,0,0,Today was a mans day. Smoking cigars and eating steak! Rare! #amansworld #cigars #mydayinla http://t.co/ZynnwunejL
121,455196641507540992,Sun Apr 13 04:11:51 +0000 2014,0,0,Bradley has more to prove in this fight than Manny does. #PacquiaoBradley2
122,455196351421100032,Sun Apr 13 04:10:41 +0000 2014,0,0,#PacWins
123,455195579308445696,Sun Apr 13 04:07:37 +0000 2014,0,0,Here we go!! #PacquiaoBradley2
124,454660801325191168,Fri Apr 11 16:42:36 +0000 2014,0,0,"Sun is shining, the weather is sweet, yeah
Make you wanna move your dancing feet now #friday http://t.co/5yNJO03y85"
125,454477744756125697,Fri Apr 11 04:35:12 +0000 2014,3,8,#tbt that was this morning on my way to work. #mydayinla http://t.co/U4XDaftm84
126,453651662637236225,Tue Apr 08 21:52:39 +0000 2014,6,8,Quick stop on the PCH in Malibu to enjoy the scenery. #mydayinla http://t.co/cAkobEdY8P
127,453597360577601538,Tue Apr 08 18:16:52 +0000 2014,0,0,@Waltarrrrr rest  assured the car was in park when I tweeted.
128,453574597586079744,Tue Apr 08 16:46:25 +0000 2014,1,1,Getting nowhere fast on the 134W by the 5! Wait we moved 10 feet. #mydayinla
129,453561358567489536,Tue Apr 08 15:53:49 +0000 2014,0,0,Off to Malibu ....yay!!! For work....ooh!
130,450350430749335552,Sun Mar 30 19:14:44 +0000 2014,0,1,Not quite versed in the mechanics of pancake making but I will not lose to a box of bisquick! #everydayimcooking #Cooking
131,449793626365640704,Sat Mar 29 06:22:11 +0000 2014,10,0,RT @rlainez: 38 temblors so far today. #MyDayInLAhttp://t.co/n5IsrTLUKR
132,449764972998840320,Sat Mar 29 04:28:20 +0000 2014,30,4,"3 earthquakes, one at 8:03 measured 3.6M, 9:09 measure 5.1M &amp; 9:11measured 3.4M. #MyDayInLA http://t.co/C1mZVOy7h9"
133,449210265809068032,Thu Mar 27 15:44:07 +0000 2014,0,0,The key to ironing is taking out the wrinkles. #truism
134,448857241865576448,Wed Mar 26 16:21:20 +0000 2014,1,1,Sometimes people are so chipper it puts you in a bad mood.
135,448556047544774657,Tue Mar 25 20:24:30 +0000 2014,2,0,"They say, if you're the smartest person in the room, find another room. Unless you're playing poker. In that case get comfortable! #life"
136,448521437029347329,Tue Mar 25 18:06:58 +0000 2014,2,3,The message I send my girlfriend when I get any attention on twitter. #mydayinla http://t.co/zcLa76nVNX
137,448167796258918401,Mon Mar 24 18:41:43 +0000 2014,0,0,@pattmlatimes @LATimescitybeat thanks
138,448164785843363841,Mon Mar 24 18:29:46 +0000 2014,0,1,Am I the only one who wonders how unsanitary it is to eat mints from restrooms? Last thought before I spit mine out. #Reflections
139,448142601641000960,Mon Mar 24 17:01:36 +0000 2014,0,0,@ktlagingerchan thank you
140,448128594493972480,Mon Mar 24 16:05:57 +0000 2014,1,7,8 months in LA and the only thing that concerns me about a tv crew filming across the street from my house is parking #mydayinla
141,447532450252881920,Sun Mar 23 00:37:05 +0000 2014,0,0,Rare shot of me with hair smoking a #Punch Rare Corojo #cigars #smokingnow http://t.co/Fegi5psnfn
142,447228886871318528,Sat Mar 22 04:30:50 +0000 2014,0,0,How do you tell a cigar store owner his inventory leaves much to be desired? #cigars #cigarquestion
143,446524999650656256,Thu Mar 20 05:53:50 +0000 2014,0,0,@Teddy_G535 love you back!!
144,446524658913771520,Thu Mar 20 05:52:29 +0000 2014,0,0,@Teddy_G535 I know right!!! Twitter is trying to get me in trouble.
145,446137665428004864,Wed Mar 19 04:14:42 +0000 2014,0,1,Is it inappropriate for the cook to compliment his cooking? Because that was damn good!! #homecooking #cocinando #cooking
146,446124903520305154,Wed Mar 19 03:24:00 +0000 2014,0,0,How chicken is done! With salsa playing in the background!!! #cooking http://t.co/tMWJVaq9pp
147,446058524985294848,Tue Mar 18 23:00:14 +0000 2014,0,0,"When a Ferrari 458 Italia is parked behind you, there is nothing else to look at! http://t.co/eJr2BuQipX"
148,446010780605878272,Tue Mar 18 19:50:31 +0000 2014,1,0,"When I say excuse me it is not to start a conversation, it's because you're in the way. #urnotthecenteroftheuniverse #manners"
149,445765439499411456,Tue Mar 18 03:35:37 +0000 2014,0,1,Today I learned what a  carrot feels like getting peeled. #homecooking #cooking
150,445559226811691008,Mon Mar 17 13:56:12 +0000 2014,3,5,I experienced my first #earthquake and I thought it was the cats fighting. #mydayinla
151,444692380269424641,Sat Mar 15 04:31:40 +0000 2014,0,0,Late night drive with a San Lotano The Bull #cigars http://t.co/mWXeQTmRr1
152,443965074659868672,Thu Mar 13 04:21:36 +0000 2014,0,0,This is my tribute cigar to commemorate Paul Hernandez. Back then Paul was the rep for #Tatuaje. About… http://t.co/prda6yBBU3
153,440230175285182464,Sun Mar 02 21:00:27 +0000 2014,0,0,Gourmet lunch! King's Hawaiian cheddar sliders. http://t.co/UhGWNoyFp4
154,439933808620867584,Sun Mar 02 01:22:48 +0000 2014,0,0,The path to a speedy recovery is paved with hearty home cooked meals and lots of love. Fixing @theartmuse http://t.co/PRLXBsG8x0
155,439927165493075968,Sun Mar 02 00:56:24 +0000 2014,0,0,To all the #latinabloggers who tweeted well wishes to my gf @theartmuse Thank you! That was very sweet.
156,439849320150761473,Sat Mar 01 19:47:04 +0000 2014,0,0,If everything you say can and will be used against you in social media then is #freedom of speech really free?
157,436600409923518464,Thu Feb 20 20:37:04 +0000 2014,0,0,This goes back 30 plus years when my Dad was around my age and I was a pain in the ass. Happy… http://t.co/lE1aatxnED
158,432730788791328768,Mon Feb 10 04:20:34 +0000 2014,0,0,Cigar time! http://t.co/A2rM1pdwxr
159,432670103768150016,Mon Feb 10 00:19:26 +0000 2014,0,0,"The new office. The color is Maritime White by Benjamin Moore, which is a cool canvas color.… http://t.co/Vsn5EOh0jc"
160,432396335518859264,Sun Feb 09 06:11:34 +0000 2014,0,1,It's all about.....  @theartmuse http://t.co/HsI8n811th
161,432385218700664832,Sun Feb 09 05:27:24 +0000 2014,0,0,Now it's a party! http://t.co/qIBmiN8vvR
162,432331355435716608,Sun Feb 09 01:53:22 +0000 2014,0,0,This is my Cannondale Quick 4. The first year I bought it I rode 600 miles. via @pinterest http://t.co/MnsZ52KvTq
163,432288234203529216,Sat Feb 08 23:02:01 +0000 2014,0,0,Choosing paint colors for your home is like picking a theme song. So that makes me Richard Roundtree… http://t.co/uBZj9GZkos
164,432179941115830273,Sat Feb 08 15:51:42 +0000 2014,0,1,"Why is it that the day I can sleep in, I wake up early!?! #saturday"
165,430366123574321152,Mon Feb 03 15:44:14 +0000 2014,0,0,@kevos_union and it was worth it
166,430165225543704576,Mon Feb 03 02:25:56 +0000 2014,0,0,This Super Bowl is the equivalent of Notre Dame vs. Alabama. #SuperBowlXLVIII
167,429709145843847169,Sat Feb 01 20:13:38 +0000 2014,0,0,"Gave up my plans for waking up early, going to pick paint and coming home to make a big breakfast in lieu of #LegoMovieLA"
168,428205428351463424,Tue Jan 28 16:38:24 +0000 2014,0,0,"RT @TIME: How Twitter knows when you’re depressed http://t.co/dwaa0rB0ID
Thanks @twitter"
169,427514303684431872,Sun Jan 26 18:52:07 +0000 2014,0,0,Starting off the new year with a fresh coat of paint in the dinning room. #homeimprovement #freshcoatofpaint
170,427308155132198912,Sun Jan 26 05:12:57 +0000 2014,0,0,Justin Bower - Feline study #cats http://t.co/XIXKl6AJB2
171,427302189179367424,Sun Jan 26 04:49:15 +0000 2014,0,1,The Marked - Anita Kunz #ifoundyourcat http://t.co/hkDT3DKKrM
172,427300701803646976,Sun Jan 26 04:43:20 +0000 2014,0,0,Shark Hat- Jason Shawn Alexander #ifoundyourcat http://t.co/V9JtzQkyw6
173,427298088496431104,Sun Jan 26 04:32:57 +0000 2014,0,0,Cat by Michael Wolf #ifoundyourcat http://t.co/8aeJVj5Iol
174,425819517831614464,Wed Jan 22 02:37:39 +0000 2014,0,0,"Manny Pacquiao Reportedly Will Fight Timothy Bradley on April 12 http://t.co/iYpFFdC4Fr
KO Bradley and there's no need for a rubber match!!"
175,425407103428091904,Mon Jan 20 23:18:51 +0000 2014,22,0,RT @unmarketing: Global Village Store Celebrates MLK By Putting Black Things On Sale http://t.co/LmNLuBBapd
176,425356820018765824,Mon Jan 20 19:59:03 +0000 2014,0,0,"""They will not be judged by the color of their skin but by the content of their character."" Keyword: Character. #MLKDay"
177,425334506791264256,Mon Jan 20 18:30:23 +0000 2014,0,0,"#MLK said, ""We cannot walk alone."" Never has this been more true. Technology has turned our world into a global community. #MLKDay"
178,425328206699188224,Mon Jan 20 18:05:21 +0000 2014,0,0,"Quoting #MLK is not the same as living the dream that would make him proud. Read, learn, &amp; live. http://t.co/yYG6q1BkrY #MLKDay"
179,425146841072930816,Mon Jan 20 06:04:40 +0000 2014,0,0,Cool cat Sunday http://t.co/SqihlgwcWS
180,423703016492257280,Thu Jan 16 06:27:25 +0000 2014,0,0,Starbucks admits its iPhone app stores unencrypted user passwords | The Verge http://t.co/4lqi9PYsJN
181,423699871489875968,Thu Jan 16 06:14:55 +0000 2014,0,0,Earlier today #dailytravels http://t.co/16EMiGSGzX
182,423692601020399616,Thu Jan 16 05:46:02 +0000 2014,0,0,"Check out my Flipboard magazine, Photography http://t.co/y5fZB0CfIT"
183,423469020067921920,Wed Jan 15 14:57:36 +0000 2014,0,0,"No pain, no gain? Getting the most out of exercise http://t.co/HYXbuIrwCG"
184,423466141672275968,Wed Jan 15 14:46:10 +0000 2014,0,0,Google Chrome’s little helpers are offering hackers a backdoor to hijack your web browsing http://t.co/gutsYjl47J
185,422795784414048257,Mon Jan 13 18:22:24 +0000 2014,0,0,CONFIRMED: The DEA Struck A Deal With Mexico's Most Notorious Drug Cartel http://t.co/CrUlrLStQa
186,422260214839001088,Sun Jan 12 06:54:15 +0000 2014,0,0,"Listening to simulated sounds of the ocean. I close my eyes, feel the sun, smell the ocean breeze. Sand clings between my toes. #paradise"
187,421809783633879041,Sat Jan 11 01:04:23 +0000 2014,0,0,It's about that time to ride off into the sunset. #LA #dailytravels http://t.co/twtkUmvMyL
188,421706223344713730,Fri Jan 10 18:12:53 +0000 2014,0,0,Morning drive Downtown #LA  #dailytravels http://t.co/TtQ5Iqc3b9
189,421658033778081792,Fri Jan 10 15:01:23 +0000 2014,0,0,"Target says 'up to 70 million' names, email addresses and phone numbers have been stolen http://t.co/WsLyDOxNvD"
190,421353102714093568,Thu Jan 09 18:49:42 +0000 2014,0,0,"Your Social Media Activity Could Prevent You From Getting A Loan http://t.co/06JJBQ29aF
Like you didn't see this coming."
191,421313203990036480,Thu Jan 09 16:11:10 +0000 2014,0,0,"It seems like I'm the only one with something to do, while others float around aimlessly like butterflies. #morningfrustration"
192,421003613344120832,Wed Jan 08 19:40:57 +0000 2014,0,0,"If you want to see the true nature of people, watch them in parking lots and read their FB comments. #nohopeforthehumanrace"
193,420312373803495424,Mon Jan 06 21:54:13 +0000 2014,1,0,Called in sick to work only to be recruited into another photography session. Need to reconsider my pain threshold. #bloggerboyfriend
194,419982101383880704,Mon Jan 06 00:01:50 +0000 2014,1,0,Was watching football and a photo shoot broke out. #NFLPlayoffs #bloggerboyfriend
195,419959051930185729,Sun Jan 05 22:30:15 +0000 2014,0,0,Enjoying wildcard Sunday with my stepson #NFLPlayoffs
196,419809470873481216,Sun Jan 05 12:35:52 +0000 2014,0,0,I'm sure I'm not the only man that suffers from foot in mouth disease!
197,419652363146645504,Sun Jan 05 02:11:34 +0000 2014,0,1,After being in a makeup store I have the need to do something manly like a saloon fight or throwing a cowboy thru a window. #manslife
198,419647683800739840,Sun Jan 05 01:52:59 +0000 2014,0,0,Standing on line for my girlfriend at Sephoora #truelove
199,419637976877244416,Sun Jan 05 01:14:24 +0000 2014,0,0,Hanging @ the Pacific Asian Museum w/ @theartmuse http://t.co/02zgaoEhGn
