,id_str,created_at,retweet_count,favorite_count,text
0,669141923878330369,Tue Nov 24 13:14:01 +0000 2015,0,0,"@LynnBeSocial it was heartbreaking to listen to. Luckily for them, when it snows again, it'll be like the first time all over."
1,669138062673342464,Tue Nov 24 12:58:40 +0000 2015,0,0,The girls learned of the snow melt happening tomorrow. Heartbreak ensued. https://t.co/iTd5loeMcM
2,668626552498819073,Mon Nov 23 03:06:07 +0000 2015,0,0,Done @ JLB - Janet Lynn's Bistro 1985 https://t.co/NRNdtL2sGF
3,667726552084430849,Fri Nov 20 15:29:50 +0000 2015,0,0,"Dakota was too lazy to get out of bed, but still had some important things to say. https://t.co/aNNmNTcJld"
4,666406270698680320,Tue Nov 17 00:03:30 +0000 2015,0,2,@HotQuill @TWHSocial_KW @JeffDarroch It's my first time here since the change from the Rum Runner. It's so nice!
5,666348259175174145,Mon Nov 16 20:12:59 +0000 2015,0,0,"@GregnKW @JLBistro really good actually. So many people call ahead for it, I needed to try it too."
6,666333003317145600,Mon Nov 16 19:12:22 +0000 2015,0,2,"After 2 years working here,  I'm finally trying the liver @jlbistro https://t.co/wduhi1J15k"
7,664915802122940416,Thu Nov 12 21:20:55 +0000 2015,2,0,RT @JuliaRosien: Not a morning person? Try these 7 ways to rewire your brain: https://t.co/DHlzUaGFmO #sleephealth via @RestonicBeds @spike…
8,663789843026067456,Mon Nov 09 18:46:45 +0000 2015,0,1,@mashable Unfollowed!
9,663067878304780288,Sat Nov 07 18:57:56 +0000 2015,1,0,RT @JuliaRosien: Your guide to the best nap of your life starts with @SpikeGreg =&gt; https://t.co/gFhcxQH1DS #sleepblog via @RestonicBeds
10,662681590292705281,Fri Nov 06 17:22:57 +0000 2015,0,0,Can you think of a for-profit business that's mission is also to support a good cause?
11,662634514968150016,Fri Nov 06 14:15:54 +0000 2015,0,0,Today's random act of kindness will be for me to take a shower. At some point. Probably. https://t.co/bTlPTk5LaX
12,662629930476265472,Fri Nov 06 13:57:41 +0000 2015,0,0,"My day ""off"" is the day it rains. At least I got to see the nice weather through the windows for these past few days."
13,661981920524300288,Wed Nov 04 19:02:43 +0000 2015,1,1,I can't believe this is November - what a gorgeous day out!
14,660541993156673536,Sat Oct 31 19:40:58 +0000 2015,2,0,RT @RestonicBeds: Your guide to the best nap of your life starts with @SpikeGreg =&gt; https://t.co/0e9TxsIPTj #sleepblog
15,658641057287163904,Mon Oct 26 13:47:19 +0000 2015,0,0,Good morning!
16,656218058596290560,Mon Oct 19 21:19:11 +0000 2015,1,0,"RT @JLBistro: Today's To Do List:

1. Vote
2. Come in to JLB for dinner &amp; to watch the Jays game!

#KWAwesome https://t.co/D1Z9FNHqz8"
17,656171039399931904,Mon Oct 19 18:12:21 +0000 2015,3,0,RT @karensd: That's because we all want @pmharper to hear us say good-bye. #elxn42 #cdnpoli  https://t.co/3TQPBuYEfV
18,652834435574964224,Sat Oct 10 13:13:53 +0000 2015,2,0,RT @TuxedoMutt: I wonder how people out for #KWOktoberfest are feeling this morning? Have a great day #KWAwesome http://t.co/gxUlVTs1wq
19,651168531757731840,Mon Oct 05 22:54:10 +0000 2015,0,0,@guyattmortgage lol I don't know if my heart can take that much
20,651161949942603777,Mon Oct 05 22:28:01 +0000 2015,0,1,Just started watching season 5 of the Walking Dead.... my poor heart.
21,646671536615784448,Wed Sep 23 13:04:43 +0000 2015,3,0,RT @RestonicBeds: Shift worker? Learn the risks of working when you should be sleeping: http://t.co/a5RaD02zAa via @SpikeGreg
22,646403074211360768,Tue Sep 22 19:17:57 +0000 2015,0,0,@ynab I'd love to work with you. Is there somewhere I can send my resume?
23,646367859019485184,Tue Sep 22 16:58:01 +0000 2015,0,0,"@jessemecham Hi Jesse, I'd love to work with you at YNAB. What's the best way to contact you?"
24,645990144839929857,Mon Sep 21 15:57:07 +0000 2015,1,2,"Heading back on the @VIA_Rail from Montreal to Toronto. Great weekend, but sad it's over :( See you in a few hours #KWAwesome"
25,644281864488783872,Wed Sep 16 22:49:01 +0000 2015,0,0,@ROB__Wallace @votepeterbraid He'll go down in history as the most dangerous PM we've ever had. I hope to hell he's not re-elected.
26,644268360931241984,Wed Sep 16 21:55:21 +0000 2015,0,0,@votepeterbraid @pmharper @ROB__Wallace Sweet.. that totally makes up for C-51 and destruction of our environment/democracy #HarpersGottaGO
27,644152310768214017,Wed Sep 16 14:14:13 +0000 2015,0,0,@1Hauck I'm jealous of myself too
28,644150711656271872,Wed Sep 16 14:07:52 +0000 2015,0,1,"If I seem a bit happier today, it's probably because I'm heading to #Montreal tomorrow until Monday and could not be more excited!!"
29,644119227180433408,Wed Sep 16 12:02:45 +0000 2015,4,0,RT @RestonicBeds: Feng shui to help you #sleepbetter? Smart bedroom decor ideas from @SpikeGreg =&gt; http://t.co/iEntWo3AoP
30,643487502880346112,Mon Sep 14 18:12:30 +0000 2015,2,0,RT @JuliaRosien: Not a morning person? Try these 7 ways to rewire your brain: http://t.co/bTehkIlw1n #sleephealth via @RestonicBeds @spikeg…
31,643213194975137792,Mon Sep 14 00:02:30 +0000 2015,0,0,@StudentLoanHero are you still looking for a content editor?
32,642718576017846272,Sat Sep 12 15:17:04 +0000 2015,6,1,Broke? Some ideas for keeping your #student loans paid http://t.co/RbGCpCbK1l via @StudentLoanHero http://t.co/mBVBDSi8qI
33,642349660674387968,Fri Sep 11 14:51:08 +0000 2015,5,2,Should You Pay Your #Student Loans Off Early? http://t.co/JFOMsM8qpf via @StudentLoanHero http://t.co/apA8U1nQA0
34,641992463113129984,Thu Sep 10 15:11:45 +0000 2015,6,2,How to Negotiate to Increase Your #Salary http://t.co/h1h3iQlfXA via @StudentLoanHero http://t.co/jS3A5Y6BaP
35,641959798586646529,Thu Sep 10 13:01:57 +0000 2015,0,0,http://t.co/2ntIb1dCfK
36,641670774743531521,Wed Sep 09 17:53:29 +0000 2015,0,1,@Mom2Michael @StudentLoanHero haha I'll say! Commitment and style in one.
37,641670487182057472,Wed Sep 09 17:52:20 +0000 2015,1,0,RT @JuliaRosien: Your guide to the best nap of your life starts with @SpikeGreg =&gt; http://t.co/kqwg8oB77x #sleepblog via @RestonicBeds
38,641606774622134272,Wed Sep 09 13:39:10 +0000 2015,4,1,Unconventional Ways to Pay off Student #Debt http://t.co/9INKfqB9E4 via @StudentLoanHero http://t.co/ESrJf0vttH
39,641602027307540480,Wed Sep 09 13:20:18 +0000 2015,1,0,RT @mmangen: RT @JuliaRosien : Can't #sleep? Should you take sleeping pills? @SpikeGreg shares his ideas: http://t.co/LwxWk7EIMt  via @Rest…
40,641231952167731200,Tue Sep 08 12:49:45 +0000 2015,7,1,Which questions should you ask before refinancing your student loan? http://t.co/9cW8D3piYy via @StudentLoanHero http://t.co/DFztonK0oi
41,640195000765181952,Sat Sep 05 16:09:17 +0000 2015,6,1,#Budget fears? 3 strategies to be smarter with money http://t.co/WAlcGnTI2b via @studentloanhero http://t.co/HdxGySWUDK
42,640167252226998274,Sat Sep 05 14:19:01 +0000 2015,1,0,RT @TuxedoMutt: Happy Saturday #KWAwesome! Hope you're not too hungover today to enjoy the beautiful weather! http://t.co/k8Hf2lROGV
43,639831643973283840,Fri Sep 04 16:05:26 +0000 2015,10,0,"RT @JLBistro: Let's be honest. This is true for more than just me, right?

Happy Friday #KWAwesome http://t.co/zIme1ev5mE"
44,639766625747529728,Fri Sep 04 11:47:04 +0000 2015,0,0,@Wind_cares Can I setup preauthorized payments by giving you a blank cheque?
45,639754198309998592,Fri Sep 04 10:57:41 +0000 2015,0,0,".@fit4less Whoever's responsibility it is, just get it done or I'm going to do it myself soon. It's beyond gross. #kwawesome"
46,639440633531232256,Thu Sep 03 14:11:41 +0000 2015,3,0,RT @aquarry: @AQBlogGrill shortlisted as best blog in @WRAwesome @GKWCC  @KWAwesome @Quarry @techvibesKW http://t.co/4QzeQILWvf http://t.co…
47,639439672561692672,Thu Sep 03 14:07:52 +0000 2015,1,0,This morning I thought I saw brown fog outside. I realized it was still the disgustingly dirty windows @Fit4Less in #KWAwesome #dosomething
48,639439219857862657,Thu Sep 03 14:06:04 +0000 2015,0,0,@GRT_ROW Has anyone entered? That seems like a pretty lame prize if you ask me. #KWAwesome
49,638119646156181505,Sun Aug 30 22:42:33 +0000 2015,1,1,At my parent's &amp; they found my swimming lesson report card from '91 when @bucketlistadv was my teacher lol nostalgia #elmira
50,637368581794107392,Fri Aug 28 20:58:06 +0000 2015,1,0,RT @TuxedoMutt: Woman Turns House Into Retirement Home for Elderly Pets http://t.co/ZzIWYMa7cj ~A woman after my own heart http://t.co/xBi1…
51,636534046474960896,Wed Aug 26 13:41:57 +0000 2015,2,0,RT @TuxedoMutt: Hey #KWAwesome #Guelph #Cbridge - don't miss out on our August promo! Pls RT http://t.co/KvNgofEFgX
52,636165791742754816,Tue Aug 25 13:18:38 +0000 2015,0,1,@RestonicBeds @ronaldwgumbs @JohnLusher @JuliaRosien I am! Woke up bright &amp; early and did 2 hours at the gym. Tuesday isn't ready for me!
53,632286687121412096,Fri Aug 14 20:24:28 +0000 2015,0,0,"@RestonicBeds @mistygirlph I slept good, then I was up at 430 to get some work done, gym at 630, work at 10, work again at 6. Yay Friday? ;)"
54,632286340273442816,Fri Aug 14 20:23:05 +0000 2015,1,0,RT @JuliaRosien: Not a morning person? Try these 7 ways to rewire your brain: http://t.co/VlueEQcEMQ #sleephealth via @RestonicBeds @spikeg…
55,630396138164588544,Sun Aug 09 15:12:06 +0000 2015,1,0,RT @JuliaRosien: Great post from my friend @SpikeGreg on @RestonicBeds =&gt; Can controlling your dreams give you power over your life? http:/…
56,630035094846091265,Sat Aug 08 15:17:26 +0000 2015,0,0,@chancesmommy Is this Bridal Veil Falls? I remember going there as a kid.
57,630011276081672192,Sat Aug 08 13:42:47 +0000 2015,0,2,Can controlling your dreams give you power over your life? http://t.co/AZAcaG1S7W #sleepblog via @RestonicBeds http://t.co/wvnm5u2Hm3
58,629387902032613376,Thu Aug 06 20:25:43 +0000 2015,2,0,"RT @ShellyKramer: RT @JuliaRosien :If you can control your dreams, can you change your life? http://t.co/s77o8fQahj  via @RestonicBeds @Spi…"
59,629245156726693888,Thu Aug 06 10:58:30 +0000 2015,0,1,@KWPOrganizers Yes. Contact Richard at Kurtis Sales. Tell him I sent you :) http://t.co/qTKaTsWRNg
60,627211538840076288,Fri Jul 31 20:17:38 +0000 2015,2,0,RT @CBCKW891: 300 mink released from Ontario farm; third case in 2 months http://t.co/5pa2ikkF0y http://t.co/SxIH3IMVpH
61,627127688520581120,Fri Jul 31 14:44:27 +0000 2015,6,0,RT @those2girls: #Facebook #FollowFriday is now up on the #networking group page! http://t.co/yz8N96ab9N
62,627117889473130496,Fri Jul 31 14:05:30 +0000 2015,2,0,RT @RestonicBeds: Fresh  #sleep post! How do your favorite celebrities sleep? Their habits might surprise! http://t.co/uF8be5drWC via @Spik…
63,624242908699295744,Thu Jul 23 15:41:21 +0000 2015,0,0,@Thats_so_Heidi @RestonicBeds chihuahua I might be able to do. I've got two 60lb dogs lol I'm glad they sleep elsewhere most of the time ;)
64,624233705897373696,Thu Jul 23 15:04:47 +0000 2015,1,0,Do your pets sleep in your bed? Does that affect how well you #sleep? http://t.co/wOvJjBMhqu via @RestonicBeds http://t.co/D7XtGkLgeC
65,624201371672129536,Thu Jul 23 12:56:18 +0000 2015,2,0,RT @RestonicBeds: Should you sleep with your pet? @SpikeGreg shares his thoughts on our #sleepblog today =&gt; http://t.co/DOqyGyx70c #sleephe…
66,623636118123233280,Tue Jul 21 23:30:11 +0000 2015,0,0,Summer flowers 2 https://t.co/gF5QgDylGr
67,623635965060493312,Tue Jul 21 23:29:35 +0000 2015,0,0,Summer flowers 1 https://t.co/NuMJIHgaaJ
68,623596666008965120,Tue Jul 21 20:53:25 +0000 2015,1,0,RT @RestonicBeds: Love to nap? Us too! Our friend @SpikeGreg shares his napping strategies =&gt; http://t.co/ZgJ3WikYRs #sleepblog
69,622481231867830273,Sat Jul 18 19:01:05 +0000 2015,6,0,RT @Wheelsca: Must-Have Pickup Truck Accessories: http://t.co/CnUzsU2YQR #auto #tech http://t.co/2CiJrmtLAU
70,621672027884290048,Thu Jul 16 13:25:36 +0000 2015,0,0,The girls discussing the effects of the lower Canadian dollar on our economy. https://t.co/f55tgz0iIb
71,620668292047486982,Mon Jul 13 18:57:06 +0000 2015,1,0,The Business 9 Women Kept A Secret For Three Decades http://t.co/mkpHXXAvLS
72,620602848380850176,Mon Jul 13 14:37:03 +0000 2015,1,0,Semicolon tattoos; what they mean and why they're trending http://t.co/EzqdjMH2hh
73,618223691709743104,Tue Jul 07 01:03:08 +0000 2015,0,0,Don’t believe the hype on gluten-free food http://t.co/EJzaheUuTE
74,615603272657846276,Mon Jun 29 19:30:32 +0000 2015,0,0,@38percentsure Most welcome! :) Welcome to the area.
75,615292299174674432,Sun Jun 28 22:54:50 +0000 2015,0,0,@squirrellykoala Thanks appreciate that
76,615198657281949696,Sun Jun 28 16:42:44 +0000 2015,0,3,@38percentsure Downtown Kitchener usually has live music and stuff going on all day.
77,615197947731513344,Sun Jun 28 16:39:55 +0000 2015,2,0,"Does anyone use LA Fitness on Victoria? Any reviews, good, bad or otherwise? #KWAwesome"
78,614175773147144192,Thu Jun 25 20:58:09 +0000 2015,3,0,RT @GKWCC: Very cool! RT @JLBistro: Belmont Village Cruise Night is from 6-830pm tonight. Join us for dinner before or after. http://t.co/n…
79,614175311488380928,Thu Jun 25 20:56:19 +0000 2015,2,0,RT @JuliaRosien: Not a morning person? Try these 7 ways to rewire your brain: http://t.co/zGDtCH4bsx #sleephealth via @RestonicBeds @spikeg…
80,614174213658791937,Thu Jun 25 20:51:57 +0000 2015,0,0,@Merc_Media So do I some days lol I'm looking forward to quitting my restaurant job so that I can get back into my steady morning routine.
81,613405481453912064,Tue Jun 23 17:57:17 +0000 2015,0,0,No clock needed for 2pm nap time. https://t.co/u9KdrtLgW4
82,613189888775565312,Tue Jun 23 03:40:36 +0000 2015,1,0,RT @kmarnoch: Keep alert #kwawesome… intense activity heading toward - or already in - your area. #onstorm
83,613189859717480449,Tue Jun 23 03:40:29 +0000 2015,3,0,"RT @kevinsky: Lay low in Waterloo! 

#onstorm #kwawesome  https://t.co/GwXa2VKiCN"
84,613187894069608448,Tue Jun 23 03:32:41 +0000 2015,0,1,Anyone trying to follow the #ONstorm hashtag might find http://t.co/TesjLAaZQx an easier tool than Twitter #onstorm
85,613181311109439489,Tue Jun 23 03:06:31 +0000 2015,1,1,Heavy rain now in Kitchener #onstorm #kwawesome
86,612034935260618756,Fri Jun 19 23:11:14 +0000 2015,0,0,Self appointed squirrel watcher https://t.co/W6rzTl4mcM
87,611642200724742145,Thu Jun 18 21:10:39 +0000 2015,0,0,Pretty happy to be outside today. https://t.co/6CaiZBRKZn
88,611491732212031488,Thu Jun 18 11:12:44 +0000 2015,7,1,Must-Have Pickup Truck Accessories Guide http://t.co/1EoWVKKI34 via @Wheelsca http://t.co/NipKnvpWNJ
89,611485918327783425,Thu Jun 18 10:49:38 +0000 2015,0,0,@BelmontBistro It was fun. Thanks for starting off our day :)
90,611171160059805696,Wed Jun 17 13:58:54 +0000 2015,12,0,RT @JLBistro: Area artisans get boost from online gift marketplace http://t.co/akUId2xTZT Congrats @100milegifts #KWAwesome http://t.co/1Np…
91,610800969933176833,Tue Jun 16 13:27:54 +0000 2015,18,0,"RT @TuxedoMutt: LOST DOG #KWAWESOME Marley last seen Belmont area last night. Friendly, female. Call 226.972.0466 Pls RT! http://t.co/QOvWN…"
92,610799802905788416,Tue Jun 16 13:23:15 +0000 2015,9,0,RT @TuxedoMutt: Good morning! Please share #KWAwesome #WRAwesome. Let's find Marley today! https://t.co/ifWq4gIfzK
93,610635242391506944,Tue Jun 16 02:29:21 +0000 2015,9,0,RT @TuxedoMutt: Please RT #WRAwesome #WRTalk  https://t.co/ifWq4gIfzK
94,610621808207794176,Tue Jun 16 01:35:58 +0000 2015,20,0,"RT @TuxedoMutt: LOST DOG in #KWAWESOME Marley lost in Belmont area. Friendly, female. Call 226.972.0466 Pls RT! http://t.co/dHUMRQFwBN"
95,610242994642534400,Mon Jun 15 00:30:42 +0000 2015,0,1,@MConeybeare excellent food every time
96,610142967974617088,Sun Jun 14 17:53:14 +0000 2015,0,1,@tlrowanrmt It was a buckwheat crepe. It was the best breakfast I think I've ever had cc @BelmontBistro
97,610123984663879680,Sun Jun 14 16:37:48 +0000 2015,0,0,Belmont Bistro brunch https://t.co/Ujr2cysvCz
98,610123826677030912,Sun Jun 14 16:37:10 +0000 2015,0,0,At the Belmont Bistro https://t.co/85zncoakFF
99,610095526852202499,Sun Jun 14 14:44:43 +0000 2015,16,0,RT @attndotcom: You don't have to be a scientist to trust science. @LeoDiCaprio gets it exactly right. http://t.co/3346ugoUvX
100,609738774667501568,Sat Jun 13 15:07:06 +0000 2015,0,0,The girls discussing whether Aladdin or The Lion King had a better story. Things got a little heated… https://t.co/0Fmw5hzuyd
101,609736943253917696,Sat Jun 13 14:59:50 +0000 2015,13,0,RT @TuxedoMutt: Positive-reinforcement dog training is what we believe in! RT if you agree! http://t.co/subXAgol07
102,609364953674424320,Fri Jun 12 14:21:41 +0000 2015,0,0,Today we learned about capital gains vs interest. Discussion ensued and there was a lively debate. https://t.co/QAAkTqgDtq
103,609112138951438336,Thu Jun 11 21:37:05 +0000 2015,12,0,RT @TuxedoMutt: How true is this? http://t.co/RLcb5DpiYP
104,609042117575516160,Thu Jun 11 16:58:50 +0000 2015,2,1,Such a perfect day for lunch on the @jlbistro patio #kwawesome https://t.co/4nVTFB5CgG
105,609020289666699264,Thu Jun 11 15:32:06 +0000 2015,0,0,Today's a jagged little pill kinda day. Man this album brings me back! http://t.co/JcaDu2Fq70 http://t.co/I9lQSGBRnF
106,608956042681016320,Thu Jun 11 11:16:49 +0000 2015,0,2,"Wooo! @TerreChartrand :) so, so deserving of the @WRArtsAwards! Congratulations friend. See you tonight!"
107,608775853934137345,Wed Jun 10 23:20:48 +0000 2015,3,0,RT @jrhippe: Pleased to attend @WRArtsAwards tonight. Good luck to all nominees! #KWAwesome http://t.co/vorAeA9Vko
108,608744279306067968,Wed Jun 10 21:15:20 +0000 2015,0,0,"The girls were in disbelief that ""I will always love you"" was written by Dolly Parton https://t.co/FZTzXtEXIH"
109,608726106196295681,Wed Jun 10 20:03:07 +0000 2015,1,0,#C51 http://t.co/dozU1eCLHr
110,608662936329052160,Wed Jun 10 15:52:07 +0000 2015,0,0,FYI @PeterBraid voted FOR #C51 http://t.co/VFp6VUs1V7 NOT #KWAwesome
111,608640491723227136,Wed Jun 10 14:22:55 +0000 2015,20,0,"RT @CBCKW891: MORE DETAILS: Environment Canada has issued a tornado watch for Waterloo Region, Guelph and Wellington County.

http://t.co/E…"
112,608618728784183296,Wed Jun 10 12:56:27 +0000 2015,7,0,RT @TuxedoMutt: Sign up for our regular clean up service before July &amp; be entered to WIN a $250 Amazon Gift Card! http://t.co/uEex9HIYfy
113,608449298192330753,Wed Jun 10 01:43:11 +0000 2015,1,0,RT @Wheelsca: 2015 Jeep Cherokee Trailhawk Review: http://t.co/pgq2agQ5Tt #JeepMafia @Jeep #jeeplife #OutdoorLiving http://t.co/P3czwTkgNZ
114,608342257423511552,Tue Jun 09 18:37:51 +0000 2015,2,0,RT @TuxedoMutt: I don't think anyone can disagree with this statement. http://t.co/2v75pDAFpG
115,608055488245321728,Mon Jun 08 23:38:20 +0000 2015,0,0,@WIND_Cares I need some help with my account please.
116,608025226866249729,Mon Jun 08 21:38:05 +0000 2015,0,0,@SpikeGreg Bechtel
117,608018621198008320,Mon Jun 08 21:11:50 +0000 2015,0,0,We're heading to the dog park I guess https://t.co/qC8NLYzMTL
118,608013923594301440,Mon Jun 08 20:53:10 +0000 2015,0,1,How did I not think of @barkbox ? What a brilliant idea!
119,607922811902918658,Mon Jun 08 14:51:07 +0000 2015,25,0,RT @attndotcom: Perspective. http://t.co/2mIGz1IZVG
120,607920605980028928,Mon Jun 08 14:42:21 +0000 2015,8,0,RT @Wheelsca: Top 10 Road Trip Destinations in Canada: http://t.co/Ou7XbGqpr4 #roadtrip #Canada2015 #Outdoor #summer http://t.co/TYbIR5gvSv
121,607554993365913600,Sun Jun 07 14:29:32 +0000 2015,0,0,The girls got really excited when we started off Sunday with bible study. The new testament is always… https://t.co/bILXDHqxcu
122,607520771552866304,Sun Jun 07 12:13:33 +0000 2015,1,0,RT @TuxedoMutt: Dog Breeds 101: Alaskan Malamute [Video] http://t.co/7FZAGTLNYq http://t.co/fhIm1eMh5m
123,606922391663558656,Fri Jun 05 20:35:48 +0000 2015,0,0,http://t.co/TLXXcCNS20
124,606849629204979712,Fri Jun 05 15:46:40 +0000 2015,0,0,Don't work too hard today you guys https://t.co/j3jN4nTFbj
125,606451295545794563,Thu Jun 04 13:23:50 +0000 2015,2,0,"RT @giltrestaurant: #thirstythursday #kwawesome $5 pints and glasses of wine from 4-6pm tonight! 
     http://t.co/If7veHhb7V"
126,606440185954365440,Thu Jun 04 12:39:42 +0000 2015,3,5,"What a beautiful, beautiful day in #KWAwesome ... I'll definitely be taking advantage of the backyard office today. Get outside!"
127,606432089051820033,Thu Jun 04 12:07:31 +0000 2015,4,0,RT @Wheelsca: #Lamborghini #Veneno http://t.co/Vx2TQBUZnL
128,606264534014246913,Thu Jun 04 01:01:43 +0000 2015,9,0,RT @Wheelsca: 2016 Dodge Viper ACR - Fastest Street-legal Car Ever: http://t.co/t1Qahj5NY9 @Dodge #FastNLoud http://t.co/lSKLNGyRcR
129,606204268501192704,Wed Jun 03 21:02:14 +0000 2015,0,0,"When you think ""pickup truck"" which brand comes to mind first? http://t.co/yTMuHegMfA"
130,606188219206467584,Wed Jun 03 19:58:28 +0000 2015,0,0,@nataleighb So cute :) What would life be without dogs?
131,606184617692041216,Wed Jun 03 19:44:09 +0000 2015,0,0,@nataleighb @attndotcom lol yea I'm a big dog lover. Those two in my header image are my best friends. Do you have any dogs?
132,606175244873809920,Wed Jun 03 19:06:55 +0000 2015,0,0,"@nataleighb lol I was half-joking about the puppies, but impressed when I got just what I asked for. I wonder if @attndotcom knows Santa?"
133,606165690056376320,Wed Jun 03 18:28:57 +0000 2015,1,0,RT @attndotcom: @SpikeGreg Puppies...you mean like this? http://t.co/DGAcjiDRW2
134,606165123623972864,Wed Jun 03 18:26:42 +0000 2015,0,0,Wanna see how to do social media right? Pay attention to @attndotcom  https://t.co/vCNKfiPBVn
135,606165008842649600,Wed Jun 03 18:26:14 +0000 2015,0,0,@attndotcom Wow! That's incredibly impressive lol *tips hat* and yes that's exactly what I meant ;)
136,606164020278784000,Wed Jun 03 18:22:19 +0000 2015,0,0,@attndotcom Good question! I'm really passionate about raising the minimum wage. Also puppies. You can't have too many puppies :)
137,606161041412780032,Wed Jun 03 18:10:28 +0000 2015,2,0,RT @TuxedoMutt: #Dog Tug of War - is it a good thing or not? http://t.co/FtAJQfyl2r http://t.co/lUXITDwRwS
138,606160983745163264,Wed Jun 03 18:10:15 +0000 2015,0,1,I think @attndotcom has become my favourite new blog! It's like they write every article for me.
139,606089256147156993,Wed Jun 03 13:25:13 +0000 2015,0,1,When is the fundraiser to help get @TimHortons employees a #LivingWage? I'd support that. #CampDay
140,606070106968293376,Wed Jun 03 12:09:08 +0000 2015,1,0,RT @RestonicBeds: Want to get the best nap of your life? @SpikeGreg shows us how =&gt; http://t.co/u2lw4iGJ3X  #sleephealth
141,605847452541804545,Tue Jun 02 21:24:23 +0000 2015,1,0,I'd rather see people taking sick days than coming to work not feeling well. Perfect attendance isn't always good. #StayHomeWhenYoureSick
142,605829613973995521,Tue Jun 02 20:13:30 +0000 2015,0,0,Congrats... need an awesome freelance writer? ;) #coughcough https://t.co/WZWVvsbnEI
143,605765348499931136,Tue Jun 02 15:58:08 +0000 2015,2,0,RT @TuxedoMutt: RT if you agree! http://t.co/Q6JfitlUm5
144,605731295109324801,Tue Jun 02 13:42:49 +0000 2015,0,0,@DrMarkKubert @andythequizzer @thisisguelph I think Mark deserves an award for creating the name. Also how has @cinn48 not noticed?
145,605726965979422720,Tue Jun 02 13:25:37 +0000 2015,0,0,"He meant #Guelephant, but followed nonetheless.  https://t.co/f0wEkxzOBn"
146,605719859310161920,Tue Jun 02 12:57:22 +0000 2015,9,0,RT @attndotcom: It's a lot more than just inflation...it's time to #LowerTheTuition. http://t.co/6jjwmBSZ4e
147,605520677886529536,Mon Jun 01 23:45:54 +0000 2015,1,0,RT @TuxedoMutt: Who wouldn't want a $250 Amazon Gift Card? http://t.co/IX65mKIicm http://t.co/l4xcYADXl2
148,605473000733876225,Mon Jun 01 20:36:27 +0000 2015,0,0,As much as I love the idea of #CampDay I wish @TimHortons would pay their employees a #LivingWage so they wouldn't working in poverty too.
149,605447519317811201,Mon Jun 01 18:55:11 +0000 2015,20549,0,RT @ladygaga: The beauty on the inside is now also on the outside. God bless you and the whole family for sharing it with us. 👑 http://t.co…
150,605447248894230529,Mon Jun 01 18:54:07 +0000 2015,4,0,RT @attndotcom: 20 reactions to #CallMeCaitlyn on twitter that are pretty damn powerful: http://t.co/E5IkKumCiJ http://t.co/aL5YZwE2oi
151,605385973896224768,Mon Jun 01 14:50:38 +0000 2015,8,0,"RT @attndotcom: If Walmart raised wages to $12/hr and passed ALL costs along to the consumer, the average trip would go up only 1%. http://…"
152,605382814587060225,Mon Jun 01 14:38:05 +0000 2015,0,1,@ozzycosta lol I thought it was funny too.
153,605361128659656704,Mon Jun 01 13:11:54 +0000 2015,1,0,http://t.co/WvJ4nRswDU
154,605352364871168000,Mon Jun 01 12:37:05 +0000 2015,0,1,"Feels like yesterday #timeflies RT @FXMC1957: 1 June 1533. Anne Boleyn, Henry VIII's 2nd wife, was crowned Queen. http://t.co/ZZ9OBm7IAQ"
155,605182534792544256,Mon Jun 01 01:22:14 +0000 2015,4,0,RT @thor_benson: Here's the lowdown on the history of cocaine in America. http://t.co/HVhNjXPUfu via @attndotcom
156,605087587418664960,Sun May 31 19:04:57 +0000 2015,0,0,Just woke up from one :) https://t.co/CzEwkr97xS
157,604986490553307136,Sun May 31 12:23:14 +0000 2015,0,1,The girls share their disbelief that red and blue make purple. https://t.co/GXWb3htipE
158,604626535539077121,Sat May 30 12:32:54 +0000 2015,1,0,"RT @RethinkTires: Just as you look for a trustworthy doctor for yourself, look for mechanic you can trust with your car. Via @Wheelsca http…"
159,603544224999591936,Wed May 27 12:52:11 +0000 2015,4,0,RT @TuxedoMutt: Good morning #KWAwesome! Finally ready to launch the new website :) http://t.co/pXkSkyOdGy #WRTalk
160,602573058642210816,Sun May 24 20:33:07 +0000 2015,0,0,@superbang lol
161,602516730863349760,Sun May 24 16:49:17 +0000 2015,1,1,I went inside to pee and someone stole my hammock. #jerk https://t.co/7HfKOGM05S
162,602507144085245952,Sun May 24 16:11:11 +0000 2015,0,0,I'm living outside forever if the weather stays like this https://t.co/GhjSWo9Dvs
163,602506928854532097,Sun May 24 16:10:20 +0000 2015,0,0,What a perfect day https://t.co/aNqlzLEGyA
164,602180025614528512,Sat May 23 18:31:20 +0000 2015,2,0,"RT @JLBistro: Hope you're enjoying a beautiful Saturday outdoors! 

See you at 5 for dinner 519.725.3440 http://t.co/OBL4hjnWrH"
165,602126781416636416,Sat May 23 14:59:46 +0000 2015,0,0,Fighting on the front lawn like a white trash wedding https://t.co/OSJUAbCvhi
166,602126024709660672,Sat May 23 14:56:45 +0000 2015,0,0,Cleaning out the car today. I don't like the micromanagement from my supervisors. https://t.co/m8pWtmxt79
167,601356878388531201,Thu May 21 12:00:27 +0000 2015,0,0,We talked about why accepting drugs from a stranger is a bad idea. https://t.co/oBzYtbKieY
168,600680001336385537,Tue May 19 15:10:47 +0000 2015,0,0,The world from Casey's point of view. A short documentary. https://t.co/Zf6q4XzcrZ
169,600436126747328512,Mon May 18 23:01:42 +0000 2015,0,0,@marty_d_ Thanks :))
170,600427362291994624,Mon May 18 22:26:53 +0000 2015,0,0,Are there fireworks tonight in #KWAwesome #WRAwesome
171,600276793602482176,Mon May 18 12:28:34 +0000 2015,0,0,"No one needed to say ""be lazy today"" they were way ahead of the game https://t.co/sN6CouOsjM"
172,600276486654926848,Mon May 18 12:27:21 +0000 2015,0,0,Toys make best pillows https://t.co/BXKwQhH6VV
173,599005587083497473,Fri May 15 00:17:15 +0000 2015,0,0,The best of friends https://t.co/OYoNYp8kBK
174,598994049048031233,Thu May 14 23:31:24 +0000 2015,132,0,RT @BarbaraCorcoran: Procrastination is the enemy of success and the guilt of not doing something always steals your energy.
175,598993953308876800,Thu May 14 23:31:01 +0000 2015,0,0,I'm pretty sure Manwich is now just ketchup in a can. They don't even put those fake flecks of crap in the can anymore.
176,598992177218326528,Thu May 14 23:23:58 +0000 2015,1,1,Excellent idea #KWAwesome  https://t.co/JqHvAuGDtB
177,598841988730003456,Thu May 14 13:27:10 +0000 2015,0,1,Next up: The Wall http://t.co/pYSUzpVTks
178,598828302900551680,Thu May 14 12:32:47 +0000 2015,0,1,"Starting the day off right. 

Still know all the words. I used to be cool and turns out, I still am! http://t.co/Hq7iT1qk2d"
179,598503611719503872,Wed May 13 15:02:35 +0000 2015,5,0,RT @superbang: How much of a zombie apocalypse would be eliminated if we just buried people with their shoe laces tied together?
180,598224298008948736,Tue May 12 20:32:41 +0000 2015,2,0,"RT @PeopleofKW: Also, @HydroOne deserves a shout out for also taking a stand against such behaviour."
181,598224276039159808,Tue May 12 20:32:36 +0000 2015,2,0,RT @PeopleofKW: .@shaunacitynews should be commended for addressing what so many women are subjected to daily. Thank you for standing again…
182,598223720352600064,Tue May 12 20:30:24 +0000 2015,337,0,RT @CBCNews: UPDATED: #HydroOne employee fired after yelling #FHRITP at #CityNews reporter http://t.co/KTcp3x3Ypr
183,598214531391848449,Tue May 12 19:53:53 +0000 2015,9,0,Buying Your First Used Car? Easy Tips to Save Money http://t.co/z0ZrhF0a6V via @Wheelsca http://t.co/hkEfdJ7MG1
184,598211584515706880,Tue May 12 19:42:10 +0000 2015,3,0,RT @TorontoStar: .@WheelsCa shares how to find an auto mechanic you can trust http://t.co/3ZdZAsSMYZ http://t.co/Yll68ovAED
185,597405482630967296,Sun May 10 14:19:00 +0000 2015,0,0,First flower. Happy mothers day https://t.co/u40CAtfGbi
186,596772300613099520,Fri May 08 20:22:58 +0000 2015,0,1,It was decided that today was hot enough to open the pool for the season https://t.co/mwW1VqQ1wu
187,596628199645188096,Fri May 08 10:50:22 +0000 2015,0,1,@superbang That must be why it's so expensive
188,596455294705737729,Thu May 07 23:23:18 +0000 2015,0,0,Ink pasta yummola @jlbistro https://t.co/LunoiWJn4Q
189,596000105494347776,Wed May 06 17:14:32 +0000 2015,0,0,Just posted a photo https://t.co/Of5Y8GeifV
190,596000014402514945,Wed May 06 17:14:11 +0000 2015,0,0,Just posted a photo https://t.co/KMKOOpLS8T
191,595998296113577984,Wed May 06 17:07:21 +0000 2015,0,0,Beauty day for a swim https://t.co/eYtt8K7TWW
192,595234809858891776,Mon May 04 14:33:32 +0000 2015,14,0,RT @JLBistro: Hey #KWAwesome - want to WIN a $50 JLB Gift Card? Enter here: http://t.co/fEOvEtaRZw http://t.co/B018AT0mez
193,594137258187497472,Fri May 01 13:52:15 +0000 2015,0,0,Good enough https://t.co/M2TUK31An7
194,594105327274086400,Fri May 01 11:45:22 +0000 2015,0,0,Someone doesn't want to eat today. https://t.co/ZjyFnp7RxE
195,593497073086926848,Wed Apr 29 19:28:23 +0000 2015,5,0,RT @TorontoStar: What's in your toolbox? @wheelsca shares the 5 things every non-mechanic should own http://t.co/V1YJRSDe50 http://t.co/FXc…
196,593190555837956096,Tue Apr 28 23:10:24 +0000 2015,0,1,"Asher, possibly the cutest puppy ever #samoyed https://t.co/SyAxcBmmnl"
197,593117059547926528,Tue Apr 28 18:18:21 +0000 2015,1,0,"RT @TuxedoMutt: Enjoy a martini &amp; we'll deal with the backyard: weekly, bi-weekly or monthly #KWAwesome #Guelph #Cbridge http://t.co/jtsIYT…"
198,592802528263348224,Mon Apr 27 21:28:31 +0000 2015,0,1,@creidphoto I've done both. No follow up questions please.
