,id_str,created_at,retweet_count,favorite_count,text
0,669209765340426240,Tue Nov 24 17:43:36 +0000 2015,0,0,Gift vouchers available to suit all budgets https://t.co/pXLNOAzkAv
1,669137011433971712,Tue Nov 24 12:54:30 +0000 2015,0,0,Heywood Christmas lights switch on https://t.co/sXH22kTHNY
2,668766028227346433,Mon Nov 23 12:20:20 +0000 2015,1,0,BLACK FRIDAY SALE - FREE 30 MIN PHOTOSHOOT AVAILAVLE https://t.co/vDAzRdG6IC
3,668545621515739136,Sun Nov 22 21:44:31 +0000 2015,0,0,https://t.co/TKaNU63gPY
4,668524951264194568,Sun Nov 22 20:22:23 +0000 2015,0,0,https://t.co/AVEI4ZBOSK
5,668466174993309696,Sun Nov 22 16:28:50 +0000 2015,0,0,"I posted 43 photos on Facebook in the album ""TheHeywood Ctistmas Parade and Light Switch on 2015"" https://t.co/b5AmZ8NtIw"
6,668395453105442817,Sun Nov 22 11:47:48 +0000 2015,0,0,"I posted 77 photos on Facebook in the album ""TheHeywood Ctistmas Parade and Light Switch on 2015"" https://t.co/kZ647UZi2U"
7,668203199430545408,Sat Nov 21 23:03:52 +0000 2015,0,0,I posted a new photo to Facebook https://t.co/NGAGM5HM5Q
8,668089010351439874,Sat Nov 21 15:30:07 +0000 2015,0,0,I posted a new photo to Facebook https://t.co/4Eeoh3MKjQ
9,668068818221203456,Sat Nov 21 14:09:53 +0000 2015,0,0,I posted a new photo to Facebook https://t.co/7EeiSFqLLm
10,667776938103218177,Fri Nov 20 18:50:03 +0000 2015,0,0,Come and help defend Heywood tomorrow https://t.co/6eTJHaQ2kr
11,667776095740145664,Fri Nov 20 18:46:42 +0000 2015,0,0,Join the Battle to save Heywood from the Empire https://t.co/gCgmqh8Tkn
12,667770465805553664,Fri Nov 20 18:24:20 +0000 2015,0,0,The Empire is coming !!! https://t.co/EkGzbHLFZV
13,667749417018105858,Fri Nov 20 17:00:41 +0000 2015,0,0,Guess whos coming to Heywood tomorrow look out for the Empire and the Jedi and see our float in the MASSIVE... https://t.co/hBamUBtbRz
14,667743785334366208,Fri Nov 20 16:38:19 +0000 2015,0,0,Guess whos comming to town tomorrow ? come and see our float in the MASSIVE christmas parade https://t.co/m3ZwjqwA4v
15,667420917237198848,Thu Nov 19 19:15:21 +0000 2015,0,0,Please inbox us for details https://t.co/htKjgm1ig0
16,667396093454454784,Thu Nov 19 17:36:42 +0000 2015,0,0,"I posted 10 photos on Facebook in the album ""FREE PHOTOSHOOT GIFT VOUCHERS"" https://t.co/fhbrwTrQQm"
17,667020921094434817,Wed Nov 18 16:45:54 +0000 2015,0,0,"I posted 45 photos on Facebook in the album ""Jackson Bump shoot"" https://t.co/yaw1DIdoTl"
18,667012570482679808,Wed Nov 18 16:12:43 +0000 2015,0,0,FREE BUMP SHOOTS print prices available on request https://t.co/fVimotucEm
19,666994194469093376,Wed Nov 18 14:59:42 +0000 2015,0,0,"I posted 65 photos on Facebook in the album ""Lola Grace"" https://t.co/VxoFZ21lFS"
20,666579194785198080,Tue Nov 17 11:30:39 +0000 2015,0,0,* CHRISTMAS ORDERS * Please note the last date for canvass orders is the 25 November and for prints 16 December.... https://t.co/8gJ3ay11ye
21,665857958526492672,Sun Nov 15 11:44:43 +0000 2015,0,0,"I posted 50 photos on Facebook in the album ""Kaitlyn-Mae"" https://t.co/yjttPTu0PX"
22,665306926952001536,Fri Nov 13 23:15:06 +0000 2015,0,0,I posted a new photo to Facebook https://t.co/CdoLES4eKt
23,665305513144401920,Fri Nov 13 23:09:29 +0000 2015,1,0,Thinking of the people of Paris tonight. God bless them and help them stand against the forces of evil in the world https://t.co/WaYGsr8dVA
24,665263454824042496,Fri Nov 13 20:22:22 +0000 2015,0,0,Some of the hand made gifts available in store https://t.co/ATB9JIJ88Q
25,665155405937537024,Fri Nov 13 13:13:01 +0000 2015,0,0,I posted a new photo to Facebook https://t.co/tg2JsE1Uct
26,665154904454004736,Fri Nov 13 13:11:01 +0000 2015,0,2,"**** The north wests No.1 **** 
 Wedding photography company are now taking bookings for weddings, christenings,... https://t.co/vweOhCYyLN"
27,665113152061898752,Fri Nov 13 10:25:07 +0000 2015,0,1,"**** The north wests No.1 **** 
 Wedding photography company are now taking bookings for weddings, christenings,... https://t.co/295HO7aRrI"
28,665109592519634944,Fri Nov 13 10:10:58 +0000 2015,0,1,"**** The north wests No.1 **** 
 Wedding photography company are now taking bookings for weddings, christenings,... https://t.co/BJheCKJpXl"
29,664804928603488256,Thu Nov 12 14:00:21 +0000 2015,0,0,I posted a new photo to Facebook https://t.co/uM9db5moQb
30,664797043395854336,Thu Nov 12 13:29:01 +0000 2015,0,0,I posted a new photo to Facebook https://t.co/Nb0EDf2TiF
31,664797004078391296,Thu Nov 12 13:28:51 +0000 2015,0,0,I posted a new photo to Facebook https://t.co/HlXElc5bhB
32,664764124421836800,Thu Nov 12 11:18:12 +0000 2015,1,0,I posted a new photo to Facebook https://t.co/kjOIYdVs0V
33,664764095091093504,Thu Nov 12 11:18:05 +0000 2015,0,0,I posted a new photo to Facebook https://t.co/iSn8JWpjHb
34,664487565257482240,Wed Nov 11 16:59:15 +0000 2015,1,0,https://t.co/kZPHadsWYL
35,664439800410324992,Wed Nov 11 13:49:27 +0000 2015,1,1,https://t.co/hiXhBLGopk https://t.co/4g0SkOJdt2
36,664061835499425792,Tue Nov 10 12:47:33 +0000 2015,1,1,"**** FREE 30 minute PHOTOSHOOT offer ****
 Take advantage of this amazing offer. A free shoot with an experienced... https://t.co/jHTjJVlEm3"
37,663767308490448896,Mon Nov 09 17:17:13 +0000 2015,1,0,"I posted 94 photos on Facebook in the album ""Studio Showcase"" https://t.co/wiaWJOsolu"
38,663377433199005696,Sun Nov 08 15:27:59 +0000 2015,0,0,"I posted 78 photos on Facebook in the album ""Studio Showcase"" https://t.co/VstrPpXyTG"
39,663289362298200064,Sun Nov 08 09:38:01 +0000 2015,0,0,I posted a new photo to Facebook https://t.co/is0C00ShCr
40,662964834649120768,Sat Nov 07 12:08:28 +0000 2015,2,0,I posted a new photo to Facebook https://t.co/nzVsw8elf8
41,662648802885672960,Fri Nov 06 15:12:40 +0000 2015,2,0,"**** FREE 30 minute PHOTOSHOOT offer ****
 Take advantage of this amazing offer. A free shoot with an experienced... https://t.co/qJ4EgUeGDJ"
42,662619589940027392,Fri Nov 06 13:16:35 +0000 2015,1,0,I posted a new photo to Facebook https://t.co/grUMEbCN21
43,661540575276113920,Tue Nov 03 13:48:58 +0000 2015,0,0,"I posted 54 photos on Facebook in the album ""Studio Showcase"" https://t.co/xjMpstaoc0"
44,661538186489954304,Tue Nov 03 13:39:29 +0000 2015,0,0,"I posted 125 photos on Facebook in the album ""Studio Showcase"" https://t.co/VFVLf9d1Xr"
45,661533855162191872,Tue Nov 03 13:22:16 +0000 2015,0,0,"I posted 87 photos on Facebook in the album ""Studio Showcase"" https://t.co/XRMM6aRMUX"
46,660938538217816064,Sun Nov 01 21:56:41 +0000 2015,0,0,https://t.co/OzhzoDGXLW
47,660901165144649729,Sun Nov 01 19:28:11 +0000 2015,0,0,https://t.co/zDzlCpkBnZ
48,659482297477955584,Wed Oct 28 21:30:06 +0000 2015,0,0,https://t.co/ggS2McHp85
49,659471729073328128,Wed Oct 28 20:48:07 +0000 2015,0,0,Happy Halloween !
50,659399965496602625,Wed Oct 28 16:02:57 +0000 2015,0,0,FREE 30 MINUTE  PHOTO SHOOT  - Christmas - Family - Children - Groups. To qualify please LIKE our page and SHARE... https://t.co/wXhNS0xzAS
51,659399062509236224,Wed Oct 28 15:59:22 +0000 2015,0,0,FREE 30 MINUTE  PHOTO SHOOT  - Christmas - Family - Children - Groups. To qualify please LIKE our page and SHARE... https://t.co/ZoP2LHmDQP
52,658981462855798784,Tue Oct 27 12:19:58 +0000 2015,0,0,https://t.co/bccZmIbQb0
53,658407216450400256,Sun Oct 25 22:18:07 +0000 2015,0,0,Trick or Treat Halloween photo shoots including face painting this Friday £9.99 per person https://t.co/Xv624of6N5
54,657675034975035392,Fri Oct 23 21:48:42 +0000 2015,0,0,Please like our page and share then inbox me for details https://t.co/gVRAKSRoXX
55,656902573983600640,Wed Oct 21 18:39:12 +0000 2015,0,0,Portraiture https://t.co/QO9JCrqrf6
56,656902326251343875,Wed Oct 21 18:38:13 +0000 2015,0,0,I posted a new photo to Facebook https://t.co/sjOoiYQKXu
57,656184300602175488,Mon Oct 19 19:05:03 +0000 2015,0,0,I posted a new photo to Facebook https://t.co/ZYllprppaX
58,656184169035341824,Mon Oct 19 19:04:31 +0000 2015,0,0,I posted a new photo to Facebook https://t.co/x8pQArxfmW
59,655432948326383616,Sat Oct 17 17:19:26 +0000 2015,0,0,I posted a new photo to Facebook http://t.co/4S3ykQLpzT
60,654698916957458432,Thu Oct 15 16:42:40 +0000 2015,0,0,I posted a new photo to Facebook http://t.co/s5cSEmD387
61,654392912763949056,Wed Oct 14 20:26:43 +0000 2015,0,0,http://t.co/G4jy5RIMx6
62,654041666328768512,Tue Oct 13 21:10:59 +0000 2015,0,0,Rebeca Marson and Martyn Buonocore's Wedding Montage http://t.co/gSKa1rwKyT
63,654037752258822145,Tue Oct 13 20:55:26 +0000 2015,0,0,We are proud to recommend http://t.co/RPaSbca80z
64,653692294563000320,Mon Oct 12 22:02:42 +0000 2015,2,0,http://t.co/FoOXSOMP7a
65,653592622557229061,Mon Oct 12 15:26:39 +0000 2015,0,0,I posted a new photo to Facebook http://t.co/RD4svmqveY
66,653592263478669313,Mon Oct 12 15:25:13 +0000 2015,0,0,I posted a new photo to Facebook http://t.co/l4K0PCS62H
67,653316579183071232,Sun Oct 11 21:09:45 +0000 2015,0,0,http://t.co/fUHKGguLfy
68,653234586340753408,Sun Oct 11 15:43:56 +0000 2015,0,0,Limited offer - FREE photoshoots available to celebrate the opening of our new shop and studio - book early as... http://t.co/96NTLPXtyj
69,653228658283421696,Sun Oct 11 15:20:23 +0000 2015,0,0,#cute #littleman http://t.co/Ojvxo9DE9S
70,653156048707145729,Sun Oct 11 10:31:51 +0000 2015,0,0,http://t.co/ZFVwEVQ0gy
71,653156031049170944,Sun Oct 11 10:31:47 +0000 2015,0,0,http://t.co/O8sMAPBejC
72,652835208249671680,Sat Oct 10 13:16:57 +0000 2015,0,0,I posted a new photo to Facebook http://t.co/5vFtDjRGaB
73,652835113529659393,Sat Oct 10 13:16:34 +0000 2015,0,0,I posted a new photo to Facebook http://t.co/zHokHM6ipx
74,652835059364462592,Sat Oct 10 13:16:21 +0000 2015,0,0,I posted a new photo to Facebook http://t.co/V6ASENViAp
75,652801555461210112,Sat Oct 10 11:03:13 +0000 2015,0,0,I posted a new photo to Facebook http://t.co/jYtaMc0reh
76,652791575328763904,Sat Oct 10 10:23:34 +0000 2015,0,0,Free photoshoots please inbox for details http://t.co/MUStTd4chC
77,652502515188109312,Fri Oct 09 15:14:57 +0000 2015,0,0,CUSTOMER NOTICE  because of the huge demand we have experienced this year our post processing has taken longer... http://t.co/yo9LcJiqm3
78,652164827729690626,Thu Oct 08 16:53:06 +0000 2015,0,0,Take advantage of this amazing FREE offer http://t.co/ptah0XrcDL
79,652150673736241152,Thu Oct 08 15:56:51 +0000 2015,0,0,I posted a new photo to Facebook http://t.co/JGS7QDKnSz
80,652065344509583360,Thu Oct 08 10:17:47 +0000 2015,0,0,I posted a new photo to Facebook http://t.co/Qx94WSXNOh
81,651788972696465408,Wed Oct 07 15:59:35 +0000 2015,0,0,http://t.co/1zJ18NqxWT
82,651788821563080704,Wed Oct 07 15:58:59 +0000 2015,0,0,http://t.co/3qcDwwXfWS
83,651707431379144704,Wed Oct 07 10:35:34 +0000 2015,0,0,We are doing this very limited promotion in conjunction with the opening of our new shop and studio please inbox... http://t.co/kxPT4cW6NP
84,651426466199154688,Tue Oct 06 15:59:07 +0000 2015,1,0,Perfect Image Studios is proud to present the wedding of Mr &amp; Mrs Fleming. Please follow the link below and click... http://t.co/bpgL9Nxyw7
85,650386019544657925,Sat Oct 03 19:04:45 +0000 2015,0,0,I posted a new photo to Facebook http://t.co/o2cz7kQm3V
86,650315477357600768,Sat Oct 03 14:24:26 +0000 2015,0,0,http://t.co/8ZCw8L9LR9
87,650313061098721280,Sat Oct 03 14:14:50 +0000 2015,0,0,Available in our shop for Christmas and special occasions. The Perfect Gift http://t.co/eObZFt6qQk
88,650274515918934016,Sat Oct 03 11:41:40 +0000 2015,2,0,I posted a new photo to Facebook http://t.co/boOOj4Iirk
89,649882383274147840,Fri Oct 02 09:43:29 +0000 2015,0,0,http://t.co/SCXrHN8bdO
90,649879755236491264,Fri Oct 02 09:33:02 +0000 2015,2,0,http://t.co/67gpf7eeSb
91,649849679618904064,Fri Oct 02 07:33:31 +0000 2015,0,0,I posted a new photo to Facebook http://t.co/sLzrMaMy3U
92,649547227057233920,Thu Oct 01 11:31:41 +0000 2015,0,0,Stunning location for today's wedding http://t.co/v0CM4D2PeV
93,649320138383228928,Wed Sep 30 20:29:19 +0000 2015,0,0,I posted a new photo to Facebook http://t.co/t9w3kbdiL5
94,649255451205468160,Wed Sep 30 16:12:16 +0000 2015,0,0,http://t.co/NVbDZtJgU6
95,649254149561929728,Wed Sep 30 16:07:06 +0000 2015,0,0,I posted a new photo to Facebook http://t.co/XjTkil8xGC
96,649253534664388608,Wed Sep 30 16:04:39 +0000 2015,1,0,https://t.co/9KoFoUn24y
97,649251308902445056,Wed Sep 30 15:55:49 +0000 2015,0,0,Perfect Image Studios are proud to now stock these exquisite items in our new shop for more details please contact us http://t.co/Bf1Wvn9c6o
98,649218196592041985,Wed Sep 30 13:44:14 +0000 2015,0,0,I posted a new photo to Facebook http://t.co/WXQL2pCiKw
99,649218079461908482,Wed Sep 30 13:43:46 +0000 2015,0,0,I posted a new photo to Facebook http://t.co/dPMBbjgsPy
100,649217950629675008,Wed Sep 30 13:43:15 +0000 2015,0,0,I posted a new photo to Facebook http://t.co/HNi7Nh4Q66
101,648825919075930112,Tue Sep 29 11:45:28 +0000 2015,0,0,I posted a new photo to Facebook http://t.co/CD6xo8mkOD
102,648602530142945280,Mon Sep 28 20:57:48 +0000 2015,2,0,FREE SHOOTS for a limited time to announce the opening of our new shop please in box me for details http://t.co/sSQvNPRQVe
103,648582292743585792,Mon Sep 28 19:37:23 +0000 2015,2,0,I posted a new photo to Facebook http://t.co/xo0lY0Db3T
104,648216389896028160,Sun Sep 27 19:23:25 +0000 2015,0,0,I posted a new photo to Facebook http://t.co/82zVzUI83B
105,648216342101917696,Sun Sep 27 19:23:13 +0000 2015,0,0,I posted a new photo to Facebook http://t.co/I8smB29C9P
106,648216287060041728,Sun Sep 27 19:23:00 +0000 2015,0,0,I posted a new photo to Facebook http://t.co/9eltjF2RA3
107,648216211482898432,Sun Sep 27 19:22:42 +0000 2015,0,0,I posted a new photo to Facebook http://t.co/CGbS7sYxGK
108,648216134928465920,Sun Sep 27 19:22:24 +0000 2015,0,0,I posted a new photo to Facebook http://t.co/L2uJCYiRms
109,648208041192628225,Sun Sep 27 18:50:14 +0000 2015,0,0,As a thank you to all our valued customers and as an opening offer can we offer all our customers a FREE STUDIO... http://t.co/3OPxTVShjR
110,648206701913575424,Sun Sep 27 18:44:55 +0000 2015,0,0,http://t.co/zmcYXVmglc
111,647803040469155840,Sat Sep 26 16:00:55 +0000 2015,2,0,Nickelback - Photograph [OFFICIAL VIDEO] http://t.co/WMSHa9BM8A
112,647449733041139712,Fri Sep 25 16:37:00 +0000 2015,0,0,http://t.co/9BBQzQAqOJ
113,647405688990355456,Fri Sep 25 13:41:59 +0000 2015,0,1,Baby bump shoots now available in our new purpose built studio prices from £49
114,647141138844004352,Thu Sep 24 20:10:45 +0000 2015,0,1,#weddingphotography #bride http://t.co/qA8j4TuIka
115,645928965106999296,Mon Sep 21 11:54:00 +0000 2015,0,0,I posted a new photo to Facebook http://t.co/HrR653qQWu
116,645228693518970880,Sat Sep 19 13:31:22 +0000 2015,0,0,Please LIKE and SHSRE our page there will be a special prize the the 3000th LIKE. And runners up prizes for the... http://t.co/jfPGZhwh4a
117,644804964188061696,Fri Sep 18 09:27:38 +0000 2015,0,0,I posted a new photo to Facebook http://t.co/5sW1VbWAC1
118,644804844180611072,Fri Sep 18 09:27:09 +0000 2015,0,0,I posted a new photo to Facebook http://t.co/Vx9OdV9IcO
119,644047215565139968,Wed Sep 16 07:16:36 +0000 2015,0,0,Full page in the paper again today !! http://t.co/muRI6t8CzU
120,643840748425748481,Tue Sep 15 17:36:11 +0000 2015,0,0,Planning a Christmas party or celebration ? Try one of our PARTYBOOTHS there great fun and we also offer... http://t.co/mdKy1EbK8L
121,643800101631229952,Tue Sep 15 14:54:40 +0000 2015,0,0,I posted a new photo to Facebook http://t.co/u31PrnKxuB
122,642728280395776000,Sat Sep 12 15:55:38 +0000 2015,0,0,http://t.co/OoAKFwWU34
123,642717030551027712,Sat Sep 12 15:10:55 +0000 2015,0,0,Rainy Day http://t.co/DXEatPJM6f
124,642677292959956992,Sat Sep 12 12:33:01 +0000 2015,0,0,I posted a new photo to Facebook http://t.co/6HzhNqQQky
125,642391003459133440,Fri Sep 11 17:35:24 +0000 2015,0,0,http://t.co/vlVdZW2agW
126,642374285630291968,Fri Sep 11 16:28:59 +0000 2015,0,0,I posted a new photo to Facebook http://t.co/fPlA8OvEOx
127,642373983380373504,Fri Sep 11 16:27:47 +0000 2015,0,0,I posted a new photo to Facebook http://t.co/nqejWNLt6w
128,642373882750631936,Fri Sep 11 16:27:23 +0000 2015,0,0,I posted a new photo to Facebook http://t.co/hdaWCHBiAv
129,642373784348049408,Fri Sep 11 16:26:59 +0000 2015,0,0,I posted a new photo to Facebook http://t.co/JGpwIDxA3g
130,642373687967096833,Fri Sep 11 16:26:36 +0000 2015,0,0,I posted a new photo to Facebook http://t.co/bdMWiaN4IP
131,642300935243481088,Fri Sep 11 11:37:30 +0000 2015,0,0,"**** The north wests No.1 **** 
Wedding photography company are now taking bookings for weddings, christenings,... http://t.co/zocmFAhCvV"
132,642001844177367041,Thu Sep 10 15:49:02 +0000 2015,0,0,http://t.co/y0QJ8WCHsJ... http://t.co/jVnAV4kQwp
133,641574018911502336,Wed Sep 09 11:29:00 +0000 2015,0,0,I posted a new photo to Facebook http://t.co/6zrOl719LO
134,640792454543855616,Mon Sep 07 07:43:21 +0000 2015,0,0,I posted a new photo to Facebook http://t.co/oux5t3Brek
135,640784723414007808,Mon Sep 07 07:12:37 +0000 2015,0,0,I posted a new photo to Facebook http://t.co/cEJbP7Tm09
136,639112029589139456,Wed Sep 02 16:25:56 +0000 2015,0,0,I posted a new photo to Facebook http://t.co/jYcsCXBPRN
137,638814343442862080,Tue Sep 01 20:43:02 +0000 2015,0,0,http://t.co/YubAJEqZfV
138,638745770611576832,Tue Sep 01 16:10:33 +0000 2015,0,0,http://t.co/TpXfsfT5Cl
139,638367769310965760,Mon Aug 31 15:08:31 +0000 2015,1,0,http://t.co/kRL1FZM7vQ
140,637280599850491904,Fri Aug 28 15:08:29 +0000 2015,1,0,Could my life get any more weird !!!! http://t.co/tZOrrcIBfc
141,637253747501043712,Fri Aug 28 13:21:47 +0000 2015,0,0,Hangin in da hood ! http://t.co/1eRurjAf0U
142,637251363567742977,Fri Aug 28 13:12:19 +0000 2015,0,0,Great start to a wedding http://t.co/7mH0rbgeBg
143,637178093950603264,Fri Aug 28 08:21:10 +0000 2015,0,0,Perfect Image Studios | Photographers in | Manchester http://t.co/zqGL81gpKN
144,636555329392779265,Wed Aug 26 15:06:31 +0000 2015,0,0,Perfect Image Studios are proud to present to wedding of Mr &amp; Mrs Corrin. Follow the link bellow to view the... http://t.co/wTwZ0rIFEW
145,636473695784054785,Wed Aug 26 09:42:08 +0000 2015,0,0,I posted a new photo to Facebook http://t.co/iHktH5w7do
146,636147710287081472,Tue Aug 25 12:06:47 +0000 2015,0,0,I posted a new photo to Facebook http://t.co/7dF9K1vcSi
147,636140431303118848,Tue Aug 25 11:37:52 +0000 2015,0,0,I posted a new photo to Facebook http://t.co/NMMdf0snS5
148,635864289539162112,Mon Aug 24 17:20:35 +0000 2015,0,0,I posted a new photo to Facebook http://t.co/sdioYSRC2Q
149,635822420209889280,Mon Aug 24 14:34:12 +0000 2015,0,0,http://t.co/7rSjsbEMGn
150,635721887029571584,Mon Aug 24 07:54:43 +0000 2015,0,0,I posted a new photo to Facebook http://t.co/yP5FKRYDj2
151,635721779009462272,Mon Aug 24 07:54:17 +0000 2015,0,0,I posted a new photo to Facebook http://t.co/aUA36vzyly
152,635721654837112832,Mon Aug 24 07:53:48 +0000 2015,0,0,I posted a new photo to Facebook http://t.co/GJLUHuoVV8
153,635212937897058304,Sat Aug 22 22:12:20 +0000 2015,0,0,** FREE ** We are offering a FREE engagement or bridal boudoir shoot with every new wedding booking T &amp; C's apply... http://t.co/qEuJ8o68jq
154,635189369402445824,Sat Aug 22 20:38:41 +0000 2015,0,0,"**** MANCHESTERS NUMBER ONE WEDDING PHOTOGRAPHY COMPANY ****

Are now taking wedding  bookings nationwide. Also... http://t.co/O6dSuYyDVx"
155,635140789841096704,Sat Aug 22 17:25:39 +0000 2015,0,0,I posted a new photo to Facebook http://t.co/dAKXVeBEWU
156,635032636239544320,Sat Aug 22 10:15:53 +0000 2015,1,0,I posted a new photo to Facebook http://t.co/biNkMrZmIF
157,635026961836965889,Sat Aug 22 09:53:20 +0000 2015,1,0,I posted a new photo to Facebook http://t.co/ZykCLlVVXm
158,635018293930262528,Sat Aug 22 09:18:53 +0000 2015,1,0,I Love this one !! http://t.co/PXCnUn5Zyl
159,634812724216791042,Fri Aug 21 19:42:02 +0000 2015,0,0,http://t.co/zzDNEvc3fD
160,634476769421205504,Thu Aug 20 21:27:04 +0000 2015,0,0,Thank you xxx http://t.co/BqPyKGCAIv
161,631832787432177666,Thu Aug 13 14:20:50 +0000 2015,0,1,Perfect Image Studios is proud to present the wedding of Mr&amp; Mrs Grundy. Please feel free to view the slide shows... http://t.co/phypqPj5UX
162,630727475698475008,Mon Aug 10 13:08:43 +0000 2015,1,0,As a thank you to all our valued customers and to celebrate the opening of our new shop in Heywood. We are... http://t.co/1nxQHhcp5c
163,630663336460451840,Mon Aug 10 08:53:51 +0000 2015,0,0,http://t.co/DYIoNUxfiG
164,630492994135834624,Sun Aug 09 21:36:58 +0000 2015,0,0,"Bookings now being taken have your little princess pampered by Elsa &amp; Anna and have a FREE photo shoot. 
T &amp;  C's... http://t.co/1qU0NpI0Es"
165,630415255768842240,Sun Aug 09 16:28:04 +0000 2015,0,0,"****MANCHESTERS NUMBER ONE PHOTOGRAPHY COMPANY **** 

are now taking bookings for WEDDINGS, CHRISTENINGS, PARTIES... http://t.co/8AFRGfeY3M"
166,629746252910055424,Fri Aug 07 20:09:41 +0000 2015,0,0,Renovating our new shop complete with specially build photo studio and pamper party area !!!
167,629689158508916736,Fri Aug 07 16:22:49 +0000 2015,0,0,http://t.co/xwueq92h1x
168,629625431751294976,Fri Aug 07 12:09:35 +0000 2015,0,0,Nominated second year running !! http://t.co/GkfyKJijWr
169,629550630177255424,Fri Aug 07 07:12:21 +0000 2015,0,0,Perfect Image Studios are proud to present the wedding of Mr &amp; Mrs Lindon. Follow the link below and click on... http://t.co/r8aQs6QkBU
170,629432759866523648,Thu Aug 06 23:23:58 +0000 2015,0,0,I posted a new photo to Facebook http://t.co/sthCjIGKHY
171,629385043677306880,Thu Aug 06 20:14:22 +0000 2015,0,0,http://t.co/cK9a7k2TaR
172,629377070766923776,Thu Aug 06 19:42:41 +0000 2015,0,0,Perfect image studios is proud to present Mr &amp; Mrs Lindon. Follow the link below and click on 'Client Galleries'... http://t.co/H19UK2XBWA
173,629286226911211520,Thu Aug 06 13:41:42 +0000 2015,0,0,"Perfect Image Studios is proud to present Lauran's 18 birthday party
Follow the link below and click on 'Client... http://t.co/SUTOrhNxsw"
174,628471013655904256,Tue Aug 04 07:42:20 +0000 2015,0,0,Planning a Christmas party or celebration ? Try one of our PARTYBOOTHS there great fun and we also offer... http://t.co/wjJotL05nR
175,627058528675610625,Fri Jul 31 10:09:38 +0000 2015,0,2,"WHAT DO YOU WANT FROM A WEDDING PHOTOGRAPHER ? 

Quality that will not break the bank ? Fully registered, Insured... http://t.co/LrpF0iGCQb"
176,626300509729783808,Wed Jul 29 07:57:32 +0000 2015,0,0,Perfect Image Studios http://t.co/XYUrdu26IJ
177,626039203105738752,Tue Jul 28 14:39:11 +0000 2015,0,0,Perfect Image Studios http://t.co/gyBT5wyZC6
178,624627020337651712,Fri Jul 24 17:07:41 +0000 2015,0,0,**** AWARD WINNING  AFFORDABLE PROFESSIONAL WEDDING &amp; EVENT PHOTOGRAPHY AND BESPOKE EVENT DECORATION ****... http://t.co/IGjlBCohtV
179,624532242925264897,Fri Jul 24 10:51:04 +0000 2015,0,0,I posted a new photo to Facebook http://t.co/1xB7JQ8lkl
180,624532200688631808,Fri Jul 24 10:50:54 +0000 2015,0,0,I posted a new photo to Facebook http://t.co/XsiGnBiWQW
181,624522338554486784,Fri Jul 24 10:11:43 +0000 2015,0,0,The stunning Mr &amp; Mrs Rigby http://t.co/cfsAHOk3Mv
182,624165445386522624,Thu Jul 23 10:33:33 +0000 2015,0,0,I posted a new photo to Facebook http://t.co/UO503MgBXb
183,624165318265602048,Thu Jul 23 10:33:02 +0000 2015,0,0,I posted a new photo to Facebook http://t.co/wPeDbF82YO
184,624165007966793728,Thu Jul 23 10:31:48 +0000 2015,0,0,I posted a new photo to Facebook http://t.co/zS9GNKcrWj
185,624164835236909056,Thu Jul 23 10:31:07 +0000 2015,0,0,I posted a new photo to Facebook http://t.co/bbWGtiEJrz
186,624164713199464448,Thu Jul 23 10:30:38 +0000 2015,0,0,I posted a new photo to Facebook http://t.co/VzvGK4Pcje
187,624164562279862272,Thu Jul 23 10:30:02 +0000 2015,0,0,I posted a new photo to Facebook http://t.co/C959gFRax0
188,624164430868258816,Thu Jul 23 10:29:31 +0000 2015,0,0,I posted a new photo to Facebook http://t.co/niqlI2GstK
189,624164296642154496,Thu Jul 23 10:28:59 +0000 2015,0,0,I posted a new photo to Facebook http://t.co/5kURCbTJxY
190,624164155378003968,Thu Jul 23 10:28:25 +0000 2015,0,0,I posted a new photo to Facebook http://t.co/pGvm7LRpRA
191,624164027866947584,Thu Jul 23 10:27:55 +0000 2015,0,0,I posted a new photo to Facebook http://t.co/TRbOgc01DJ
192,624163853362962432,Thu Jul 23 10:27:13 +0000 2015,0,0,I posted a new photo to Facebook http://t.co/K5r8G3S2Y5
193,624163639327596545,Thu Jul 23 10:26:22 +0000 2015,0,0,I posted a new photo to Facebook http://t.co/cpfS5GTc7B
194,621303252357881856,Wed Jul 15 13:00:13 +0000 2015,0,0,"WHAT DO YOU WANT FROM A WEDDING PHOTOGRAPHER ? 

Quality that will not break the bank ? Fully registered, Insured... http://t.co/rQYa76hplq"
195,618824360112050176,Wed Jul 08 16:49:59 +0000 2015,0,0,Perfect Image Studios http://t.co/B8kgtP8C0u
196,615848788360564736,Tue Jun 30 11:46:07 +0000 2015,0,0,Perfect Image Studios http://t.co/JlmiiIEJiS
197,614185786402062336,Thu Jun 25 21:37:57 +0000 2015,1,0,Come and see Sara our baby photographer at PERFECT IMAGE STUDIOS http://t.co/QnpmBW0maq
198,614034858038456320,Thu Jun 25 11:38:13 +0000 2015,0,0,A selection of 2015 weddings showing our affordable quality
199,611992513155567616,Fri Jun 19 20:22:40 +0000 2015,0,0,Perfect Image Studios http://t.co/CDwBu6QxjO
